Disease1	Disease1_id	RELATION	PROVENANCE	Disease2	Disease2_id
Empty Sella Syndrome	C0014008	IS_A		Other and unspecified anterior pituitary hyperfunction	C0029493
Cranial nerve diseases	C0010266	IS_A		Neuropathy	C0442874
Hereditary Diseases	C0019247	COEXISTS_WITH	["17968763_fullText_1"]	Pulmonary Hypertension, Primary, 1, With Hereditary Hemorrhagic Telangiectasia	C3714844
Hereditary Diseases	C0019247	COEXISTS_WITH	["23339306_fullText_2","8941960_fullText_4"]	Phenylketonurias	C0031485
Hereditary Diseases	C0019247	COEXISTS_WITH	["36056365_fullText_40"]	Optic Atrophy, Hereditary, Leber	C0917796
Hereditary Diseases	C0019247	COEXISTS_WITH	["739261_fullText_8"]	Dystrophia myotonica 1	C2931688
Hereditary Diseases	C0019247	CAUSES	["18203898_fullText_1"]	Pulmonary Hypertension, Primary, 1, With Hereditary Hemorrhagic Telangiectasia	C3714844
Hereditary Diseases	C0019247	CAUSES	["30459323_fullText_1"]	Hyperphenylalaninaemia	C0751435
Hereditary Diseases	C0019247	CAUSES	["34521419_fullText_3"]	Fibrosis, Liver	C0239946
Hereditary Diseases	C0019247	CAUSES	["25859781_fullText_1"]	Muscular Atrophy	C0026846
Hereditary Diseases	C0019247	CAUSES	["19909263_fullText_1"]	Muscular Dystrophy	C0026850
Hereditary Diseases	C0019247	CAUSES	["34628380_fullText_2"]	Orphan Diseases	C0920627
Hereditary Diseases	C0019247	CAUSES	["37580162_fullText_1"]	Epilepsy	C0014544
Hereditary Diseases	C0019247	CAUSES	["31479473_fullText_11"]	Leigh Disease	C0023264
Hereditary Diseases	C0019247	ISA	["881707_fullText_1"]	Phenylketonurias	C0031485
Hereditary Diseases	C0019247	ISA	["32003821_abstract_7"]	Adrenoleukodystrophy	C0162309
Hereditary Diseases	C0019247	ISA	["33315314_fullText_1","12763243_fullText_1","12242963_fullText_1","11805078_fullText_1","11409861_fullText_1","37421173_fullText_1","36102038_fullText_1","35637269_fullText_1","34162022_fullText_1","33667052_fullText_1","31743061_fullText_1","30770273_fullText_2","30641270_fullText_1","29702557_fullText_1","24739649_fullText_1","24305089_fullText_1","23742123_fullText_1","19757145_fullText_1","18629883_fullText_1","17954208_fullText_1","15771971_fullText_1","14601252_fullText_1","12907065_fullText_1","22899857_fullText_6","31705726_fullText_0","36102038_fullText_0","26785728_fullText_0","22956764_fullText_0"]	Congenital Disorders	C0242354
Hereditary Diseases	C0019247	AFFECTS	["33491267_fullText_1"]	Epilepsy	C0014544
Neurodegenerative Disorders	C0524851	COEXISTS_WITH	["32867861_fullText_122"]	Ataxia, Spinocerebellar	C0087012
Neurodegenerative Disorders	C0524851	COEXISTS_WITH	["27165717_fullText_87","30059502_fullText_13"]	Alzheimer's Disease	C0002395
Neurodegenerative Disorders	C0524851	COEXISTS_WITH	["36413346_fullText_6"]	Virus Diseases	C0042769
Neurodegenerative Disorders	C0524851	COEXISTS_WITH	["21367642_fullText_1"]	Ataxias, Hereditary	C0004138
Neurodegenerative Disorders	C0524851	COEXISTS_WITH	["37830611_fullText_1"]	Machado-Joseph Disease	C0024408
Neurodegenerative Disorders	C0524851	CAUSES	["33737752_fullText_1"]	motor disorder	C0221163
Neurodegenerative Disorders	C0524851	CAUSES	["29725949_fullText_1"]	Cerebellar Diseases	C0007760
Neurodegenerative Disorders	C0524851	ISA	["37815196_fullText_1"]	nervous system disorder	C0027765
Neurodegenerative Disorders	C0524851	ISA	["35093949_fullText_4"]	CNS disorder	C0007682
Neurodegenerative Disorders	C0524851	ISA	["37549460_fullText_2","34298131_fullText_8","31960910_fullText_10"]	Machado-Joseph Disease	C0024408
Neurodegenerative Disorders	C0524851	AFFECTS	["24477711_fullText_4"]	Machado-Joseph Disease	C0024408
Neurodegenerative Disorders	C0524851	COEXISTS_WITH__SPEC__	["31783119_fullText_1"]	Machado-Joseph Disease	C0024408
Neurodegenerative Disorders	C0524851	MANIFESTATION_OF	["36789662_fullText_1"]	multiple pathologies	C0679225
Rare Diseases	C0678236	COEXISTS_WITH	["32013919_fullText_79"]	Cardiomyopathies	C0878544
Rare Diseases	C0678236	COEXISTS_WITH	["32013919_fullText_79"]	Nystagmus	C0028738
Rare Diseases	C0678236	COEXISTS_WITH	["10927802_fullText_2"]	Unverricht-Lundborg Syndrome	C0751785
Rare Diseases	C0678236	COEXISTS_WITH	["26111870_fullText_1"]	Glutaric aciduria, type 1	C0268595
Rare Diseases	C0678236	COEXISTS_WITH	["24284555_fullText_1"]	Optic Atrophy	C0029124
Rare Diseases	C0678236	COEXISTS_WITH	["24284555_fullText_1","32013919_fullText_79"]	Leigh Disease	C0023264
Rare Diseases	C0678236	CAUSES	["33222540_fullText_1"]	Pulmonary Hypertension, Primary, 1, With Hereditary Hemorrhagic Telangiectasia	C3714844
Rare Diseases	C0678236	CAUSES	["20220140_fullText_8"]	Leigh syndrome , French Canadian type	C1857355
Progressive cerebellar ataxia	C0393525	COEXISTS_WITH	["39125643_fullText_1"]	Hereditary Neurodegenerative Disorder	C3273225
Progressive cerebellar ataxia	C0393525	COEXISTS_WITH	["38030858_fullText_0"]	nervous system disorder	C0027765
Progressive cerebellar ataxia	C0393525	COEXISTS_WITH	["38497605_fullText_1"]	incurable diseases	C0175969
Progressive cerebellar ataxia	C0393525	COEXISTS_WITH	["10732811_fullText_1","38030858_fullText_3"]	Machado-Joseph Disease	C0024408
Progressive cerebellar ataxia	C0393525	COEXISTS_WITH	["35199253_fullText_1"]	Hereditary Diseases	C0019247
Vestibular Diseases	C0042594	IS_A		Diseases of inner ear	C0494559
Cerebral atrophy	C0235946	COEXISTS_WITH	["39448107_fullText_11"]	Machado-Joseph Disease	C0024408
Cerebral atrophy	C0235946	COEXISTS_WITH	["22131273_fullText_99"]	Dystrophia myotonica 1	C2931688
Cerebral atrophy	C0235946	COEXISTS_WITH	["35322404_fullText_7"]	Congenital disorder of glycosylation type 2A	C2931008
Cerebral atrophy	C0235946	COEXISTS_WITH	["17005321_fullText_7"]	Spinocerebellar Ataxia Type 6 (disorder)	C0752124
Cerebellar Diseases	C0007760	AFFECTS	["32789747_fullText_4"]	Machado-Joseph Disease	C0024408
Cerebellar Diseases	C0007760	IS_A		Encephalopathies	C0085584
Ataxia, Spinocerebellar	C0087012	COEXISTS_WITH	["33951232_fullText_1","32789747_fullText_2","23775899_fullText_1"]	Machado-Joseph Disease	C0024408
Ataxia, Spinocerebellar	C0087012	ISA	["16389311_fullText_3"]	Machado-Joseph Disease	C0024408
Ataxia, Spinocerebellar	C0087012	ISA	["31211461_fullText_1","30173407_fullText_1","22666787_fullText_1","20414586_fullText_2","32867861_fullText_10"]	Neurodegenerative Disorders	C0524851
Ataxia, Spinocerebellar	C0087012	AFFECTS	["29789616_fullText_53"]	Spinocerebellar Ataxia 10	C1963674
Ataxia, Spinocerebellar	C0087012	COEXISTS_WITH__SPEC__	["8957019_fullText_1"]	Machado-Joseph Disease	C0024408
Machado-Joseph Disease Type III	C0751670	ISA	["32515873_fullText_1","32515873_fullText_2","32515873_fullText_8"]	Ataxia, Spinocerebellar	C0087012
Machado-Joseph Disease Type III	C0751670	ISA	["36334556_fullText_1","29427111_fullText_1","29427106_fullText_1","19843543_fullText_1","16241973_fullText_1"]	Machado-Joseph Disease	C0024408
Cardiac Arrest	C0018790	CAUSES	["7655453_fullText_1"]	Progressive cerebellar ataxia	C0393525
Movement Disorders	C0026650	COEXISTS_WITH	["38142628_fullText_1"]	Phenylketonurias	C0031485
Movement Disorders	C0026650	COEXISTS_WITH	["21431622_fullText_323","21431622_fullText_352"]	Glutaric aciduria, type 1	C0268595
Movement Disorders	C0026650	COEXISTS_WITH	["37994885_fullText_1"]	Parkinson Disease	C0030567
Movement Disorders	C0026650	COEXISTS_WITH	["34334401_fullText_7"]	Alzheimer's Disease	C0002395
Movement Disorders	C0026650	COEXISTS_WITH	["29734917_fullText_1"]	Neurodegenerative Disorders	C0524851
Movement Disorders	C0026650	ISA	["36038457_fullText_4"]	Parkinson Disease	C0030567
Movement Disorders	C0026650	ISA	["36038457_fullText_4"]	Huntington Disease	C0020179
Movement Disorders	C0026650	IS_A		Encephalopathies	C0085584
Toxic Epidermal Necrolysis	C0014518	COEXISTS_WITH	["37231731_fullText_4","37231731_abstract_4"]	HIV Infections	C0019693
Myositis	C0027121	IS_A		Myopathy	C0026848
Parkinsonian Disorders	C0242422	COEXISTS_WITH	["15390012_fullText_1"]	Phenylketonurias	C0031485
Parkinsonian Disorders	C0242422	COEXISTS_WITH	["35837753_fullText_3","7574470_fullText_1"]	Machado-Joseph Disease	C0024408
Parkinsonian Disorders	C0242422	ISA	["34042043_fullText_1"]	Neurodegenerative Disorders	C0524851
Parkinsonian Disorders	C0242422	AFFECTS	["19811945_fullText_9"]	Machado-Joseph Disease	C0024408
Distal Muscular Dystrophies	C0751336	IS_A		Muscular Dystrophy	C0026850
Sensory neuropathy	C0151313	COEXISTS_WITH	["30419932_fullText_3"]	Infantile spasms	C0037769
Machado-Joseph Disease	C0024408	COEXISTS_WITH	["32745980_fullText_3","32745980_fullText_5"]	Spinocerebellar Ataxia 10	C1963674
Machado-Joseph Disease	C0024408	COEXISTS_WITH	["11176969_fullText_1"]	Parkinsonian Disorders	C0242422
Machado-Joseph Disease	C0024408	COEXISTS_WITH	["23515636_fullText_9"]	Spinocerebellar Ataxia Type 6 (disorder)	C0752124
Machado-Joseph Disease	C0024408	COEXISTS_WITH	["9771779_fullText_2"]	Spinocerebellar Ataxia Type 1	C0752120
Machado-Joseph Disease	C0024408	COEXISTS_WITH	["35247757_fullText_3"]	Amyotrophic Lateral Sclerosis	C0002736
Machado-Joseph Disease	C0024408	COEXISTS_WITH	["35247757_fullText_3","8926495_fullText_7"]	Huntington Disease	C0020179
Machado-Joseph Disease	C0024408	COEXISTS_WITH	["9343141_fullText_5"]	Axonal neuropathy	C0270921
Machado-Joseph Disease	C0024408	CAUSES	["9613852_fullText_9","9629399_fullText_10","8559378_fullText_8","8125487_fullText_2"]	Cardiac Arrest	C0018790
Machado-Joseph Disease	C0024408	CAUSES	["11559318_fullText_8"]	Movement Disorders	C0026650
Machado-Joseph Disease	C0024408	CAUSES	["15261879_fullText_5","11176969_fullText_6"]	Parkinsonian Disorders	C0242422
Machado-Joseph Disease	C0024408	CAUSES	["11133357_fullText_2"]	Ataxia, Spinocerebellar	C0087012
Machado-Joseph Disease	C0024408	CAUSES	["25139423_fullText_1"]	Cerebellar Diseases	C0007760
Machado-Joseph Disease	C0024408	CAUSES	["8937340_fullText_12"]	Ataxias, Hereditary	C0004138
Machado-Joseph Disease	C0024408	ISA	["37561033_fullText_1","35869235_fullText_2","32638517_fullText_1","31157458_fullText_1","31127937_fullText_1","30856185_fullText_1","30343032_fullText_2","29427108_fullText_1","26505994_fullText_1","25112410_fullText_3","24548080_fullText_1","25369462_fullText_1","23994570_fullText_1","12433269_fullText_1","10072437_fullText_1"]	Heredodegenerative Disorders, Nervous System	C0751870
Machado-Joseph Disease	C0024408	ISA	["37549460_fullText_2","37408238_fullText_1","36980234_fullText_1","36250694_fullText_1","36231095_fullText_1","35952620_fullText_1","35605759_fullText_1","35489193_fullText_1","35488942_fullText_1","35042771_fullText_1","34878314_fullText_1","34871736_fullText_1","34298131_fullText_1","34298131_fullText_8","34535635_fullText_1","34473252_fullText_1","34416891_fullText_1","34167352_fullText_1","33219521_fullText_1","32703453_fullText_1","32361312_fullText_1","32274760_fullText_1","32205441_fullText_1","31960910_fullText_10","31912433_fullText_1","31783119_fullText_1","31691128_fullText_1","31687087_fullText_1","31683630_fullText_1","31286408_fullText_2","31201651_fullText_1","30760052_fullText_1","30664869_fullText_4","30219871_fullText_1","29725949_fullText_1","29476013_fullText_1","29444500_fullText_1","29334808_fullText_3","29229556_fullText_1","28854700_fullText_1","28687604_fullText_9","28395798_fullText_1","27934588_fullText_1","27878228_fullText_1","27731380_fullText_1","27346191_fullText_1","27346190_fullText_1","27165717_fullText_1","26990650_fullText_1","26757259_fullText_1","25590633_fullText_1","25527827_fullText_1","25301414_fullText_1","24518960_fullText_1","24477711_fullText_1","25144231_fullText_1","23820820_fullText_1","23626768_fullText_1","23382880_fullText_2","23242710_fullText_1","22133674_fullText_1","22090366_fullText_1","21827905_fullText_5","22023810_fullText_1","21635785_fullText_2","21287304_fullText_1","21047555_fullText_1","20865150_fullText_1","20503052_fullText_1","20007218_fullText_1","19935829_fullText_1","19608203_fullText_1","19185026_fullText_1","19036964_fullText_1","18688568_fullText_1","18668148_fullText_1","18385100_fullText_1","18358414_fullText_1","17894834_fullText_1","17626202_fullText_1","17302910_fullText_1","15049515_fullText_1","14665709_fullText_1","14659761_fullText_4","15152500_fullText_1","11450850_fullText_1","11446399_fullText_1","11271368_fullText_1","11133357_fullText_1","10915768_fullText_1","10069576_fullText_1","9825593_fullText_1","9635424_fullText_1","9588850_fullText_1","9556942_fullText_1","9506544_fullText_1","9164048_fullText_1","9124802_fullText_1","9132496_fullText_1","8817326_fullText_1","8609925_fullText_1","8644735_fullText_1","8558567_fullText_1","7562974_fullText_7","9216989_fullText_1","8023841_fullText_2","32867861_fullText_0","32867861_fullText_10","31575582_fullText_0","30856185_fullText_1"]	Neurodegenerative Disorders	C0524851
Machado-Joseph Disease	C0024408	ISA	["23234876_fullText_1"]	Neuropathy	C0442874
Machado-Joseph Disease	C0024408	ISA	["36244162_fullText_1","35247757_fullText_1","34231180_fullText_1","33290777_fullText_1","32205469_fullText_1","31067424_fullText_2","25869927_fullText_1","25818870_fullText_1","23617879_fullText_1","23765441_fullText_1","8937340_fullText_12","7614089_fullText_1","7710370_fullText_1"]	Ataxias, Hereditary	C0004138
Machado-Joseph Disease	C0024408	ISA	["36822548_fullText_2","34706018_fullText_1","31575582_fullText_1","30147021_fullText_1","29427107_fullText_1","26298474_fullText_1","25222595_fullText_1","24604677_fullText_1","23879331_fullText_1","24356267_fullText_1","23775899_fullText_1","22832131_fullText_1","19429074_fullText_1","17963092_fullText_1","17234717_fullText_1","16389311_fullText_3","16126176_fullText_1","15895556_fullText_1","15876340_fullText_1","15824264_fullText_1","15504352_fullText_1","15316156_fullText_1","12614314_fullText_1","12360550_fullText_1","11968740_fullText_1","11593289_fullText_1","9254842_fullText_1","8912491_fullText_1","8882886_fullText_1","8904248_fullText_1","7611728_fullText_4","7633439_fullText_1"]	Ataxia, Spinocerebellar	C0087012
Machado-Joseph Disease	C0024408	ISA	["12220693_fullText_1"]	Movement Disorders	C0026650
Machado-Joseph Disease	C0024408	ISA	["37445783_fullText_1","35426040_fullText_1","35837753_fullText_3","34397117_fullText_1","33741019_fullText_1","27600091_fullText_1","12938149_fullText_1"]	Rare Diseases	C0678236
Machado-Joseph Disease	C0024408	ISA	["26123252_fullText_1","23887934_fullText_4"]	nervous system disorder	C0027765
Machado-Joseph Disease	C0024408	ISA	["12667168_fullText_1"]	Spinocerebellar Degeneration	C0037952
Machado-Joseph Disease	C0024408	AFFECTS	["25267338_fullText_5"]	Spinocerebellar Ataxia Type 6 (disorder)	C0752124
Machado-Joseph Disease	C0024408	PREDISPOSES	["21334959_fullText_10"]	Parkinsonian Disorders	C0242422
Machado-Joseph Disease	C0024408	PREDISPOSES	["21225141_fullText_1"]	Oropharyngeal Dysphagia	C0267071
Machado-Joseph Disease	C0024408	CAUSES__SPEC__	["35042771_fullText_11"]	brain dysfunction	C0262405
Machado-Joseph Disease	C0024408	CAUSES__SPEC__	["29725949_fullText_1"]	Cerebellar Diseases	C0007760
Machado-Joseph Disease	C0024408	ASSOCIATED_WITH__SPEC__	["27689815_fullText_1"]	Hereditary Neurodegenerative Disorder	C3273225
Machado-Joseph Disease	C0024408	ASSOCIATED_WITH__SPEC__	["31004074_fullText_3"]	Friedreich Ataxia	C0016719
Machado-Joseph Disease	C0024408	ASSOCIATED_WITH__SPEC__	["31004074_fullText_3"]	Essential Tremor	C0270736
Machado-Joseph Disease	C0024408	ASSOCIATED_WITH__SPEC__	["31004074_fullText_3"]	Syndrome	C0039082
Machado-Joseph Disease	C0024408	ASSOCIATED_WITH__SPEC__	["31004074_fullText_3"]	Shy-Drager Syndrome	C0037019
Machado-Joseph Disease	C0024408	MANIFESTATION_OF	["17390258_fullText_4"]	Cardiac Arrest	C0018790
Machado-Joseph Disease	C0024408	MANIFESTATION_OF	["9217978_fullText_3"]	Neurodegenerative Disorders	C0524851
Machado-Joseph Disease	C0024408	IS_A		Ataxia, Spinocerebellar	C0087012
Spinocerebellar Ataxia Type 1	C0752120	COEXISTS_WITH	["9629399_fullText_5"]	Cardiac Arrest	C0018790
Spinocerebellar Ataxia Type 1	C0752120	COEXISTS_WITH	["18685131_fullText_5"]	Spinocerebellar Ataxia Type 6 (disorder)	C0752124
Spinocerebellar Ataxia Type 1	C0752120	CAUSES	["9629399_fullText_10","8559378_fullText_8"]	Cardiac Arrest	C0018790
Spinocerebellar Ataxia Type 1	C0752120	ISA	["7741996_fullText_1"]	Neuromuscular Diseases	C0027868
Spinocerebellar Ataxia Type 1	C0752120	ISA	["31669734_fullText_2","19659750_fullText_2","18685131_fullText_7","8968739_fullText_1"]	Ataxia, Spinocerebellar	C0087012
Spinocerebellar Ataxia Type 1	C0752120	ISA	["24675225_fullText_1","9048937_fullText_1"]	Neurodegenerative Disorders	C0524851
Pelvic Inflammatory Disease	C0242172	IS_A		Female Genital Diseases	C0017411
Deglutition Disorders	C0011168	COEXISTS_WITH	["30029642_fullText_22"]	Acute viral disease	C1443953
Deglutition Disorders	C0011168	COEXISTS_WITH	["18797171_fullText_1"]	Myasthenic Syndromes, Congenital	C0751882
Deglutition Disorders	C0011168	COEXISTS_WITH	["23515636_fullText_8"]	Spinocerebellar Ataxia Type 6 (disorder)	C0752124
Deglutition Disorders	C0011168	COEXISTS_WITH	["26618669_fullText_4"]	Machado-Joseph Disease	C0024408
Deglutition Disorders	C0011168	CAUSES	["36093993_fullText_4"]	Failure to Thrive	C0015544
Deglutition Disorders	C0011168	CAUSES	["12355886_fullText_1"]	Myotonic Dystrophy	C0027126
Deglutition Disorders	C0011168	OCCURS_IN	["31466972_fullText_8"]	Sjogren's Syndrome	C1527336
Deglutition Disorders	C0011168	PRECEDES	["26618669_fullText_5"]	Machado-Joseph Disease	C0024408
Atrophy of cerebellum	C0740279	COEXISTS_WITH	["38374165_fullText_2"]	Developmental regression	C1836830
Atrophy of cerebellum	C0740279	COEXISTS_WITH	["37848650_fullText_2"]	Ataxias, Hereditary	C0004138
Atrophy of cerebellum	C0740279	COEXISTS_WITH	["31996241_fullText_39"]	Pontoneocerebellar hypoplasia	C1261175
Atrophy of cerebellum	C0740279	COEXISTS_WITH	["31996241_fullText_39"]	Acidosis, Lactic	C0001125
Atrophy of cerebellum	C0740279	COEXISTS_WITH	["31996241_fullText_39"]	Encephalopathies	C0085584
Atrophy of cerebellum	C0740279	COEXISTS_WITH	["31996241_fullText_39"]	spinal cord involvement	C0748903
Atrophy of cerebellum	C0740279	COEXISTS_WITH	["31996241_fullText_39"]	Mitochondrial Myopathies	C0162670
Atrophy of cerebellum	C0740279	COEXISTS_WITH	["9458170_fullText_8"]	Chondrodysplasia Punctata, Rhizomelic	C0282529
Atrophy of cerebellum	C0740279	COEXISTS_WITH	["10201039_fullText_1"]	Congenital disorder of glycosylation type 1A	C0349653
Syndrome	C0039082	COEXISTS_WITH	["19557660_fullText_3"]	Congenital heart disease	C0152021
Syndrome	C0039082	COEXISTS_WITH	["32147747_fullText_135"]	Arthrogryposis renal dysfunction cholestasis syndrome	C1859722
Syndrome	C0039082	COEXISTS_WITH	["37655412_fullText_7"]	Obesity	C0028754
Syndrome	C0039082	COEXISTS_WITH	["11930273_fullText_1"]	Dandy-Walker Syndrome	C0010964
Syndrome	C0039082	COEXISTS_WITH	["12887881_fullText_1"]	Glutaric aciduria, type 1	C0268595
Syndrome	C0039082	COEXISTS_WITH	["19760908_fullText_4"]	Epilepsies, Myoclonic	C0014550
Syndrome	C0039082	COEXISTS_WITH	["35686687_fullText_2"]	Premenstrual syndrome	C0033046
Syndrome	C0039082	COEXISTS_WITH	["28409271_fullText_1"]	Congenital Disorders	C0242354
Syndrome	C0039082	ISA	["36038457_fullText_4"]	Huntington Disease	C0020179
Syndrome	C0039082	ISA	["36038457_fullText_4"]	Parkinson Disease	C0030567
Syndrome	C0039082	AFFECTS	["32630370_fullText_27"]	Gaucher Disease	C0017205
Syndrome	C0039082	COEXISTS_WITH__SPEC__	["15811181_fullText_2"]	Congenital heart disease	C0152021
Syndrome	C0039082	COEXISTS_WITH__SPEC__	["34849584_fullText_31"]	Parkinson Disease	C0030567
Syndrome	C0039082	ASSOCIATED_WITH__SPEC__	["31004074_fullText_3"]	Friedreich Ataxia	C0016719
Syndrome	C0039082	ASSOCIATED_WITH__SPEC__	["31004074_fullText_3"]	Essential Tremor	C0270736
Syndrome	C0039082	ASSOCIATED_WITH__SPEC__	["31004074_fullText_3"]	Machado-Joseph Disease	C0024408
Syndrome	C0039082	ASSOCIATED_WITH__SPEC__	["31004074_fullText_3"]	Shy-Drager Syndrome	C0037019
Syndrome	C0039082	MANIFESTATION_OF	["11988891_fullText_1"]	Myasthenias	C0947912
Ataxias, Hereditary	C0004138	COEXISTS_WITH	["34713931_fullText_1"]	Machado-Joseph Disease	C0024408
CANDIDIASIS, FAMILIAL, 1	C2751429	COEXISTS_WITH	["36244162_fullText_2","36244162_fullText_3"]	Machado-Joseph Disease	C0024408
Premenstrual syndrome	C0033046	AFFECTS	["29524476_fullText_2"]	Paroxysmal atrial fibrillation	C0235480
Alzheimer's Disease	C0002395	COEXISTS_WITH	["30106598_fullText_4"]	Corticobasal degeneration	C0393570
Alzheimer's Disease	C0002395	COEXISTS_WITH	["37681686_fullText_4"]	Gastrointestinal dysfunction	C0679407
Alzheimer's Disease	C0002395	COEXISTS_WITH	["35006557_fullText_11"]	Dementia, Vascular	C0011269
Alzheimer's Disease	C0002395	COEXISTS_WITH	["35229449_fullText_3"]	Hypertensive disease	C0020538
Alzheimer's Disease	C0002395	CAUSES	["39472629_fullText_92"]	Neurodegenerative Disorders	C0524851
Alzheimer's Disease	C0002395	ISA	["35139637_fullText_1","35695705_fullText_1","36412156_fullText_1","34273042_fullText_10","33819530_fullText_1","34217798_fullText_1","34205336_fullText_5","33930191_fullText_1","33882364_fullText_1","36754161_fullText_3","35196379_fullText_1","37011147_fullText_1","37833012_fullText_3","35630702_fullText_1","35630702_fullText_3","36296692_fullText_1","33832896_fullText_3","34354042_fullText_3","30059502_fullText_13","27030674_fullText_109"]	Neurodegenerative Disorders	C0524851
Alzheimer's Disease	C0002395	ISA	["36677616_fullText_1","35394736_fullText_2"]	Brain Diseases	C0006111
Alzheimer's Disease	C0002395	ISA	["37262057_fullText_1","36476428_fullText_1"]	Syndrome	C0039082
Alzheimer's Disease	C0002395	ISA	["33636389_fullText_1","36035218_fullText_5","33743158_fullText_6","33960203_fullText_1","37049419_fullText_10","37125532_fullText_1","34798458_fullText_8","35857260_fullText_7"]	nervous system disorder	C0027765
Alzheimer's Disease	C0002395	PRECEDES	["36152409_fullText_1"]	Secondary disease	C0277555
Alzheimer's Disease	C0002395	IS_A		Tauopathies	C0949664
Parkinson Disease	C0030567	ISA	["36038457_fullText_4"]	Syndrome	C0039082
Parkinson Disease	C0030567	ISA	["36038457_fullText_4","36152409_fullText_2"]	Movement Disorders	C0026650
Parkinson Disease	C0030567	ISA	["33743158_fullText_6","37479091_fullText_4","37802381_fullText_1","34798458_fullText_8"]	nervous system disorder	C0027765
Parkinson Disease	C0030567	ISA	["34364429_fullText_9","35394736_fullText_2"]	Brain Diseases	C0006111
Parkinson Disease	C0030567	ISA	["15354398_fullText_1"]	Extrapyramidal Disorders	C0015371
Parkinson Disease	C0030567	ISA	["15269216_fullText_2","34432259_fullText_7","34205336_fullText_5","33930191_fullText_1","36990797_fullText_8"]	Neurodegenerative Disorders	C0524851
Parkinson Disease	C0030567	AFFECTS	["36765125_fullText_3"]	Brain Diseases	C0006111
Muscular Atrophy	C0026846	COEXISTS_WITH	["2603228_fullText_1"]	multi-organ disease	C1141933
Muscular Atrophy	C0026846	COEXISTS_WITH	["888734_fullText_2"]	Neuromuscular Diseases	C0027868
Muscular Atrophy	C0026846	COEXISTS_WITH	["7935548_fullText_1","15503094_fullText_1"]	Hereditary Diseases	C0019247
Muscular Atrophy	C0026846	COEXISTS_WITH	["12610429_fullText_1"]	Myopathy	C0026848
Muscular Atrophy	C0026846	COEXISTS_WITH	["25630356_fullText_1","26092529_fullText_121"]	Muscular Dystrophy	C0026850
Muscular Atrophy	C0026846	COEXISTS_WITH	["739270_fullText_1","2431651_fullText_1","4010942_fullText_1","8239562_fullText_9","25496057_fullText_1","21404300_fullText_1"]	Myotonic Dystrophy	C0027126
Muscular Atrophy	C0026846	CAUSES	["17076268_fullText_1"]	Muscular Dystrophy	C0026850
Muscular Atrophy	C0026846	ISA	["1985039_fullText_6"]	Myopathy	C0026848
Muscular Atrophy	C0026846	ISA	["888734_fullText_2"]	Neuromuscular Diseases	C0027868
Muscular Atrophy	C0026846	PREDISPOSES	["21964963_fullText_3"]	Diabetes Mellitus, Non-Insulin-Dependent	C0011860
Muscular Atrophy	C0026846	COEXISTS_WITH__SPEC__	["15503094_fullText_1","12610429_fullText_1"]	Myotonic Dystrophy	C0027126
Muscular Atrophy	C0026846	COEXISTS_WITH__SPEC__	["36834509_fullText_1"]	Muscular Dystrophy	C0026850
Muscular Atrophy	C0026846	MANIFESTATION_OF	["1985039_fullText_6"]	Myopathy	C0026848
Muscular Atrophy	C0026846	IS_A		Myopathy	C0026848
Amyotrophic Lateral Sclerosis	C0002736	ISA	["27854227_fullText_5"]	Neuromuscular Diseases	C0027868
Amyotrophic Lateral Sclerosis	C0002736	ISA	["35247757_fullText_3","29476441_fullText_2","34354042_fullText_3"]	Neurodegenerative Disorders	C0524851
Amyotrophic Lateral Sclerosis	C0002736	IS_A		Motor Neuron Disease	C0085084
Huntington Disease	C0020179	COEXISTS_WITH	["27165717_fullText_87"]	Alzheimer's Disease	C0002395
Huntington Disease	C0020179	COEXISTS_WITH	["35695543_fullText_2"]	Chorea	C0008489
Huntington Disease	C0020179	COEXISTS_WITH	["33636389_fullText_1"]	nervous system disorder	C0027765
Huntington Disease	C0020179	ISA	["6239015_fullText_1"]	Hereditary Diseases	C0019247
Huntington Disease	C0020179	ISA	["33579861_fullText_1"]	Neuromuscular Diseases	C0027868
Huntington Disease	C0020179	ISA	["36038457_fullText_4"]	Syndrome	C0039082
Huntington Disease	C0020179	ISA	["34364429_fullText_9"]	Brain Diseases	C0006111
Huntington Disease	C0020179	ISA	["36038457_fullText_4"]	Movement Disorders	C0026650
Huntington Disease	C0020179	ISA	["33636389_fullText_1"]	Rare Diseases	C0678236
Huntington Disease	C0020179	ISA	["35247757_fullText_3","29476441_fullText_2"]	Neurodegenerative Disorders	C0524851
Huntington Disease	C0020179	COEXISTS_WITH__SPEC__	["33636389_fullText_1"]	Alzheimer's Disease	C0002395
Huntington Disease	C0020179	IS_A		Degenerative disorder	C1285162
Photoreceptor degeneration	C1998028	CAUSES	["23430200_fullText_1"]	Retinitis Pigmentosa	C0035334
Autosomal dominant hereditary disorder	C0265385	CAUSES	["8919334_fullText_1"]	Velopharyngeal Insufficiency	C0042454
Polyneuropathy	C0152025	COEXISTS_WITH	["20070275_fullText_5"]	Dysautonomia	C0013363
Polyneuropathy	C0152025	COEXISTS_WITH	["13677587_fullText_1"]	Leigh Disease	C0023264
Polyneuropathy	C0152025	IS_A		Non-Neoplastic Peripheral Nervous System Disorder	C1335029
Dyskinetic syndrome	C0013384	COEXISTS_WITH	["11854167_fullText_2"]	Glutaric aciduria, type 1	C0268595
Dyskinetic syndrome	C0013384	COEXISTS_WITH	["33774006_fullText_12","35151866_fullText_2"]	Parkinson Disease	C0030567
Dyskinetic syndrome	C0013384	COEXISTS_WITH	["36790545_fullText_1"]	vascular inflammations	C0947751
Disorder of eye	C0015397	ISA	["37061271_fullText_2"]	Glaucoma	C0017601
Disorder of eye	C0015397	AUGMENTS	["35779462_fullText_5"]	Machado-Joseph Disease	C0024408
multiple pathologies	C0679225	COEXISTS_WITH	["2576756_fullText_1"]	Hereditary Diseases	C0019247
cerebellar function	C0742034	COEXISTS_WITH	["35660856_fullText_10","27942452_fullText_7","38376240_fullText_88"]	Machado-Joseph Disease	C0024408
Dentatorubral-Pallidoluysian Atrophy	C0751781	ISA	["24675225_fullText_1"]	Neurodegenerative Disorders	C0524851
Dentatorubral-Pallidoluysian Atrophy	C0751781	IS_A		Ataxia, Spinocerebellar	C0087012
Craniosynostosis	C0010278	COEXISTS_WITH	["18474935_fullText_6"]	Myotonic Dystrophy	C0027126
Shy-Drager Syndrome	C0037019	ASSOCIATED_WITH__SPEC__	["31004074_fullText_3"]	Essential Tremor	C0270736
Shy-Drager Syndrome	C0037019	ASSOCIATED_WITH__SPEC__	["31004074_fullText_3"]	Machado-Joseph Disease	C0024408
Shy-Drager Syndrome	C0037019	ASSOCIATED_WITH__SPEC__	["31004074_fullText_3"]	Syndrome	C0039082
Shy-Drager Syndrome	C0037019	ASSOCIATED_WITH__SPEC__	["31004074_fullText_3"]	Friedreich Ataxia	C0016719
Spinocerebellar Ataxia Type 6 (disorder)	C0752124	COEXISTS_WITH	["35427382_fullText_3","15586270_fullText_3"]	Machado-Joseph Disease	C0024408
Spinocerebellar Ataxia Type 6 (disorder)	C0752124	COEXISTS_WITH	["15586270_fullText_3"]	FRIEDREICH ATAXIA 1	C1856689
Spinocerebellar Ataxia Type 6 (disorder)	C0752124	ISA	["21372168_fullText_1"]	Cerebellar Diseases	C0007760
early disease onset	C0814120	COEXISTS_WITH	["38183017_fullText_1","38183017_abstract_1"]	Rare Diseases	C0678236
nerve lesion	C0847483	COEXISTS_WITH	["35224825_fullText_5"]	Machado-Joseph Disease	C0024408
brain dysfunction	C0262405	COEXISTS_WITH	["34017006_fullText_2"]	Epilepsy	C0014544
brain dysfunction	C0262405	COEXISTS_WITH	["31471952_fullText_3","29175141_fullText_2","28284394_fullText_1","20123463_fullText_6","11092577_fullText_7","1303500_fullText_5","3149700_fullText_1"]	Phenylketonurias	C0031485
brain dysfunction	C0262405	COEXISTS_WITH	["7146576_fullText_1"]	Metabolic Diseases	C0025517
brain dysfunction	C0262405	COEXISTS_WITH	["16356445_fullText_2"]	Multisystem disorder	C0559758
brain dysfunction	C0262405	COEXISTS_WITH	["1881547_fullText_1"]	Myotonic Dystrophy	C0027126
brain dysfunction	C0262405	AFFECTS	["27655443_fullText_7"]	Phenylketonurias	C0031485
Intraocular pressure disorder	C0595921	COEXISTS_WITH	["34176380_fullText_8"]	Unverricht-Lundborg Syndrome	C0751785
Diabetic Retinopathy	C0011884	IS_A		Retinal Vascular Disorder	C0154833
Lysosomal Storage Diseases	C0085078	ISA	["32031327_abstract_1"]	Rare Diseases	C0678236
Lysosomal Storage Diseases	C0085078	ISA	["33320481_fullText_1"]	Congenital Disorders	C0242354
Lysosomal Storage Diseases	C0085078	IS_A		Inborn Errors of Metabolism	C0025521
Globoid cell leukodystrophy	C0023521	IS_A		Sphingolipidoses	C0037899
Nystagmus	C0028738	COEXISTS_WITH	["38459834_fullText_93"]	Peripheral Neuropathy	C0031117
Nystagmus	C0028738	COEXISTS_WITH	["38030858_fullText_3"]	Progressive cerebellar ataxia	C0393525
Nystagmus	C0028738	COEXISTS_WITH	["33182419_fullText_79"]	Leukoencephalopathy with Brainstem and Spinal Cord Involvement and Lactate Elevation	C1970180
Nystagmus	C0028738	COEXISTS_WITH	["32165824_fullText_1"]	Retinal Diseases	C0035309
Nystagmus	C0028738	COEXISTS_WITH	["34706018_fullText_3","34706018_fullText_4","14570834_fullText_2"]	Machado-Joseph Disease	C0024408
Nystagmus	C0028738	COMPLICATES	["29361989_fullText_49"]	Atrophy of cerebellum	C0740279
Nystagmus	C0028738	IS_A		Ocular Motility Disorders	C0028850
Aicardi's syndrome	C0175713	IS_A		Syndrome	C0039082
nervous system disorder	C0027765	COEXISTS_WITH	["18425437_fullText_1","38432113_fullText_1"]	Phenylketonurias	C0031485
nervous system disorder	C0027765	COEXISTS_WITH	["37589913_fullText_1"]	Hepatic Encephalopathy	C0019151
nervous system disorder	C0027765	COEXISTS_WITH	["16006155_fullText_6"]	Cataplexy	C0007384
nervous system disorder	C0027765	COEXISTS_WITH	["17879145_fullText_10"]	Osteogenesis imperfecta, Levin type	C1833736
nervous system disorder	C0027765	COEXISTS_WITH	["15985591_fullText_1"]	Glutaric aciduria, type 1	C0268595
nervous system disorder	C0027765	COEXISTS_WITH	["37224649_fullText_1"]	Recurrent seizures	C0748607
nervous system disorder	C0027765	COEXISTS_WITH	["30816177_fullText_1"]	Mitochondrial Diseases	C0751651
nervous system disorder	C0027765	CAUSES	["3018357_fullText_1"]	Pyruvate Dehydrogenase Complex Deficiency Disease	C0034345
nervous system disorder	C0027765	ISA	["37049419_fullText_10"]	Alzheimer's Disease	C0002395
nervous system disorder	C0027765	ISA	["34480996_fullText_7"]	Epilepsy	C0014544
nervous system disorder	C0027765	ISA	["23813926_fullText_1"]	Leigh Disease	C0023264
nervous system disorder	C0027765	COEXISTS_WITH__SPEC__	["30816177_fullText_1"]	Leigh Disease	C0023264
Bulbo-Spinal Atrophy, X-Linked	C1839259	IS_A		Spinal Muscular Atrophy	C0026847
Helminthiasis	C0018889	IS_A		Parasitic endophthalmitis	C0014238
Esotropia	C0014877	CAUSES	["36729871_fullText_5"]	Myopic Astigmatism	C2363771
Esotropia	C0014877	IS_A		Other specified strabismus	C0029831
Esotropia	C0014877	ISA	["36221102_fullText_18"]	Strabismus	C0038379
Exotropia	C0015310	IS_A		Other specified strabismus	C0029831
Exotropia	C0015310	COEXISTS_WITH	["22844785_fullText_9"]	Myotonic Dystrophy	C0027126
Heparin-induced thrombocytopenia	C0272285	COEXISTS_WITH	["31615832_fullText_113"]	Helminthiasis	C0018889
Restless Legs Syndrome	C0035258	COEXISTS_WITH	["37008995_fullText_5"]	Chronic Kidney Diseases	C1561643
Restless Legs Syndrome	C0035258	COEXISTS_WITH	["34225668_fullText_3"]	Alport Syndrome	C1567741
Restless Legs Syndrome	C0035258	COEXISTS_WITH	["22632781_fullText_5","9855509_fullText_4","9855509_fullText_7"]	Machado-Joseph Disease	C0024408
Restless Legs Syndrome	C0035258	COEXISTS_WITH	["22632781_fullText_5"]	Parkinson Disease	C0030567
Restless Legs Syndrome	C0035258	COEXISTS_WITH	["28589261_fullText_5"]	Spinocerebellar Ataxia 10	C1963674
Restless Legs Syndrome	C0035258	ISA	["36550837_fullText_3"]	Syndrome	C0039082
Restless Legs Syndrome	C0035258	ISA	["37194531_fullText_1","35808955_fullText_1","37689536_fullText_1"]	nervous system disorder	C0027765
Restless Legs Syndrome	C0035258	AFFECTS	["36716191_fullText_5"]	Parkinson Disease	C0030567
Restless Legs Syndrome	C0035258	OCCURS_IN	["11374096_fullText_1"]	Cardiac Arrest	C0018790
Restless Legs Syndrome	C0035258	ASSOCIATED_WITH__SPEC__	["31004074_fullText_3"]	Shy-Drager Syndrome	C0037019
Restless Legs Syndrome	C0035258	ASSOCIATED_WITH__SPEC__	["31004074_fullText_3"]	Machado-Joseph Disease	C0024408
Restless Legs Syndrome	C0035258	ASSOCIATED_WITH__SPEC__	["31004074_fullText_3"]	Friedreich Ataxia	C0016719
Restless Legs Syndrome	C0035258	ASSOCIATED_WITH__SPEC__	["31004074_fullText_3"]	Syndrome	C0039082
Restless Legs Syndrome	C0035258	ASSOCIATED_WITH__SPEC__	["31004074_fullText_3"]	Essential Tremor	C0270736
Restless Legs Syndrome	C0035258	IS_A		CNS disorder	C0007682
Peripheral Neuropathy	C0031117	COEXISTS_WITH	["39198325_fullText_8"]	Polyneuropathy	C0152025
Peripheral Neuropathy	C0031117	COEXISTS_WITH	["33619652_fullText_37"]	Epilepsy	C0014544
Peripheral Neuropathy	C0031117	COEXISTS_WITH	["34627336_fullText_79"]	Mitochondrial Diseases	C0751651
Peripheral Neuropathy	C0031117	COEXISTS_WITH	["27401721_fullText_5"]	Neuropathy	C0442874
Peripheral Neuropathy	C0031117	COEXISTS_WITH	["10225355_fullText_6"]	Machado-Joseph Disease	C0024408
Peripheral Neuropathy	C0031117	COEXISTS_WITH	["3951490_fullText_3"]	Leigh Disease	C0023264
Peripheral Neuropathy	C0031117	CAUSES	["26287655_fullText_29"]	Progressive cerebellar ataxia	C0393525
Peripheral Neuropathy	C0031117	CAUSES	["9811139_fullText_1"]	Secondary myopathy	C0270992
Peripheral Neuropathy	C0031117	AFFECTS	["36002781_fullText_1"]	Diabetes	C0011847
Peripheral Neuropathy	C0031117	PREDISPOSES	["21225141_fullText_1"]	Oropharyngeal Dysphagia	C0267071
Peripheral Neuropathy	C0031117	CAUSES__SPEC__	["29533949_fullText_4"]	Dysautonomia	C0013363
Iron deficiency	C0240066	CAUSES	["11293470_fullText_3"]	Anemia	C0002871
Iron deficiency	C0240066	PREDISPOSES	["37879259_fullText_2"]	Restless Legs Syndrome	C0035258
ADRENAL CORTEX DYSFUNCTION	C0235454	COEXISTS_WITH	["35649648_fullText_15"]	Lafora Disease	C0751783
Asthma	C0004096	CAUSES	["33998673_fullText_4"]	Gastroesophageal reflux disease	C0017168
Asthma	C0004096	ISA	["36235240_fullText_1"]	atopic condition	C0947961
Asthma	C0004096	ISA	["34256518_fullText_1"]	Lung diseases	C0024115
Asthma	C0004096	ISA	["34684676_fullText_3"]	airway disease	C0699949
Asthma	C0004096	ISA	["36539784_fullText_3","36441791_fullText_3","34180244_fullText_5","35072305_fullText_6"]	Chronic Obstructive Airway Disease	C0024117
Asthma	C0004096	ISA	["36503444_fullText_4"]	Cardiovascular Diseases	C0007222
Asthma	C0004096	ISA	["34353777_fullText_1"]	Chronic disease	C0008679
Asthma	C0004096	ISA	["34334369_fullText_1"]	Chronic lung disease	C0746102
Asthma	C0004096	PREDISPOSES	["36539784_fullText_3"]	Pneumonia	C0032285
Asthma	C0004096	IS_A		Bronchial Diseases	C0006261
Spinocerebellar Ataxia 10	C1963674	ISA	["25303993_fullText_128"]	Neurodegenerative Disorders	C0524851
Spinocerebellar Ataxia 10	C1963674	COEXISTS_WITH	["32745980_fullText_5","32367276_fullText_11"]	Machado-Joseph Disease	C0024408
Androgenetic Alopecia	C0162311	OCCURS_IN	["25813338_fullText_7"]	Dystrophia myotonica 1	C2931688
Inclusion Body Myositis (disorder)	C0238190	ISA	["31656281_fullText_2"]	Myositis	C0027121
Inclusion Body Myositis (disorder)	C0238190	IS_A		Myositis	C0027121
Spastic syndrome	C0270814	CAUSES	["29955039_fullText_1"]	Systemic disease	C0442893
Spastic syndrome	C0270814	CAUSES	["29427106_fullText_12"]	Machado-Joseph Disease	C0024408
Cerebellar degeneration	C0262404	CAUSES	["23567815_fullText_9"]	Muscular Atrophy	C0026846
Cerebellar degeneration	C0262404	COEXISTS_WITH	["31912433_fullText_6"]	Machado-Joseph Disease	C0024408
Spinal Muscular Atrophy	C0026847	ISA	["15792867_fullText_1"]	Myopathy	C0026848
Spinal Muscular Atrophy	C0026847	ISA	["19809477_fullText_5"]	Neuromuscular Diseases	C0027868
Spinal Muscular Atrophy	C0026847	ISA	["9894134_fullText_4"]	Neuropathy	C0442874
Spinal Muscular Atrophy	C0026847	IS_A		Motor Neuron Disease	C0085084
Muscular Dystrophy, Duchenne	C0013264	ISA	["26873230_fullText_1","36352383_fullText_9","27668807_fullText_3"]	Neuromuscular Diseases	C0027868
Muscular Dystrophy, Duchenne	C0013264	OCCURS_IN	["15131736_fullText_4"]	Miyoshi myopathy	C1850808
Muscular Dystrophy, Duchenne	C0013264	AUGMENTS	["28344438_fullText_2"]	Juvenile-Onset Vitelliform Macular Dystrophy	C2745945
Muscular Dystrophy, Duchenne	C0013264	IS_A		Muscular Dystrophy	C0026850
Essential Tremor	C0270736	IS_A		Movement Disorders	C0026650
Essential Tremor	C0270736	COEXISTS_WITH	["35457036_fullText_8"]	Respiratory Distress Syndrome, Adult	C0035222
Essential Tremor	C0270736	ASSOCIATED_WITH__SPEC__	["31004074_fullText_3"]	Friedreich Ataxia	C0016719
Essential Tremor	C0270736	ASSOCIATED_WITH__SPEC__	["31004074_fullText_3"]	Syndrome	C0039082
Essential Tremor	C0270736	ASSOCIATED_WITH__SPEC__	["31004074_fullText_3"]	Shy-Drager Syndrome	C0037019
Essential Tremor	C0270736	ASSOCIATED_WITH__SPEC__	["31004074_fullText_3"]	Machado-Joseph Disease	C0024408
Friedreich Ataxia	C0016719	COEXISTS_WITH	["25818870_fullText_7","25818870_fullText_10"]	Machado-Joseph Disease	C0024408
Friedreich Ataxia	C0016719	ISA	["25818870_fullText_1"]	Ataxias, Hereditary	C0004138
Friedreich Ataxia	C0016719	ASSOCIATED_WITH__SPEC__	["31004074_fullText_3"]	Shy-Drager Syndrome	C0037019
Friedreich Ataxia	C0016719	ASSOCIATED_WITH__SPEC__	["31004074_fullText_3"]	Machado-Joseph Disease	C0024408
Friedreich Ataxia	C0016719	ASSOCIATED_WITH__SPEC__	["31004074_fullText_3"]	Syndrome	C0039082
Friedreich Ataxia	C0016719	ASSOCIATED_WITH__SPEC__	["31004074_fullText_3"]	Essential Tremor	C0270736
Autosomal hereditary disorder	C0265384	ISA	["29869806_fullText_1"]	Congenital Disorders	C0242354
Neuropathy	C0442874	COEXISTS_WITH	["23829769_fullText_108"]	Peripheral Neuropathy	C0031117
Neuropathy	C0442874	COEXISTS_WITH	["28953919_fullText_2"]	Myasthenic Syndromes, Congenital	C0751882
Neuropathy	C0442874	COEXISTS_WITH	["2980738_fullText_6"]	muscle degeneration	C0234958
Neuropathy	C0442874	COEXISTS_WITH	["6644325_fullText_4"]	Thyrotoxic myopathy	C0270986
Neuropathy	C0442874	COEXISTS_WITH	["839235_fullText_6"]	Myotonic Dystrophy	C0027126
Neuropathy	C0442874	COEXISTS_WITH	["23234876_fullText_1"]	Machado-Joseph Disease	C0024408
Neuropathy	C0442874	COEXISTS_WITH	["1646254_fullText_1"]	Leigh Disease	C0023264
Neuropathy	C0442874	IS_A		Non-Neoplastic Peripheral Nervous System Disorder	C1335029
Sleep Apnea Syndromes	C0037315	COEXISTS_WITH	["1670061_fullText_1"]	Myotonic Dystrophy	C0027126
Sleep Apnea Syndromes	C0037315	COEXISTS_WITH	["17260325_fullText_10"]	Myotonic Disorders	C0553604
Sleep Apnea Syndromes	C0037315	CAUSES	["19484280_fullText_1"]	Respiratory Failure	C1145670
Sleep Apnea Syndromes	C0037315	ISA	["1297547_fullText_2"]	Respiration Disorders	C0035204
Sleep Apnea Syndromes	C0037315	AFFECTS	["34651295_fullText_5"]	Migraine Disorders	C0149931
Sleep Apnea Syndromes	C0037315	AFFECTS	["36716191_fullText_5"]	Parkinson Disease	C0030567
Sleep Apnea, Obstructive	C0520679	CAUSES	["1670061_fullText_8"]	Myotonic Dystrophy	C0027126
Sleep Apnea, Obstructive	C0520679	ISA	["35313858_fullText_1"]	Cardiovascular Diseases	C0007222
Sleep Apnea, Obstructive	C0520679	ISA	["35313858_fullText_1"]	Sleep Apnea Syndromes	C0037315
Sleep Apnea, Obstructive	C0520679	IS_A		Sleep Apnea Syndromes	C0037315
Virus Diseases	C0042769	CAUSES	["31099193_fullText_23"]	Upper Respiratory Infections	C0041912
Virus Diseases	C0042769	CAUSES	["31099193_fullText_23"]	Gastroenteritis	C0017160
Virus Diseases	C0042769	CAUSES	["31099193_fullText_23"]	Skin lesion	C0037284
Virus Diseases	C0042769	AFFECTS	["32130224_fullText_4"]	Cytochrome-c Oxidase Deficiency	C0268237
Virus Diseases	C0042769	PREDISPOSES	["32130224_fullText_40"]	Cytochrome-c Oxidase Deficiency	C0268237
Virus Diseases	C0042769	IS_A		Adenovirus infection in conditions classified elsewhere and of unspecified site	C0001485
Degenerative disorder	C1285162	IS_A		CNS disorder	C0007682
Amyloidosis	C0002726	CAUSES	["22706200_fullText_4"]	Phenylketonurias	C0031485
Amyloidosis	C0002726	IS_A		Metabolic Diseases	C0025517
REM Sleep Behavior Disorder	C0751772	AFFECTS	["36716191_fullText_5"]	Parkinson Disease	C0030567
REM Sleep Behavior Disorder	C0751772	COEXISTS_WITH	["28589261_fullText_5"]	Spinocerebellar Ataxia 10	C1963674
Neuroleptic Malignant Syndrome	C0027849	IS_A		nervous system disorder	C0027765
Neuroleptic Malignant Syndrome	C0027849	COEXISTS_WITH	["36701529_fullText_4"]	Alzheimer's Disease	C0002395
Dysautonomia	C0013363	COEXISTS_WITH	["36460816_fullText_2"]	Severe Acute Respiratory Syndrome	C1175175
Malnutrition	C0162429	COEXISTS_WITH	["24957181_fullText_22"]	Chronic disease	C0008679
Malnutrition	C0162429	PREDISPOSES	["11587123_fullText_5"]	Phenylketonuria, Maternal	C0085547
Epilepsy	C0014544	COEXISTS_WITH	["22838182_fullText_32"]	Congenital disorder of glycosylation type 1C	C2930997
Epilepsy	C0014544	COEXISTS_WITH	["34627336_fullText_77"]	Mitochondrial Diseases	C0751651
Epilepsy	C0014544	COEXISTS_WITH	["32677908_fullText_125"]	Mitochondrial encephalopathy	C1852373
Epilepsy	C0014544	COEXISTS_WITH	["12151524_fullText_1"]	Stiff-Person Syndrome	C0085292
Epilepsy	C0014544	COEXISTS_WITH	["9048670_fullText_13"]	Peroxisomal Disorders	C0282528
Epilepsy	C0014544	COEXISTS_WITH	["27172925_fullText_1"]	Congenital Disorders	C0242354
Epilepsy	C0014544	COEXISTS_WITH	["36731270_fullText_1"]	Convulsions in the newborn	C0159020
Epilepsy	C0014544	COEXISTS_WITH	["37580162_fullText_1"]	Status Epilepticus	C0038220
Epilepsy	C0014544	ISA	["34721570_fullText_1","34480996_fullText_7","35951651_fullText_1","34599508_fullText_1","37224649_fullText_1","37212716_fullText_1","35561568_fullText_1","36831978_fullText_2","25818041_fullText_1"]	nervous system disorder	C0027765
Epilepsy	C0014544	ISA	["33924731_fullText_1"]	Brain Diseases	C0006111
Epilepsy	C0014544	AFFECTS	["33805696_fullText_1"]	nervous system disorder	C0027765
Epilepsy	C0014544	COEXISTS_WITH__SPEC__	["37224649_fullText_1"]	Recurrent seizures	C0748607
Epilepsy	C0014544	ASSOCIATED_WITH__SPEC__	["21431622_fullText_363"]	Glutaric aciduria, type 1	C0268595
Epilepsy	C0014544	ASSOCIATED_WITH__SPEC__	["12597057_fullText_4"]	succinic semialdehyde dehydrogenase deficiency	C0268631
Epilepsy	C0014544	IS_A		Encephalopathies	C0085584
Strabismus	C0038379	COEXISTS_WITH	["26306823_fullText_11"]	Machado-Joseph Disease	C0024408
Strabismus	C0038379	COEXISTS_WITH	["11020111_fullText_3"]	Glutaric aciduria	C0268594
Hypotropia	C0152208	IS_A		Other specified strabismus	C0029831
Opsoclonus	C0242567	COEXISTS_WITH	["26306823_fullText_11","26306823_fullText_14"]	Machado-Joseph Disease	C0024408
Depletion of mitochondrial DNA	C0342782	ISA	["31479473_fullText_9"]	Hereditary Diseases	C0019247
Depletion of mitochondrial DNA	C0342782	COEXISTS_WITH	["31479473_fullText_9"]	Hereditary Diseases	C0019247
Spastic tetraparesis	C0575059	COEXISTS_WITH__SPEC__	["31952467_abstract_1"]	Alexander Disease	C0270726
Spastic tetraparesis	C0575059	COEXISTS_WITH	["31952467_abstract_1"]	Rare Diseases	C0678236
Diabetes Mellitus, Non-Insulin-Dependent	C0011860	AFFECTS	["12832322_fullText_2"]	Diabetes	C0011847
Diabetes Mellitus, Non-Insulin-Dependent	C0011860	PREDISPOSES	["36073057_fullText_1"]	Cardiovascular Diseases	C0007222
Diabetes Mellitus, Non-Insulin-Dependent	C0011860	IS_A		Diabetes Mellitus	C0011849
Ataxia Telangiectasia	C0004135	LOCATION_OF	["181256_fullText_2"]	nervous system disorder	C0027765
cervical spine atrophy	C0281794	COEXISTS_WITH	["25370748_fullText_7"]	Machado-Joseph Disease	C0024408
Neuritis	C0027813	IS_A		Neuropathy	C0442874
FRIEDREICH ATAXIA 1	C1856689	ISA	["25267338_fullText_3","15586270_fullText_2","11183775_fullText_1","22723857_fullText_19","21283659_fullText_3"]	Friedreich Ataxia	C0016719
Retinal Degeneration	C0035304	COEXISTS_WITH	["25104854_fullText_7"]	Machado-Joseph Disease	C0024408
Retinal Degeneration	C0035304	COEXISTS_WITH	["19568364_fullText_8"]	Myotonic Dystrophy	C0027126
Retinal Degeneration	C0035304	CAUSES	["35148383_fullText_0"]	Optic Atrophy, Hereditary, Leber	C0917796
Retinal Degeneration	C0035304	CAUSES	["26287655_fullText_23"]	Failure to Thrive	C0015544
Retinal Degeneration	C0035304	IS_A		Degenerative disorder of eye	C0154777
Tauopathies	C0949664	IS_A		Degenerative disorder	C1285162
Tauopathies	C0949664	ISA	["32096040_fullText_8","32096040_fullText_9"]	Neurodegenerative Disorders	C0524851
Dystrophia myotonica 1	C2931688	COEXISTS_WITH	["11073357_fullText_2","22131273_fullText_111","22131273_fullText_134"]	Dystrophia myotonica 2	C2931689
Dystrophia myotonica 1	C2931688	COEXISTS_WITH	["198896_fullText_1"]	Acute respiratory failure	C0264490
Dystrophia myotonica 1	C2931688	CAUSES	["11130169_fullText_9"]	Disorder of macula of retina	C0730362
Dystrophia myotonica 1	C2931688	CAUSES	["12610410_fullText_1"]	Hereditary Diseases	C0019247
Dystrophia myotonica 1	C2931688	ISA	["2198475_fullText_1","28040606_fullText_1","28484315_fullText_1","23404338_fullText_1","2419758_fullText_1"]	Hereditary Diseases	C0019247
Dystrophia myotonica 1	C2931688	ISA	["33579861_fullText_1","18667248_fullText_1","36192279_fullText_1","37753768_fullText_1","31851022_fullText_1","22815033_fullText_1","19475807_fullText_3","21752270_fullText_6"]	Neuromuscular Diseases	C0027868
Dystrophia myotonica 1	C2931688	ISA	["36897899_fullText_1","36181121_fullText_1","25263797_fullText_1"]	Rare Diseases	C0678236
Dystrophia myotonica 1	C2931688	ISA	["36331602_fullText_1","9228495_fullText_1","34755888_fullText_1","30247381_fullText_1","30944906_fullText_1","29934199_fullText_1","25712547_fullText_1","25121518_fullText_2","22465566_fullText_1","16184945_fullText_1","15770660_fullText_1","22131273_fullText_1","23180777_fullText_6","23097601_fullText_0","30301614_fullText_0"]	Muscular Dystrophy	C0026850
Dystrophia myotonica 1	C2931688	ISA	["14565098_fullText_1"]	Congenital Disorders	C0242354
Dystrophia myotonica 1	C2931688	ISA	["2660734_fullText_1","31003788_fullText_1","30685181_fullText_1","17289339_fullText_1"]	Myopathy	C0026848
Dystrophia myotonica 1	C2931688	ISA	["27631259_fullText_1","17660741_fullText_1","27631259_fullText_0"]	Syndrome	C0039082
Dystrophia myotonica 1	C2931688	ISA	["36694070_fullText_1","35851789_fullText_1","33190906_fullText_1","31164682_fullText_1","19546810_fullText_1","12749547_fullText_1","28484315_fullText_0"]	Multisystem disorder	C0559758
Dystrophia myotonica 1	C2931688	AFFECTS	["22131273_fullText_70"]	Dystrophia myotonica 2	C2931689
Dystrophia myotonica 1	C2931688	AFFECTS	["34200099_fullText_5"]	Neuromuscular Diseases	C0027868
Dystrophia myotonica 1	C2931688	AFFECTS	["25101654_fullText_8"]	Takotsubo Cardiomyopathy	C1739395
Dystrophia myotonica 1	C2931688	COEXISTS_WITH__SPEC__	["9228495_fullText_1"]	Autosomal dominant hereditary disorder	C0265385
FRAGILE X TREMOR/ATAXIA SYNDROME	C1839780	AFFECTS	["29789616_fullText_53"]	Spinocerebellar Ataxia 10	C1963674
FRAGILE X TREMOR/ATAXIA SYNDROME	C1839780	AFFECTS	["20373340_fullText_5"]	Neurodegenerative Disorders	C0524851
FRAGILE X TREMOR/ATAXIA SYNDROME	C1839780	ISA	["22411243_fullText_4","29789616_fullText_53"]	Syndrome	C0039082
Pick Disease of the Brain	C0236642	IS_A		Degenerative disorder	C1285162
Spastic Paraplegia, Hereditary	C0037773	IS_A		Paraplegia	C0030486
Chorea	C0008489	ISA	["29518281_fullText_3"]	Movement Disorders	C0026650
Neuromyelitis Optica	C0027873	IS_A		Spinal Cord Diseases	C0037928
Multiple Sclerosis	C0026769	ISA	["37894952_fullText_1"]	Degenerative disorder	C1285162
Multiple Sclerosis	C0026769	ISA	["36419212_fullText_4"]	nervous system disorder	C0027765
Multiple Sclerosis	C0026769	ISA	["33723124_fullText_8"]	Neurodegenerative Disorders	C0524851
Multiple Sclerosis	C0026769	ISA	["35683024_fullText_1","34281235_fullText_1","35212290_fullText_3"]	Autoimmune Diseases	C0004364
Multiple Sclerosis	C0026769	ISA	["35418597_fullText_1"]	Demyelinating Diseases	C0011303
Multiple Sclerosis	C0026769	IS_A		Demyelinating Diseases	C0011303
Progressive supranuclear palsy	C0038868	IS_A		Movement Disorders	C0026650
Hyperinsulinism	C0020459	COEXISTS_WITH	["189436_fullText_5"]	Diabetes	C0011847
Hyperinsulinism	C0020459	CAUSES	["35308014_fullText_162"]	Afebrile seizure	C0863106
Hyperinsulinism	C0020459	CAUSES	["35308014_fullText_8","23196582_fullText_8","29112118_fullText_86","29112118_fullText_131","35308014_fullText_104","35308014_fullText_148","35308014_fullText_187"]	Hypoglycemia	C0020615
Hyperinsulinism	C0020459	AUGMENTS	["33673200_fullText_7"]	Obesity, Abdominal	C0311277
Hyperinsulinism	C0020459	IS_A		Glucose Metabolism Disorders	C1257958
Pityriasis Rubra Pilaris	C0032027	IS_A		Skin Diseases, Genetic	C0037277
Incontinence	C0021167	COEXISTS_WITH	["37506033_fullText_5"]	Nocturia	C0028734
Oropharyngeal Dysphagia	C0267071	COEXISTS_WITH	["11181860_fullText_10"]	Myotonic Dystrophy	C0027126
Muscular Dystrophy	C0026850	COEXISTS_WITH	["32287265_fullText_1"]	Rare Diseases	C0678236
Muscular Dystrophy	C0026850	COEXISTS_WITH	["8293139_fullText_1"]	multiple pathologies	C0679225
Muscular Dystrophy	C0026850	COEXISTS_WITH	["9228495_fullText_1"]	Autosomal dominant hereditary disorder	C0265385
Muscular Dystrophy	C0026850	COEXISTS_WITH	["978205_fullText_2"]	Neuromuscular Diseases	C0027868
Muscular Dystrophy	C0026850	COEXISTS_WITH	["945869_fullText_5"]	Myotonic Dystrophy	C0027126
Muscular Dystrophy	C0026850	COEXISTS_WITH	["9162886_fullText_1"]	Systemic disease	C0442893
Muscular Dystrophy	C0026850	CAUSES	["30838353_fullText_3"]	Respiratory Failure	C1145670
Muscular Dystrophy	C0026850	CAUSES	["22844785_fullText_15"]	Strabismus	C0038379
Muscular Dystrophy	C0026850	ISA	["9680767_fullText_1","24092878_fullText_7"]	Neuromuscular Diseases	C0027868
Muscular Dystrophy	C0026850	ISA	["6351629_fullText_2","36233338_fullText_1","26786644_fullText_1","16155435_fullText_1"]	Myopathy	C0026848
Muscular Dystrophy	C0026850	ISA	["673985_fullText_1","26720320_fullText_1","24664202_fullText_1","19909263_fullText_1","25303993_fullText_0","22038543_fullText_0"]	Hereditary Diseases	C0019247
Muscular Dystrophy	C0026850	PREDISPOSES	["17217326_fullText_7"]	Cardiomyopathies	C0878544
Muscular Dystrophy	C0026850	COEXISTS_WITH__SPEC__	["25148278_fullText_1"]	Dystrophia myotonica 1	C2931688
Muscular Dystrophy	C0026850	COEXISTS_WITH__SPEC__	["32287265_fullText_1"]	Rare Diseases	C0678236
Muscular Dystrophy	C0026850	COEXISTS_WITH__SPEC__	["25148278_fullText_1"]	Myotonic Dystrophy	C0027126
Muscular Dystrophy	C0026850	MANIFESTATION_OF	["18720506_fullText_6"]	Scleroatonic muscular dystrophy	C0410179
Muscular Dystrophy	C0026850	IS_A		Myopathy	C0026848
Chronic disease	C0008679	AFFECTS	["36412346_fullText_46"]	Cerebral atrophy	C0235946
Retinal Diseases	C0035309	COEXISTS_WITH	["36729871_fullText_24"]	Machado-Joseph Disease	C0024408
Retinal Diseases	C0035309	IS_A		Disorder of eye	C0015397
Spastic Paraplegia	C0037772	PRECEDES	["21712670_fullText_4"]	Acute encephalopathy	C1306587
Motor Neuron Disease	C0085084	IS_A		Degenerative disorder	C1285162
Spinal cord atrophy	C1389102	COEXISTS_WITH	["18506570_fullText_3"]	Machado-Joseph Disease	C0024408
Unspecified anomaly of muscle	C0235947	MANIFESTATION_OF	["22290140_fullText_1"]	Muscular Dystrophy	C0026850
LEPTIN DEFICIENCY	C3554224	CAUSES	["16407534_fullText_7"]	Obesity	C0028754
Diabetes	C0011847	COEXISTS_WITH	["37507215_fullText_3"]	Dyslipidemias	C0242339
Diabetes	C0011847	COEXISTS_WITH	["37507215_fullText_3"]	Retinal Diseases	C0035309
Diabetes	C0011847	COEXISTS_WITH	["36838726_fullText_9"]	Enzyme inhibition disorder	C0877008
Diabetes	C0011847	CAUSES	["20220140_fullText_1"]	Mendelian disorders	C1285355
Diabetes	C0011847	ISA	["17660741_fullText_2"]	Endocrine System Diseases	C0014130
Diabetes	C0011847	ISA	["34896576_fullText_5","34638685_fullText_218","12092984_fullText_3"]	Metabolic Diseases	C0025517
Diabetes	C0011847	PREDISPOSES	["36996788_fullText_4"]	Asthma	C0004096
Diabetes	C0011847	COMPLICATES	["12832322_fullText_1"]	Muscular Dystrophy	C0026850
Fatty Liver	C0015695	COEXISTS_WITH	["27725718_fullText_50","27725718_fullText_96"]	Non-alcoholic Fatty Liver Disease	C0400966
Stiff-Person Syndrome	C0085292	IS_A		Movement Disorders	C0026650
Narcolepsy	C0027404	ISA	["34432256_fullText_3"]	nervous system disorder	C0027765
Obesity	C0028754	COEXISTS_WITH	["34857247_fullText_5","24055312_fullText_1","24055312_fullText_2"]	Phenylketonurias	C0031485
Obesity	C0028754	COEXISTS_WITH	["34597667_fullText_1"]	Metabolic Diseases	C0025517
Obesity	C0028754	CAUSES	["24356766_fullText_6"]	Sleep Apnea, Obstructive	C0520679
Obesity	C0028754	ISA	["34896576_fullText_5","34638685_fullText_218"]	Metabolic Diseases	C0025517
Obesity	C0028754	PREDISPOSES	["36073057_fullText_1"]	Cardiovascular Diseases	C0007222
Obesity	C0028754	MANIFESTATION_OF	["25873781_fullText_58","28344440_fullText_46"]	Atrial Fibrillation	C0004238
Obesity	C0028754	IS_A		Overnutrition	C1257763
Dysautonomia, Familial	C0013364	ISA	["16103001_fullText_1"]	Syndrome	C0039082
Cystic Fibrosis	C0010674	IS_A		Syndrome	C0039082
Adrenal Cortex Diseases	C0001614	IS_A		Adrenal Gland Diseases	C0001621
Anorexia	C0003123	COEXISTS_WITH	["32357546_fullText_27"]	Machado-Joseph Disease	C0024408
Respiratory Failure	C1145670	COEXISTS_WITH	["10701044_fullText_1"]	Cerebral Palsy	C0007789
Respiratory Failure	C1145670	COEXISTS_WITH	["36591657_fullText_2"]	Respiratory Tract Infections	C0035243
Respiratory Failure	C1145670	COEXISTS_WITH	["8214919_fullText_14"]	Myotonic Dystrophy	C0027126
Respiratory Failure	C1145670	COEXISTS_WITH	["11834657_fullText_1"]	Neuromuscular Diseases	C0027868
Respiratory Failure	C1145670	COEXISTS_WITH	["27172925_fullText_8","34090370_fullText_51"]	Pneumonia	C0032285
Respiratory Failure	C1145670	COEXISTS_WITH	["34480616_fullText_5"]	Pulmonary Edema	C0034063
Respiratory Failure	C1145670	COEXISTS_WITH	["34480616_fullText_5"]	Respiratory Distress Syndrome, Adult	C0035222
Respiratory Failure	C1145670	CAUSES	["1311909_fullText_1"]	Acidosis, Lactic	C0001125
Respiratory Failure	C1145670	AFFECTS	["8261695_fullText_10"]	Myotonic Dystrophy	C0027126
Respiratory Failure	C1145670	OCCURS_IN	["8153943_fullText_1"]	Myotonic Dystrophy	C0027126
Juvenile Spinal Muscular Atrophy	C0152109	IS_A		Spinal Muscular Atrophies of Childhood	C0700595
Familial Dystonia	C0752207	IS_A		Dystonia Disorders	C0393593
Neonatal Abstinence Syndrome	C0027609	AFFECTS	["33798593_fullText_1"]	Status Epilepticus	C0038220
External Ophthalmoplegia	C0162292	COEXISTS_WITH	["11384587_fullText_8"]	Machado-Joseph Disease	C0024408
Azoospermia	C0004509	IS_A		Male infertility	C0021364
Supranuclear ophthalmoplegia	C1408507	COEXISTS_WITH	["11405804_fullText_3"]	Machado-Joseph Disease	C0024408
Optic Atrophy	C0029124	COEXISTS_WITH	["32677908_fullText_125"]	Mitochondrial encephalopathy	C1852373
Optic Atrophy	C0029124	IS_A		Disorder of the optic nerve	C0029132
Disorder of macula of retina	C0730362	COEXISTS_WITH	["4040383_fullText_1"]	Myotonic Dystrophy	C0027126
Disorder of macula of retina	C0730362	COEXISTS_WITH	["11384587_fullText_8"]	Machado-Joseph Disease	C0024408
Intestinal Diseases	C0021831	COEXISTS_WITH	["10484808_fullText_4"]	Congenital disorder of glycosylation type 1B	C1865145
Intestinal Diseases	C0021831	IS_A		Digestive System Disorders	C0012242
Hypohidrosis	C0020620	IS_A		Sweat Gland Diseases	C0038986
Aortic Aneurysm, Thoracic	C0162872	IS_A		Thoracoabdominal aortic aneurysm, ruptured	C1305122
Muscular Dystrophy, Oculopharyngeal	C0270952	IS_A		Muscular Dystrophy	C0026850
Channelopathies	C1720983	COEXISTS_WITH	["18008009_fullText_6"]	Myotonic Dystrophy	C0027126
Channelopathies	C1720983	COEXISTS_WITH	["11382195_fullText_5"]	Myotonic Disorders	C0553604
Axonal neuropathy	C0270921	IS_A		Neuropathy	C0442874
Axonal neuropathy	C0270921	COEXISTS_WITH__SPEC__	["23829769_fullText_108"]	Peripheral Neuropathy	C0031117
Axonal neuropathy	C0270921	ISA	["23829769_fullText_108"]	Neuropathy	C0442874
Axonal neuropathy	C0270921	CAUSES	["9343141_fullText_1"]	Sensory Disorders	C0152027
Encephalopathies	C0085584	COEXISTS_WITH	["12796552_fullText_4"]	Nicotinamide adenine dinucleotide coenzyme Q reductase deficiency	C0342776
Encephalopathies	C0085584	IS_A		CNS disorder	C0007682
Chronic progressive external ophthalmoplegia	C0162674	COEXISTS_WITH	["10412694_fullText_5"]	Sporadic disorder	C0277552
Chronic progressive external ophthalmoplegia	C0162674	COEXISTS_WITH	["9286453_fullText_1"]	Multisystem disorder	C0559758
Chronic progressive external ophthalmoplegia	C0162674	ISA	["27013457_fullText_18"]	Mitochondrial Myopathies	C0162670
Chronic progressive external ophthalmoplegia	C0162674	IS_A		Mitochondrial Myopathies	C0162670
Spinocerebellar Ataxia Type 4	C0752122	IS_A		Ataxia, Spinocerebellar	C0087012
Erythema Infectiosum	C0085273	IS_A		Other specified viral exanthemata	C0029841
Meningoencephalitis	C0025309	IS_A		CNS disorder	C0007682
Olivopontocerebellar Atrophies	C0028968	IS_A		Degenerative disorder	C1285162
Olivopontocerebellar Atrophies	C0028968	ISA	["7575842_fullText_1"]	nervous system disorder	C0027765
Familial disease	C0277558	CAUSES	["17603429_fullText_1"]	Cardiomyopathies	C0878544
Acute encephalopathy	C1306587	COEXISTS_WITH	["11331707_fullText_3"]	catabolic state	C0853892
Kernicterus	C0022610	CAUSES	["32063420_abstract_1"]	Athetoid cerebral palsy	C0270742
Kernicterus	C0022610	IS_A		Encephalopathies	C0085584
Myotonic Dystrophy	C0027126	COEXISTS_WITH	["19568364_fullText_27"]	Retinal Degeneration	C0035304
Myotonic Dystrophy	C0027126	COEXISTS_WITH	["2549413_fullText_4"]	Myotonia Congenita	C0027127
Myotonic Dystrophy	C0027126	COEXISTS_WITH	["19715174_fullText_9"]	Narcolepsy	C0027404
Myotonic Dystrophy	C0027126	COEXISTS_WITH	["2906090_fullText_1"]	Hyperparathyroidism	C0020502
Myotonic Dystrophy	C0027126	COEXISTS_WITH	["30106598_fullText_4"]	Corticobasal degeneration	C0393570
Myotonic Dystrophy	C0027126	COEXISTS_WITH	["198896_fullText_1"]	Acute respiratory failure	C0264490
Myotonic Dystrophy	C0027126	COEXISTS_WITH	["28221333_fullText_5"]	Ocular Hypotension	C0028841
Myotonic Dystrophy	C0027126	COEXISTS_WITH	["31476892_fullText_6"]	Fuchs Endothelial Dystrophy	C0016781
Myotonic Dystrophy	C0027126	COEXISTS_WITH	["888734_fullText_2"]	Neuromuscular Diseases	C0027868
Myotonic Dystrophy	C0027126	COEXISTS_WITH	["1609789_fullText_3"]	Hereditary Diseases	C0019247
Myotonic Dystrophy	C0027126	COEXISTS_WITH	["7792552_fullText_6"]	Hereditary Motor and Sensory Neuropathies	C0027888
Myotonic Dystrophy	C0027126	COEXISTS_WITH	["2549413_fullText_4"]	adynamia	C0235704
Myotonic Dystrophy	C0027126	COEXISTS_WITH	["23835682_fullText_7"]	Polymyositis	C0085655
Myotonic Dystrophy	C0027126	COEXISTS_WITH	["3994468_fullText_2"]	Hyperthyroidism	C0020550
Myotonic Dystrophy	C0027126	COEXISTS_WITH	["23835682_fullText_7"]	Dermatomyositis	C0011633
Myotonic Dystrophy	C0027126	COEXISTS_WITH	["9710180_fullText_4"]	Hydrocephalus	C0020255
Myotonic Dystrophy	C0027126	CAUSES	["3833140_fullText_5"]	Sleep Apnea, Central	C0520680
Myotonic Dystrophy	C0027126	CAUSES	["24590001_fullText_4"]	Centronuclear myopathy	C0175709
Myotonic Dystrophy	C0027126	CAUSES	["11571880_fullText_5"]	Respiratory Failure	C1145670
Myotonic Dystrophy	C0027126	CAUSES	["33458578_fullText_1"]	Muscular Dystrophy	C0026850
Myotonic Dystrophy	C0027126	CAUSES	["15520988_fullText_1"]	Recurrent pneumonia	C0694550
Myotonic Dystrophy	C0027126	CAUSES	["12837581_fullText_2"]	Paraneoplastic Opsoclonus-Myoclonus Ataxia	C1721017
Myotonic Dystrophy	C0027126	ISA	["33522148_fullText_1"]	Disorder of skeletal muscle	C1533847
Myotonic Dystrophy	C0027126	ISA	["81291_fullText_9","8823122_fullText_1"]	Myotonic Disorders	C0553604
Myotonic Dystrophy	C0027126	ISA	["31495190_fullText_1"]	hereditary muscle disease	C0852407
Myotonic Dystrophy	C0027126	ISA	["3534256_fullText_1","3927876_fullText_7","21813927_fullText_1","9680767_fullText_1","25887157_fullText_1","23660517_fullText_1","20485964_fullText_1","19713112_fullText_1","19813690_fullText_1","15928999_fullText_3","14973225_fullText_5","12562480_fullText_1","11929853_fullText_1","11002733_fullText_7"]	Neuromuscular Diseases	C0027868
Myotonic Dystrophy	C0027126	ISA	["6655188_fullText_1","34948025_fullText_1","33458578_fullText_1","24435591_fullText_1","9712016_fullText_1","8851885_fullText_1","8407221_fullText_1","1346923_fullText_1","37143315_fullText_3","30341596_fullText_1","30185236_fullText_1","27245480_fullText_1","24139022_fullText_1","22995693_fullText_1","21623381_fullText_1","21549556_fullText_1","20346890_fullText_1","15770660_fullText_1","15103717_fullText_1","15085591_fullText_1","29789616_fullText_0"]	Muscular Dystrophy	C0026850
Myotonic Dystrophy	C0027126	ISA	["220392_fullText_1","34051736_fullText_1","6239015_fullText_1","7096091_fullText_6","10222793_fullText_1","9535904_fullText_1","9436441_fullText_1","7855381_fullText_1","1293432_fullText_1","2232381_fullText_1","2924215_fullText_1","2924203_fullText_1","34125228_fullText_1","25496057_fullText_1","19909263_fullText_1","17885447_fullText_7","15773341_fullText_1","15503094_fullText_1","12351998_fullText_5","18428318_fullText_1","18428318_fullText_6","25303993_fullText_0","19568364_fullText_1","31735801_fullText_11","27266866_fullText_0"]	Hereditary Diseases	C0019247
Myotonic Dystrophy	C0027126	ISA	["9710180_fullText_1","17915797_fullText_1","11103182_fullText_1","27199540_fullText_83"]	Rare Diseases	C0678236
Myotonic Dystrophy	C0027126	ISA	["12030525_fullText_1"]	nervous system disorder	C0027765
Myotonic Dystrophy	C0027126	ISA	["10711986_fullText_1","8942293_fullText_1","8214919_fullText_1","8364702_fullText_1","32146000_fullText_4","31003788_fullText_1","30685181_fullText_1","27501221_fullText_6","23666741_fullText_6","23306738_fullText_9","20709755_fullText_9","12610429_fullText_1"]	Myopathy	C0026848
Myotonic Dystrophy	C0027126	ISA	["9894134_fullText_4"]	Neuropathy	C0442874
Myotonic Dystrophy	C0027126	ISA	["6500550_fullText_1","9206594_fullText_2","23384336_fullText_1"]	Syndrome	C0039082
Myotonic Dystrophy	C0027126	AFFECTS	["24039817_fullText_50"]	Epiphyseal dysplasia, multiple, 1	C1838280
Myotonic Dystrophy	C0027126	AFFECTS	["722403_fullText_4"]	Myopathy	C0026848
Myotonic Dystrophy	C0027126	AFFECTS	["20373340_fullText_5"]	Neurodegenerative Disorders	C0524851
Myotonic Dystrophy	C0027126	AFFECTS	["7892763_fullText_12"]	Subcortical lesions	C0871456
Myotonic Dystrophy	C0027126	PREDISPOSES	["23306738_fullText_9"]	Cerebral Embolism	C0007780
Myotonic Dystrophy	C0027126	PREDISPOSES	["3652080_fullText_5"]	cardiac event	C0741923
Myotonic Dystrophy	C0027126	CAUSES__SPEC__	["19909263_fullText_1"]	Muscular Dystrophy	C0026850
Myotonic Dystrophy	C0027126	OCCURS_IN	["11404122_fullText_4"]	Dystrophia myotonica 2	C2931689
Myotonic Dystrophy	C0027126	COEXISTS_WITH__SPEC__	["888734_fullText_2"]	Muscular Atrophy	C0026846
Myotonic Dystrophy	C0027126	MANIFESTATION_OF	["11181860_fullText_2"]	Deglutition Disorders	C0011168
Myotonic Dystrophy	C0027126	MANIFESTATION_OF	["17361543_fullText_3"]	Fragile X Syndrome	C0016667
Myotonic Dystrophy	C0027126	IS_A		Myotonic Disorders	C0553604
Waardenburg Syndrome	C3266898	IS_A		Syndrome	C0039082
Charcot-Marie-Tooth Disease	C0007959	ISA	["9894134_fullText_4","20080938_fullText_5","19167889_fullText_3"]	Neuropathy	C0442874
Charcot-Marie-Tooth Disease	C0007959	IS_A		Neuromuscular Diseases	C0027868
Epidermolysis Bullosa Simplex	C0079298	IS_A		Epidermolysis Bullosa	C0014527
Achondroplasia	C0001080	IS_A		Osteochondrodysplasias	C0029422
Megaesophagus	C0025164	IS_A		Esophageal Diseases	C0014852
Myopathy	C0026848	COEXISTS_WITH	["19019314_fullText_1"]	Muscular Atrophy	C0026846
Myopathy	C0026848	COEXISTS_WITH	["7599221_fullText_8"]	Heart Diseases	C0018799
Myopathy	C0026848	COEXISTS_WITH	["1184720_fullText_9"]	Hypogonadism	C0020619
Myopathy	C0026848	COEXISTS_WITH	["28550479_fullText_1","28078562_fullText_1","26505324_fullText_1","24882752_fullText_1","24803843_fullText_1"]	Muscular Dystrophy	C0026850
Myopathy	C0026848	COEXISTS_WITH	["3655808_fullText_10","22995693_fullText_1","12030525_fullText_6","949084_fullText_5"]	Myotonic Dystrophy	C0027126
Myopathy	C0026848	COEXISTS_WITH	["7217954_fullText_4"]	Neuromuscular Diseases	C0027868
Myopathy	C0026848	CAUSES	["25873781_fullText_2"]	Heart Diseases	C0018799
Myopathy	C0026848	CAUSES	["28367954_fullText_57"]	Muscular Atrophy	C0026846
Myopathy	C0026848	CAUSES	["7606895_fullText_6"]	Pena-Shokeir phenotype	C0265228
Myopathy	C0026848	CAUSES	["543205_fullText_5"]	Cardiomyopathies	C0878544
Myopathy	C0026848	ISA	["16155435_fullText_1"]	Muscular Dystrophy	C0026850
Myopathy	C0026848	PREDISPOSES	["20421788_fullText_3"]	Malignant hyperpyrexia due to anesthesia	C0024591
Myopathy	C0026848	CAUSES__SPEC__	["25873781_fullText_2"]	Heart Block	C0018794
Fragile X Syndrome	C0016667	ISA	["27030674_fullText_109"]	Neurodegenerative Disorders	C0524851
Fragile X Syndrome	C0016667	IS_A		Syndrome	C0039082
Metabolic Diseases	C0025517	COEXISTS_WITH	["38931188_fullText_3"]	Phenylketonurias	C0031485
Metabolic Diseases	C0025517	COEXISTS_WITH	["21307867_fullText_1"]	Pulmonary Hypertension, Primary, 1, With Hereditary Hemorrhagic Telangiectasia	C3714844
Metabolic Diseases	C0025517	COEXISTS_WITH	["20123463_fullText_1"]	brain dysfunction	C0262405
Metabolic Diseases	C0025517	COEXISTS_WITH	["11997856_fullText_7"]	Myopathy	C0026848
Metabolic Diseases	C0025517	COEXISTS_WITH	["21968293_fullText_1"]	Fatty acid oxidation defects	C1829742
Metabolic Diseases	C0025517	CAUSES	["29499199_fullText_1","18955797_fullText_1","15181195_fullText_1","15057263_fullText_1"]	Pulmonary Hypertension, Primary, 1, With Hereditary Hemorrhagic Telangiectasia	C3714844
Metabolic Diseases	C0025517	CAUSES	["1052765_fullText_1"]	fetal damage	C0854268
Metabolic Diseases	C0025517	CAUSES	["15181195_fullText_1"]	Hypopigmentation disorder	C0162835
Metabolic Diseases	C0025517	CAUSES	["36056365_fullText_0"]	nervous system disorder	C0027765
Metabolic Diseases	C0025517	CAUSES	["21431621_fullText_11"]	Cutis Laxa	C0010495
Metabolic Diseases	C0025517	CAUSES	["21904051_fullText_1"]	Macrocephaly	C0221355
Metabolic Diseases	C0025517	CAUSES	["12597051_fullText_6"]	Epilepsy	C0014544
Metabolic Diseases	C0025517	CAUSES	["12597051_fullText_3"]	Lesion of brain	C0221505
Metabolic Diseases	C0025517	CAUSES	["2546355_fullText_7"]	Neurodegenerative Disorders	C0524851
Metabolic Diseases	C0025517	CAUSES	["36056365_fullText_3"]	Hereditary Diseases	C0019247
Metabolic Diseases	C0025517	ISA	["8615352_fullText_4"]	Maple Syrup Urine Disease	C0024776
Metabolic Diseases	C0025517	ISA	["31778858_fullText_7","27786189_fullText_7","8615352_fullText_4","7584088_fullText_3","6685863_fullText_1"]	Phenylketonurias	C0031485
Metabolic Diseases	C0025517	ISA	["29335023_fullText_65"]	Glutaric aciduria, type 1	C0268595
Metabolic Diseases	C0025517	AFFECTS	["12655545_fullText_1"]	Pulmonary Hypertension, Primary, 1, With Hereditary Hemorrhagic Telangiectasia	C3714844
Machado-Joseph Disease Type II	C0751669	ISA	["8174328_fullText_2"]	Machado-Joseph Disease	C0024408
Pulmonary Hypertension, Primary, 1, With Hereditary Hemorrhagic Telangiectasia	C3714844	COEXISTS_WITH	["37237386_fullText_3","29997390_fullText_1","19904458_fullText_2","15640093_fullText_3","12777691_fullText_1","12640344_fullText_3","8831077_fullText_5","7967476_fullText_7"]	Phenylketonurias	C0031485
Pulmonary Hypertension, Primary, 1, With Hereditary Hemorrhagic Telangiectasia	C3714844	COEXISTS_WITH	["14654659_fullText_1"]	Phenylketonuria, Maternal	C0085547
Pulmonary Hypertension, Primary, 1, With Hereditary Hemorrhagic Telangiectasia	C3714844	COEXISTS_WITH	["10479481_fullText_5"]	Hyperphenylalaninaemia	C0751435
Pulmonary Hypertension, Primary, 1, With Hereditary Hemorrhagic Telangiectasia	C3714844	CAUSES	["37237386_fullText_1"]	Inborn Errors of Metabolism	C0025521
Pulmonary Hypertension, Primary, 1, With Hereditary Hemorrhagic Telangiectasia	C3714844	CAUSES	["37098607_fullText_1","29909188_fullText_1","19172175_fullText_1"]	Metabolic Diseases	C0025517
Pulmonary Hypertension, Primary, 1, With Hereditary Hemorrhagic Telangiectasia	C3714844	CAUSES	["29514280_fullText_3"]	Classical phenylketonuria	C0751434
Pulmonary Hypertension, Primary, 1, With Hereditary Hemorrhagic Telangiectasia	C3714844	CAUSES	["11914042_fullText_6","8892014_fullText_1"]	Hyperphenylalaninaemia	C0751435
Pulmonary Hypertension, Primary, 1, With Hereditary Hemorrhagic Telangiectasia	C3714844	CAUSES	["7628072_fullText_5"]	Brain Diseases	C0006111
Pulmonary Hypertension, Primary, 1, With Hereditary Hemorrhagic Telangiectasia	C3714844	CAUSES	["27308838_fullText_3"]	Classical galactosemia	C0268151
Pulmonary Hypertension, Primary, 1, With Hereditary Hemorrhagic Telangiectasia	C3714844	CAUSES	["34014443_fullText_1","30678510_fullText_3","23296088_fullText_1","12655549_fullText_1","10495930_fullText_3","1709636_fullText_1"]	Phenylketonurias	C0031485
Pulmonary Hypertension, Primary, 1, With Hereditary Hemorrhagic Telangiectasia	C3714844	CAUSES	["34014443_fullText_1"]	Hyperphenylalaninemia, Non-Phenylketonuric	C0751436
Pulmonary Hypertension, Primary, 1, With Hereditary Hemorrhagic Telangiectasia	C3714844	PREDISPOSES	["27447460_fullText_2"]	Phenylketonurias	C0031485
Pulmonary Hypertension, Primary, 1, With Hereditary Hemorrhagic Telangiectasia	C3714844	CAUSES__SPEC__	["37237386_fullText_1","37098607_fullText_1","29909188_fullText_1","19172175_fullText_1"]	Phenylketonurias	C0031485
Pulmonary Hypertension, Primary, 1, With Hereditary Hemorrhagic Telangiectasia	C3714844	CAUSES__SPEC__	["34014443_fullText_1"]	Classical phenylketonuria	C0751434
Pulmonary Hypertension, Primary, 1, With Hereditary Hemorrhagic Telangiectasia	C3714844	COEXISTS_WITH__SPEC__	["11043162_fullText_3"]	Hyperphenylalaninaemia	C0751435
General Paralysis	C0205858	CAUSES	["36925444_fullText_14"]	Respiratory Failure	C1145670
Pneumonia	C0032285	COEXISTS_WITH	["34254465_fullText_4"]	Lung diseases	C0024115
Pneumonia	C0032285	CAUSES	["34795026_fullText_2"]	Respiratory Distress Syndrome, Adult	C0035222
Pneumonia	C0032285	CAUSES	["37633811_fullText_2"]	Acute respiratory failure	C0264490
Pneumonia	C0032285	ISA	["34397417_fullText_1"]	Inflammatory disorder	C1290884
Pneumonia	C0032285	PREDISPOSES	["37366533_fullText_12"]	Myocardial Infarction	C0027051
Pneumonia	C0032285	PREDISPOSES	["35585021_fullText_10"]	Urinary tract infection	C0042029
Pneumonia	C0032285	IS_A		Lung diseases	C0024115
Mitochondrial Diseases	C0751651	COEXISTS_WITH	["39066889_fullText_6","39066889_fullText_13"]	Leigh Disease	C0023264
Mitochondrial Diseases	C0751651	COEXISTS_WITH	["38358320_fullText_7"]	Ketosis	C0022638
Mitochondrial Diseases	C0751651	COEXISTS_WITH	["34627336_fullText_117"]	nervous system disorder	C0027765
Mitochondrial Diseases	C0751651	COEXISTS_WITH	["36056365_fullText_1"]	Mitochondrial Encephalomyopathies	C0162666
Mitochondrial Diseases	C0751651	COEXISTS_WITH	["36056365_fullText_1"]	Optic Atrophy, Hereditary, Leber	C0917796
Mitochondrial Diseases	C0751651	COEXISTS_WITH	["33182419_fullText_61"]	Leukoencephalopathies	C0270612
Mitochondrial Diseases	C0751651	CAUSES	["36056365_fullText_8"]	Syndrome	C0039082
Mitochondrial Diseases	C0751651	CAUSES	["34849584_fullText_43"]	MITOCHONDRIAL COMPLEX I DEFICIENCY	C1838979
Mitochondrial Diseases	C0751651	CAUSES	["34849584_fullText_43"]	Leigh Disease	C0023264
Mitochondrial Diseases	C0751651	CAUSES	["24957181_fullText_115"]	Encephalopathies	C0085584
Mitochondrial Diseases	C0751651	CAUSES	["34933094_fullText_1"]	Metabolic Diseases	C0025517
Mitochondrial Diseases	C0751651	ISA	["34933094_fullText_1","27080638_fullText_0","35055180_fullText_162","34308912_fullText_0"]	Metabolic Diseases	C0025517
Mitochondrial Diseases	C0751651	ISA	["25045657_fullText_2","25045657_fullText_11","23010433_fullText_3","25045657_fullText_5","25045657_fullText_50","25045657_fullText_56"]	Leigh Disease	C0023264
Mitochondrial Diseases	C0751651	AFFECTS	["33661577_fullText_126"]	Metabolic Diseases	C0025517
Mitochondrial Diseases	C0751651	AUGMENTS	["38773300_fullText_81"]	Multiple Sclerosis	C0026769
Mitochondrial Diseases	C0751651	AUGMENTS	["38773300_fullText_81"]	Heart failure	C0018801
Mitochondrial Diseases	C0751651	AUGMENTS	["38773300_fullText_81"]	Liver diseases	C0023895
Mitochondrial Diseases	C0751651	COEXISTS_WITH__SPEC__	["33182419_fullText_61"]	Leukoencephalopathy with Brainstem and Spinal Cord Involvement and Lactate Elevation	C1970180
Mitochondrial Diseases	C0751651	COEXISTS_WITH__SPEC__	["25807530_fullText_14"]	Leigh Disease	C0023264
Mitochondrial Diseases	C0751651	IS_A		Inborn Errors of Metabolism	C0025521
Leigh Disease	C0023264	COEXISTS_WITH	["32969598_fullText_17"]	Neurodegenerative Disorders	C0524851
Leigh Disease	C0023264	COEXISTS_WITH	["24731534_fullText_49"]	Choreoathetosis	C0085583
Leigh Disease	C0023264	COEXISTS_WITH	["36543208_fullText_0"]	Rare Diseases	C0678236
Leigh Disease	C0023264	COEXISTS_WITH	["24731534_fullText_49"]	Epileptic spasms	C3263982
Leigh Disease	C0023264	COEXISTS_WITH	["24397103_fullText_4"]	Moyamoya Disease	C0026654
Leigh Disease	C0023264	COEXISTS_WITH	["3125426_fullText_16"]	Enzyme Deficiency	C0149676
Leigh Disease	C0023264	COEXISTS_WITH	["23408181_fullText_4"]	Hypertrichosis	C0020555
Leigh Disease	C0023264	COEXISTS_WITH	["21196529_fullText_6"]	Optic Atrophy	C0029124
Leigh Disease	C0023264	COEXISTS_WITH	["33894360_fullText_7","30981218_fullText_2"]	Syndrome	C0039082
Leigh Disease	C0023264	COEXISTS_WITH	["28262162_fullText_1","20202874_fullText_3"]	Mitochondrial Diseases	C0751651
Leigh Disease	C0023264	COEXISTS_WITH	["21196529_fullText_6"]	Epilepsy	C0014544
Leigh Disease	C0023264	COEXISTS_WITH	["9029077_fullText_1"]	Cytochrome-c Oxidase Deficiency	C0268237
Leigh Disease	C0023264	CAUSES	["27080638_fullText_3"]	Mitochondrial Diseases	C0751651
Leigh Disease	C0023264	CAUSES	["36543208_fullText_41"]	Hypertensive disease	C0020538
Leigh Disease	C0023264	CAUSES	["22435634_fullText_4"]	Axonal neuropathy	C0270921
Leigh Disease	C0023264	CAUSES	["4046920_fullText_3"]	neurogenic hypertension	C0597048
Leigh Disease	C0023264	CAUSES	["30642748_fullText_6"]	Childhood Onset Dystonias	C0752202
Leigh Disease	C0023264	ISA	["34656053_fullText_47"]	Brain Diseases	C0006111
Leigh Disease	C0023264	ISA	["33969472_fullText_1"]	Inborn Errors of Metabolism	C0025521
Leigh Disease	C0023264	ISA	["27043731_fullText_1","23599247_fullText_5"]	Metabolic Diseases	C0025517
Leigh Disease	C0023264	ISA	["34821338_fullText_1","2792954_fullText_1","30379275_fullText_1","29715184_fullText_1","28739363_fullText_1","27671926_fullText_1","26739140_fullText_1","25807530_fullText_2","23772060_fullText_1","23423671_fullText_1","22348497_fullText_1","20843336_fullText_1","20843336_fullText_6","19542079_fullText_1","19791729_fullText_1","19107570_fullText_1","15269216_fullText_2","15101149_fullText_2","12661941_fullText_1","11509016_fullText_1","10558868_fullText_1","9767517_fullText_1","25807530_fullText_13","33085679_fullText_0","32969598_fullText_17","24731534_fullText_0","36412346_fullText_0","27390132_fullText_223","23509070_fullText_6"]	Neurodegenerative Disorders	C0524851
Leigh Disease	C0023264	ISA	["33752971_fullText_1","8589677_fullText_3","37552802_fullText_1","35770802_fullText_1","31967322_fullText_1","31402314_fullText_1","30981218_fullText_1","30816177_fullText_1","30392038_fullText_1","30140060_fullText_1","29917077_fullText_1","29228836_fullText_1","28916229_fullText_1","28392335_fullText_1","28262162_fullText_1","26506407_fullText_1","26758110_fullText_4","25045657_fullText_2","25045657_fullText_11","24731534_fullText_2","23395828_fullText_1","23010433_fullText_3","19103152_fullText_1","18807927_fullText_3","18805359_fullText_7","18329833_fullText_3","17323145_fullText_1","16771178_fullText_1","15177775_fullText_1","12515039_fullText_1","11182283_fullText_1","10207933_fullText_3","9878253_fullText_7","7820572_fullText_10","37770252_fullText_6","32371897_fullText_14","32162843_fullText_74","30059502_fullText_12","30059502_fullText_144","27080638_fullText_1","25045657_fullText_5","25045657_fullText_50","25045657_fullText_56","20220140_fullText_4","37567761_fullText_7","38177503_fullText_2","37552802_fullText_1","37567761_abstract_7","38177503_abstract_2","31967322_abstract_1"]	Mitochondrial Diseases	C0751651
Leigh Disease	C0023264	ISA	["3786750_fullText_1"]	Degenerative disorder	C1285162
Leigh Disease	C0023264	ISA	["23813926_fullText_1","22729865_fullText_8","11955936_fullText_1","35217561_fullText_2"]	nervous system disorder	C0027765
Leigh Disease	C0023264	ISA	["2287541_fullText_1","37974220_fullText_1"]	Hereditary Diseases	C0019247
Leigh Disease	C0023264	ISA	["35482246_fullText_1","33081289_fullText_1","8589677_fullText_3"]	Encephalopathies	C0085584
Leigh Disease	C0023264	ISA	["32777769_fullText_1","32000367_fullText_1","8240753_fullText_1","2287544_fullText_1","3419377_fullText_3","30426811_fullText_1","26725255_fullText_9","20436434_fullText_1","32000367_fullText_0","25045657_fullText_1","20843336_fullText_36","36543208_fullText_0","32000367_abstract_1"]	Rare Diseases	C0678236
Leigh Disease	C0023264	PREDISPOSES	["22441409_fullText_5"]	nervous system disorder	C0027765
Leigh Disease	C0023264	MANIFESTATION_OF	["33081289_fullText_14"]	Syndrome	C0039082
Leigh Disease	C0023264	MANIFESTATION_OF	["24957181_fullText_117"]	Hereditary Diseases	C0019247
Leigh Disease	C0023264	COMPLICATES	["12205655_fullText_3"]	Optic Atrophy, Hereditary, Leber	C0917796
Leigh Disease	C0023264	MANIFESTATION_OF__SPEC__	["24957181_fullText_117"]	Basal ganglia disease, biotin-responsive	C1843807
Leigh Disease	C0023264	IS_A		Cytochrome-c Oxidase Deficiency	C0268237
Leber Congenital Amaurosis	C0339527	IS_A		Retinal Diseases	C0035309
Basal ganglia disease, biotin-responsive	C1843807	ISA	["24957181_fullText_117"]	Hereditary Diseases	C0019247
Anemia	C0002871	IS_A		Hematological Disease	C0018939
Cytochrome-c Oxidase Deficiency	C0268237	COEXISTS_WITH	["32972427_fullText_5"]	Leigh syndrome , French Canadian type	C1857355
Cytochrome-c Oxidase Deficiency	C0268237	COEXISTS_WITH	["11955926_fullText_2","11955926_fullText_6","11509016_fullText_2","39066889_fullText_10"]	Leigh Disease	C0023264
Cytochrome-c Oxidase Deficiency	C0268237	COEXISTS_WITH	["21167962_fullText_2"]	Syndrome	C0039082
Cytochrome-c Oxidase Deficiency	C0268237	COEXISTS_WITH	["19682572_fullText_1"]	Mitochondrial Diseases	C0751651
Cytochrome-c Oxidase Deficiency	C0268237	CAUSES	["24399447_fullText_119"]	Leigh syndrome , French Canadian type	C1857355
Cytochrome-c Oxidase Deficiency	C0268237	CAUSES	["8392291_fullText_1"]	Encephalopathies	C0085584
Cytochrome-c Oxidase Deficiency	C0268237	CAUSES	["10637838_fullText_2","10637838_fullText_8","26977240_fullText_1","24397103_fullText_2"]	Mitochondrial Encephalomyopathies	C0162666
Cytochrome-c Oxidase Deficiency	C0268237	CAUSES	["8392291_fullText_1"]	Acidosis, Lactic	C0001125
Cytochrome-c Oxidase Deficiency	C0268237	CAUSES	["7625545_fullText_3","8388186_fullText_5","2159985_fullText_1","2829705_fullText_5","32380162_fullText_2","19616603_fullText_2","12943968_fullText_1"]	Leigh Disease	C0023264
Cytochrome-c Oxidase Deficiency	C0268237	ISA	["25629267_fullText_1"]	Mitochondrial Diseases	C0751651
Cytochrome-c Oxidase Deficiency	C0268237	MANIFESTATION_OF	["20220140_fullText_4"]	Mitochondrial Diseases	C0751651
Cytochrome-c Oxidase Deficiency	C0268237	MANIFESTATION_OF__SPEC__	["20220140_fullText_4"]	Leigh Disease	C0023264
Cytochrome-c Oxidase Deficiency	C0268237	IS_A		Mitochondrial Diseases	C0751651
Brain Developmental Abnormality	C3272759	CAUSES	["32972427_fullText_46"]	Cerebral atrophy	C0235946
Brain Developmental Abnormality	C3272759	OCCURS_IN	["1881547_fullText_5"]	Myotonic Dystrophy	C0027126
Pseudobulbar Palsy	C0033790	IS_A		Encephalopathies	C0085584
Hypertrophic Cardiomyopathy	C0007194	ISA	["37466024_fullText_1"]	Heart Diseases	C0018799
Hypertrophic Cardiomyopathy	C0007194	ISA	["34849584_fullText_41"]	Neuropathy	C0442874
Hypertrophic Cardiomyopathy	C0007194	ISA	["16483403_fullText_1"]	Neuromuscular Diseases	C0027868
Leigh syndrome , French Canadian type	C1857355	CAUSES	["20220140_fullText_85"]	Mitochondrial Diseases	C0751651
Leigh syndrome , French Canadian type	C1857355	ISA	["32972427_fullText_0"]	Degenerative disorder	C1285162
Leigh syndrome , French Canadian type	C1857355	ISA	["25214534_fullText_1"]	Neurodegenerative Disorders	C0524851
Leigh syndrome , French Canadian type	C1857355	ISA	["30995105_fullText_1","33085679_fullText_104"]	Mitochondrial Diseases	C0751651
Leigh syndrome , French Canadian type	C1857355	ISA	["28575497_fullText_1","25835550_fullText_1","25214534_fullText_1","22045337_fullText_2","20200222_fullText_1","25835550_fullText_0","32972427_fullText_0"]	Leigh Disease	C0023264
Leigh syndrome , French Canadian type	C1857355	ISA	["15139850_fullText_1"]	Cytochrome-c Oxidase Deficiency	C0268237
Leigh syndrome , French Canadian type	C1857355	ISA	["33085679_fullText_141"]	Rare Diseases	C0678236
Leigh syndrome , French Canadian type	C1857355	IS_A		Cytochrome-c Oxidase Deficiency	C0268237
Mitochondrial Myopathies	C0162670	IS_A		Myopathy	C0026848
Acidosis, Lactic	C0001125	COEXISTS_WITH	["10590436_fullText_1"]	Pyruvate Dehydrogenase Complex Deficiency Disease	C0034345
Acidosis, Lactic	C0001125	COEXISTS_WITH	["3027293_fullText_2"]	NADH:Q(1) Oxidoreductase deficiency	C2936907
Acidosis, Lactic	C0001125	COEXISTS_WITH	["8151084_fullText_1"]	Encephalopathies	C0085584
Acidosis, Lactic	C0001125	COEXISTS_WITH	["1324178_fullText_1","10342600_fullText_1","24957181_fullText_75"]	Leigh Disease	C0023264
Acidosis, Lactic	C0001125	ISA	["26565911_fullText_45","33256818_fullText_88"]	Metabolic Diseases	C0025517
Acidosis, Lactic	C0001125	PREDISPOSES	["29390978_fullText_32"]	metabolic disturbance	C0746556
Acidosis, Lactic	C0001125	COEXISTS_WITH__SPEC__	["8151084_fullText_1"]	Pyruvate Dehydrogenase Complex Deficiency Disease	C0034345
Acidosis, Lactic	C0001125	PREDISPOSES__SPEC__	["26565911_fullText_45"]	Impaired glucose tolerance	C0271650
Acidosis, Lactic	C0001125	MANIFESTATION_OF	["30659264_fullText_3"]	Leigh Disease	C0023264
Failure to Thrive	C0015544	COEXISTS_WITH	["2235121_fullText_1"]	Lesch-Nyhan Syndrome	C0023374
Failure to Thrive	C0015544	COEXISTS_WITH	["10571768_fullText_2"]	Syndrome	C0039082
Failure to Thrive	C0015544	COEXISTS_WITH	["27977873_fullText_78","24731534_fullText_48"]	Leigh Disease	C0023264
Failure to Thrive	C0015544	CAUSES	["29907092_fullText_65"]	Malnutrition	C0162429
Failure to Thrive	C0015544	MANIFESTATION_OF	["30659264_fullText_3"]	Leigh Disease	C0023264
Developmental regression	C1836830	COEXISTS_WITH	["28671587_fullText_3"]	Epilepsy	C0014544
Optic Atrophy, Hereditary, Leber	C0917796	ISA	["12205655_fullText_1"]	Mitochondrial Diseases	C0751651
Optic Atrophy, Hereditary, Leber	C0917796	IS_A		Disorder of the optic nerve	C0029132
Nicotinamide adenine dinucleotide coenzyme Q reductase deficiency	C0342776	COEXISTS_WITH	["24028823_fullText_2"]	Optic Atrophy	C0029124
Nicotinamide adenine dinucleotide coenzyme Q reductase deficiency	C0342776	COEXISTS_WITH	["17106447_fullText_5"]	Syndrome	C0039082
Nicotinamide adenine dinucleotide coenzyme Q reductase deficiency	C0342776	COEXISTS_WITH	["29429571_fullText_1"]	Mitochondrial Diseases	C0751651
Nicotinamide adenine dinucleotide coenzyme Q reductase deficiency	C0342776	COEXISTS_WITH	["24028823_fullText_2","24731534_fullText_112"]	Leigh Disease	C0023264
Nicotinamide adenine dinucleotide coenzyme Q reductase deficiency	C0342776	CAUSES	["27502960_fullText_0"]	Non-Neoplastic Pediatric Disorder	C2982732
Nicotinamide adenine dinucleotide coenzyme Q reductase deficiency	C0342776	CAUSES	["2104930_fullText_4","14705112_fullText_2"]	Mitochondrial encephalopathy	C1852373
Nicotinamide adenine dinucleotide coenzyme Q reductase deficiency	C0342776	CAUSES	["17604671_fullText_1","12616398_fullText_1"]	Mitochondrial Diseases	C0751651
Nicotinamide adenine dinucleotide coenzyme Q reductase deficiency	C0342776	CAUSES	["8044652_fullText_5","26826406_fullText_1","22947169_fullText_3","19470250_fullText_2","19364667_fullText_1","19364667_fullText_2","18486820_fullText_5","18155376_fullText_6"]	Leigh Disease	C0023264
Nicotinamide adenine dinucleotide coenzyme Q reductase deficiency	C0342776	CAUSES	["26826406_fullText_1"]	Lactic Acidosis, Fatal Infantile	C3502298
Nicotinamide adenine dinucleotide coenzyme Q reductase deficiency	C0342776	CAUSES	["2104930_fullText_4"]	Acidosis, Lactic	C0001125
Nicotinamide adenine dinucleotide coenzyme Q reductase deficiency	C0342776	CAUSES	["2104930_fullText_4"]	Myopathy	C0026848
Nicotinamide adenine dinucleotide coenzyme Q reductase deficiency	C0342776	CAUSES	["26826406_fullText_1"]	Cardiomyopathies	C0878544
Multisystem disorder	C0559758	COEXISTS_WITH	["37507215_fullText_4"]	Scleritis	C0036416
Multisystem disorder	C0559758	COEXISTS_WITH	["37507215_fullText_4"]	Exophthalmos	C0015300
Multisystem disorder	C0559758	COEXISTS_WITH	["37507215_fullText_4"]	Episcleritis	C0014583
Multisystem disorder	C0559758	COEXISTS_WITH	["6999006_fullText_4"]	Myotonic Dystrophy	C0027126
Multisystem disorder	C0559758	COEXISTS_WITH__SPEC__	["31361628_fullText_9"]	Myasthenias	C0947912
MELAS Syndrome	C0162671	IS_A		Mitochondrial Encephalomyopathies	C0162666
Cerebrovascular accident	C0038454	CAUSES	["19579665_fullText_5"]	Hemiparesis	C0018989
Cerebrovascular accident	C0038454	ISA	["34731067_fullText_2","36814151_fullText_2"]	nervous system disorder	C0027765
Cerebrovascular accident	C0038454	AFFECTS	["34731067_fullText_2"]	nervous system disorder	C0027765
Cerebrovascular accident	C0038454	AFFECTS	["37126535_fullText_3"]	Pneumonia	C0032285
Cerebrovascular accident	C0038454	AFFECTS__SPEC__	["34731067_fullText_2"]	Migraine Disorders	C0149931
Cerebrovascular accident	C0038454	PRECEDES	["34731070_fullText_11"]	Thalamic infarction	C1611171
Cerebrovascular accident	C0038454	PRECEDES	["34538154_fullText_4"]	Strudwick syndrome	C0700635
Cerebrovascular accident	C0038454	PRECEDES	["33725863_fullText_1"]	Secondary disease	C0277555
Cerebrovascular accident	C0038454	PRECEDES	["35416612_fullText_1"]	Pneumonia	C0032285
Pleocytosis	C0151857	AFFECTS	["37968847_fullText_5"]	Acute hypernatremia	C0268011
Respiratory Distress Syndrome, Newborn	C0035220	COEXISTS_WITH	["31308188_fullText_1"]	Fetal Distress	C0015930
Kidney Failure	C0035078	COEXISTS_WITH	["37865952_fullText_7"]	Lesch-Nyhan Syndrome	C0023374
Kidney Failure	C0035078	IS_A		Kidney Diseases	C0022658
Encephalitis	C0014038	IS_A		Encephalopathies	C0085584
Encephalitis	C0014038	ISA	["10598058_fullText_1","32160317_fullText_78"]	Encephalopathies	C0085584
Lesion of brain	C0221505	COEXISTS_WITH	["17401656_fullText_1"]	Phenylketonurias	C0031485
Lesion of brain	C0221505	COEXISTS_WITH	["36813312_fullText_6"]	Mitochondrial Diseases	C0751651
Lesion of brain	C0221505	COEXISTS_WITH	["33097395_fullText_2"]	Syndrome	C0039082
Lesion of brain	C0221505	COEXISTS_WITH	["12767455_fullText_1"]	Encephalomyelopathy	C0598106
MITOCHONDRIAL COMPLEX I DEFICIENCY	C1838979	COEXISTS_WITH	["38458030_fullText_2"]	Leigh Disease	C0023264
MITOCHONDRIAL COMPLEX I DEFICIENCY	C1838979	IS_A		Mitochondrial Diseases	C0751651
Macrocephaly	C0221355	COEXISTS_WITH	["30570710_fullText_60"]	Glutaric aciduria	C0268594
Macrocephaly	C0221355	COEXISTS_WITH	["31062211_fullText_82"]	OROFACIAL CLEFT 1	C1861537
Macrocephaly	C0221355	COEXISTS_WITH	["11854167_fullText_2"]	Glutaric aciduria, type 1	C0268595
Macrocephaly	C0221355	COEXISTS_WITH	["28389991_fullText_1"]	Metabolic Diseases	C0025517
Macrocephaly	C0221355	LOCATION_OF	["31960914_abstract_1"]	Leukoencephalopathies	C0270612
Leukodystrophy	C0023520	COEXISTS_WITH	["19774456_fullText_9"]	Cerebral atrophy	C0235946
Leukodystrophy	C0023520	COEXISTS_WITH	["17209980_fullText_4"]	Leigh Disease	C0023264
Leukodystrophy	C0023520	ISA	["38239149_fullText_1","38239149_abstract_1"]	Hereditary Diseases	C0019247
Leukodystrophy	C0023520	ISA	["37755460_fullText_1"]	Rare Diseases	C0678236
Leukodystrophy	C0023520	MANIFESTATION_OF	["1492653_fullText_1"]	Neurodegenerative Disorders	C0524851
Leukodystrophy	C0023520	IS_A		Degenerative brain disorder	C0154671
Tonic - clonic seizures	C0494475	COEXISTS_WITH	["16369068_fullText_5"]	Syndrome	C0039082
Necrotizing Encephalomyelopathy, Subacute, of Leigh, Adult	C1834340	ISA	["30743023_fullText_1"]	Mitochondrial Diseases	C0751651
Necrotizing Encephalomyelopathy, Subacute, of Leigh, Adult	C1834340	MANIFESTATION_OF	["12447928_fullText_7"]	COENZYME Q10 DEFICIENCY	C1843920
Mitochondrial Encephalomyopathies	C0162666	COEXISTS_WITH	["26176921_fullText_4"]	Leigh Disease	C0023264
Mitochondrial Encephalomyopathies	C0162666	COEXISTS_WITH	["10637838_fullText_8"]	Alpers Syndrome (disorder)	C0205710
Mitochondrial Encephalomyopathies	C0162666	ISA	["32162843_fullText_74","35767235_fullText_1"]	Mitochondrial Diseases	C0751651
Mitochondrial Encephalomyopathies	C0162666	IS_A		Mitochondrial Myopathies	C0162670
Ketosis	C0022638	COEXISTS_WITH	["32972427_fullText_7"]	Leigh syndrome , French Canadian type	C1857355
CNS disorder	C0007682	IS_A		nervous system disorder	C0027765
Mitochondrial encephalopathy	C1852373	COEXISTS_WITH	["35393351_fullText_1"]	Ventricular hypertrophy	C0340279
Mitochondrial encephalopathy	C1852373	ISA	["33256818_fullText_88"]	Metabolic Diseases	C0025517
Cardiomyopathies	C0878544	COEXISTS_WITH	["37507215_fullText_7"]	Hepatolenticular Degeneration	C0019202
Cardiomyopathies	C0878544	COEXISTS_WITH	["24731534_fullText_121"]	Mitochondrial Diseases	C0751651
Cardiomyopathies	C0878544	COEXISTS_WITH	["17355552_fullText_1"]	Muscular Dystrophy, Duchenne	C0013264
Cardiomyopathies	C0878544	COEXISTS_WITH	["17217326_fullText_1"]	Heart Diseases	C0018799
Cardiomyopathies	C0878544	COEXISTS_WITH	["12355886_fullText_9","12007696_fullText_1"]	Myotonic Dystrophy	C0027126
Cardiomyopathies	C0878544	COEXISTS_WITH	["17217326_fullText_1"]	Muscular Dystrophy	C0026850
Cardiomyopathies	C0878544	COEXISTS_WITH	["19616603_fullText_2"]	Cytochrome-c Oxidase Deficiency	C0268237
Cardiomyopathies	C0878544	ISA	["17575483_fullText_3","17217326_fullText_1"]	Heart Diseases	C0018799
Cardiomyopathies	C0878544	PREDISPOSES	["21640397_fullText_7"]	cardiac event	C0741923
Cardiomyopathies	C0878544	COEXISTS_WITH__SPEC__	["17217326_fullText_1"]	Muscular Dystrophy	C0026850
Cardiomyopathies	C0878544	COEXISTS_WITH__SPEC__	["12297897_fullText_4"]	Coronary Arteriosclerosis	C0010054
Cardiomyopathies	C0878544	MANIFESTATION_OF	["25873781_fullText_58"]	Atrial Fibrillation	C0004238
Cardiomyopathies	C0878544	IS_A		Heart Diseases	C0018799
Liver diseases	C0023895	COEXISTS_WITH	["38198573_fullText_4","38198573_abstract_4"]	Argininosuccinic Aciduria	C0268547
Liver diseases	C0023895	COEXISTS_WITH	["32145091_fullText_187"]	Rare Diseases	C0678236
Liver diseases	C0023895	COEXISTS_WITH	["24069936_fullText_0"]	Epilepsy	C0014544
Liver diseases	C0023895	COEXISTS_WITH	["22729865_fullText_8"]	Leigh Disease	C0023264
Liver diseases	C0023895	COEXISTS_WITH	["35732497_fullText_3","24982104_fullText_1"]	Congenital Disorders	C0242354
Liver diseases	C0023895	CAUSES	["32035166_abstract_2"]	brain dysfunction	C0262405
Liver diseases	C0023895	CAUSES	["29139025_fullText_66"]	Blood Coagulation Disorders	C0005779
Liver diseases	C0023895	PREDISPOSES	["29139025_fullText_95"]	Blood Coagulation Disorders	C0005779
Liver diseases	C0023895	IS_A		hepatobiliary disease	C0267792
Leukoencephalopathies	C0270612	COEXISTS_WITH	["31960914_abstract_1"]	MEGALENCEPHALIC LEUKOENCEPHALOPATHY WITH SUBCORTICAL CYSTS	C1858854
Systemic disease	C0442893	COEXISTS_WITH	["7231901_fullText_1"]	Cataract secondary to ocular disorder	C0152259
Systemic disease	C0442893	CAUSES	["12632995_fullText_1"]	Disorder of macula of retina	C0730362
Urea Cycle Disorders, Inborn	C0154246	IS_A		Amino Acid Metabolism, Inborn Errors	C0002514
Migraine Disorders	C0149931	ISA	["34382533_fullText_1","34503443_fullText_1"]	Headache Disorders, Primary	C1565106
Migraine Disorders	C0149931	ISA	["35593784_fullText_1"]	Vascular Diseases	C0042373
Migraine Disorders	C0149931	ISA	["34731067_fullText_2","34563047_fullText_1","33797074_fullText_1","37426628_fullText_1"]	nervous system disorder	C0027765
Migraine Disorders	C0149931	AFFECTS	["34731067_fullText_2"]	nervous system disorder	C0027765
Migraine Disorders	C0149931	AFFECTS__SPEC__	["34731067_fullText_2"]	Cerebrovascular accident	C0038454
Migraine Disorders	C0149931	IS_A		Encephalopathies	C0085584
Vestibulocochlear Nerve Diseases	C0001163	IS_A		Cranial nerve diseases	C0010266
Liver Failure	C0085605	COEXISTS_WITH	["19760908_fullText_3"]	Alpers Syndrome (disorder)	C0205710
Hypoglycemia	C0020615	COEXISTS_WITH	["30419932_fullText_132"]	Secondary Adrenal Insufficiency	C0948387
Hypoglycemia	C0020615	COEXISTS_WITH	["6158623_fullText_1"]	Comatose	C0009421
Hypoglycemia	C0020615	CAUSES	["35308014_fullText_162"]	Afebrile seizure	C0863106
Hypoglycemia	C0020615	CAUSES	["35972062_fullText_4"]	Seizures, hypoglycemic	C0877056
Hypoglycemia	C0020615	IS_A		Glucose Metabolism Disorders	C1257958
Maternally Inherited Leigh Syndrome	C2931092	ISA	["17855363_fullText_1"]	Mitochondrial Diseases	C0751651
Retinitis Pigmentosa	C0035334	COEXISTS_WITH	["25807530_fullText_52"]	Leigh Disease	C0023264
Retinitis Pigmentosa	C0035334	COEXISTS_WITH	["25807530_fullText_52"]	Nonsyndromic Deafness	C3711374
Retinitis Pigmentosa	C0035334	COEXISTS_WITH	["4040383_fullText_1"]	Myotonic Dystrophy	C0027126
Retinitis Pigmentosa	C0035334	COEXISTS_WITH	["12011746_fullText_7"]	Congenital disorder of glycosylation type 1A	C0349653
Retinitis Pigmentosa	C0035334	COEXISTS_WITH	["11020111_fullText_3"]	Glutaric aciduria	C0268594
Retinitis Pigmentosa	C0035334	COEXISTS_WITH	["9286453_fullText_1"]	Multisystem disorder	C0559758
Retinitis Pigmentosa	C0035334	CAUSES	["26287655_fullText_25"]	Night Blindness	C0028077
Retinitis Pigmentosa	C0035334	CAUSES	["26287655_fullText_25"]	Retinal Diseases	C0035309
Retinitis Pigmentosa	C0035334	CAUSES	["36220650_fullText_1"]	Usher Syndrome	C0271097
Retinitis Pigmentosa	C0035334	ISA	["25630614_fullText_51"]	Syndrome	C0039082
Leukoencephalopathy with Brainstem and Spinal Cord Involvement and Lactate Elevation	C1970180	ISA	["33182419_fullText_6","33182419_fullText_61"]	Leukoencephalopathies	C0270612
Cyst	C0010709	COEXISTS_WITH	["7567228_fullText_4"]	Zellweger Syndrome	C0043459
Floppy infant syndrome	C0270971	LOCATION_OF	["28344438_fullText_12"]	CRANIOMETAPHYSEAL DYSPLASIA, AUTOSOMAL DOMINANT	C1852502
Floppy infant syndrome	C0270971	COEXISTS_WITH	["24932094_fullText_30"]	Multisystem disorder	C0559758
Floppy infant syndrome	C0270971	COEXISTS_WITH	["31985178_fullText_1"]	Rare Diseases	C0678236
Floppy infant syndrome	C0270971	COEXISTS_WITH	["29483676_fullText_1"]	Myasthenic Syndromes, Congenital	C0751882
Floppy infant syndrome	C0270971	COEXISTS_WITH	["8933342_fullText_2"]	Peroxisomal Disorders	C0282528
Enzyme Deficiency	C0149676	COEXISTS_WITH	["19542079_fullText_87"]	Leigh Disease	C0023264
Enzyme Deficiency	C0149676	COEXISTS_WITH	["8507691_fullText_1"]	Peroxisomal Disorders	C0282528
Enzyme Deficiency	C0149676	CAUSES	["7766947_fullText_5"]	Syndrome	C0039082
Enzyme Deficiency	C0149676	CAUSES	["37460269_fullText_1"]	Lysosomal Storage Diseases	C0085078
Enzyme Deficiency	C0149676	CAUSES	["1282286_fullText_2"]	nervous system disorder	C0027765
Enzyme Deficiency	C0149676	CAUSES__SPEC__	["30221392_fullText_1"]	Hyperphenylalaninemia, Non-Phenylketonuric	C0751436
Measles	C0025007	IS_A		Virus Diseases	C0042769
Mumps	C0026780	IS_A		Herpangina	C0019338
Brain Diseases, Metabolic	C0006112	COEXISTS_WITH	["17508309_fullText_5"]	Communicable Diseases	C0009450
Mitochondrial Respiratory Chain Deficiencies	C0949857	CAUSES	["35856138_fullText_5","23953430_fullText_1"]	Leigh Disease	C0023264
Mitochondrial Respiratory Chain Deficiencies	C0949857	CAUSES	["28916229_fullText_1"]	Mitochondrial Diseases	C0751651
Mitochondrial Respiratory Chain Deficiencies	C0949857	CAUSES__SPEC__	["28916229_fullText_1"]	Leigh Disease	C0023264
Inborn Errors of Metabolism	C0025521	LOCATION_OF	["18953372_fullText_1"]	CRANIOMETAPHYSEAL DYSPLASIA, AUTOSOMAL DOMINANT	C1852502
Inborn Errors of Metabolism	C0025521	ISA	["36579437_fullText_1"]	Glycogen Storage Disease	C0017919
Inborn Errors of Metabolism	C0025521	ISA	["32852845_fullText_1","32389449_fullText_1","36579437_fullText_1"]	Congenital Disorders	C0242354
Inborn Errors of Metabolism	C0025521	IS_A		Hereditary Diseases	C0019247
Coronavirus Infections	C0206750	CAUSES	["36460816_fullText_1"]	Acute respiratory infections	C0339901
Vascular Diseases	C0042373	ISA	["34214369_fullText_2"]	Cardiovascular Diseases	C0007222
Vascular Diseases	C0042373	AFFECTS	["34651295_fullText_5"]	Migraine Disorders	C0149931
Ischemic stroke	C0948008	CAUSES	["36543208_fullText_29"]	Posterior reversible encephalopathy syndrome	C3160858
Ischemic stroke	C0948008	CAUSES	["24468193_fullText_4"]	Cerebrovascular Occlusion	C0596298
Cerebral Palsy	C0007789	ISA	["25011953_fullText_3"]	Movement Disorders	C0026650
Cerebral Palsy	C0007789	COMPLICATES	["15948752_fullText_3"]	Myotonic Dystrophy	C0027126
Cerebral Palsy	C0007789	IS_A		Encephalopathies	C0085584
COENZYME Q10 DEFICIENCY	C1843920	ISA	["12535666_fullText_1"]	Mitochondrial Diseases	C0751651
COENZYME Q10 DEFICIENCY	C1843920	CAUSES	["12535666_fullText_1"]	Mitochondrial Diseases	C0751651
Hypertrichosis	C0020555	IS_A		Hair Diseases	C0018500
Hypertrichosis	C0020555	ISA	["24433453_fullText_5"]	Dermatologic disorders	C0037274
Ptosis	C0033377	COEXISTS_WITH	["18797171_fullText_1"]	Myasthenic Syndromes, Congenital	C0751882
Ptosis	C0033377	COEXISTS_WITH	["11234561_fullText_10"]	Polymyositis	C0085655
Tooth Diseases	C0040435	IS_A		Mouth Diseases	C0026636
Spermatic Cord Torsion	C0037856	IS_A		Testicular Diseases	C0039584
Rheumatoid Arthritis, Systemic Juvenile	C1858558	COEXISTS_WITH	["11992763_fullText_2"]	Acute necrotizing encephalopathy	C1855020
Reye Syndrome	C0035400	IS_A		Syndrome	C0039082
Pyruvate Dehydrogenase Complex Deficiency Disease	C0034345	CAUSES	["33661577_fullText_46"]	Syndrome	C0039082
Pyruvate Dehydrogenase Complex Deficiency Disease	C0034345	CAUSES	["15798212_fullText_1"]	Acidosis, Lactic	C0001125
Pyruvate Dehydrogenase Complex Deficiency Disease	C0034345	CAUSES	["15798212_fullText_1"]	Encephalomyelopathy	C0598106
Pyruvate Dehydrogenase Complex Deficiency Disease	C0034345	CAUSES	["8151084_fullText_1"]	Encephalopathies	C0085584
Pyruvate Dehydrogenase Complex Deficiency Disease	C0034345	CAUSES	["3125426_fullText_1","3125426_fullText_16"]	Leigh Disease	C0023264
Pyruvate Dehydrogenase Complex Deficiency Disease	C0034345	ISA	["23021068_fullText_1"]	Mitochondrial Diseases	C0751651
Pyruvate Dehydrogenase Complex Deficiency Disease	C0034345	ISA	["8151084_fullText_1"]	Encephalopathies	C0085584
Pyruvate Dehydrogenase Complex Deficiency Disease	C0034345	ISA	["15798212_fullText_1"]	Acidosis, Lactic	C0001125
Pyruvate Dehydrogenase Complex Deficiency Disease	C0034345	ISA	["8411720_fullText_3"]	Syndrome	C0039082
Pyruvate Dehydrogenase Complex Deficiency Disease	C0034345	ISA	["3018357_fullText_1"]	nervous system disorder	C0027765
Pyruvate Dehydrogenase Complex Deficiency Disease	C0034345	MANIFESTATION_OF__SPEC__	["10360771_fullText_1"]	Leigh Disease	C0023264
Pyruvate Dehydrogenase Complex Deficiency Disease	C0034345	IS_A		Carbohydrate Metabolism, Inborn Errors	C0007001
Wernicke Encephalopathy	C0043121	COEXISTS_WITH	["37525097_fullText_12"]	Impairment level: total impairment of both eyes (disorder)	C0271217
Wernicke Encephalopathy	C0043121	IS_A		Encephalopathies	C0085584
Disorder characterized by fever	C0743841	COEXISTS_WITH	["38374165_fullText_2"]	Developmental regression	C1836830
Disorder characterized by fever	C0743841	COEXISTS_WITH	["23970718_fullText_16"]	Glutaric aciduria, type 1	C0268595
Disorder characterized by fever	C0743841	CAUSES	["23970718_fullText_16"]	catabolic state	C0853892
Disorder characterized by fever	C0743841	COEXISTS_WITH	["23970718_fullText_16"]	Diabetes Mellitus, Insulin-Dependent	C0011854
Disorder characterized by fever	C0743841	CAUSES	["34247178_fullText_5"]	Kidney Failure, Acute	C0022660
Disorder characterized by fever	C0743841	CAUSES	["15505385_fullText_3","14705106_fullText_3"]	Dystonia Disorders	C0393593
Disorder characterized by fever	C0743841	CAUSES	["15505397_fullText_1"]	Glutaric aciduria, type 1	C0268595
Sulfite oxidase deficiency	C0268624	CAUSES	["29426806_fullText_2"]	ADRENAL CORTEX DYSFUNCTION	C0235454
Sulfite oxidase deficiency	C0268624	CAUSES	["7834040_fullText_9"]	Leigh Disease	C0023264
Exanthema Subitum	C0015231	IS_A		Virus Diseases	C0042769
Status Epilepticus	C0038220	PRECEDES	["33830944_fullText_9"]	Epilepsy	C0014544
Status Epilepticus	C0038220	IS_A		Epilepsy	C0014544
Quadriplegia	C0034372	IS_A		CNS disorder	C0007682
Quadriplegia	C0034372	COEXISTS_WITH	["34246313_fullText_68"]	Neurodegenerative Disorders	C0524851
Abducens Nerve Diseases	C0271355	IS_A		Cranial nerve palsies	C0151311
Pelizaeus-Merzbacher Disease	C0205711	ISA	["7554683_fullText_3"]	Degenerative disorder	C1285162
Generalized seizures	C0234533	COEXISTS_WITH	["10978228_fullText_1"]	Rare Diseases	C0678236
Glutaric aciduria, type 1	C0268595	CAUSES	["24135440_fullText_37"]	Strudwick syndrome	C0700635
Glutaric aciduria, type 1	C0268595	CAUSES	["1951469_fullText_2"]	Cerebral Palsy	C0007789
Glutaric aciduria, type 1	C0268595	CAUSES	["24332224_fullText_1","21709643_fullText_1"]	Rare Diseases	C0678236
Glutaric aciduria, type 1	C0268595	CAUSES	["1951469_fullText_2"]	Acute encephalopathy	C1306587
Glutaric aciduria, type 1	C0268595	ISA	["20437086_fullText_1","17508309_fullText_1"]	Hereditary Diseases	C0019247
Glutaric aciduria, type 1	C0268595	ISA	["10759157_fullText_9"]	nervous system disorder	C0027765
Glutaric aciduria, type 1	C0268595	ISA	["29458885_fullText_1","36221165_fullText_1","27165598_fullText_1","26111870_fullText_1","18477973_fullText_1","18183780_fullText_1","17622945_fullText_1","14716240_fullText_1","16641220_fullText_1","31952437_fullText_0","29335023_fullText_49"]	Rare Diseases	C0678236
Glutaric aciduria, type 1	C0268595	ISA	["15774829_fullText_1","1945471_fullText_2","2960429_fullText_1","25721963_fullText_7","29335023_fullText_65"]	Metabolic Diseases	C0025517
Congenital neurologic anomalies	C0497552	COEXISTS_WITH	["28762469_fullText_6"]	Glutaric aciduria, type 1	C0268595
Congenital neurologic anomalies	C0497552	COEXISTS_WITH	["24888952_fullText_2"]	Peroxisomal Disorders	C0282528
Congenital neurologic anomalies	C0497552	CAUSES	["9618997_fullText_6"]	Refractory epilepsy	C1096063
Congenital neurologic anomalies	C0497552	CAUSES	["9618997_fullText_6"]	Syndrome	C0039082
Complex V deficiency	C0342779	CAUSES	["24399447_fullText_9"]	Cytochrome-c Oxidase Deficiency	C0268237
Complex V deficiency	C0342779	COEXISTS_WITH	["35055180_fullText_114"]	Nicotinamide adenine dinucleotide coenzyme Q reductase deficiency	C0342776
Kearns-Sayre syndrome	C0022541	COEXISTS_WITH	["10412694_fullText_5"]	Sporadic disorder	C0277552
Kearns-Sayre syndrome	C0022541	CAUSES	["19791729_fullText_4"]	Parinaud Syndrome	C0152222
Kearns-Sayre syndrome	C0022541	CAUSES	["19791729_fullText_1"]	Neurodegenerative Disorders	C0524851
Kearns-Sayre syndrome	C0022541	ISA	["18329833_fullText_3"]	Mitochondrial Diseases	C0751651
Kearns-Sayre syndrome	C0022541	ISA	["9286453_fullText_1"]	Chronic progressive external ophthalmoplegia	C0162674
Kearns-Sayre syndrome	C0022541	ISA	["9286453_fullText_1"]	Retinitis Pigmentosa	C0035334
Kearns-Sayre syndrome	C0022541	ISA	["31479473_fullText_4"]	Syndrome	C0039082
Kearns-Sayre syndrome	C0022541	CAUSES__SPEC__	["19791729_fullText_1"]	Leigh Disease	C0023264
Kearns-Sayre syndrome	C0022541	COEXISTS_WITH__SPEC__	["9286453_fullText_1"]	Multisystem disorder	C0559758
Kearns-Sayre syndrome	C0022541	IS_A		Chronic progressive external ophthalmoplegia	C0162674
Encephalopathy, Subacute Necrotizing, Infantile	C0751267	ISA	["17400793_fullText_7"]	Encephalopathies	C0085584
Encephalopathy, Subacute Necrotizing, Infantile	C0751267	ISA	["25111564_fullText_1"]	Neurodegenerative Disorders	C0524851
Myoclonic Epilepsies, Progressive	C0751778	COEXISTS_WITH	["10927802_fullText_2"]	Unverricht-Lundborg Syndrome	C0751785
Pancytopenia	C0030312	IS_A		Anemia	C0002871
Pancytopenia	C0030312	COEXISTS_WITH__SPEC__	["32059522_fullText_32"]	Pearson's marrow-pancreas syndrome	C0342784
Pancytopenia	C0030312	COEXISTS_WITH	["32059522_fullText_32"]	Syndrome	C0039082
Pancytopenia	C0030312	COEXISTS_WITH	["34159722_fullText_2"]	UDPglucose 4-epimerase deficiency disease	C0751161
Thiamine Deficiency	C0039841	CAUSES	["37525097_fullText_1"]	Wernicke Encephalopathy	C0043121
Thiamine Deficiency	C0039841	CAUSES	["37525097_fullText_1"]	Subacute disease	C0277537
Blindness, Cortical	C0155320	IS_A		Visual cortex dysfunction	C0234398
metabolic disturbance	C0746556	COEXISTS_WITH	["11549662_fullText_1"]	Myotonic Dystrophy	C0027126
metabolic disturbance	C0746556	COEXISTS_WITH	["35806019_fullText_5"]	Obesity	C0028754
metabolic disturbance	C0746556	CAUSES	["1313675_fullText_1"]	Leigh Disease	C0023264
metabolic disturbance	C0746556	COEXISTS_WITH__SPEC__	["8411720_fullText_3"]	Pyruvate Dehydrogenase Complex Deficiency Disease	C0034345
metabolic disturbance	C0746556	COEXISTS_WITH	["8411720_fullText_3"]	Syndrome	C0039082
Diffuse Cerebral Sclerosis of Schilder	C0007795	IS_A		Multiple Sclerosis	C0026769
Menkes Kinky Hair Syndrome	C0022716	ISA	["21431621_fullText_5"]	Metabolic Diseases	C0025517
Menkes Kinky Hair Syndrome	C0022716	IS_A		Metal Metabolism, Inborn Errors	C0025534
Pearson's marrow-pancreas syndrome	C0342784	COEXISTS_WITH	["31479473_fullText_4"]	Sideroblastic anemia	C0002896
Pearson's marrow-pancreas syndrome	C0342784	COEXISTS_WITH	["31479473_fullText_4"]	Kearns-Sayre syndrome	C0022541
Pearson's marrow-pancreas syndrome	C0342784	ISA	["32059522_fullText_32"]	Syndrome	C0039082
Sideroblastic anemia	C0002896	IS_A		Aplastic Anemia	C0002874
Kidney Diseases	C0022658	COEXISTS_WITH	["22729865_fullText_8"]	Leigh Disease	C0023264
Kidney Diseases	C0022658	IS_A		Non-Neoplastic Urinary System Disorder	C1335051
MERRF Syndrome	C0162672	ISA	["37605213_fullText_1"]	Rare Diseases	C0678236
MERRF Syndrome	C0162672	IS_A		Mitochondrial Encephalomyopathies	C0162666
Proximal myopathy	C0410198	COEXISTS_WITH__SPEC__	["10382907_fullText_1"]	Dystrophia myotonica 2	C2931689
Guillain-Barre Syndrome	C0018378	COMPLICATES	["35114773_fullText_38"]	Severe Acute Respiratory Syndrome	C1175175
Neuromuscular Diseases	C0027868	COEXISTS_WITH	["37507215_fullText_5"]	Ptosis	C0033377
Neuromuscular Diseases	C0027868	COEXISTS_WITH	["22827830_fullText_93"]	Heart Diseases	C0018799
Neuromuscular Diseases	C0027868	COEXISTS_WITH	["23097601_fullText_14"]	Cardiomyopathies	C0878544
Neuromuscular Diseases	C0027868	COEXISTS_WITH	["30185236_fullText_4"]	Myotonic Dystrophy	C0027126
Neuromuscular Diseases	C0027868	CAUSES	["27763639_fullText_2"]	Muscular Atrophy	C0026846
Neuromuscular Diseases	C0027868	CAUSES	["11571880_fullText_6"]	Respiratory Failure	C1145670
Neuromuscular Diseases	C0027868	CAUSES	["16243623_fullText_3"]	Failure to Thrive	C0015544
Neuromuscular Diseases	C0027868	ISA	["3927876_fullText_7"]	Myotonic Dystrophy	C0027126
Neuromuscular Diseases	C0027868	ISA	["18602826_fullText_1"]	CRANIOMETAPHYSEAL DYSPLASIA, AUTOSOMAL DOMINANT	C1852502
Neuromuscular Diseases	C0027868	IS_A		Neuropathy	C0442874
Gastroenteritis	C0017160	IS_A		Digestive System Disorders	C0012242
Gastroenteritis	C0017160	COEXISTS_WITH	["23970718_fullText_16"]	Diabetes Mellitus, Insulin-Dependent	C0011854
Gastroenteritis	C0017160	COEXISTS_WITH	["23970718_fullText_16"]	Glutaric aciduria, type 1	C0268595
Gastroenteritis	C0017160	CAUSES	["23970718_fullText_16"]	catabolic state	C0853892
Septicemia	C0036690	CAUSES	["36056365_fullText_65"]	Acidosis, Lactic	C0001125
Septicemia	C0036690	ISA	["37047682_fullText_4","34319489_fullText_5","33213396_fullText_57"]	Inflammatory disorder	C1290884
Septicemia	C0036690	PREDISPOSES	["34182815_fullText_8"]	Pneumonia	C0032285
Septicemia	C0036690	PREDISPOSES	["35585021_fullText_10"]	Urinary tract infection	C0042029
Diabetes Mellitus	C0011849	COEXISTS_WITH	["36557887_fullText_100"]	Mitochondrial Diseases	C0751651
Diabetes Mellitus	C0011849	ISA	["32839582_fullText_7","30730841_fullText_3"]	Metabolic Diseases	C0025517
Diabetes Mellitus	C0011849	IS_A		Glucose Metabolism Disorders	C1257958
Liver Cirrhosis	C0023890	IS_A		Liver diseases	C0023895
Cranial nerve palsies	C0151311	IS_A		Cranial nerve diseases	C0010266
Bone Marrow Diseases	C0005956	IS_A		Hematological Disease	C0018939
Canavan Disease	C0206307	IS_A		Leukodystrophy	C0023520
Biotinidase Deficiency	C0220754	CAUSES	["2587127_fullText_1"]	Leigh Disease	C0023264
Biotinidase Deficiency	C0220754	IS_A		Multiple Carboxylase Deficiency	C0026755
Organic aciduria	C0241775	CAUSES	["28545977_fullText_1"]	Glutaric aciduria, type 1	C0268595
Varicosity	C0042345	IS_A		Other venous embolism & thrombosis	C0155774
Heart Diseases	C0018799	COEXISTS_WITH	["20627570_fullText_7","17217326_fullText_1"]	Muscular Dystrophy	C0026850
Heart Diseases	C0018799	COEXISTS_WITH	["11186144_fullText_2"]	Myopathy	C0026848
Heart Diseases	C0018799	COEXISTS_WITH	["24742887_fullText_6"]	Myotonic Dystrophy	C0027126
Heart Diseases	C0018799	COEXISTS_WITH	["22729865_fullText_8"]	Leigh Disease	C0023264
Heart Diseases	C0018799	COEXISTS_WITH	["34520843_fullText_13"]	Epilepsy	C0014544
Heart Diseases	C0018799	CAUSES	["29139025_fullText_72"]	Metabolic Diseases	C0025517
Heart Diseases	C0018799	ISA	["17575483_fullText_3"]	Cardiomyopathies	C0878544
Heart Diseases	C0018799	CAUSES__SPEC__	["29139025_fullText_72"]	Cholestasis	C0008370
Heart Diseases	C0018799	OCCURS_IN	["27854224_fullText_187"]	Myotonic Dystrophy	C0027126
Heart Diseases	C0018799	IS_A		Cardiovascular Diseases	C0007222
Ileus	C1258215	IS_A		Intestinal Obstruction	C0021843
Hyperlactatemia	C0795692	COEXISTS_WITH	["34625524_fullText_20"]	Atypical Mycobacteriosis, Familial	C3266863
Kidney Failure, Chronic	C0022661	IS_A		Kidney Failure	C0035078
Hydrocephalus	C0020255	COEXISTS_WITH	["24113355_fullText_1"]	Fukuyama Type Congenital Muscular Dystrophy	C0410174
Hydrocephalus	C0020255	COEXISTS_WITH	["11930273_fullText_1"]	Dandy-Walker Syndrome	C0010964
Hydrocephalus	C0020255	IS_A		Degenerative brain disorder	C0154671
Prion Diseases	C0162534	IS_A		Encephalopathies	C0085584
Lesch-Nyhan Syndrome	C0023374	ISA	["38154384_fullText_1"]	Rare Diseases	C0678236
Lesch-Nyhan Syndrome	C0023374	AFFECTS__SPEC__	["3696388_fullText_5"]	Leigh Disease	C0023264
Lesch-Nyhan Syndrome	C0023374	IS_A		Other disorders of purine and pyrimidine metabolism	C0029595
Immune System Diseases	C0021053	COEXISTS_WITH	["35232327_fullText_13"]	Septicemia	C0036690
Pellagra	C0030783	IS_A		Deficiency Diseases	C0011156
Hepatolenticular Degeneration	C0019202	COEXISTS_WITH	["38219193_fullText_6","38219193_abstract_6"]	Liver Failure, Acute	C0162557
Hepatolenticular Degeneration	C0019202	COEXISTS_WITH	["37507215_fullText_7"]	Kayser-Fleischer ring	C0152457
Hepatolenticular Degeneration	C0019202	COEXISTS_WITH	["38279525_fullText_3","38279525_abstract_3"]	Liver diseases	C0023895
Hepatolenticular Degeneration	C0019202	CAUSES	["37406734_fullText_2"]	Cirrhosis	C1623038
Hepatolenticular Degeneration	C0019202	CAUSES	["37565896_fullText_2"]	Liver Cirrhosis	C0023890
Hepatolenticular Degeneration	C0019202	IS_A		Metal Metabolism, Inborn Errors	C0025534
Phenylketonurias	C0031485	COEXISTS_WITH	["39153191_fullText_1"]	early pregnancy	C0747845
Phenylketonurias	C0031485	COEXISTS_WITH	["38184920_fullText_1"]	Hereditary Diseases	C0019247
Phenylketonurias	C0031485	COEXISTS_WITH	["11701254_fullText_1"]	Infantile spasms	C0037769
Phenylketonurias	C0031485	COEXISTS_WITH	["15914349_fullText_2","2731793_fullText_2"]	Chronic active hepatitis	C0520463
Phenylketonurias	C0031485	COEXISTS_WITH	["2235121_fullText_1"]	Lesch-Nyhan Syndrome	C0023374
Phenylketonurias	C0031485	COEXISTS_WITH	["31352540_fullText_3"]	Epilepsy	C0014544
Phenylketonurias	C0031485	COEXISTS_WITH	["15634735_fullText_9"]	Brain Diseases	C0006111
Phenylketonurias	C0031485	COEXISTS_WITH	["837563_fullText_4"]	Hyperphenylalaninaemia	C0751435
Phenylketonurias	C0031485	COEXISTS_WITH	["2198431_fullText_1"]	Maple Syrup Urine Disease	C0024776
Phenylketonurias	C0031485	COEXISTS_WITH	["18955797_fullText_1"]	Syndrome	C0039082
Phenylketonurias	C0031485	COEXISTS_WITH	["33824313_fullText_1","36791482_fullText_2","33824313_fullText_1","31883647_fullText_4","32593547_fullText_1","29032371_fullText_7","28645531_fullText_1","27173423_fullText_1","25920592_fullText_1","25338975_fullText_1","17924342_fullText_1","12655548_fullText_1","1978255_fullText_1"]	Pulmonary Hypertension, Primary, 1, With Hereditary Hemorrhagic Telangiectasia	C3714844
Phenylketonurias	C0031485	CAUSES	["38714648_fullText_1"]	Metabolic Diseases	C0025517
Phenylketonurias	C0031485	CAUSES	["24055312_fullText_5"]	Obesity	C0028754
Phenylketonurias	C0031485	CAUSES	["26781416_fullText_1"]	Epilepsy	C0014544
Phenylketonurias	C0031485	CAUSES	["2105595_fullText_6"]	Leukoencephalopathies	C0270612
Phenylketonurias	C0031485	CAUSES	["17525666_fullText_1"]	Keratomalacia, bilateral	C2880387
Phenylketonurias	C0031485	CAUSES	["10720436_fullText_10"]	Hereditary Diseases	C0019247
Phenylketonurias	C0031485	CAUSES	["31053953_fullText_11","22951387_fullText_1"]	Syndrome	C0039082
Phenylketonurias	C0031485	CAUSES	["31053953_fullText_1"]	Embryopathies	C0013949
Phenylketonurias	C0031485	CAUSES	["6507498_fullText_4"]	Infantile Neuroaxonal Dystrophy	C0270724
Phenylketonurias	C0031485	CAUSES	["37105048_fullText_1","18447256_fullText_1","18184144_fullText_3","16319947_fullText_1","12208136_fullText_1","10875932_fullText_2","11175307_fullText_1","10203136_fullText_1"]	Pulmonary Hypertension, Primary, 1, With Hereditary Hemorrhagic Telangiectasia	C3714844
Phenylketonurias	C0031485	CAUSES	["33055427_abstract_1","33055427_fullText_1","29948654_fullText_1","20830319_fullText_6","19627172_fullText_3","19323589_fullText_3","19172175_fullText_1","18932221_fullText_2","16043102_fullText_2","14743689_fullText_1"]	Hyperphenylalaninaemia	C0751435
Phenylketonurias	C0031485	ISA	["37162580_fullText_1","29436795_fullText_1","1303500_fullText_5"]	Congenital Disorders	C0242354
Phenylketonurias	C0031485	ISA	["35023679_fullText_1","33677757_fullText_1","33540516_fullText_2","29579554_fullText_1","21734610_fullText_1","10101919_fullText_1","7784915_fullText_1","7784915_fullText_5","2278380_fullText_6"]	Amino Acid Metabolism, Inborn Errors	C0002514
Phenylketonurias	C0031485	ISA	["37865339_fullText_1","37863349_fullText_1","37700622_fullText_1","37098607_fullText_1","36544165_fullText_1","36099998_fullText_1","35589496_fullText_1","35562278_fullText_1","35379539_fullText_1","34921666_fullText_1","34842989_fullText_1","34920737_fullText_1","33722205_fullText_1","33570037_fullText_1","32069237_fullText_1","31811806_fullText_1","31778858_fullText_1","31778858_fullText_7","31675115_fullText_1","32450880_fullText_1","31472069_fullText_1","31469949_fullText_1","31103398_fullText_1","30730841_fullText_1","30389586_fullText_1","29353259_fullText_1","29909188_fullText_1","29465562_fullText_1","29436795_fullText_1","29154227_fullText_1","28776207_fullText_1","28489557_fullText_1","28468253_fullText_1","28282402_fullText_1","28121442_fullText_1","28080075_fullText_1","27447460_fullText_1","27922243_fullText_1","27869385_fullText_1","27786189_fullText_7","27450222_fullText_1","27102170_fullText_1","26962957_fullText_1","25723866_fullText_1","25373594_fullText_1","24825084_fullText_1","24728166_fullText_1","24657198_fullText_1","24130151_fullText_1","23232760_fullText_1","22889463_fullText_1","22866986_fullText_1","22829083_fullText_2","22572109_fullText_1","22447154_fullText_1","21792031_fullText_1","21659675_fullText_1","21307867_fullText_1","20424903_fullText_1","20123478_fullText_1","20123463_fullText_1","20151197_fullText_1","20063067_fullText_1","19172175_fullText_1","19155540_fullText_1","19095795_fullText_1","18955797_fullText_1","18932221_fullText_1","18843667_fullText_1","18755275_fullText_1","17565982_fullText_4","17497567_fullText_1","17637719_fullText_1","16550150_fullText_1","16424613_fullText_1","16375590_fullText_1","16158204_fullText_3","16150627_fullText_1","16106856_fullText_6","15922970_fullText_1","15894518_fullText_5","15252232_fullText_1","15181195_fullText_1","15088800_fullText_1","15057263_fullText_1","14675567_fullText_2","14649732_fullText_1","12777691_fullText_1","12659216_fullText_4","12241016_fullText_1","12017998_fullText_1","11071072_fullText_1","11400788_fullText_1","9814366_fullText_2","9427141_fullText_1","8615352_fullText_4","8946176_fullText_3","7584088_fullText_3","8779621_fullText_1","2014036_fullText_1","1831695_fullText_1","1968617_fullText_1","2816939_fullText_1","6685863_fullText_1","604417_fullText_4"]	Metabolic Diseases	C0025517
Phenylketonurias	C0031485	ISA	["29153021_fullText_4"]	Non-Neoplastic Pediatric Disorder	C2982732
Phenylketonurias	C0031485	ISA	["37237386_fullText_1","25418970_fullText_1","19070110_fullText_1"]	Inborn Errors of Metabolism	C0025521
Phenylketonurias	C0031485	ISA	["38159545_fullText_1","37571317_fullText_1"]	Hereditary Diseases	C0019247
Phenylketonurias	C0031485	AFFECTS	["22992535_fullText_1"]	Right hypoplastic heart syndrome	C0344963
Phenylketonurias	C0031485	AFFECTS	["14960016_fullText_3"]	metabolic disturbance	C0746556
Phenylketonurias	C0031485	AFFECTS	["8648535_fullText_8"]	Phenylketonuria, Maternal	C0085547
Phenylketonurias	C0031485	PREDISPOSES	["26297129_fullText_1"]	Gingival Diseases	C0017563
Phenylketonurias	C0031485	PREDISPOSES	["15346830_fullText_7"]	Hyperphenylalaninaemia	C0751435
Phenylketonurias	C0031485	CAUSES__SPEC__	["15181195_fullText_1"]	Hypopigmentation disorder	C0162835
Phenylketonurias	C0031485	CAUSES__SPEC__	["25943030_fullText_1","24032682_fullText_1","19073163_fullText_1","18955797_fullText_1","18203898_fullText_1","15181195_fullText_1","15057263_fullText_1","8629090_fullText_1","1671881_fullText_1"]	Pulmonary Hypertension, Primary, 1, With Hereditary Hemorrhagic Telangiectasia	C3714844
Phenylketonurias	C0031485	AFFECTS__SPEC__	["33491267_fullText_1"]	Epilepsy	C0014544
Phenylketonurias	C0031485	OCCURS_IN	["23896802_fullText_1"]	Chronic active hepatitis	C0520463
Phenylketonurias	C0031485	COEXISTS_WITH__SPEC__	["31094505_fullText_1"]	Congenital Disorders	C0242354
Phenylketonurias	C0031485	COEXISTS_WITH__SPEC__	["32679806_fullText_6","21307867_fullText_1","17968763_fullText_1"]	Pulmonary Hypertension, Primary, 1, With Hereditary Hemorrhagic Telangiectasia	C3714844
Phenylketonurias	C0031485	COEXISTS_WITH__SPEC__	["20123463_fullText_1"]	brain dysfunction	C0262405
Phenylketonurias	C0031485	COEXISTS_WITH__SPEC__	["29909188_fullText_7"]	Leukoencephalopathies	C0270612
Phenylketonurias	C0031485	MANIFESTATION_OF	["7707686_fullText_1"]	Pulmonary Hypertension, Primary, 1, With Hereditary Hemorrhagic Telangiectasia	C3714844
Phenylketonurias	C0031485	MANIFESTATION_OF	["31471952_fullText_6"]	brain dysfunction	C0262405
Subacute Sclerosing Panencephalitis	C0038522	IS_A		Virus Diseases	C0042769
Phenylketonuria II	C0268465	COEXISTS_WITH	["6696496_fullText_2"]	Hyperphenylalaninaemia	C0751435
Phenylketonuria II	C0268465	COEXISTS_WITH	["32022462_abstract_6","32022462_fullText_6"]	Metabolic Diseases	C0025517
Phenylketonuria II	C0268465	CAUSES	["7452296_fullText_4","571268_fullText_1"]	Phenylketonurias	C0031485
Phenylketonuria II	C0268465	CAUSES	["10429818_fullText_2","3222065_fullText_1","2433499_fullText_1","7367090_fullText_1","28230_fullText_4"]	Hyperphenylalaninaemia	C0751435
Phenylketonuria II	C0268465	CAUSES	["22325981_fullText_5","14705166_fullText_1"]	Hyperphenylalaninemia, Non-Phenylketonuric	C0751436
Phenylketonuria II	C0268465	ISA	["26817292_fullText_1"]	Metabolic Diseases	C0025517
Phenylketonuria II	C0268465	ISA	["17627389_fullText_2","7194400_fullText_2"]	Phenylketonurias	C0031485
Phenylketonuria II	C0268465	ISA	["2433499_fullText_1","6225873_fullText_2"]	Hyperphenylalaninaemia	C0751435
Phenylketonuria II	C0268465	ISA	["9219069_fullText_3","8518287_fullText_1"]	Hereditary Diseases	C0019247
Ocular Motility Disorders	C0028850	IS_A		Cranial nerve diseases	C0010266
Congenital nystagmus	C0700501	IS_A		Nystagmus	C0028738
Sleep Apnea, Central	C0520680	IS_A		Sleep Apnea Syndromes	C0037315
Nephritis, Interstitial	C0027707	IS_A		Nephritis	C0027697
Telangiectasis	C0039446	IS_A		Peripheral angiopathy in diseases classified elsewhere	C0031115
Internuclear Ophthalmoplegia	C0152134	IS_A		Other specified strabismus	C0029831
Hypertensive disease	C0020538	COEXISTS_WITH	["37507215_fullText_3"]	Retinal Diseases	C0035309
Hypertensive disease	C0020538	COEXISTS_WITH	["37507215_fullText_3"]	Dyslipidemias	C0242339
Hypertensive disease	C0020538	COEXISTS_WITH	["37262049_fullText_7"]	Chronic Obstructive Airway Disease	C0024117
Hypertensive disease	C0020538	COEXISTS_WITH	["35157531_fullText_4"]	Coronary Arteriosclerosis	C0010054
Hypertensive disease	C0020538	COEXISTS_WITH	["35848359_fullText_1"]	Diabetes	C0011847
Hypertensive disease	C0020538	COEXISTS_WITH	["35157531_fullText_4"]	Heart failure	C0018801
Hypertensive disease	C0020538	CAUSES	["36017016_fullText_1","36604473_fullText_1"]	Cardiovascular Diseases	C0007222
Hypertensive disease	C0020538	CAUSES	["36604473_fullText_1"]	Heart failure	C0018801
Hypertensive disease	C0020538	ISA	["36058586_fullText_1","33884761_fullText_1","34112223_fullText_1","36604473_fullText_1","37127250_fullText_10","28915272_fullText_7"]	Cardiovascular Diseases	C0007222
Hypertensive disease	C0020538	AFFECTS	["35998751_fullText_7"]	cardiovascular risk factor	C0850624
Hypertensive disease	C0020538	AFFECTS	["36604473_fullText_6"]	Heart failure	C0018801
Hypertensive disease	C0020538	PREDISPOSES	["35196379_fullText_9"]	Alzheimer's Disease	C0002395
Hypertensive disease	C0020538	ASSOCIATED_WITH__SPEC__	["9810562_fullText_2"]	Leigh Disease	C0023264
Left Ventricular Hypertrophy	C0149721	COEXISTS_WITH	["9588538_fullText_6"]	Myotonic Dystrophy	C0027126
Left Ventricular Hypertrophy	C0149721	PREDISPOSES	["27484195_fullText_4"]	Heart failure	C0018801
Pericardial effusion	C0031039	CAUSES	["4058432_fullText_1"]	Cardiac Tamponade	C0007177
Cardiac Tamponade	C0007177	IS_A		Pericardial effusion	C0031039
Severe malnutrition	C0311276	CAUSES	["21824796_fullText_3"]	nervous system disorder	C0027765
Severe malnutrition	C0311276	CAUSES	["21516352_fullText_1","17146735_fullText_1"]	Phenylketonurias	C0031485
Severe malnutrition	C0311276	CAUSES	["37863349_fullText_1"]	Metabolic Diseases	C0025517
Severe malnutrition	C0311276	CAUSES	["19625251_fullText_2"]	Neurodegenerative Disorders	C0524851
Severe malnutrition	C0311276	CAUSES	["29235064_fullText_1","22578804_fullText_1"]	Hereditary Diseases	C0019247
Severe malnutrition	C0311276	CAUSES__SPEC__	["37863349_fullText_1","20226470_fullText_1"]	Phenylketonurias	C0031485
Neuronal Ceroid-Lipofuscinoses	C0027877	IS_A		Other disorders of lipoid metabolism	C0029591
Neuronal Ceroid-Lipofuscinoses	C0027877	COEXISTS_WITH	["19760908_fullText_3"]	Epilepsies, Myoclonic	C0014550
Neuronal Ceroid-Lipofuscinoses	C0027877	COEXISTS_WITH	["3977645_fullText_3"]	Leukoencephalopathies	C0270612
Bronchopneumonia	C0006285	IS_A		Pneumonia	C0032285
Methylmalonic acidemia	C0268583	ISA	["32058304_abstract_1"]	Rare Diseases	C0678236
Meningitis, Bacterial	C0085437	IS_A		Meningitis	C0025289
Early myoclonic encephalopathy	C0270855	COEXISTS_WITH	["12597051_fullText_5"]	Metabolic Diseases	C0025517
Early myoclonic encephalopathy	C0270855	COEXISTS_WITH	["12597051_fullText_5"]	EPILEPSY, PYRIDOXINE-DEPENDENT	C1849508
LAURIN-SANDROW SYNDROME	C1851100	IS_A		Dysostoses	C0013393
Primary disease	C0277554	COEXISTS_WITH	["9073033_fullText_3"]	Leigh Disease	C0023264
Primary disease	C0277554	CAUSES	["35055180_fullText_156"]	Respiratory Failure	C1145670
Primary disease	C0277554	CAUSES	["35829818_fullText_1"]	Parkinsonian Disorders	C0242422
endothelial dysfunction	C0856169	CAUSES	["11524211_fullText_4"]	Syndrome	C0039082
endothelial dysfunction	C0856169	CAUSES	["36543208_fullText_41"]	Mitochondrial Myopathies	C0162670
endothelial dysfunction	C0856169	CAUSES	["36543208_fullText_41"]	Acidosis, Lactic	C0001125
endothelial dysfunction	C0856169	CAUSES	["36543208_fullText_41"]	Encephalopathies	C0085584
endothelial dysfunction	C0856169	PREDISPOSES	["35944740_fullText_2"]	Arteriosclerotic cardiovascular disease, NOS	C3665365
Diabetes Mellitus, Insulin-Dependent	C0011854	AFFECTS	["14960016_fullText_3"]	metabolic disturbance	C0746556
Diabetes Mellitus, Insulin-Dependent	C0011854	PREDISPOSES	["26297129_fullText_1"]	Gingival Diseases	C0017563
Diabetes Mellitus, Insulin-Dependent	C0011854	IS_A		Diabetes Mellitus	C0011849
Upper Respiratory Infections	C0041912	COEXISTS_WITH	["35713182_fullText_7"]	Arthropathy associated with infection	C0157749
Upper Respiratory Infections	C0041912	COEXISTS_WITH	["35713182_fullText_7"]	Soft Tissue Infections	C0149778
Glucocorticoid-remediable aldosteronism	C1260386	AFFECTS	["24488205_fullText_10"]	Phenylketonurias	C0031485
Mendelian disorders	C1285355	CAUSES	["10858866_fullText_3"]	Cardiac defects	C0741916
Mendelian disorders	C1285355	ISA	["36233305_fullText_1"]	Congenital Disorders	C0242354
Anemia, severe	C0238644	COEXISTS_WITH__SPEC__	["32059522_fullText_32"]	Pearson's marrow-pancreas syndrome	C0342784
Anemia, severe	C0238644	COEXISTS_WITH	["32059522_fullText_32"]	Syndrome	C0039082
Anemia, severe	C0238644	PREDISPOSES	["35301747_fullText_8"]	Anemia	C0002871
3-@METHYLGLUTACONIC ACIDURIA, TYPE I	C0342727	COEXISTS_WITH__SPEC__	["32684373_fullText_1"]	Syndrome	C0039082
3-@METHYLGLUTACONIC ACIDURIA, TYPE I	C0342727	ISA	["16527507_fullText_2"]	Metabolic Diseases	C0025517
Sensorineural Hearing Loss (disorder)	C0018784	COEXISTS_WITH	["27343064_fullText_25"]	Status Epilepticus	C0038220
Sensorineural Hearing Loss (disorder)	C0018784	COEXISTS_WITH	["30419932_fullText_3"]	Infantile spasms	C0037769
Sensorineural Hearing Loss (disorder)	C0018784	COEXISTS_WITH	["34225668_fullText_3"]	Alport Syndrome	C1567741
Sensorineural Hearing Loss (disorder)	C0018784	COEXISTS_WITH	["36220650_fullText_1"]	Retinitis Pigmentosa	C0035334
Sensorineural Hearing Loss (disorder)	C0018784	IS_A		Diseases of inner ear	C0494559
Infantile spasms	C0037769	CAUSES	["34831340_fullText_186"]	Cerebrovascular accident	C0038454
Infantile spasms	C0037769	ISA	["14598233_fullText_1","35833444_fullText_1"]	Syndrome	C0039082
Retinal Dystrophies	C0854723	IS_A		Disorder of eye	C0015397
Chronic Kidney Insufficiency	C0403447	COEXISTS_WITH	["34225668_fullText_3"]	Alport Syndrome	C1567741
Chronic Kidney Insufficiency	C0403447	ISA	["34564739_fullText_1","34305821_fullText_1","34266395_fullText_1","33835396_fullText_1","34104088_fullText_1","34471171_fullText_5","36341731_fullText_4","38036592_fullText_1","36893185_fullText_5","37088015_fullText_1"]	Chronic Kidney Diseases	C1561643
Non-alcoholic Fatty Liver Disease	C0400966	ISA	["35420457_fullText_3"]	Metabolic Diseases	C0025517
Non-alcoholic Fatty Liver Disease	C0400966	ISA	["19813185_fullText_1"]	Chronic liver disease	C0341439
Non-alcoholic Fatty Liver Disease	C0400966	ISA	["27725718_fullText_0"]	Fatty Liver	C0015695
Dwarfism	C0013336	COEXISTS_WITH	["525255_fullText_1"]	Rare Diseases	C0678236
Dwarfism	C0013336	COEXISTS_WITH__SPEC__	["525255_fullText_1"]	Schwartz-Jampel Syndrome	C0036391
Fanconi Anemia	C0015625	IS_A		Congenital hypoplastic anemia	C0949116
Eye Abnormalities	C0015393	COEXISTS_WITH	["6882253_fullText_10"]	Phenylketonurias	C0031485
Eye Abnormalities	C0015393	COEXISTS_WITH	["35339718_fullText_1"]	Congenital Disorders	C0242354
Eye Abnormalities	C0015393	CAUSES	["22240719_fullText_6"]	Nystagmus	C0028738
Eye Abnormalities	C0015393	ISA	["30425197_fullText_88"]	Syndrome	C0039082
Primary optic atrophy	C0155291	IS_A		Optic Atrophy	C0029124
Influenza	C0021400	IS_A		Virus Diseases	C0042769
Anemia, Megaloblastic	C0002888	IS_A		Anemia, Macrocytic	C0002886
Congenital Disorders	C0242354	COEXISTS_WITH	["38917675_fullText_6"]	Cardiomyopathies	C0878544
Congenital Disorders	C0242354	COEXISTS_WITH	["31804708_fullText_16"]	Rare Diseases	C0678236
Congenital Disorders	C0242354	COEXISTS_WITH	["31420886_fullText_1"]	Hydrops Fetalis, Non-Immune	C0455988
Congenital Disorders	C0242354	COEXISTS_WITH	["27725718_fullText_3"]	Acquired disease	C0277564
Congenital Disorders	C0242354	COEXISTS_WITH	["35565658_fullText_1"]	Autosomal recessive hereditary disorder	C0265388
Congenital Disorders	C0242354	COEXISTS_WITH	["27725718_fullText_3"]	Non-alcoholic Fatty Liver Disease	C0400966
Congenital Disorders	C0242354	LOCATION_OF	["1303500_fullText_5"]	Phenylketonurias	C0031485
Congenital Disorders	C0242354	LOCATION_OF	["19207313_fullText_3"]	Syndrome	C0039082
Congenital Disorders	C0242354	LOCATION_OF	["22115835_fullText_1"]	Chronic granulomatous disease	C0018203
Congenital Disorders	C0242354	LOCATION_OF	["29709711_fullText_1"]	Gastrointestinal Diseases	C0017178
Congenital Disorders	C0242354	LOCATION_OF	["29709711_fullText_1"]	Rare Diseases	C0678236
Congenital Disorders	C0242354	CAUSES	["33055423_abstract_5"]	Cardiac defects	C0741916
Congenital Disorders	C0242354	CAUSES	["31420886_fullText_12"]	Hydrops Fetalis, Non-Immune	C0455988
Congenital Disorders	C0242354	CAUSES	["31563034_fullText_4"]	Cardiomyopathies	C0878544
Congenital Disorders	C0242354	CAUSES	["11668168_fullText_3"]	Diarrhea, intractable	C0743178
Congenital Disorders	C0242354	CAUSES	["28253385_fullText_13"]	Retinal Dystrophies	C0854723
Congenital Disorders	C0242354	AFFECTS	["29361989_fullText_3"]	Hereditary Diseases	C0019247
Congenital Disorders	C0242354	AFFECTS__SPEC__	["29998879_fullText_0"]	multi-organ disease	C1141933
Congenital Disorders	C0242354	AUGMENTS	["29759592_fullText_1"]	Rare Diseases	C0678236
Congenital Disorders	C0242354	MANIFESTATION_OF	["25873781_fullText_58"]	Atrial Fibrillation	C0004238
Oxidative Phosphorylation Deficiencies	C0949856	COEXISTS_WITH	["26450614_fullText_1"]	Mitochondrial Diseases	C0751651
Oxidative Phosphorylation Deficiencies	C0949856	CAUSES	["33096015_fullText_3"]	Mitochondrial Diseases	C0751651
Basal ganglia calcifications	C1389280	COEXISTS_WITH	["23622404_fullText_10"]	Phenylketonuria II	C0268465
Basal ganglia calcifications	C1389280	COEXISTS_WITH	["9796752_fullText_3"]	Metabolic Diseases	C0025517
Hyperopia	C0020490	IS_A		Refractive Errors	C0034951
Hyperopia	C0020490	CAUSES	["23228021_fullText_77"]	Strabismus	C0038379
Myopia	C0027092	COEXISTS_WITH	["37507215_fullText_6"]	Marfan Syndrome	C0024796
Myopia	C0027092	COEXISTS_WITH	["32080367_fullText_23"]	Syndrome	C0039082
Myopia	C0027092	ISA	["31638560_fullText_8"]	Refractive Errors	C0034951
Myopia	C0027092	IS_A		Refractive Errors	C0034951
Astigmatism	C0004106	IS_A		Refractive Errors	C0034951
Astigmatism	C0004106	COEXISTS_WITH	["32080367_fullText_23"]	Syndrome	C0039082
Anisometropia	C0003081	IS_A		Refractive Errors	C0034951
Respiration Disorders	C0035204	COEXISTS_WITH	["38148059_fullText_5"]	Anterior segment mesenchymal dysgenesis	C1862839
Respiration Disorders	C0035204	CAUSES	["8752439_fullText_10"]	Respiratory Failure	C1145670
Somatotropin deficiency	C0271561	COEXISTS_WITH	["35308014_fullText_87"]	Hypoglycemia	C0020615
Somatotropin deficiency	C0271561	COEXISTS_WITH	["30419932_fullText_3"]	Infantile spasms	C0037769
Skeletal dysplasia	C0410528	ISA	["23401092_fullText_4","26066342_fullText_76"]	Syndrome	C0039082
Skeletal dysplasia	C0410528	COEXISTS_WITH	["30419932_fullText_3"]	Infantile spasms	C0037769
Secondary Adrenal Insufficiency	C0948387	CAUSES	["35308014_fullText_61"]	Hypoglycemia	C0020615
Esophageal Achalasia	C0014848	IS_A		Esophageal Diseases	C0014852
Bulbar Palsy, Progressive	C0030442	COEXISTS_WITH	["31952467_abstract_1"]	Rare Diseases	C0678236
Bulbar Palsy, Progressive	C0030442	COEXISTS_WITH__SPEC__	["31952467_abstract_1"]	Alexander Disease	C0270726
Bulbar Palsy, Progressive	C0030442	IS_A		Motor Neuron Disease	C0085084
Anemia of prematurity	C0158996	IS_A		Anemia, Neonatal	C0002891
Cardiovascular Diseases	C0007222	CAUSES	["38013547_fullText_2"]	Septicemia	C0036690
Cardiovascular Diseases	C0007222	ISA	["37127250_fullText_10"]	Hypertensive disease	C0020538
Cardiovascular Diseases	C0007222	AFFECTS	["35998751_fullText_7"]	cardiovascular risk factor	C0850624
Cardiovascular Diseases	C0007222	PREDISPOSES	["33754317_fullText_1"]	Cerebrovascular accident	C0038454
Basal Ganglia Diseases	C0004782	IS_A		Encephalopathies	C0085584
Nonketotic Hyperglycinemia	C0751748	IS_A		Amino Acid Metabolism, Inborn Errors	C0002514
CODAS syndrome	C1838180	IS_A		Syndrome	C0039082
Renal carnitine transport defect	C0342788	ISA	["37643952_fullText_4"]	Lipid Metabolism Disorders	C0154251
Renal carnitine transport defect	C0342788	IS_A		Amino Acid Metabolism, Inborn Errors	C0002514
Tyrosinemia, Type I	C0268490	CAUSES	["31953907_abstract_12"]	End Stage Liver Disease	C0745744
Cutis Laxa	C0010495	COEXISTS_WITH	["21431621_fullText_79"]	Wrinkly skin syndrome	C0406587
Cutis Laxa	C0010495	COEXISTS_WITH	["21431621_fullText_79"]	Cutis Laxa, Autosomal Recessive, Type IIA	C0268355
Cutis Laxa	C0010495	ISA	["23401092_fullText_4","19171192_fullText_4","22838182_fullText_56","26066342_fullText_76","21431621_fullText_86","21431621_fullText_131","33407696_fullText_79"]	Syndrome	C0039082
Cutis Laxa	C0010495	ISA	["21431621_fullText_1"]	Dermatologic disorders	C0037274
Cutis Laxa	C0010495	IS_A		Skin Diseases, Genetic	C0037277
Systemic Scleroderma	C0036421	IS_A		Scleroderma	C0011644
Graves Disease	C0018213	COEXISTS_WITH	["26498184_fullText_6"]	Amenorrhea	C0002453
Graves Disease	C0018213	COEXISTS_WITH	["37507215_fullText_4"]	Scleritis	C0036416
Graves Disease	C0018213	COEXISTS_WITH	["37507215_fullText_4"]	Episcleritis	C0014583
Graves Disease	C0018213	COEXISTS_WITH	["37507215_fullText_4"]	Exophthalmos	C0015300
Agranulocytosis	C0001824	IS_A		Leukopenia	C0023530
Muscular dystrophy congenital, merosin negative	C1263858	COEXISTS_WITH	["28367954_fullText_34"]	Mitochondrial Diseases	C0751651
Muscular dystrophy congenital, merosin negative	C1263858	ISA	["28367954_fullText_85","28367954_fullText_87"]	Myopathy	C0026848
Premature Menopause	C0025322	IS_A		Other ovarian failure	C0029697
Premature Menopause	C0025322	ISA	["25807530_fullText_97"]	Ovarian failure	C0747102
Premature Menopause	C0025322	COEXISTS_WITH__SPEC__	["25807530_fullText_97"]	Gonadal dysgenesis XX type deafness	C0685838
Symptomatic Nystagmus	C0271383	COEXISTS_WITH	["28273704_fullText_8"]	Ptosis	C0033377
Symptomatic Nystagmus	C0271383	COEXISTS_WITH	["28273704_fullText_8"]	Hypertrichosis	C0020555
Epilepsia Partialis Continua	C0085543	COEXISTS_WITH	["27742419_fullText_3"]	Cerebral atrophy	C0235946
Age related macular degeneration	C0242383	IS_A		Degeneration of macula and posterior pole of retina	C0339436
Symmetrical dyschromatosis of extremities	C0406775	IS_A		Other dyschromia	C0375489
Infantile cardiomyopathy	C1854776	CAUSES	["25037205_fullText_1"]	Mitochondrial cardiomyopathy	C3532239
Refractive Errors	C0034951	IS_A		Disorder of eye	C0015397
Myasthenic Syndromes, Congenital	C0751882	COEXISTS_WITH	["23281026_fullText_5"]	Slow channel syndrome	C0393934
Myasthenic Syndromes, Congenital	C0751882	COEXISTS_WITH	["20966081_fullText_7"]	Syndrome	C0039082
Myasthenic Syndromes, Congenital	C0751882	CAUSES	["19520274_fullText_2"]	Recurrent apneic attacks	C0795703
Myasthenic Syndromes, Congenital	C0751882	CAUSES	["12117478_fullText_2"]	Sudden infant death syndrome	C0038644
Myasthenic Syndromes, Congenital	C0751882	ISA	["25194721_fullText_1","33760762_fullText_1"]	Neuromuscular Diseases	C0027868
Myasthenic Syndromes, Congenital	C0751882	ISA	["20157724_fullText_1","14659409_fullText_1","12609505_fullText_1","37792523_fullText_1","33471587_fullText_1","33030681_fullText_1","27779167_fullText_1","24951643_fullText_1","24938146_fullText_1"]	Rare Diseases	C0678236
Myasthenic Syndromes, Congenital	C0751882	IS_A		Neuromuscular Junction Diseases	C0751950
Primary Lesion	C1402294	CAUSES	["37655412_fullText_8"]	Sleep Apnea Syndromes	C0037315
Pulmonary Edema	C0034063	IS_A		Acute respiratory failure	C0264490
Pulmonary Edema	C0034063	CAUSES	["36094157_fullText_4"]	Respiratory Failure	C1145670
MEGALENCEPHALIC LEUKOENCEPHALOPATHY WITH SUBCORTICAL CYSTS	C1858854	IS_A		MEGALENCEPHALIC LEUKOENCEPHALOPATHY WITH SUBCORTICAL CYSTS	C1858854
MEGALENCEPHALIC LEUKOENCEPHALOPATHY WITH SUBCORTICAL CYSTS	C1858854	IS_A		Leukodystrophy	C0023520
Arthrogryposis	C0003886	COEXISTS_WITH__SPEC__	["10690232_fullText_1"]	Systemic disease	C0442893
Hypoxic-Ischemic Encephalopathy	C0752304	ISA	["23469184_fullText_8"]	Encephalopathies	C0085584
Hypoxic-Ischemic Encephalopathy	C0752304	ISA	["25011953_fullText_3"]	nervous system disorder	C0027765
Facial paralysis	C0015469	IS_A		Facial Nerve Diseases	C0015464
Myasthenia Gravis	C0026896	COEXISTS_WITH	["23452772_fullText_3"]	Lipoidosis	C0023794
Myasthenia Gravis	C0026896	COEXISTS_WITH	["34865952_fullText_1"]	Asthma	C0004096
Myasthenia Gravis	C0026896	COEXISTS_WITH	["550291_fullText_7"]	Lambert-Eaton Myasthenic Syndrome	C0022972
Myasthenia Gravis	C0026896	ISA	["15229798_fullText_1"]	Neuromuscular Diseases	C0027868
Myasthenia Gravis	C0026896	ISA	["19117157_fullText_1","37656362_fullText_2","37562891_fullText_1","24141560_fullText_1"]	Autoimmune Diseases	C0004364
Myasthenia Gravis	C0026896	ISA	["35212290_fullText_6"]	nervous system disorder	C0027765
Myasthenia Gravis	C0026896	AFFECTS__SPEC__	["31449669_fullText_6"]	Lambert-Eaton Myasthenic Syndrome	C0022972
Succinate-coenzyme Q reductase deficiency	C0342777	CAUSES	["21752325_fullText_2","21752325_fullText_9"]	Leigh Disease	C0023264
Optic Atrophy, Autosomal Dominant	C0338508	COEXISTS_WITH	["38030858_fullText_50"]	Optic Atrophy, Hereditary, Leber	C0917796
Disorder of the optic nerve	C0029132	IS_A		Cranial nerve diseases	C0010266
Maple Syrup Urine Disease	C0024776	ISA	["19070110_fullText_1"]	Inborn Errors of Metabolism	C0025521
Maple Syrup Urine Disease	C0024776	ISA	["23412862_fullText_1"]	Hereditary Diseases	C0019247
Maple Syrup Urine Disease	C0024776	ISA	["37421976_fullText_1"]	Rare Diseases	C0678236
Maple Syrup Urine Disease	C0024776	ISA	["8615352_fullText_4"]	Metabolic Diseases	C0025517
L-2-HYDROXYGLUTARIC ACIDURIA	C1855995	ISA	["18295785_fullText_1"]	Hereditary Diseases	C0019247
Fukuyama Type Congenital Muscular Dystrophy	C0410174	ISA	["8752684_fullText_2"]	Neuromuscular Diseases	C0027868
Moyamoya Disease	C0026654	IS_A		Cerebral Arterial Diseases	C0007774
Moyamoya Disease	C0026654	COEXISTS_WITH	["24397103_fullText_3"]	Syndrome	C0039082
muscle degeneration	C0234958	COEXISTS_WITH	["23180777_fullText_68"]	Muscular Dystrophy, Duchenne	C0013264
muscle degeneration	C0234958	CAUSES	["21400563_fullText_3"]	Muscular Dystrophies, Limb-Girdle	C0686353
Respiratory Tract Infections	C0035243	PRECEDES	["36056365_fullText_62"]	Leukoencephalopathies	C0270612
Hypogonadism	C0020619	COEXISTS_WITH	["32147747_fullText_16"]	Kallmann Syndrome	C0162809
Hypogonadism	C0020619	COEXISTS_WITH	["10339794_fullText_1"]	Dystrophia myotonica 1	C2931688
Hypogonadism	C0020619	CAUSES	["8742989_fullText_5"]	Erectile dysfunction	C0242350
Hypogonadism	C0020619	AFFECTS	["8742989_fullText_4"]	Muscular Atrophy	C0026846
Hypogonadism	C0020619	PREDISPOSES	["36704037_fullText_9"]	Hyperprolactinemia	C0020514
Hypogonadism	C0020619	PREDISPOSES	["36704037_fullText_9"]	Cardiovascular Diseases	C0007222
Hypogonadism	C0020619	COEXISTS_WITH__SPEC__	["25148278_fullText_1"]	Myotonic Dystrophy	C0027126
Hypogonadism	C0020619	COEXISTS_WITH__SPEC__	["25148278_fullText_1"]	Dystrophia myotonica 1	C2931688
Hypogonadism	C0020619	IS_A		Gonadal Disorders	C0018050
Infectious Mononucleosis	C0021345	IS_A		Epstein-Barr Virus Infections	C0149678
Infectious Mononucleosis	C0021345	CAUSES	["23290025_fullText_2"]	Acute encephalopathy	C1306587
Infectious Mononucleosis	C0021345	CAUSES	["23290025_fullText_2"]	Liver Failure	C0085605
Neuropathy ataxia and retinis pigmentosa	C1328349	IS_A		Mitochondrial Diseases	C0751651
Neuropathy ataxia and retinis pigmentosa	C1328349	ISA	["22819295_fullText_1"]	Neuropathy	C0442874
Glycogen Storage Disease Type V	C0017924	IS_A		Glycogen Storage Disease	C0017919
Cirrhosis	C1623038	COEXISTS_WITH	["37589913_fullText_1"]	Hepatic Encephalopathy	C0019151
Vitamin B 12 Deficiency	C0042847	CAUSES	["32872442_fullText_124"]	Hyperhomocysteinemia	C0598608
Ornithine carbamoyltransferase deficiency	C0268542	ISA	["37401903_fullText_1"]	Genetic Diseases, X-Linked	C1138434
Ornithine carbamoyltransferase deficiency	C0268542	IS_A		Urea Cycle Disorders, Inborn	C0154246
Convulsions in the newborn	C0159020	COEXISTS_WITH	["23401092_fullText_9"]	CONGENITAL DISORDER OF GLYCOSYLATION, TYPE Ii	C1842836
Convulsions in the newborn	C0159020	ISA	["29335023_fullText_2","29335023_fullText_1"]	Epilepsy	C0014544
Convulsions in the newborn	C0159020	CAUSES	["29426806_fullText_2"]	Channelopathies	C1720983
Newcastle Disease	C0027983	IS_A		Virus Diseases	C0042769
Intrahepatic Cholestasis	C0008372	IS_A		Cholestasis	C0008370
Hemimegalencephaly	C0431391	COEXISTS_WITH__SPEC__	["20384723_fullText_1"]	Epilepsy	C0014544
Cerebral Infarction	C0007785	AFFECTS	["33805696_fullText_1"]	nervous system disorder	C0027765
Cerebral Infarction	C0007785	IS_A		Brain Infarction	C0751955
Mononeuropathies	C0494491	IS_A		Neuropathy	C0442874
Hyperglycemia	C0020456	AFFECTS	["35998751_fullText_7"]	cardiovascular risk factor	C0850624
Hyperglycemia	C0020456	IS_A		Glucose Metabolism Disorders	C1257958
Hypocupremia	C0268070	CAUSES	["31943611_abstract_2"]	Subacute Combined Degeneration	C0221065
Cardiomyopathy, Dilated	C0007193	CAUSES	["22327749_fullText_22"]	Heart failure	C0018801
Cardiomyopathy, Dilated	C0007193	CAUSES	["11994815_fullText_2"]	Dystrophia myotonica 1	C2931688
Cardiomyopathy, Dilated	C0007193	ISA	["23097606_fullText_2"]	Heart failure	C0018801
Cardiomyopathy, Dilated	C0007193	ISA	["16483403_fullText_1"]	Neuromuscular Diseases	C0027868
Cardiomyopathy, Dilated	C0007193	AFFECTS	["37406964_fullText_3"]	Muscular Dystrophy, Duchenne	C0013264
Cardiomyopathy, Dilated	C0007193	MANIFESTATION_OF	["25873781_fullText_58"]	Atrial Fibrillation	C0004238
Unverricht-Lundborg Syndrome	C0751785	IS_A		Myoclonic Epilepsies, Progressive	C0751778
Unverricht-Lundborg Syndrome	C0751785	ISA	["20019223_fullText_4","22581592_fullText_2","33476484_fullText_4"]	Myoclonic Epilepsies, Progressive	C0751778
Amino Acid Metabolism, Inborn Errors	C0002514	CAUSES	["6820442_fullText_3"]	Lesion of brain	C0221505
Amino Acid Metabolism, Inborn Errors	C0002514	ISA	["33540516_fullText_2","7784915_fullText_5"]	Phenylketonurias	C0031485
Amino Acid Metabolism, Inborn Errors	C0002514	IS_A		Inborn Errors of Metabolism	C0025521
Epilepsy, Generalized	C0014548	IS_A		Epilepsy	C0014544
Gastroesophageal reflux disease	C0017168	COEXISTS_WITH	["37524665_fullText_8"]	Asthma	C0004096
Gastroesophageal reflux disease	C0017168	CAUSES	["33998673_fullText_2","33998673_fullText_3"]	Asthma	C0004096
Gastroesophageal reflux disease	C0017168	IS_A		Digestive System Disorders	C0012242
Laryngeal dystonia	C1963946	COEXISTS_WITH	["19329267_fullText_6"]	Xeroderma pigmentosum, group A	C0268135
Labyrinthine dysfunction	C0155514	IS_A		Diseases of inner ear	C0494559
Familial benign neonatal epilepsy	C0220669	ISA	["19070318_fullText_1"]	Benign neonatal epilepsy	C0270851
Propionic acidemia	C0268579	COEXISTS_WITH	["2198431_fullText_1"]	Maple Syrup Urine Disease	C0024776
Wolff-Parkinson-White Syndrome	C0043202	COEXISTS_WITH	["19054921_fullText_6"]	Leigh Disease	C0023264
Trifunctional Protein Deficiency With Myopathy And Neuropathy	C1969443	IS_A		Lipid Metabolism, Inborn Errors	C0023772
Epilepsies, Partial	C0014547	IS_A		Epilepsy	C0014544
Dystonia Disorders	C0393593	COEXISTS_WITH	["21944461_fullText_2"]	catabolic state	C0853892
Dystonia Disorders	C0393593	IS_A		Movement Disorders	C0026650
Nephrotic Syndrome	C0027726	COEXISTS_WITH	["28188379_fullText_5"]	Pierson syndrome	C1836876
Nephrotic Syndrome	C0027726	CAUSES	["28188379_fullText_5"]	Kidney Failure	C0035078
Nephrotic Syndrome	C0027726	CAUSES	["33414946_fullText_8"]	Urosepsis	C0149801
Nephrotic Syndrome	C0027726	CAUSES	["33414946_fullText_8"]	Hypothyroidism	C0020676
Nephrotic Syndrome	C0027726	IS_A		Nephrosis	C0027720
Bronchiolitis	C0006271	IS_A		Lung diseases	C0024115
Retinitis	C0035333	IS_A		Retinal Diseases	C0035309
Otitis Media	C0029882	IS_A		Disorder of middle ear	C0271428
Poliomyelitis	C0032371	IS_A		Virus Diseases	C0042769
Dermatitis	C0011603	IS_A		Skin Diseases, Genetic	C0037277
Tyrosinemias	C0268483	ISA	["16106856_fullText_6"]	Metabolic Diseases	C0025517
Tyrosinemias	C0268483	IS_A		Amino Acid Metabolism, Inborn Errors	C0002514
Hepatitis	C0019158	CAUSES	["7854557_fullText_5"]	Cholestasis	C0008370
CoQ-responsive OXPHOS deficiency	C1842463	CAUSES	["12948744_fullText_9"]	Pancreatic Insufficiency	C0030293
CoQ-responsive OXPHOS deficiency	C1842463	CAUSES	["12948744_fullText_9"]	Leigh Disease	C0023264
Epileptic encephalopathy	C0543888	COEXISTS_WITH	["21704546_fullText_1"]	EPILEPSY, PYRIDOXINE-DEPENDENT	C1849508
Epileptic encephalopathy	C0543888	COEXISTS_WITH__SPEC__	["17721876_fullText_1"]	EPILEPSY, PYRIDOXINE-DEPENDENT	C1849508
Communicable Diseases	C0009450	CAUSES	["36221165_fullText_2"]	Dystonia Disorders	C0393593
Parainfluenza Virus Infections	C0302507	COEXISTS_WITH	["13677585_fullText_8"]	Acute necrotizing encephalopathy	C1855020
Endocrine System Diseases	C0014130	COEXISTS_WITH	["888734_fullText_2"]	Neuromuscular Diseases	C0027868
Endocrine System Diseases	C0014130	COEXISTS_WITH__SPEC__	["888734_fullText_2"]	Muscular Atrophy	C0026846
HMN (Hereditary Motor Neuropathy) Proximal Type I	C0043116	IS_A		Spinal Muscular Atrophies of Childhood	C0700595
Hemochromatosis	C0018995	IS_A		Metal Metabolism, Inborn Errors	C0025534
Protein Deficiency	C0033626	CAUSES	["38714648_fullText_1"]	Metabolic Diseases	C0025517
Protein Deficiency	C0033626	COEXISTS_WITH	["7790377_fullText_19"]	Peroxisomal Disorders	C0282528
Protein Deficiency	C0033626	CAUSES	["36577449_fullText_1"]	Epilepsy	C0014544
Congenital disorder of glycosylation type 1A	C0349653	CAUSES	["36773065_fullText_1"]	Congenital Disorders	C0242354
Congenital disorder of glycosylation type 1A	C0349653	ISA	["31454904_fullText_6","32630370_fullText_96"]	Rare Diseases	C0678236
Congenital disorder of glycosylation type 1A	C0349653	ISA	["10392749_fullText_3","10392749_fullText_4","10392749_fullText_9","15714316_fullText_10","12011746_fullText_2","12011746_fullText_7"]	Syndrome	C0039082
Congenital disorder of glycosylation type 1A	C0349653	ISA	["35717947_fullText_1","9054372_fullText_1","31636082_fullText_1"]	Congenital Disorders	C0242354
Congenital disorder of glycosylation type 1A	C0349653	ISA	["12671367_fullText_1"]	Metabolic Diseases	C0025517
Congenital disorder of glycosylation type 1A	C0349653	ISA	["9140401_fullText_1","32630370_fullText_94"]	Hereditary Diseases	C0019247
Congenital disorder of glycosylation type 1A	C0349653	PREDISPOSES	["38917675_fullText_21"]	Cardiomyopathies	C0878544
Congenital disorder of glycosylation type 1A	C0349653	MANIFESTATION_OF	["12907065_fullText_2"]	Failure to Thrive	C0015544
Congenital disorder of glycosylation type 1A	C0349653	MANIFESTATION_OF	["12907065_fullText_2"]	Intestinal Diseases	C0021831
Congenital disorder of glycosylation type 1A	C0349653	PRECEDES	["20679665_fullText_8"]	Congenital disorder of glycosylation type 1B	C1865145
Cortical Dysplasia	C0431380	LOCATION_OF	["34653311_fullText_1"]	Fleck corneal dystrophy	C1562113
Acute respiratory failure	C0264490	IS_A		Lung diseases	C0024115
Acute respiratory failure	C0264490	COEXISTS_WITH	["20470437_fullText_4"]	Dystrophia myotonica 1	C2931688
Alexander Disease	C0270726	COEXISTS_WITH	["31952467_abstract_4"]	Parkinson Disease	C0030567
Alexander Disease	C0270726	ISA	["37455276_fullText_1"]	Leukodystrophy	C0023520
Alexander Disease	C0270726	ISA	["31952467_abstract_1"]	Rare Diseases	C0678236
Alexander Disease	C0270726	IS_A		Leukodystrophy	C0023520
Hyperaldosteronism	C0020428	IS_A		Adrenal Gland Hyperfunction	C0001622
Waardenburg Syndrome Type 1	C1847800	IS_A		Waardenburg Syndrome	C3266898
Paraplegia	C0030486	IS_A		CNS disorder	C0007682
Transient Ischemic Attack	C0007787	IS_A		Brain Ischemia	C0007786
Myocardial Infarction	C0027051	COEXISTS_WITH	["34448639_fullText_1"]	Heart failure	C0018801
Myocardial Infarction	C0027051	CAUSES	["35246866_fullText_6"]	Angina, Unstable	C0002965
Myocardial Infarction	C0027051	ISA	["37062796_fullText_11"]	Cardiomyopathies	C0878544
Myocardial Infarction	C0027051	PRECEDES	["36150524_fullText_1"]	Diabetes Mellitus, Non-Insulin-Dependent	C0011860
Myocardial Infarction	C0027051	IS_A		Chronic myocardial ischemia	C0264694
Acne	C0702166	IS_A		Other acne	C0029485
Acne	C0702166	ISA	["34822601_fullText_4","34654619_fullText_11"]	Dermatologic disorders	C0037274
Dermatologic disorders	C0037274	COEXISTS_WITH	["35490744_fullText_1"]	Dermatomyositis	C0011633
Dermatologic disorders	C0037274	ISA	["34822601_fullText_4"]	Acne	C0702166
Irritable Bowel Syndrome	C0022104	ISA	["36452327_fullText_1"]	Syndrome	C0039082
Irritable Bowel Syndrome	C0022104	ISA	["35123085_fullText_1","33903147_fullText_1"]	Gastrointestinal Diseases	C0017178
Irritable Bowel Syndrome	C0022104	ISA	["35681486_fullText_1"]	Functional disorder of intestine	C0016807
Irritable Bowel Syndrome	C0022104	IS_A		Intestinal Diseases	C0021831
Strudwick syndrome	C0700635	ISA	["34930778_fullText_5"]	Syndrome	C0039082
Blood Coagulation Disorders	C0005779	COEXISTS_WITH	["33964207_fullText_9"]	Congenital Disorders	C0242354
Blood Coagulation Disorders	C0005779	CAUSES	["34831340_fullText_186"]	Cerebrovascular accident	C0038454
Blood Coagulation Disorders	C0005779	IS_A		Hematological Disease	C0018939
Congestive heart failure	C0018802	COEXISTS_WITH	["30944906_fullText_11"]	Myopathy	C0026848
Congestive heart failure	C0018802	ISA	["34112223_fullText_1"]	Cardiovascular Diseases	C0007222
Congestive heart failure	C0018802	IS_A		Heart Diseases	C0018799
Overactive Bladder	C0878773	ISA	["35975727_fullText_1","36674662_fullText_3","37191196_fullText_1","34963040_fullText_3","37160401_fullText_3","37160401_fullText_4","37160401_fullText_11"]	Syndrome	C0039082
Overactive Bladder	C0878773	IS_A		Urinary Bladder Diseases	C0005686
Osteoporosis with pseudoglioma	C0432252	IS_A		Syndrome	C0039082
Chronic Obstructive Airway Disease	C0024117	COEXISTS_WITH	["37524665_fullText_8"]	Asthma	C0004096
Chronic Obstructive Airway Disease	C0024117	ISA	["36672178_fullText_1","37282526_fullText_1"]	Lung diseases	C0024115
Chronic Obstructive Airway Disease	C0024117	ISA	["34684676_fullText_3"]	airway disease	C0699949
Chronic Obstructive Airway Disease	C0024117	ISA	["37493988_fullText_1"]	Respiration Disorders	C0035204
Chronic Obstructive Airway Disease	C0024117	ISA	["36097591_fullText_5"]	Chronic disease	C0008679
Chronic Obstructive Airway Disease	C0024117	ISA	["36598042_fullText_2"]	Lung Diseases, Obstructive	C0600260
Chronic Obstructive Airway Disease	C0024117	AFFECTS	["33944614_fullText_1","35621331_fullText_2"]	Asthma	C0004096
Chronic Obstructive Airway Disease	C0024117	PREDISPOSES	["36137586_fullText_2"]	Cardiovascular Diseases	C0007222
Chronic Obstructive Airway Disease	C0024117	IS_A		Lung Diseases, Obstructive	C0600260
Coffin-Siris syndrome	C0265338	IS_A		Syndrome	C0039082
Respiratory Distress Syndrome, Adult	C0035222	IS_A		Acute respiratory failure	C0264490
Atrial Fibrillation	C0004238	COEXISTS_WITH	["23306738_fullText_9"]	Myopathy	C0026848
Atrial Fibrillation	C0004238	PREDISPOSES	["23306738_fullText_8"]	Cerebral Embolism	C0007780
Atrial Fibrillation	C0004238	AFFECTS__SPEC__	["36463553_fullText_3"]	Ischemic stroke	C0948008
Atrial Fibrillation	C0004238	COEXISTS_WITH__SPEC__	["23306738_fullText_9"]	Myotonic Dystrophy	C0027126
Hypothyroidism	C0020676	CAUSES	["431031_fullText_2","431031_fullText_6"]	Myopathy	C0026848
Hypothyroidism	C0020676	ISA	["33743737_fullText_1"]	Endocrine System Diseases	C0014130
Hypothyroidism	C0020676	IS_A		Thyroid Diseases	C0040128
Gray Platelet Syndrome	C0272302	IS_A		Blood Platelet Disorders	C0005818
Nail-Patella Syndrome	C0027341	LOCATION_OF	["33811300_fullText_8"]	SVEINSSON CHORIORETINAL ATROPHY	C1862382
Nail-Patella Syndrome	C0027341	CAUSES	["36442615_fullText_5"]	Fatty Liver	C0015695
Nail-Patella Syndrome	C0027341	IS_A		Syndrome	C0039082
Mobius Syndrome	C0221060	IS_A		Facial Nerve Diseases	C0015464
Mobius Syndrome	C0221060	ISA	["17228821_fullText_1"]	Rare Diseases	C0678236
Heart failure	C0018801	COEXISTS_WITH	["7090987_fullText_1","23097601_fullText_14"]	Neuromuscular Diseases	C0027868
Heart failure	C0018801	COEXISTS_WITH	["36748952_fullText_1"]	Atrial Fibrillation	C0004238
Heart failure	C0018801	COEXISTS_WITH	["35157531_fullText_7"]	Hypertensive disease	C0020538
Heart failure	C0018801	ISA	["34413355_fullText_2","36058586_fullText_1","36171560_fullText_6","33884761_fullText_1"]	Cardiovascular Diseases	C0007222
Dementia, Vascular	C0011269	COEXISTS_WITH	["35229449_fullText_3"]	Hypertensive disease	C0020538
Dementia, Vascular	C0011269	ISA	["36279224_fullText_2"]	Cerebrovascular accident	C0038454
Jaundice, Obstructive	C0022354	IS_A		Cholestasis	C0008370
Isovaleryl-CoA dehydrogenase deficiency	C0268575	PREDISPOSES	["37940331_fullText_7"]	Polycystic Ovary Syndrome	C0032460
Airway Obstruction	C0001883	CAUSES	["35055180_fullText_48"]	Cardiac Arrest	C0018790
Dyssomnias	C0700201	COEXISTS_WITH	["38159545_fullText_13"]	Phenylketonurias	C0031485
Facial Neuralgia	C0015467	IS_A		Facial Nerve Diseases	C0015464
Horner Syndrome	C0019937	IS_A		Autonomic neuropathy	C0259749
Agenesis of corpus callosum	C0175754	COEXISTS_WITH	["34852233_fullText_6"]	Chronic pain	C0150055
Gastrointestinal Diseases	C0017178	MANIFESTATION_OF	["9821413_fullText_1"]	Congenital Disorders of Glycosylation	C0282577
Observation of Neuromuscular Block	C0700323	COEXISTS_WITH	["11519202_fullText_1"]	Myotonic Disorders	C0553604
Observation of Neuromuscular Block	C0700323	AUGMENTS	["15079005_fullText_6"]	Tetanus	C0039614
Sexual Dysfunction	C0549622	IS_A		Genital Diseases, Male	C0017412
Fleck corneal dystrophy	C1562113	COEXISTS_WITH	["34653311_fullText_6"]	Refractory epilepsy	C1096063
Fleck corneal dystrophy	C1562113	COEXISTS_WITH	["34653311_fullText_3"]	Epilepsy	C0014544
Fleck corneal dystrophy	C1562113	CAUSES	["34653311_fullText_1"]	Refractory epilepsy	C1096063
Rheumatoid Arthritis	C0003873	COEXISTS_WITH	["37507215_fullText_4"]	Exophthalmos	C0015300
Rheumatoid Arthritis	C0003873	COEXISTS_WITH	["37507215_fullText_4"]	Episcleritis	C0014583
Rheumatoid Arthritis	C0003873	COEXISTS_WITH	["37507215_fullText_4"]	Scleritis	C0036416
Rheumatoid Arthritis	C0003873	COEXISTS_WITH	["36413346_fullText_6"]	Virus Diseases	C0042769
Rheumatoid Arthritis	C0003873	ISA	["37619787_fullText_2","26739145_fullText_97"]	Inflammatory disorder	C1290884
Rheumatoid Arthritis	C0003873	IS_A		Arthritis	C0003864
Inflammatory Bowel Diseases	C0021390	COEXISTS_WITH	["36413346_fullText_6"]	Virus Diseases	C0042769
Inflammatory Bowel Diseases	C0021390	IS_A		Intestinal Diseases	C0021831
Colitis	C0009319	CAUSES	["36592713_fullText_4"]	brain dysfunction	C0262405
Colitis	C0009319	IS_A		Inflammatory Bowel Diseases	C0021390
Familial dilated cardiomyopathy	C0340427	COEXISTS_WITH	["34023320_fullText_6"]	Chronic Obstructive Airway Disease	C0024117
Diabetic Neuropathies	C0011882	IS_A		Neuropathy	C0442874
Lung diseases	C0024115	IS_A		Other disease of nasal cavity and sinuses	C0029581
Glaucoma	C0017601	COEXISTS_WITH	["36838726_fullText_9"]	Enzyme inhibition disorder	C0877008
Glaucoma	C0017601	ISA	["36430281_fullText_1","37061271_fullText_2"]	Disorder of eye	C0015397
Glaucoma	C0017601	ISA	["35835657_fullText_4"]	Hypertensive disease	C0020538
Glaucoma	C0017601	IS_A		Disorder of eye	C0015397
Urinary Bladder Diseases	C0005686	IS_A		Non-Neoplastic Urinary System Disorder	C1335051
SVEINSSON CHORIORETINAL ATROPHY	C1862382	AFFECTS	["34012003_fullText_4"]	Nail-Patella Syndrome	C0027341
SVEINSSON CHORIORETINAL ATROPHY	C1862382	IS_A		Disorder of eye	C0015397
Urticaria	C0042109	COEXISTS_WITH	["34491667_fullText_2"]	Chronic urticaria	C0263338
Urticaria	C0042109	ISA	["35538735_fullText_1"]	Allergic condition	C0851444
Urticaria	C0042109	ISA	["37067147_fullText_1"]	Dermatologic disorders	C0037274
Urticaria	C0042109	AFFECTS	["33931937_fullText_2"]	Chronic urticaria	C0263338
HIV Infections	C0019693	IS_A		Virus Diseases	C0042769
Influenza in Birds	C0016627	IS_A		Influenza	C0021400
Influenza in Birds	C0016627	ISA	["35130238_fullText_3"]	Influenza	C0021400
Hypercalcemia	C0020437	IS_A		Calcium Metabolism Disorders	C0006705
Hyperparathyroidism, Primary	C0221002	PREDISPOSES	["23809192_fullText_11"]	Rickets	C0035579
Hyperparathyroidism, Primary	C0221002	CAUSES	["34334584_fullText_1"]	Hypercalcemia	C0020437
Tachycardia, Ventricular	C0042514	COEXISTS_WITH	["6470345_fullText_1"]	Myotonic Dystrophy	C0027126
Urologic Diseases	C0042075	COEXISTS_WITH	["34496454_fullText_1"]	Multiple Sclerosis	C0026769
Vasculopathy, Retinal, With Cerebral Leukodystrophy	C1860518	IS_A		Spinal Cord Ischemia	C0752130
Multiple Sclerosis, Relapsing-Remitting	C0751967	IS_A		Multiple Sclerosis	C0026769
Hamman-Rich syndrome	C0085786	IS_A		Pneumonia	C0032285
Hamman-Rich syndrome	C0085786	ISA	["33901873_fullText_1","37061127_fullText_1"]	Pulmonary Fibrosis	C0034069
Fibrosis, Liver	C0239946	ISA	["35326472_fullText_1"]	Liver diseases	C0023895
Inferior Wall Myocardial Infarction	C0340305	IS_A		Myocardial Infarction	C0027051
dopamine beta hydroxylase deficiency	C0342687	IS_A		nervous system disorder	C0027765
Congenital vascular anomaly	C1961121	CAUSES	["21431621_fullText_9"]	Heart failure	C0018801
Hepatitis B	C0019163	ISA	["32557671_fullText_24"]	Hepatitis A	C0019159
Hepatitis B	C0019163	IS_A		Virus Diseases	C0042769
Severe Acute Respiratory Syndrome	C1175175	CAUSES	["35114773_fullText_40"]	Guillain-Barre Syndrome	C0018378
Severe Acute Respiratory Syndrome	C1175175	CAUSES	["35503561_fullText_1"]	Inflammatory disorder	C1290884
Severe Acute Respiratory Syndrome	C1175175	CAUSES	["36460816_fullText_2"]	Dysautonomia	C0013363
Severe Acute Respiratory Syndrome	C1175175	ISA	["33244235_fullText_1"]	Respiration Disorders	C0035204
Complex Regional Pain Syndromes	C0458219	IS_A		Peripheral autonomic neuropathy in disorders classified elsewhere	C0154691
Acute myocardial infarction	C0155626	CAUSES	["35725377_fullText_1"]	Congestive heart failure	C0018802
Acute myocardial infarction	C0155626	PRECEDES	["35473676_fullText_11"]	Heart failure	C0018801
Acute myocardial infarction	C0155626	IS_A		Myocardial Infarction	C0027051
autonomic instability	C0262385	COEXISTS_WITH__SPEC__	["37039813_fullText_1"]	Diabetic Cardiomyopathies	C0853897
Allergic Conjunctivitis	C0009766	IS_A		Chronic conjunctivitis	C0155145
Allergic Conjunctivitis	C0009766	ISA	["34798284_fullText_1"]	Immune System Diseases	C0021053
Autoimmune Diseases	C0004364	COEXISTS_WITH	["33722205_fullText_2"]	Phenylketonurias	C0031485
Autoimmune Diseases	C0004364	COEXISTS_WITH	["36056365_fullText_40"]	Syndrome	C0039082
Urinary tract infection	C0042029	COEXISTS_WITH	["35713182_fullText_7"]	Arthropathy associated with infection	C0157749
Urinary tract infection	C0042029	COEXISTS_WITH	["35713182_fullText_7"]	Soft Tissue Infections	C0149778
Urinary tract infection	C0042029	CAUSES	["34405208_fullText_4"]	Syndrome	C0039082
Urinary tract infection	C0042029	ISA	["34405208_fullText_4"]	Syndrome	C0039082
Priapism	C0033117	IS_A		Peripheral angiopathy in diseases classified elsewhere	C0031115
Priapism	C0033117	CAUSES	["35170870_fullText_2"]	Erectile dysfunction	C0242350
Pulmonary Fibrosis	C0034069	ISA	["33901873_fullText_1","37061127_fullText_1"]	Lung Diseases, Interstitial	C0206062
Pulmonary Fibrosis	C0034069	IS_A		Lung Diseases, Interstitial	C0206062
Female Genital Diseases	C0017411	IS_A		Non-Neoplastic Reproductive System Disorder	C1335037
cardiovascular risk factor	C0850624	COEXISTS_WITH	["34423658_fullText_8"]	Dyslipidemias	C0242339
cardiovascular risk factor	C0850624	PREDISPOSES	["35175840_fullText_2"]	Myocardial Ischemia	C0151744
Papillon-Lefevre Disease	C0030360	IS_A		Ectodermal Dysplasia	C0013575
Papillon-Lefevre Disease	C0030360	PREDISPOSES	["37189159_fullText_30"]	Adrenoleukodystrophy	C0162309
Papillon-Lefevre Disease	C0030360	PREDISPOSES	["37189159_fullText_30"]	Zellweger Syndrome	C0043459
Endometriosis	C0014175	CAUSES	["31027145_fullText_2"]	Abscess	C0000833
Endometriosis	C0014175	IS_A		Female Genital Diseases	C0017411
Seborrheic dermatitis of scalp	C0221244	IS_A		Seborrheic dermatitis	C0036508
Ocular Hypertension	C0028840	IS_A		Disorder of eye	C0015397
Glaucoma, Primary Open Angle	C0339573	IS_A		Glaucoma, Open-Angle	C0017612
Glaucoma, Open-Angle	C0017612	IS_A		Glaucoma	C0017601
Hyperphenylalaninemia, Non-Phenylketonuric	C0751436	COEXISTS_WITH	["16364672_fullText_1"]	Hyperphenylalaninaemia	C0751435
Hyperphenylalaninemia, Non-Phenylketonuric	C0751436	CAUSES	["6142937_fullText_1"]	Syndrome	C0039082
Hyperphenylalaninemia, Non-Phenylketonuric	C0751436	CAUSES	["33234470_fullText_1","30926181_fullText_2","25726095_fullText_1","25707872_fullText_1","21933604_fullText_2","8433887_fullText_2"]	Hyperphenylalaninaemia	C0751435
Hyperphenylalaninemia, Non-Phenylketonuric	C0751436	CAUSES	["29909188_fullText_1"]	Metabolic Diseases	C0025517
Hyperphenylalaninemia, Non-Phenylketonuric	C0751436	CAUSES	["7451600_fullText_5","7005193_fullText_8"]	Phenylketonurias	C0031485
Hyperphenylalaninemia, Non-Phenylketonuric	C0751436	ISA	["21795851_fullText_1"]	Hereditary Diseases	C0019247
Hyperphenylalaninemia, Non-Phenylketonuric	C0751436	ISA	["25418970_fullText_1"]	Inborn Errors of Metabolism	C0025521
Hyperphenylalaninemia, Non-Phenylketonuric	C0751436	CAUSES__SPEC__	["29909188_fullText_1"]	Phenylketonurias	C0031485
Classical phenylketonuria	C0751434	COEXISTS_WITH	["32217978_fullText_3","32217972_fullText_3"]	Embryopathies	C0013949
Classical phenylketonuria	C0751434	COEXISTS_WITH	["37555905_fullText_1","37555905_abstract_1"]	Phenylketonurias	C0031485
Classical phenylketonuria	C0751434	CAUSES	["16527067_fullText_1","16051511_fullText_1","9950308_fullText_1"]	Hyperphenylalaninaemia	C0751435
Classical phenylketonuria	C0751434	CAUSES	["31103398_fullText_1","22889463_fullText_1","16150627_fullText_1","14649732_fullText_1","12501224_fullText_1"]	Metabolic Diseases	C0025517
Classical phenylketonuria	C0751434	CAUSES	["31382905_fullText_1","8100164_fullText_1"]	Autosomal recessive hereditary disorder	C0265388
Classical phenylketonuria	C0751434	CAUSES	["38153085_fullText_1"]	Hereditary Diseases	C0019247
Classical phenylketonuria	C0751434	CAUSES	["38153085_fullText_1","31439512_fullText_1","29653686_fullText_1","29390883_fullText_1","25014052_fullText_1","24021752_fullText_1","22246293_fullText_1","19916803_fullText_1","18362925_fullText_1","15924746_fullText_8","15461973_fullText_1","15294168_fullText_1"]	Phenylketonurias	C0031485
Classical phenylketonuria	C0751434	ISA	["25497838_fullText_1","19292873_fullText_1","15556637_fullText_2"]	Hyperphenylalaninaemia	C0751435
Classical phenylketonuria	C0751434	ISA	["12501224_fullText_1"]	Metabolic Diseases	C0025517
Classical phenylketonuria	C0751434	ISA	["11859869_fullText_2"]	Hereditary Diseases	C0019247
Classical phenylketonuria	C0751434	ISA	["34014443_fullText_1","37555905_fullText_1","37555905_abstract_1"]	Phenylketonurias	C0031485
Classical phenylketonuria	C0751434	PREDISPOSES	["18493213_fullText_5"]	Transient hyperphenylalaninemia	C0268464
Classical phenylketonuria	C0751434	CAUSES__SPEC__	["16043102_fullText_2","12501224_fullText_1"]	Hyperphenylalaninaemia	C0751435
Classical phenylketonuria	C0751434	CAUSES__SPEC__	["37421234_fullText_1","37396747_fullText_3"]	Phenylketonurias	C0031485
Hyperphenylalaninaemia	C0751435	COEXISTS_WITH	["11768137_fullText_1"]	Hereditary Diseases	C0019247
Hyperphenylalaninaemia	C0751435	COEXISTS_WITH	["11443547_fullText_1"]	Hyperphenylalaninemia, Non-Phenylketonuric	C0751436
Hyperphenylalaninaemia	C0751435	COEXISTS_WITH	["35084144_fullText_3","9241405_fullText_6"]	Phenylketonurias	C0031485
Hyperphenylalaninaemia	C0751435	COEXISTS_WITH	["22447154_fullText_1"]	Metabolic Diseases	C0025517
Hyperphenylalaninaemia	C0751435	COEXISTS_WITH	["32651154_fullText_1"]	Rare Diseases	C0678236
Hyperphenylalaninaemia	C0751435	COEXISTS_WITH	["12640344_fullText_2"]	Pulmonary Hypertension, Primary, 1, With Hereditary Hemorrhagic Telangiectasia	C3714844
Hyperphenylalaninaemia	C0751435	COEXISTS_WITH	["32217978_fullText_3","32217972_fullText_3"]	Embryopathies	C0013949
Hyperphenylalaninaemia	C0751435	CAUSES	["10924272_fullText_1"]	nervous system disorder	C0027765
Hyperphenylalaninaemia	C0751435	CAUSES	["23705856_fullText_1","8946176_fullText_2"]	Phenylketonurias	C0031485
Hyperphenylalaninaemia	C0751435	ISA	["28653649_fullText_1","11859869_fullText_2"]	Hereditary Diseases	C0019247
Hyperphenylalaninaemia	C0751435	ISA	["31762087_fullText_1","12501224_fullText_1","3956347_fullText_4"]	Metabolic Diseases	C0025517
Hyperphenylalaninaemia	C0751435	AFFECTS	["6681776_fullText_3"]	Fish-Eye Disease	C0342895
Hyperphenylalaninaemia	C0751435	PREDISPOSES	["37156708_fullText_1"]	multiple pathologies	C0679225
Hyperphenylalaninaemia	C0751435	COEXISTS_WITH__SPEC__	["22447154_fullText_1","11768137_fullText_1"]	Phenylketonurias	C0031485
Persistent hyperphenylalaninemia	C0268463	COEXISTS_WITH	["20830319_fullText_1"]	Phenylketonurias	C0031485
Exudative age-related macular degeneration	C0271084	IS_A		Degeneration of macula and posterior pole of retina	C0339436
Dermatitis, Atopic	C0011615	ISA	["34432256_fullText_4"]	Inflammatory disorder	C1290884
Dermatitis, Atopic	C0011615	ISA	["36235240_fullText_1"]	atopic condition	C0947961
Dermatitis, Atopic	C0011615	IS_A		Dermatitis, Allergic Contact	C0162820
Hashimoto Disease	C0677607	COEXISTS_WITH	["2787833_fullText_2"]	Down Syndrome	C0013080
Hashimoto Disease	C0677607	CAUSES	["31566311_fullText_6"]	Hypothyroidism	C0020676
Keratopathy	C0235270	IS_A		Corneal Diseases	C0010034
Complicated appendicitis	C1632842	PREDISPOSES	["34689186_fullText_6"]	Appendicitis	C0003615
Appendicitis	C0003615	IS_A		Cecal Diseases	C0007527
Hyperprolactinemia	C0020514	COEXISTS_WITH	["9545000_fullText_11"]	Severe malnutrition	C0311276
Hyperprolactinemia	C0020514	CAUSES	["36974474_fullText_2"]	Klinefelter Syndrome	C0022735
Intracranial Hypertension	C0151740	IS_A		Encephalopathies	C0085584
Heart valve disease	C0018824	COEXISTS_WITH	["937918_fullText_4"]	Myotonic Dystrophy	C0027126
Chronic liver disease	C0341439	ISA	["32035166_abstract_2"]	Liver diseases	C0023895
Chronic liver disease	C0341439	CAUSES__SPEC__	["32035166_abstract_2"]	brain dysfunction	C0262405
Chronic liver disease	C0341439	CAUSES	["37231731_fullText_4","37231731_abstract_4"]	HIV Infections	C0019693
Ureterolithiasis	C0041952	IS_A		Disorder of ureter	C0403608
Plague	C0032064	ISA	["36057136_fullText_1"]	Parasitic Diseases	C0030499
Nance-Horan syndrome	C0796085	IS_A		Syndrome	C0039082
Deficiency of aromatic-L-amino-acid decarboxylase	C1291564	CAUSES	["38275615_fullText_1"]	Rare Diseases	C0678236
Deficiency of aromatic-L-amino-acid decarboxylase	C1291564	IS_A		Inborn Errors of Metabolism	C0025521
Coronary Arteriosclerosis	C0010054	COEXISTS_WITH	["23097601_fullText_14"]	Neuromuscular Diseases	C0027868
Coronary Arteriosclerosis	C0010054	COEXISTS_WITH	["35157531_fullText_7"]	Hypertensive disease	C0020538
Coronary Arteriosclerosis	C0010054	ISA	["34112223_fullText_1"]	Cardiovascular Diseases	C0007222
Coronary Arteriosclerosis	C0010054	ISA	["34549688_fullText_1","34077033_fullText_9","34106365_fullText_1","35175840_fullText_1"]	Myocardial Ischemia	C0151744
Lewy Body Disease	C0752347	COEXISTS_WITH	["37657939_fullText_1"]	Cerebral atrophy	C0235946
Chronic lung disease	C0746102	ISA	["34334369_fullText_1"]	Asthma	C0004096
Meniere Disease	C0025281	IS_A		Endolymphatic Hydrops	C0206586
Amenorrhea	C0002453	IS_A		Female Genital Diseases	C0017411
Amenorrhea	C0002453	AFFECTS	["34651295_fullText_5"]	Migraine Disorders	C0149931
Niemann-Pick Disease, Type C	C0220756	ISA	["37440478_fullText_1","32033912_abstract_1"]	Lysosomal Storage Diseases	C0085078
Niemann-Pick Disease, Type C	C0220756	ISA	["32060698_abstract_1"]	Rare Diseases	C0678236
Bacterial Infections	C0004623	IS_A		Adenovirus infection in conditions classified elsewhere and of unspecified site	C0001485
cardiac event	C0741923	COEXISTS_WITH	["35525424_fullText_7"]	Long Qt Syndrome 2	C3150943
cardiac event	C0741923	COEXISTS_WITH	["11559681_fullText_4"]	Myotonic Dystrophy	C0027126
Cat eye syndrome	C0265493	COEXISTS_WITH	["34427958_fullText_3"]	Long Qt Syndrome 2	C3150943
Cat eye syndrome	C0265493	COEXISTS_WITH	["34427958_fullText_3"]	LONG QT SYNDROME 3	C1859062
Frontotemporal dementia	C0338451	ISA	["34426949_fullText_2","34426949_fullText_3"]	Syndrome	C0039082
Frontotemporal dementia	C0338451	ISA	["25303993_fullText_128"]	Neurodegenerative Disorders	C0524851
Triglyceride storage disease with ichthyosis	C0268238	ISA	["32147747_fullText_126"]	Ichthyoses	C0020757
Retinopathy of Prematurity	C0035344	IS_A		Retinal Diseases	C0035309
Dementia, familial Danish	C1861735	ISA	["34416235_fullText_1"]	Neurodegenerative Disorders	C0524851
Impaired glucose tolerance	C0271650	COEXISTS_WITH	["7035234_fullText_1","7035234_fullText_7","7009630_fullText_1","7009630_fullText_6"]	Myotonic Dystrophy	C0027126
Impaired glucose tolerance	C0271650	PREDISPOSES	["27484195_fullText_42"]	Diabetes	C0011847
Impaired glucose tolerance	C0271650	IS_A		Hyperglycemia	C0020456
Sudden infant death syndrome	C0038644	IS_A		Syndrome	C0039082
Dystonia 3, Torsion, X-Linked	C1839130	ISA	["34403156_fullText_1"]	Parkinsonian Disorders	C0242422
Allergic condition	C0851444	ASSOCIATED_WITH__SPEC__	["37517656_fullText_7"]	Allergic asthma	C0155877
Lung Diseases, Obstructive	C0600260	IS_A		Lung diseases	C0024115
Lung Diseases, Obstructive	C0600260	ISA	["24289806_fullText_7"]	Lung diseases	C0024115
Gingival Diseases	C0017563	IS_A		Periodontal Diseases	C0031090
Periodontitis	C0031099	IS_A		Periodontal Diseases	C0031090
Osteoporosis	C0029456	COEXISTS_WITH	["25758373_fullText_9"]	Juvenile-Onset Vitelliform Macular Dystrophy	C2745945
Osteoporosis	C0029456	COEXISTS_WITH	["21594581_fullText_1"]	Phenylketonurias	C0031485
Pulmonary Hypertension	C0020542	IS_A		Hypertensive disease	C0020538
Necrotizing Enterocolitis	C0520459	IS_A		Digestive System Disorders	C0012242
Pulmonary Embolism	C0034065	CAUSES	["30838353_fullText_4"]	Respiratory Failure	C1145670
Adrenoleukodystrophy	C0162309	COEXISTS_WITH	["2141053_fullText_4"]	Zellweger Syndrome	C0043459
Adrenoleukodystrophy	C0162309	COEXISTS_WITH	["9458170_fullText_8"]	Chondrodysplasia Punctata, Rhizomelic	C0282529
Adrenoleukodystrophy	C0162309	ISA	["38215098_fullText_1","38176367_fullText_1","38215098_abstract_1"]	Metabolic Diseases	C0025517
Adrenoleukodystrophy	C0162309	ISA	["38245786_fullText_9","37977233_fullText_1","37850425_fullText_1","38245786_abstract_9"]	Rare Diseases	C0678236
Adrenoleukodystrophy	C0162309	ISA	["35790794_fullText_1","32003821_abstract_7"]	Hereditary Diseases	C0019247
Adrenoleukodystrophy	C0162309	ISA	["26319495_fullText_106"]	Degenerative disorder	C1285162
Adrenoleukodystrophy	C0162309	ISA	["31227335_fullText_1","37189159_fullText_4","9894883_fullText_1","7919919_fullText_1","37189159_fullText_30","33045774_fullText_42","26287655_fullText_65","26319495_fullText_106","32003821_abstract_1"]	Peroxisomal Disorders	C0282528
Adrenoleukodystrophy	C0162309	ISA	["10473053_fullText_2","37189159_fullText_181"]	Zellweger Syndrome	C0043459
Adrenoleukodystrophy	C0162309	ISA	["11216907_fullText_2"]	Peroxisome biogenesis disorders	C1832200
Adrenoleukodystrophy	C0162309	PREDISPOSES	["37189159_fullText_4"]	Peroxisomal Disorders	C0282528
Adrenoleukodystrophy	C0162309	IS_A		Leukodystrophy	C0023520
Hepatic Encephalopathy	C0019151	COEXISTS_WITH	["32020734_abstract_1"]	Liver diseases	C0023895
Hepatic Encephalopathy	C0019151	COEXISTS_WITH	["12430715_fullText_8"]	Mobius Syndrome	C0221060
Hepatic Encephalopathy	C0019151	COEXISTS_WITH	["35247138_fullText_7"]	Zinc deficiency	C0235950
Hepatic Encephalopathy	C0019151	COEXISTS_WITH	["35247138_fullText_7"]	Hepatitis B	C0019163
Hepatic Encephalopathy	C0019151	COEXISTS_WITH	["35247138_fullText_7"]	Liver Cirrhosis	C0023890
Hepatic Encephalopathy	C0019151	ISA	["32020734_abstract_1","32002756_abstract_1"]	Liver diseases	C0023895
Hepatic Encephalopathy	C0019151	IS_A		Encephalopathies	C0085584
Peptic Ulcer	C0030920	IS_A		Digestive System Disorders	C0012242
Conjunctivitis	C0009763	IS_A		Conjunctival Diseases	C0009759
Rhinitis	C0035455	IS_A		Disorder of nasal cavity	C0339820
Dermatitis, Phototoxic	C0162830	IS_A		Dermatitis, Irritant	C0162823
Pancreatitis, Chronic	C0149521	ISA	["35978870_fullText_3"]	Pancreatic Diseases	C0030286
Fibrosis of pancreas	C0267952	AFFECTS	["34153408_fullText_10"]	Pancreatitis, Chronic	C0149521
Pneumocystis jiroveci pneumonia	C1535939	IS_A		Lung diseases	C0024115
Tricuspid Valve Insufficiency	C0040961	IS_A		Rheumatic tricuspid valve disease	C0264776
Lichen disease	C0023643	IS_A		Skin Diseases, Genetic	C0037277
Angioedemas, Hereditary	C0019243	CAUSES	["31375398_fullText_2"]	Immune Complex Diseases	C0020951
Connective Tissue Diseases	C0009782	IS_A		Musculoskeletal Diseases	C0026857
Autonomic neuropathy	C0259749	IS_A		Peripheral autonomic neuropathy in disorders classified elsewhere	C0154691
Autonomic neuropathy	C0259749	COEXISTS_WITH	["35913923_fullText_2"]	Cirrhosis	C1623038
Autonomic neuropathy	C0259749	COEXISTS_WITH	["37264553_fullText_1"]	Diabetes Mellitus, Non-Insulin-Dependent	C0011860
Acquired Immunodeficiency Syndrome	C0001175	IS_A		HIV Infections	C0019693
Lupus Erythematosus, Systemic	C0024141	IS_A		Lupus Erythematosus	C0409974
Vasculitis	C0042384	IS_A		Spinal Cord Ischemia	C0752130
Behcet Syndrome	C0004943	IS_A		Vasculitis	C0042384
Pancreatitis	C0030305	IS_A		Other specified diseases of pancreas	C0029771
Gastritis	C0017152	IS_A		Stomach Diseases	C0038354
Endometritis	C0014179	IS_A		Endometrial disorder	C0151622
Subfertility	C0729353	COEXISTS_WITH	["33811838_fullText_1"]	Puerperal Disorders	C0034040
Hyalinosis, Systemic	C2745948	IS_A		Connective Tissue Diseases	C0009782
Recurrent seizures	C0748607	COEXISTS_WITH	["18094870_fullText_1"]	Rare Diseases	C0678236
Recurrent seizures	C0748607	COEXISTS_WITH	["33924731_fullText_1"]	Brain Diseases	C0006111
Recurrent seizures	C0748607	COEXISTS_WITH__SPEC__	["33924731_fullText_1"]	Epilepsy	C0014544
Recurrent seizures	C0748607	COEXISTS_WITH	["33808762_fullText_1"]	Epilepsy	C0014544
Gastrointestinal dysfunction	C0679407	COEXISTS_WITH	["37448106_fullText_4"]	MITOCHONDRIAL NEUROGASTROINTESTINAL ENCEPHALOPATHY SYNDROME	C0872218
Gastroparesis	C0152020	IS_A		Dyspepsia and other specified disorders of function of stomach	C0013396
Mastocytosis	C0024899	IS_A		Leukocyte Disorders	C0023510
Skin lesion	C0037284	COEXISTS_WITH	["32018000_abstract_3"]	Keratitis	C0022568
Skin lesion	C0037284	OCCURS_IN	["25813338_fullText_7"]	Dystrophia myotonica 1	C2931688
Skin lesion	C0037284	CAUSES	["22240719_fullText_6"]	Nystagmus	C0028738
Mastocytosis, Systemic	C0221013	IS_A		Mastocytosis	C0024899
Acromegaly	C0001206	IS_A		Hyperpituitarism	C0020506
Acromegaly	C0001206	AUGMENTS	["35635035_fullText_2"]	Diabetes Mellitus	C0011849
Acromegaly	C0001206	ISA	["33727117_fullText_1"]	Endocrine System Diseases	C0014130
Functional disorder of intestine	C0016807	IS_A		Intestinal Diseases	C0021831
Functional disorder of intestine	C0016807	AFFECTS__SPEC__	["33771554_fullText_1"]	Irritable Bowel Syndrome	C0022104
Functional disorder of intestine	C0016807	AFFECTS__SPEC__	["33771554_fullText_1"]	Alzheimer's Disease	C0002395
Cardiac fibrosis	C1397307	CAUSES	["36041503_fullText_8"]	Heart failure	C0018801
Cardiac fibrosis	C1397307	AUGMENTS	["33766620_fullText_10"]	Chronic Fatigue Syndrome	C0015674
Chronic Fatigue Syndrome	C0015674	IS_A		Syndrome	C0039082
Lipodystrophy	C0023787	IS_A		Connective Tissue Diseases	C0009782
Lipodystrophy	C0023787	AFFECTS	["34638939_fullText_3"]	LEPTIN DEFICIENCY	C3554224
Marfan Syndrome	C0024796	COEXISTS_WITH	["37507215_fullText_6"]	Aortic root dilatation	C0238669
Marfan Syndrome	C0024796	ISA	["37507215_fullText_6"]	Connective Tissue Diseases	C0009782
Marfan Syndrome	C0024796	IS_A		Connective Tissue Diseases	C0009782
Cystitis	C0010692	IS_A		Urinary Bladder Diseases	C0005686
Cystitis	C0010692	ISA	["33749323_fullText_13"]	Urinary Bladder Diseases	C0005686
Diabetes Insipidus	C0011848	IS_A		Kidney Diseases	C0022658
Recurrent disease	C0277556	PRECEDES	["36109351_fullText_4"]	Urticaria	C0042109
Klinefelter Syndrome	C0022735	COEXISTS_WITH	["3148784_fullText_1"]	Ocular Hypotension	C0028841
ABLEPHARON-MACROSTOMIA SYNDROME	C1860224	IS_A		Syndrome	C0039082
Lingual-Facial-Buccal Dyskinesia	C0152115	IS_A		Movement Disorders	C0026650
Lingual-Facial-Buccal Dyskinesia	C0152115	ISA	["35589648_fullText_1"]	Dyskinetic syndrome	C0013384
Carbamoyl-Phosphate Synthase I Deficiency Disease	C0751753	COEXISTS_WITH	["35151815_fullText_5"]	Fatty Liver	C0015695
Carbamoyl-Phosphate Synthase I Deficiency Disease	C0751753	ISA	["37427576_fullText_1"]	Urea Cycle Disorders, Inborn	C0154246
Carbamoyl-Phosphate Synthase I Deficiency Disease	C0751753	IS_A		Urea Cycle Disorders, Inborn	C0154246
Infestation by Phthirus pubis	C0030759	IS_A		Lice Infestations	C0030756
Bladder neck obstruction	C0005694	IS_A		Urinary Bladder Diseases	C0005686
Neurogenic Urinary Bladder	C0005697	IS_A		Urinary Bladder Diseases	C0005686
Severe visual impairment	C1301509	COEXISTS_WITH	["32165824_fullText_1"]	Retinal Diseases	C0035309
Wound, non-healed	C0750433	CAUSES	["36686487_fullText_1"]	Diabetes	C0011847
Optic Neuropathy, Ischemic	C0155305	IS_A		Disorder of the optic nerve	C0029132
Dysbacteriosis	C1536021	CAUSES	["36591754_fullText_5"]	Irritable Bowel Syndrome	C0022104
Ovarian Hyperstimulation Syndrome	C0085083	IS_A		Ovarian Diseases	C0029928
Urolithiasis	C0451641	ISA	["36629069_fullText_1"]	Urologic Diseases	C0042075
Acute pancreatitis	C0001339	IS_A		Pancreatitis	C0030305
Acute pancreatitis	C0001339	ISA	["35978870_fullText_3"]	Pancreatic Diseases	C0030286
Fibromyalgia	C0016053	ASSOCIATED_WITH__SPEC__	["34208781_fullText_1"]	Chronic disease	C0008679
Fibromyalgia	C0016053	IS_A		Syndrome	C0039082
RESTLESS LEGS SYNDROME, SUSCEPTIBILITY TO, 1 (finding)	C1876177	ISA	["36550837_fullText_1"]	nervous system disorder	C0027765
RESTLESS LEGS SYNDROME, SUSCEPTIBILITY TO, 1 (finding)	C1876177	ISA	["36550837_fullText_1"]	Restless Legs Syndrome	C0035258
Xerophthalmia	C0043349	IS_A		Dry Eye Syndromes	C0013238
Obesity, Morbid	C0028756	IS_A		Obesity	C0028754
Macular degeneration	C0024437	CAUSES	["36729871_fullText_29"]	Atrophoderma maculatum	C1288283
Macular degeneration	C0024437	IS_A		Retinal Degeneration	C0035304
Primary biliary cirrhosis	C0008312	ISA	["7854557_fullText_5"]	Hepatitis	C0019158
Primary biliary cirrhosis	C0008312	CAUSES__SPEC__	["7854557_fullText_5"]	Cholestasis	C0008370
Idiopathic pulmonary hypertension	C0152171	IS_A		Other chronic pulmonary heart diseases	C0155673
Exfoliation Syndrome	C0206368	IS_A		Iris Diseases	C0022078
Takotsubo Cardiomyopathy	C1739395	COEXISTS_WITH	["37507215_fullText_5"]	Myasthenia Gravis	C0026896
Symptomatic dermographism	C0343065	COEXISTS_WITH	["34491667_fullText_4"]	Chronic urticaria	C0263338
Facial Hemiatrophy	C0015458	CAUSES	["9528029_fullText_10"]	brain dysfunction	C0262405
Facial Hemiatrophy	C0015458	IS_A		Facial Nerve Diseases	C0015464
Toxoplasmosis	C0040558	IS_A		Coccidiosis	C0009187
Abnormal involuntary movement	C0392702	AFFECTS	["33850083_fullText_2"]	Parkinsonian Disorders	C0242422
Peripheral Vascular Diseases	C0085096	COMPLICATES	["7111115_fullText_1"]	Myotonic Dystrophy	C0027126
Hypergonadotropic Ovarian Failure, X-Linked	C3494522	CAUSES	["35957829_fullText_11"]	Metabolic Diseases	C0025517
Motion Sickness	C0026603	IS_A		Diseases of inner ear	C0494559
Ocular hyperemia	C0155169	IS_A		Conjunctival Diseases	C0009759
Glossitis, Benign Migratory	C0017677	IS_A		Atrophy of tongue papillae	C0155964
Candidiasis	C0006840	IS_A		Opportunistic mycosis	C0029119
Burning Mouth Syndrome	C0006430	IS_A		Mouth Diseases	C0026636
Gastrointestinal tract vascular insufficiency	C0156149	COEXISTS_WITH	["32562786_fullText_6"]	Enteritis	C0014335
Atherosclerosis	C0004153	ISA	["35944740_fullText_1","35764143_fullText_1"]	Arteriosclerotic cardiovascular disease, NOS	C3665365
Atherosclerosis	C0004153	IS_A		Arteriosclerotic cardiovascular disease, NOS	C3665365
Arteriosclerotic cardiovascular disease, NOS	C3665365	IS_A		Arteriosclerosis	C0003850
Muscular Dystrophy, Facioscapulohumeral	C0238288	ISA	["32744322_fullText_1","26002596_fullText_147"]	Myopathy	C0026848
Muscular Dystrophy, Facioscapulohumeral	C0238288	ISA	["27734165_fullText_1","17092719_fullText_4"]	Muscular Dystrophy	C0026850
Muscular Dystrophy, Facioscapulohumeral	C0238288	IS_A		Muscular Dystrophy	C0026850
Immunologic Deficiency Syndromes	C0021051	COEXISTS_WITH	["35732497_fullText_3","21060795_fullText_1"]	Congenital Disorders	C0242354
Immunologic Deficiency Syndromes	C0021051	ISA	["21060795_fullText_0"]	Syndrome	C0039082
Immunologic Deficiency Syndromes	C0021051	IS_A		Unspecified disorder of immune mechanism	C0041806
Essential Hypertension	C0085580	IS_A		Hypertensive disease	C0020538
Essential Hypertension	C0085580	AUGMENTS	["36637971_fullText_11"]	Heart failure	C0018801
Essential Hypertension	C0085580	COEXISTS_WITH	["35937820_fullText_5"]	Hypertensive disease	C0020538
Eczema	C0013595	ISA	["34654619_fullText_11"]	Dermatologic disorders	C0037274
Gestational Diabetes	C0085207	IS_A		Diabetes Mellitus	C0011849
Gestational Diabetes	C0085207	COEXISTS_WITH	["34104088_fullText_9"]	Chronic Kidney Diseases	C1561643
Gout	C0018099	ISA	["37563694_fullText_8"]	Metabolic Diseases	C0025517
Gout	C0018099	IS_A		Arthritis	C0003864
Hyperthyroidism	C0020550	ISA	["36743920_fullText_1"]	Endocrine System Diseases	C0014130
Hypoplastic enamel-onycholysis-hypohidrosis syndrome	C0406735	IS_A		Syndrome	C0039082
Lambert-Eaton Myasthenic Syndrome	C0022972	COEXISTS_WITH	["11234561_fullText_10"]	Polymyositis	C0085655
Lambert-Eaton Myasthenic Syndrome	C0022972	AFFECTS__SPEC__	["31449669_fullText_6"]	Myasthenia Gravis	C0026896
Lambert-Eaton Myasthenic Syndrome	C0022972	IS_A		Neuromuscular Junction Diseases	C0751950
Hypercholesterolemia	C0020443	AFFECTS	["35998751_fullText_7"]	cardiovascular risk factor	C0850624
hepatobiliary disease	C0267792	IS_A		Digestive System Disorders	C0012242
Tubular Aggregate Myopathy	C0410207	ISA	["28712002_fullText_6"]	Rare Diseases	C0678236
Eclampsia	C0013537	PREDISPOSES	["36064525_fullText_7"]	Gestational Diabetes	C0085207
Malaria	C0024530	IS_A		Protozoan Infections	C0033740
Malaria	C0024530	ISA	["37094110_fullText_1"]	Communicable Diseases	C0009450
Hypertension, Portal	C0020541	COEXISTS_WITH	["35661713_fullText_2"]	Early cirrhosis	C1299579
Hypertension, Portal	C0020541	CAUSES	["37417652_fullText_2"]	Hepatorenal Syndrome	C0019212
Hypertension, Portal	C0020541	IS_A		Vascular disorder of liver	C0400923
Meibomian gland dysfunction	C1275684	CAUSES	["36012741_fullText_1"]	Disorder of eye	C0015397
Meibomian gland dysfunction	C1275684	ISA	["36012741_fullText_1"]	Disorder of eye	C0015397
Hyperhomocysteinemia	C0598608	PREDISPOSES	["35998432_fullText_10"]	Cerebrovascular accident	C0038454
Hyperhomocysteinemia	C0598608	IS_A		Amino Acid Metabolism, Inborn Errors	C0002514
Arthritis	C0003864	IS_A		Osteitis	C0029400
Anemia, Sickle Cell	C0002895	ISA	["8180635_fullText_1"]	Hemoglobinopathies	C0019045
Dermatitis, Allergic Contact	C0162820	IS_A		Contact Dermatitis	C0011616
Persistent pulmonary hypertension	C1135361	COMPLICATES	["8151482_fullText_1"]	Congenital Myotonic Dystrophy	C0410226
Hypoalphalipoproteinemia, Familial	C1704429	ISA	["36170883_fullText_1"]	Endocrine System Diseases	C0014130
Hirschsprung disease 1	C2931876	ISA	["36142117_fullText_1"]	Hirschsprung Disease	C0019569
Bronchiectasis	C0006267	IS_A		Bronchial Diseases	C0006261
Bronchiectasis	C0006267	ISA	["36878611_fullText_2"]	Chronic Obstructive Airway Disease	C0024117
Bronchiectasis	C0006267	ISA	["37562935_fullText_1"]	Lung diseases	C0024115
Bronchiectasis	C0006267	ISA	["36163658_fullText_1"]	Respiration Disorders	C0035204
Bronchiectasis	C0006267	COEXISTS_WITH	["36441791_fullText_3"]	Infantile Neuroaxonal Dystrophy	C0270724
Ileitis	C0020877	IS_A		Crohn's disease of large bowel	C0156147
Juvenile-Onset Vitelliform Macular Dystrophy	C2745945	COEXISTS_WITH	["31587319_fullText_2","31650703_fullText_1","25005329_fullText_8","25005329_fullText_11","22300845_fullText_1"]	Phenylketonurias	C0031485
Ametropia	C1527310	COEXISTS_WITH	["11020111_fullText_3"]	Glutaric aciduria	C0268594
Peptic Esophagitis	C0014869	IS_A		Esophagitis	C0014868
Arthropathy associated with infection	C0157749	IS_A		Bone Diseases	C0005940
Herpes zoster disease	C0019360	IS_A		Virus Diseases	C0042769
Portal vein thrombosis	C0155773	IS_A		Other venous embolism & thrombosis	C0155774
Esophageal Varices	C0014867	LOCATION_OF	["37202907_fullText_1"]	Cirrhosis	C1623038
Esophageal Varices	C0014867	ISA	["37482222_fullText_13"]	Hypertension, Portal	C0020541
Esophageal Varices	C0014867	OCCURS_IN	["35688747_fullText_7"]	Liver Cirrhosis	C0023890
Angina, Unstable	C0002965	IS_A		Chronic myocardial ischemia	C0264694
pruritus chronic	C0748035	COMPLICATES	["35000152_fullText_9"]	Diabetes Mellitus	C0011849
pruritus chronic	C0748035	COMPLICATES	["35000152_fullText_2"]	Diabetes Mellitus, Non-Insulin-Dependent	C0011860
pruritus chronic	C0748035	COEXISTS_WITH	["35000152_fullText_11"]	Diabetes Mellitus, Non-Insulin-Dependent	C0011860
Mitral Valve Insufficiency	C0026266	COEXISTS_WITH	["2377832_fullText_10"]	Left Ventricular Hypertrophy	C0149721
Rett Syndrome	C0035372	ISA	["31217022_fullText_107"]	Neurodegenerative Disorders	C0524851
Esophagitis	C0014868	IS_A		Esophageal Diseases	C0014852
Celiac Disease	C0007570	PREDISPOSES	["36056365_fullText_110"]	Neurodegenerative Disorders	C0524851
Colitis, Collagenous	C0238067	IS_A		Colitis, Microscopic	C0400821
Anhidrosis	C0003028	IS_A		Hypohidrosis	C0020620
Aortic Valve Insufficiency	C0003504	PRECEDES	["1911806_fullText_4"]	AORTIC VALVE DISEASE 2	C3542024
Aortic Valve Insufficiency	C0003504	COEXISTS_WITH	["2377832_fullText_10"]	Left Ventricular Hypertrophy	C0149721
Fasciolopsiasis	C0015656	IS_A		Helminthiasis	C0018889
Intestinal infectious disease (disorder)	C0178238	IS_A		Intestinal Diseases	C0021831
Cestode Infections	C0007894	CAUSES	["34762657_fullText_1"]	Neglected Diseases	C2936328
Night Blindness	C0028077	IS_A		Retinal Diseases	C0035309
Polycystic Ovary Syndrome	C0032460	IS_A		Other ovarian failure	C0029697
Congenital heart disease	C0152021	COEXISTS_WITH	["10571768_fullText_2"]	Syndrome	C0039082
Vesico-Ureteral Reflux	C0042580	IS_A		Disorder of ureter	C0403608
Infantile Severe Myoclonic Epilepsy	C0751122	OCCURS_IN	["39231983_fullText_159"]	Mitochondrial encephalopathy	C1852373
Infantile Severe Myoclonic Epilepsy	C0751122	CAUSES	["34822817_fullText_4"]	Central convulsion	C0234534
Infantile Severe Myoclonic Epilepsy	C0751122	ISA	["34822817_fullText_1"]	Epilepsy	C0014544
Febrile Convulsions	C0009952	CAUSES	["37955240_fullText_9"]	Lupus Erythematosus, Systemic	C0024141
Acute urticaria	C0234935	ISA	["36109590_fullText_3"]	Urticaria	C0042109
Folic Acid Deficiency	C0016412	COEXISTS_WITH	["30916789_fullText_6"]	Metabolic Diseases	C0025517
Folic Acid Deficiency	C0016412	CAUSES	["2785251_fullText_4"]	Phenylketonuria II	C0268465
Hepatorenal Syndrome	C0019212	ISA	["37417652_fullText_2"]	Liver Failure	C0085605
Proliferative diabetic retinopathy	C0154830	IS_A		Diabetic Retinopathy	C0011884
Demyelinating Diseases	C0011303	IS_A		CNS disorder	C0007682
Community acquired pneumonia	C0694549	PREDISPOSES	["33721209_fullText_2"]	copd exacerbation	C0740304
Colitis, Microscopic	C0400821	IS_A		Colitis	C0009319
Sustained ventricular tachycardia	C0750197	COMPLICATES	["8864345_fullText_3"]	Myotonic Dystrophy	C0027126
Breast Diseases	C0006145	COEXISTS_WITH	["35386045_fullText_3"]	Sexual Dysfunction	C0549622
Postmyocardial infarction syndrome	C0152107	IS_A		Pericarditis	C0031046
Christ-Siemens-Touraine syndrome	C0162359	IS_A		Ectodermal Dysplasia	C0013575
Christ-Siemens-Touraine syndrome	C0162359	IS_A		Christ-Siemens-Touraine syndrome	C0162359
Placental Insufficiency	C0032051	IS_A		Placental Non-Neoplastic Disorder	C1335423
Placental Insufficiency	C0032051	AFFECTS	["34502436_fullText_5"]	Metabolic Diseases	C0025517
Jervell-Lange Nielsen Syndrome	C0022387	IS_A		Long QT Syndrome	C0023976
Thrombophilia	C0398623	IS_A		Blood Coagulation Disorders	C0005779
Glomerulonephritis	C0017658	IS_A		Nephritis	C0027697
Epilepsy, Temporal Lobe	C0014556	IS_A		Epilepsies, Partial	C0014547
Suppurative labyrinthitis	C0155506	IS_A		Labyrinthitis	C0022893
Muscular Dystrophies, Limb-Girdle	C0686353	IS_A		Muscular Dystrophy	C0026850
Hemoglobinopathies	C0019045	IS_A		Anemia, Hemolytic, Congenital	C0002881
Heart Failure, Right-Sided	C0235527	ISA	["33739204_fullText_3"]	Heart failure	C0018801
Liver Failure, Acute	C0162557	COEXISTS_WITH	["35732497_fullText_32"]	Mitochondrial Hepatopathy	C1328348
Liver Failure, Acute	C0162557	COEXISTS_WITH	["32035166_abstract_4"]	Liver diseases	C0023895
Liver Failure, Acute	C0162557	ISA	["32035166_abstract_4"]	Liver diseases	C0023895
Mouth Diseases	C0026636	IS_A		Digestive System Disorders	C0012242
Cholestasis-edema syndrome, Norwegian type	C0268314	IS_A		Syndrome	C0039082
MPS III A	C0086647	IS_A		Mucopolysaccharidosis III	C0026706
Trigeminal Neuralgia	C0040997	IS_A		Other specified trigeminal nerve disorders	C0029834
Deep Vein Thrombosis	C0149871	COEXISTS_WITH	["29623892_fullText_2"]	Congenital disorder of glycosylation type 1A	C0349653
Cataract, congenital, with microcornea or slight microphthalmia	C2930878	COEXISTS_WITH	["37515745_fullText_6"]	Migraine Disorders	C0149931
Migraine with Aura	C0154723	IS_A		Migraine Disorders	C0149931
Genetic syndrome	C0567439	COEXISTS_WITH	["22992984_fullText_1"]	Nephrotic Syndrome	C0027726
Prediabetes syndrome	C0362046	IS_A		Glucose Metabolism Disorders	C1257958
Ocular Hypotension	C0028841	IS_A		Disorder of eye	C0015397
Nevi flammei, familial multiple	C2931029	IS_A		Disease of capillaries	C0155765
Schistosomiasis	C0036323	ISA	["34736899_fullText_1"]	Parasitic Diseases	C0030499
Diseases of inner ear	C0494559	IS_A		Ear Diseases	C0013447
Kidney Tubular Necrosis, Acute	C0022672	CAUSES	["33970887_fullText_5"]	Kidney Failure	C0035078
OROFACIAL CLEFT 1	C1861537	COEXISTS_WITH__SPEC__	["31062211_fullText_82"]	Macrocephaly	C0221355
Fetal Alcohol Syndrome	C0015923	ISA	["36740025_fullText_3","37188849_fullText_1"]	Fetal Alcohol Spectrum Disorders	C2985290
Degenerative brain disorder	C0154671	IS_A		Encephalopathies	C0085584
Acute endometritis	C0238103	IS_A		Endometritis	C0014179
Q Fever	C0034362	COEXISTS_WITH	["34232075_fullText_4"]	Communicable Diseases	C0009450
Male infertility	C0021364	IS_A		Genital Diseases, Male	C0017412
Alport Syndrome	C1567741	ISA	["29673759_fullText_4"]	Kidney Diseases	C0022658
Alport Syndrome	C1567741	ISA	["32839582_fullText_6"]	Hereditary Diseases	C0019247
Adrenal Gland Hyperfunction	C0001622	IS_A		Adrenal Gland Diseases	C0001621
Duane Retraction Syndrome	C0013261	IS_A		Other specified strabismus	C0029831
Hyperparathyroidism, Secondary	C0020503	IS_A		Hyperparathyroidism	C0020502
Metabolic Bone Disorder	C0005944	ISA	["37723370_fullText_1"]	Metabolic Diseases	C0025517
Metabolic Bone Disorder	C0005944	ISA	["24559543_fullText_2","23352389_fullText_2"]	Bone Diseases	C0005940
Metabolic Bone Disorder	C0005944	OCCURS_IN	["23352389_fullText_6"]	Phenylketonurias	C0031485
Bone Diseases	C0005940	COEXISTS_WITH	["21336059_fullText_2"]	Phenylketonurias	C0031485
Bone Diseases	C0005940	AUGMENTS	["21152388_fullText_10"]	Ocular Cicatricial Pemphigoid	C1282359
Bone Diseases	C0005940	IS_A		Connective Tissue Diseases	C0009782
Hemolytic-Uremic Syndrome	C0019061	IS_A		Kidney Diseases	C0022658
Duodenal Ulcer	C0013295	IS_A		Peptic Ulcer	C0030920
Heart Failure, Systolic	C1135191	IS_A		Congestive heart failure	C0018802
Pituitary Apoplexy	C0032001	IS_A		Pituitary infarction	C0342405
Meibomian Cyst	C0007933	IS_A		Infective dermatitis of eyelid of types resulting in deformity	C0155181
Lung Diseases, Interstitial	C0206062	IS_A		Lung diseases	C0024115
Angle Closure Glaucoma	C0017605	IS_A		Glaucoma	C0017601
Vulvovaginitis	C0042998	IS_A		Female Genital Diseases	C0017411
Coronary Stenosis	C0242231	IS_A		Chronic myocardial ischemia	C0264694
Myocarditis	C0027059	IS_A		Cardiomyopathy in other diseases classified elsewhere	C0155699
Pneumonia, Viral	C0032310	IS_A		Virus Diseases	C0042769
Pneumonia, Viral	C0032310	CAUSES	["34114951_fullText_1"]	Respiratory Distress Syndrome, Adult	C0035222
Neurogenic Bowel	C0695242	IS_A		Intestinal Diseases	C0021831
Mucopolysaccharidosis III	C0026706	IS_A		Mucopolysaccharidoses	C0026703
Thyroid Diseases	C0040128	IS_A		Endocrine System Diseases	C0014130
Bulbar weakness	C1301959	CAUSES	["29518833_fullText_16"]	Deglutition Disorders	C0011168
Akathisia, Tardive	C0162549	ISA	["36522124_fullText_1"]	Movement Disorders	C0026650
Widespread Disease	C0849867	CAUSES	["2803681_fullText_1"]	Myotonic Dystrophy	C0027126
Dacryoadenitis	C0155223	IS_A		Lacrimal Apparatus Diseases	C0022904
Keratoconjunctivitis Sicca	C0022575	IS_A		Dry Eye Syndromes	C0013238
Dengue Fever	C0011311	IS_A		Virus Diseases	C0042769
Dengue Fever	C0011311	ISA	["37094110_fullText_1"]	Communicable Diseases	C0009450
Severe Dengue	C0019100	IS_A		Dengue Fever	C0011311
Secondary hypertension	C0155616	IS_A		Hypertensive disease	C0020538
Multiple Sclerosis, Secondary Progressive	C0751965	IS_A		Multiple Sclerosis	C0026769
Sarcoidosis, Pulmonary	C0036205	IS_A		Lung diseases	C0024115
Nonalcoholic Steatohepatitis	C3241937	CAUSES	["34799282_fullText_1"]	Cirrhosis	C1623038
Ovarian Diseases	C0029928	IS_A		Female Genital Diseases	C0017411
Benign Paroxysmal Positional Vertigo	C0155502	IS_A		Other peripheral vertigo	C0029706
Synovitis	C0039103	IS_A		Connective Tissue Diseases	C0009782
ARRHYTHMOGENIC RIGHT VENTRICULAR DYSPLASIA, FAMILIAL, 5 (disorder)	C1858379	ISA	["34412508_fullText_1"]	Hereditary Diseases	C0019247
Hemorrhagic Fever with Renal Syndrome	C0019101	IS_A		Virus Diseases	C0042769
Carpal Tunnel Syndrome	C0007286	IS_A		Entrapment Neuropathies	C1510429
Mycoses	C0026946	IS_A		Adenovirus infection in conditions classified elsewhere and of unspecified site	C0001485
Infection by Cryptococcus neoformans	C0010414	IS_A		Opportunistic mycosis	C0029119
Nephrogenic Diabetes Insipidus	C0162283	IS_A		Diabetes Insipidus	C0011848
Cataplexy	C0007384	COEXISTS_WITH	["36165509_fullText_1"]	Narcolepsy	C0027404
Cataplexy	C0007384	ISA	["36098936_fullText_9"]	Narcolepsy	C0027404
Familial Alzheimer Disease (FAD)	C0276496	ISA	["37553376_fullText_1"]	Neurodegenerative Disorders	C0524851
Thrombocytosis	C0836924	IS_A		Blood Platelet Disorders	C0005818
Aortic Aneurysm, Abdominal	C0162871	IS_A		Thoracoabdominal aortic aneurysm, ruptured	C1305122
Pallister-Hall syndrome	C0265220	IS_A		Syndrome	C0039082
Subaortic stenosis	C0340375	IS_A		Rheumatic aortic stenosis	C0155567
Thoracic Outlet Syndrome	C0039984	IS_A		Spinal Cord Ischemia	C0752130
Diabetic Autonomic Neuropathy	C0271686	IS_A		Autonomic neuropathy	C0259749
Colonic Pseudo-Obstruction	C0009377	IS_A		Colonic Diseases, Functional	C0009374
Eosinophilic esophagitis	C0341106	IS_A		Esophagitis	C0014868
Eosinophilia	C0014457	IS_A		Leukocyte Disorders	C0023510
Cholangitis	C0008311	IS_A		Bile Duct Diseases	C0005395
CATARACT-ALOPECIA-SCLERODACTYLY SYNDROME	C1859316	IS_A		Ectodermal Dysplasia	C0013575
Renal tubular acidosis	C0001126	IS_A		Renal Tubular Transport, Inborn Errors	C0035091
Gastric ulcer	C0038358	IS_A		Peptic Ulcer	C0030920
Chronic rhinitis	C0008711	IS_A		Rhinitis	C0035455
Aortic root dilation	C1866956	COEXISTS_WITH	["35902413_fullText_1"]	Marfan Syndrome	C0024796
Pili torti-deafness syndrome	C0266006	IS_A		Syndrome	C0039082
Fetal Alcohol Spectrum Disorders	C2985290	LOCATION_OF	["36740025_fullText_3","37188849_fullText_1"]	Fetal Alcohol Syndrome	C0015923
Sarcosinemia	C0268563	IS_A		Amino Acid Metabolism, Inborn Errors	C0002514
Hypopituitarism	C0020635	IS_A		Other and unspecified anterior pituitary hyperfunction	C0029493
Common Cold	C0009443	IS_A		Other disease of nasal cavity and sinuses	C0029581
Tay-Sachs Disease	C0039373	IS_A		Gangliosidoses, GM2	C0268274
Atrioventricular Block	C0004245	ISA	["31735801_fullText_6"]	Heart Diseases	C0018799
Immune thrombocytopenic purpura	C0398650	IS_A		Other primary thrombocytopenia	C0477317
Aortic Diseases	C0003493	COEXISTS_WITH	["36939732_fullText_1"]	Hereditary Diseases	C0019247
Aortic Diseases	C0003493	COEXISTS_WITH	["36939732_fullText_1"]	Marfan Syndrome	C0024796
Duodenitis	C0013298	IS_A		Intestinal Diseases	C0021831
Hemorrhagic diarrhea	C0151594	COEXISTS_WITH	["37428172_fullText_1"]	Gastritis	C0017152
Hemorrhagic diarrhea	C0151594	COEXISTS_WITH	["37428172_fullText_1"]	Duodenitis	C0013298
Protein-Losing Enteropathies	C0033680	IS_A		Intestinal Diseases	C0021831
Eosinophilic gastroenteritis	C1262481	IS_A		Gastroenteritis	C0017160
Lichen Planus	C0023646	IS_A		Lichen disease	C0023643
Lafora Disease	C0751783	IS_A		Myoclonic Epilepsies, Progressive	C0751778
Pneumonia, Bacterial	C0004626	IS_A		Pneumonia	C0032285
Hyperferritinemia, hereditary, with congenital cataracts	C1833213	IS_A		Syndrome	C0039082
Optic chiasm disorder	C0155307	IS_A		Disorder of the optic nerve	C0029132
Contact Dermatitis	C0011616	IS_A		Dermatitis	C0011603
Trisomy	C0041107	PREDISPOSES	["37315904_fullText_1"]	Infantile spasms	C0037769
Secondary Parkinson Disease	C0030569	IS_A		Degenerative disorder	C1285162
Thyrotoxicosis	C0040156	IS_A		Thyroid Diseases	C0040128
Thyroid Crisis	C0040127	IS_A		Thyroid Diseases	C0040128
Silicosis	C0037116	IS_A		Pneumoconiosis	C0032273
Pneumoconiosis	C0032273	IS_A		Lung Diseases, Interstitial	C0206062
Diffuse Scleroderma	C1258104	IS_A		Systemic Scleroderma	C0036421
Deficiency Diseases	C0011156	IS_A		Nutrition Disorders	C3714509
Rhinitis, Vasomotor	C0035460	IS_A		Rhinitis	C0035455
Roberts-SC phocomelia syndrome	C0392475	IS_A		Syndrome	C0039082
Pulmonary Eosinophilia	C0034068	IS_A		Eosinophilia	C0014457
Hyperparathyroidism	C0020502	IS_A		Parathyroid Diseases	C0030517
Hyperparathyroidism	C0020502	COEXISTS_WITH	["1473442_fullText_2"]	Myotonic Dystrophy	C0027126
Hyperparathyroidism	C0020502	COEXISTS_WITH	["1887757_fullText_4"]	Basal ganglia calcifications	C1389280
Intracranial Aneurysm	C0007766	IS_A		Cerebral Arterial Diseases	C0007774
Viremia	C0042749	CAUSES	["35984731_fullText_6"]	Adrenoleukodystrophy	C0162309
Toxoplasmosis, Congenital	C0040560	IS_A		Toxoplasmosis	C0040558
Hepatitis C	C0019196	IS_A		Virus Diseases	C0042769
Intestinal Pseudo-Obstruction	C0021847	IS_A		Colonic Diseases	C0009373
Johanson-Blizzard syndrome	C0175692	IS_A		Syndrome	C0039082
atopic condition	C0947961	COEXISTS_WITH	["35726790_fullText_2"]	Asthma	C0004096
Methemoglobinemia	C0025637	IS_A		Hemoglobinopathies	C0019045
Spinal Cord Diseases	C0037928	IS_A		CNS disorder	C0007682
Excessive tearing	C0152227	IS_A		Lacrimal Apparatus Diseases	C0022904
Low compliance bladder	C0489967	IS_A		Urinary Bladder Diseases	C0005686
Paramyotonia Congenita (disorder)	C0221055	IS_A		Neuromuscular Diseases	C0027868
Legg-Calve-Perthes Disease	C0023234	IS_A		Other juvenile osteochondrosis	C0158445
Rabies (disorder)	C0034494	IS_A		Virus Diseases	C0042769
Croup	C0010380	IS_A		Other respiratory system diseases	C0029582
Conjunctival Diseases	C0009759	IS_A		Disorder of eye	C0015397
Hypertension, Renovascular	C0020545	IS_A		Renal hypertension	C0020544
Ankylosing spondylitis	C0038013	IS_A		Osteitis	C0029400
Locked-In Syndrome	C0023944	IS_A		nervous system disorder	C0027765
Keratitis	C0022568	IS_A		Corneal Diseases	C0010034
Leukoencephalitis, Acute Hemorrhagic	C0014077	IS_A		Encephalomyelitis, Acute Disseminated	C0014059
Optic Neuritis	C0029134	IS_A		Disorder of the optic nerve	C0029132
Myelitis	C0026975	IS_A		Spinal Cord Diseases	C0037928
Leukoencephalopathy, Progressive Multifocal	C0023524	IS_A		Virus Diseases	C0042769
Disseminated Intravascular Coagulation	C0012739	IS_A		Thrombophilia	C0398623
Paranasal Sinus Diseases	C0030469	IS_A		Nose Diseases	C0028432
Interstitial Cystitis	C0282488	IS_A		Cystitis	C0010692
Toxic Shock Syndrome	C0600327	COEXISTS_WITH	["35593100_fullText_9"]	Allergic condition	C0851444
Rosacea	C0035854	IS_A		Skin Diseases, Genetic	C0037277
Chronic skin ulcer	C0157738	IS_A		Skin Diseases, Genetic	C0037277
Osteogenesis imperfecta, Levin type	C1833736	IS_A		Osteochondrodysplasias	C0029422
Vasculitis, Leukocytoclastic, Cutaneous	C0151436	IS_A		Immune Complex Diseases	C0020951
Uveitis	C0042164	IS_A		Uveal Diseases	C0042161
Tuberculosis, Pulmonary	C0041327	MANIFESTATION_OF__SPEC__	["38245786_fullText_9","38245786_abstract_9"]	Adrenoleukodystrophy	C0162309
Tuberculosis, Pulmonary	C0041327	MANIFESTATION_OF	["38245786_fullText_9","38245786_abstract_9"]	Rare Diseases	C0678236
Tuberculosis, Pulmonary	C0041327	IS_A		Lung diseases	C0024115
von Willebrand Disease	C0042974	IS_A		Blood Coagulation Disorders	C0005779
Hemorrhagic Disorders	C0019087	IS_A		Blood Coagulation Disorders	C0005779
Acne Vulgaris	C0001144	COEXISTS_WITH	["34779371_fullText_13"]	Polycystic Ovary Syndrome	C0032460
Sciatic Neuropathy	C0149940	IS_A		Lesion of Sciatic Nerve	C0154748
Gaucher Disease	C0017205	ISA	["37607165_fullText_1"]	Rare Diseases	C0678236
Gaucher Disease	C0017205	IS_A		Sphingolipidoses	C0037899
Hirschsprung Disease	C0019569	IS_A		Megacolon	C0025160
Hirschsprung Disease	C0019569	LOCATION_OF	["36142117_fullText_1"]	Hirschsprung disease 1	C2931876
Adams Oliver syndrome	C0265268	IS_A		Syndrome	C0039082
Viral hepatitis	C0042721	ISA	["32145091_fullText_62"]	Hepatitis	C0019158
Liver Cirrhosis, Alcoholic	C0023891	IS_A		Liver Cirrhosis	C0023890
Zika virus disease (disorder)	C0276289	CAUSES	["35901544_fullText_1"]	nervous system disorder	C0027765
Gynecomastia	C0018418	COMPLICATES	["11296373_fullText_1"]	Diabetes Mellitus	C0011849
Gynecomastia	C0018418	COEXISTS_WITH__SPEC__	["11296373_fullText_6"]	Myotonic Dystrophy	C0027126
Aortic valve disorder	C1260873	IS_A		Aortic Diseases	C0003493
Barrett Esophagus	C0004763	IS_A		Esophageal Diseases	C0014852
Anemia, Hemolytic	C0002878	IS_A		Normocytic anemia	C0085577
Cartilage-hair hypoplasia	C0220748	IS_A		Ectodermal Dysplasia	C0013575
Membranous glomerulonephritis	C0017665	IS_A		Glomerulonephritis	C0017658
Microscopic Polyangiitis	C0343192	ISA	["34088639_fullText_1"]	Anti-Neutrophil Cytoplasmic Antibody-Associated Vasculitis	C2717865
Acute vascular insufficiency of intestine (disorder)	C0001363	IS_A		Intestinal Diseases	C0021831
Anovulation	C0003128	IS_A		Ovarian Diseases	C0029928
Periodontitis, Juvenile	C0031106	IS_A		Periodontitis	C0031099
Dermatomyositis	C0011633	IS_A		Myositis	C0027121
Ovarian Failure, Premature	C0085215	IS_A		Ovarian Diseases	C0029928
CRANIOMETAPHYSEAL DYSPLASIA, AUTOSOMAL DOMINANT	C1852502	CAUSES	["3564952_fullText_8"]	Sudden infant death syndrome	C0038644
CRANIOMETAPHYSEAL DYSPLASIA, AUTOSOMAL DOMINANT	C1852502	ISA	["24932094_fullText_1","18602826_fullText_1","24932094_fullText_0"]	Neuromuscular Diseases	C0027868
Leukomalacia, Periventricular	C0023529	IS_A		Encephalomalacia	C0014068
Leukodystrophy, Metachromatic	C0023522	IS_A		Sphingolipidoses	C0037899
Pulmonary Emphysema	C0034067	CAUSES	["21431621_fullText_8"]	Respiratory Failure	C1145670
Coronary Artery Vasospasm	C0010073	IS_A		Chronic myocardial ischemia	C0264694
Osteogenesis Imperfecta	C0029434	IS_A		Osteochondrodysplasias	C0029422
Erythropoietic Protoporphyria	C0162568	IS_A		Porphyrias, Hepatic	C0162533
Acute bronchitis	C0149514	IS_A		Bronchial Diseases	C0006261
Congenital disorder of glycosylation, type 2C	C0398739	ISA	["24403049_fullText_1"]	Hereditary Diseases	C0019247
Congenital disorder of glycosylation, type 2C	C0398739	ISA	["12116250_fullText_1"]	Syndrome	C0039082
Stomach Diseases	C0038354	IS_A		Digestive System Disorders	C0012242
Dermatopathia pigmentosa reticularis	C0406778	IS_A		Ectodermal Dysplasia	C0013575
Dermatopathia pigmentosa reticularis	C0406778	AFFECTS	["31721251_fullText_182"]	Frontotemporal dementia	C0338451
Hypertensive heart disease	C0152105	IS_A		Heart Diseases	C0018799
Adult Fanconi syndrome	C0341703	IS_A		Renal Tubular Transport, Inborn Errors	C0035091
Raynaud Disease	C0034734	IS_A		Peripheral angiopathy in diseases classified elsewhere	C0031115
6-pyruvoyl-tetrahydropterin synthase deficiency	C0878676	CAUSES	["23138986_fullText_4"]	Pyotraumatic dermatitis	C0263214
6-pyruvoyl-tetrahydropterin synthase deficiency	C0878676	CAUSES	["37950276_fullText_1","11940335_fullText_5","11295124_fullText_2","3297709_fullText_8"]	Hyperphenylalaninemia, Non-Phenylketonuric	C0751436
6-pyruvoyl-tetrahydropterin synthase deficiency	C0878676	CAUSES	["24803483_fullText_1"]	Hyperphenylalaninaemia	C0751435
Gastric Varix	C0017145	LOCATION_OF	["33784794_fullText_4"]	Esophageal Varices	C0014867
EPILEPSY, PYRIDOXINE-DEPENDENT	C1849508	CAUSES	["37776661_fullText_1"]	Recurrent seizures	C0748607
EPILEPSY, PYRIDOXINE-DEPENDENT	C1849508	CAUSES	["26995068_fullText_1"]	Epileptic encephalopathy	C0543888
EPILEPSY, PYRIDOXINE-DEPENDENT	C1849508	CAUSES	["29401530_fullText_3"]	Epilepsy	C0014544
EPILEPSY, PYRIDOXINE-DEPENDENT	C1849508	CAUSES	["26101365_fullText_1"]	Convulsions in the newborn	C0159020
EPILEPSY, PYRIDOXINE-DEPENDENT	C1849508	ISA	["31340680_fullText_1","12597057_fullText_2"]	Epilepsy	C0014544
Pyridoxine Deficiency	C1527330	ISA	["5006284_fullText_2"]	Avitaminosis	C0376286
Pyridoxamine 5-Prime-Phosphate Oxidase Deficiency	C1864723	CAUSES	["21704546_fullText_15"]	Epileptic encephalopathy	C0543888
Pyridoxamine 5-Prime-Phosphate Oxidase Deficiency	C1864723	CAUSES	["24114605_fullText_1"]	Epilepsy	C0014544
Epilepsy, Partial, Motor	C0016399	IS_A		Epilepsies, Partial	C0014547
Homocystinuria	C0019880	ISA	["32058304_abstract_1"]	Rare Diseases	C0678236
Homocystinuria	C0019880	AFFECTS	["21472412_fullText_3"]	Phenylketonurias	C0031485
Homocystinuria	C0019880	IS_A		Amino Acid Metabolism, Inborn Errors	C0002514
Vitamin B 6 Deficiency	C0936215	IS_A		Deficiency Diseases	C0011156
Vitamin B 6 Deficiency	C0936215	CAUSES	["21704546_fullText_15"]	Epileptic encephalopathy	C0543888
Peroxisomal Disorders	C0282528	COEXISTS_WITH	["9818873_fullText_8"]	HMN (Hereditary Motor Neuropathy) Proximal Type I	C0043116
Peroxisomal Disorders	C0282528	COEXISTS_WITH	["7567228_fullText_4"]	Zellweger Syndrome	C0043459
Peroxisomal Disorders	C0282528	CAUSES	["20033294_fullText_9"]	Hydrops Fetalis	C0020305
Peroxisomal Disorders	C0282528	ISA	["27089543_fullText_1","8446428_fullText_1","1282286_fullText_1"]	Metabolic Diseases	C0025517
Peroxisomal Disorders	C0282528	ISA	["9894883_fullText_1","33045774_fullText_42"]	Adrenoleukodystrophy	C0162309
Peroxisomal Disorders	C0282528	ISA	["3066850_fullText_3","20805528_fullText_1","9501198_fullText_1","25179809_fullText_0"]	Hereditary Diseases	C0019247
Peroxisomal Disorders	C0282528	AFFECTS	["10618001_fullText_1"]	Liver diseases	C0023895
Peroxisomal Disorders	C0282528	AFFECTS	["10618001_fullText_1"]	Retinal Diseases	C0035309
Peroxisomal Disorders	C0282528	IS_A		Inborn Errors of Metabolism	C0025521
Cerebral dysgenesis	C0456144	COEXISTS_WITH__SPEC__	["8250148_fullText_7"]	Hereditary Diseases	C0019247
Multiple Acyl Coenzyme A Dehydrogenase Deficiency	C0268596	CAUSES	["3229565_fullText_3"]	Myopathy with Abnormal Lipid Metabolism	C0410214
Adult-onset citrullinemia type 2	C1863844	ISA	["24797655_fullText_4"]	Hereditary Diseases	C0019247
Medium-chain acyl-coenzyme A dehydrogenase deficiency	C0220710	CAUSES	["27308838_fullText_3"]	Classical galactosemia	C0268151
Kwashiorkor	C0022806	ISA	["23330977_fullText_4"]	Malnutrition	C0162429
Acrodermatitis	C0001197	IS_A		Dermatitis	C0011603
Propionicaciduria	C2717876	ISA	["32601637_fullText_10"]	Metabolic Diseases	C0025517
Hyperargininemia	C0268548	IS_A		Urea Cycle Disorders, Inborn	C0154246
Galactosemias	C0016952	COEXISTS_WITH	["10370757_fullText_3"]	Syndrome	C0039082
Galactosemias	C0016952	ISA	["37572839_fullText_1"]	Metabolic Diseases	C0025517
Galactosemias	C0016952	IS_A		Carbohydrate Metabolism, Inborn Errors	C0007001
Sucrase-isomaltase deficiency, congenital	C1283620	IS_A		Carbohydrate Metabolism, Inborn Errors	C0007001
Foot-and-Mouth Disease	C0016514	ISA	["27165592_fullText_8"]	Virus Diseases	C0042769
Ketonuria	C0162275	COEXISTS_WITH	["35308014_fullText_90"]	Hypoglycemic episodes	C0745153
Cerebellar Ataxia and Hypogonadotropic Hypogonadism	C1859305	IS_A		Inborn Errors of Metabolism	C0025521
Autosomal recessive hereditary disorder	C0265388	COEXISTS_WITH	["15330560_fullText_1"]	Pulmonary Hypertension, Primary, 1, With Hereditary Hemorrhagic Telangiectasia	C3714844
Autosomal recessive hereditary disorder	C0265388	CAUSES	["3615198_fullText_1","2884570_fullText_1"]	Pulmonary Hypertension, Primary, 1, With Hereditary Hemorrhagic Telangiectasia	C3714844
Autosomal recessive hereditary disorder	C0265388	ISA	["34943782_fullText_25"]	Congenital Disorders	C0242354
CNS DEGENERATION	C0262424	CAUSES	["35050903_fullText_55"]	Hyperlactatemia	C0795692
Gaze palsy	C1112261	COEXISTS_WITH	["11020111_fullText_3"]	Glutaric aciduria	C0268594
Congenital Hypothyroidism	C0010308	ISA	["15252232_fullText_1"]	Metabolic Diseases	C0025517
Congenital Hypothyroidism	C0010308	AFFECTS	["14960016_fullText_3"]	metabolic disturbance	C0746556
Citrullinemia	C0175683	IS_A		Urea Cycle Disorders, Inborn	C0154246
MPS III B	C0086648	IS_A		Mucopolysaccharidosis III	C0026706
Complement deficiency disease	C0272242	IS_A		Immunologic Deficiency Syndromes	C0021051
Argininosuccinic Aciduria	C0268547	IS_A		Amino Acid Metabolism, Inborn Errors	C0002514
Deficiency of citrate(si)-synthase	C1291575	CAUSES	["6202269_fullText_1"]	Phenylketonurias	C0031485
Ventricular dilatation (disorder)	C0264733	PREDISPOSES	["24810368_fullText_5"]	Movement Disorders	C0026650
Congenital disorder of glycosylation type 1B	C1865145	CAUSES	["21240668_fullText_1","22899857_fullText_102"]	Liver diseases	C0023895
Congenital disorder of glycosylation type 1B	C1865145	CAUSES	["21240668_fullText_1"]	Protein-Losing Enteropathies	C0033680
Congenital disorder of glycosylation type 1B	C1865145	CAUSES	["10571010_fullText_5","21240668_fullText_1"]	Hypoglycemia	C0020615
Congenital disorder of glycosylation type 1B	C1865145	ISA	["32266963_fullText_1","10980531_fullText_1"]	Congenital Disorders	C0242354
Congenital disorder of glycosylation type 1B	C1865145	MANIFESTATION_OF	["12907065_fullText_2"]	Failure to Thrive	C0015544
Congenital disorder of glycosylation type 1B	C1865145	MANIFESTATION_OF	["12907065_fullText_2"]	Intestinal Diseases	C0021831
Hyperkeratosis	C0870082	PREDISPOSES	["26260076_fullText_5"]	Hypohidrosis	C0020620
Congenital Disorder Of Glycosylation, Type Im	C1835849	CAUSES	["24144945_fullText_3"]	Syndrome	C0039082
Rubella	C0035920	IS_A		Encephalitis, West Nile Fever	C0751583
Mental Retardation, X-Linked	C1136249	ISA	["23622397_fullText_7"]	Syndrome	C0039082
Protein C Deficiency	C0398625	IS_A		Thrombophilia	C0398623
Congenital disorder of glycosylation type 2A	C2931008	ISA	["33044030_fullText_5","8808595_fullText_1"]	Congenital Disorders	C0242354
Hereditary fructose intolerance syndrome	C0016751	IS_A		Carbohydrate Metabolism, Inborn Errors	C0007001
Hereditary fructose intolerance syndrome	C0016751	COEXISTS_WITH	["10370757_fullText_3"]	Syndrome	C0039082
Congenital Disorder Of Glycosylation, Type IIB	C1853736	CAUSES	["33261925_fullText_2"]	Refractory epilepsy	C1096063
Congenital Disorder Of Glycosylation, Type IIB	C1853736	COEXISTS_WITH	["35137040_fullText_7"]	Hypogammaglobulinemia	C0086438
Hypogammaglobulinemia	C0086438	IS_A		Other selective immunoglobulin deficiencies	C0154276
Hypogammaglobulinemia	C0086438	COEXISTS_WITH	["31744540_fullText_2"]	Dystrophia myotonica 1	C2931688
Hydronephrosis	C0020295	IS_A		Urinary tract obstruction	C0178879
Leukopenia	C0023530	IS_A		Leukocyte Disorders	C0023510
CONGENITAL DISORDER OF GLYCOSYLATION, TYPE Ii	C1842836	ISA	["34943782_fullText_235"]	Rare Diseases	C0678236
CONGENITAL DISORDER OF GLYCOSYLATION, TYPE Ii	C1842836	ISA	["24348268_fullText_8"]	Syndrome	C0039082
Ichthyoses	C0020757	ISA	["29721919_fullText_5"]	Infantile disease	C0277560
Ichthyoses	C0020757	ISA	["32147747_fullText_17"]	Syndrome	C0039082
Ichthyoses	C0020757	ISA	["32147747_fullText_140"]	Congenital Disorders	C0242354
Lymphopenia	C0024312	IS_A		Leukopenia	C0023530
Glycogen Storage Disease XIV	C2752015	ISA	["33342467_fullText_1"]	Congenital Disorders	C0242354
Glycogen Storage Disease XIV	C2752015	CAUSES	["22976764_fullText_7"]	nervous system disorder	C0027765
Antithrombin III Deficiency	C0272375	IS_A		Thrombophilia	C0398623
Antithrombin III Deficiency	C0272375	COEXISTS_WITH	["32530140_fullText_31"]	IgG Deficiency	C0162539
Congenital Disorders of Glycosylation	C0282577	ISA	["9235566_fullText_1","8923302_fullText_1","8982953_fullText_1","8549746_fullText_1","8530628_fullText_1","7477867_fullText_1"]	Hereditary Diseases	C0019247
Congenital Disorders of Glycosylation	C0282577	ISA	["10698281_fullText_1"]	Rare Diseases	C0678236
Congenital Disorders of Glycosylation	C0282577	IS_A		Carbohydrate Metabolism, Inborn Errors	C0007001
Congenital dyserythropoietic anemia, type II	C1306589	IS_A		Congenital dyserythropoietic anemia	C0002876
Congenital dyserythropoietic anemia	C0002876	IS_A		Anemia, Hemolytic, Congenital	C0002881
Galloway Mowat syndrome	C0795949	IS_A		Syndrome	C0039082
Arthrogryposis renal dysfunction cholestasis syndrome	C1859722	ISA	["32147747_fullText_135"]	Syndrome	C0039082
Dyserythropoietic anemia	C0678199	MANIFESTATION_OF	["11529501_fullText_4"]	Congenital dyserythropoietic anemia, type II	C1306589
Afebrile seizure	C0863106	CAUSES	["35308014_fullText_162"]	Hypoglycemia	C0020615
Hepatic Vein Thrombosis	C0019154	IS_A		Vascular disorder of liver	C0400923
CONGENITAL DISORDER OF GLYCOSYLATION, TYPE Ix	C3810067	MANIFESTATION_OF	["12907065_fullText_2"]	Intestinal Diseases	C0021831
CONGENITAL DISORDER OF GLYCOSYLATION, TYPE Ix	C3810067	MANIFESTATION_OF	["12907065_fullText_2"]	Failure to Thrive	C0015544
Fucosidase Deficiency Disease	C0016788	IS_A		Lysosomal Storage Diseases	C0085078
Syringomyelia	C0039144	IS_A		Spinal Cord Diseases	C0037928
Dandy-Walker Syndrome	C0010964	IS_A		Cerebellar Diseases	C0007760
Dandy-Walker Syndrome	C0010964	COEXISTS_WITH	["8368252_fullText_3"]	Syndrome	C0039082
Dandy-Walker Syndrome	C0010964	CAUSES	["11930273_fullText_1"]	Macrocephaly	C0221355
Pfaundler-Hurler Syndrome	C0086795	IS_A		Mucopolysaccharidosis I	C0023786
Protein S Deficiency	C0242666	IS_A		Thrombophilia	C0398623
Congenital nephrotic syndrome	C0268713	COEXISTS_WITH	["28188379_fullText_7","32470267_fullText_1","30120985_fullText_1"]	Pierson syndrome	C1836876
Congenital nephrotic syndrome	C0268713	COEXISTS_WITH	["32295525_fullText_1"]	Rare Diseases	C0678236
Congenital nephrotic syndrome	C0268713	OCCURS_IN	["8982953_fullText_7"]	Syndrome	C0039082
Ovarian failure	C0747102	COEXISTS_WITH	["25807530_fullText_97"]	Premature Menopause	C0025322
Ovarian failure	C0747102	COEXISTS_WITH	["25807530_fullText_97"]	Gonadal dysgenesis XX type deafness	C0685838
Cholestasis	C0008370	IS_A		Bile Duct Diseases	C0005395
Asphyxia Neonatorum	C0004045	IS_A		Other respiratory system diseases	C0029582
Glucocorticoid deficiency with achalasia	C0271742	COEXISTS_WITH	["35665995_fullText_43"]	Congenital absence of adrenal gland	C0266273
Glucocorticoid deficiency with achalasia	C0271742	COEXISTS_WITH	["30740912_fullText_50"]	Adrenal gland hypofunction	C0001623
Glucocorticoid deficiency with achalasia	C0271742	ISA	["35665995_fullText_2"]	Congenital Disorders	C0242354
Lactose Intolerance	C0022951	IS_A		Carbohydrate Metabolism, Inborn Errors	C0007001
UDPglucose 4-epimerase deficiency disease	C0751161	IS_A		Galactosemias	C0016952
X-Linked Combined Immunodeficiency Diseases	C1279481	IS_A		Severe Combined Immunodeficiency	C0085110
Subclinical Seizure	C0751112	ISA	["32576142_fullText_2","32576142_fullText_3"]	Epilepsy	C0014544
Chronic granulomatous disease	C0018203	IS_A		Phagocyte Bactericidal Dysfunction	C0031306
Chronic granulomatous disease	C0018203	ISA	["22115835_fullText_1"]	Congenital Disorders	C0242354
Classical galactosemia	C0268151	CAUSES	["37572839_fullText_1"]	Metabolic Diseases	C0025517
Classical galactosemia	C0268151	CAUSES__SPEC__	["37572839_fullText_1"]	Galactosemias	C0016952
Classical galactosemia	C0268151	IS_A		Galactosemias	C0016952
Hydrops Fetalis, Non-Immune	C0455988	COEXISTS_WITH	["31420886_fullText_10"]	Hypertrophic Cardiomyopathy	C0007194
Hydrops Fetalis, Non-Immune	C0455988	COEXISTS_WITH	["31420886_fullText_10"]	Atrophy of cerebellum	C0740279
Optic Disk Drusen	C0029128	IS_A		Disorder of the optic nerve	C0029132
Optic Disk Drusen	C0029128	COEXISTS_WITH	["31638560_fullText_9"]	Syndrome	C0039082
Epstein-Barr Virus Infections	C0149678	IS_A		Virus Diseases	C0042769
Epstein-Barr Virus Infections	C0149678	COEXISTS_WITH	["31036665_fullText_6"]	Primary immune deficiency disorder	C0398686
Blepharophimosis	C0005744	IS_A		Eyelid Diseases	C0015423
Addison Disease	C0001403	IS_A		Adrenal cortical hypofunction	C0405580
Visual cortex dysfunction	C0234398	IS_A		Disorder of visual pathways	C0155287
Niemann-Pick Diseases	C0028064	ISA	["37999680_fullText_1","37956788_fullText_1"]	Lysosomal Storage Diseases	C0085078
Niemann-Pick Diseases	C0028064	IS_A		Sphingolipidoses	C0037899
Aspartylglucosaminuria	C0268225	IS_A		Lysosomal Storage Diseases	C0085078
Cystic kidney	C0022679	IS_A		Kidney Diseases	C0022658
Hydrops Fetalis	C0020305	COEXISTS_WITH__SPEC__	["20033294_fullText_9"]	Peroxisomal Disorders	C0282528
Congenital disorder of glycosylation type 1K	C2931005	ISA	["26335155_fullText_1"]	Congenital Disorders	C0242354
Chondrodysplasia Punctata	C0008445	IS_A		Syndrome	C0039082
Glycogen storage disease type II	C0017921	ISA	["33035415_abstract_1"]	Lysosomal Storage Diseases	C0085078
Glycogen storage disease type II	C0017921	IS_A		Glycogen Storage Disease	C0017919
Desbuquois syndrome	C0432242	IS_A		Osteochondrodysplasias	C0029422
Leukocyte adhesion deficiency type 1	C0398738	ISA	["25239688_fullText_2"]	Congenital leukocyte adherence deficiency	C0272187
Short Bowel Syndrome	C0036992	IS_A		Intestinal Diseases	C0021831
Ehlers-Danlos Syndrome	C0013720	IS_A		Collagen Diseases	C0009326
DiGeorge Syndrome	C0012236	IS_A		Syndrome	C0039082
Inherited cutis laxa	C0432334	COEXISTS_WITH	["21431621_fullText_4"]	Metabolic Diseases	C0025517
Wasting	C0235394	COEXISTS_WITH	["19725456_fullText_5"]	Autosomal dominant hereditary disorder	C0265385
Vitamin K Deficiency	C0042880	COEXISTS_WITH	["32545860_fullText_4"]	Phenylketonurias	C0031485
Vitamin K Deficiency	C0042880	IS_A		Deficiency Diseases	C0011156
Vitamin K Deficiency	C0042880	PREDISPOSES	["29139025_fullText_95"]	Blood Coagulation Disorders	C0005779
Krause-Kivlin syndrome	C0796012	ISA	["18720094_fullText_1"]	Rare Diseases	C0678236
Krause-Kivlin syndrome	C0796012	LOCATION_OF	["18720094_fullText_1"]	Congenital Disorders	C0242354
Panhypopituitarism	C0242343	IS_A		Hypopituitarism	C0020635
Panhypopituitarism	C0242343	AUGMENTS	["18156285_fullText_6"]	Congenital Disorders	C0242354
Panhypopituitarism	C0242343	AUGMENTS	["18156285_fullText_6"]	Beckwith-Wiedemann Syndrome	C0004903
Beckwith-Wiedemann Syndrome	C0004903	IS_A		Syndrome	C0039082
Pseudotumor Cerebri	C0033845	IS_A		Intracranial Hypertension	C0151740
Cor pulmonale	C0034072	IS_A		Congestive heart failure	C0018802
Pseudo-Zellweger syndrome	C1533628	IS_A		Amino Acid Metabolism, Inborn Errors	C0002514
Pseudo-Zellweger syndrome	C1533628	AFFECTS	["8184191_fullText_4"]	Zellweger Syndrome	C0043459
Pseudo-Zellweger syndrome	C1533628	ISA	["8184191_fullText_4"]	Zellweger Syndrome	C0043459
Zellweger Spectrum	C3658299	COEXISTS_WITH	["16141001_fullText_4"]	Peroxisome Biogenesis Disorder, Complementation Group 1	C1865803
Zellweger Spectrum	C3658299	ISA	["20828389_fullText_8"]	Congenital Disorders	C0242354
Zellweger Spectrum	C3658299	ISA	["31227335_fullText_1"]	Peroxisomal Disorders	C0282528
Peroxisome biogenesis disorders	C1832200	ISA	["10332040_fullText_1","26750748_fullText_1"]	Hereditary Diseases	C0019247
Chondrodysplasia Punctata, Rhizomelic	C0282529	ISA	["7544797_fullText_1"]	Hereditary Diseases	C0019247
Chondrodysplasia Punctata, Rhizomelic	C0282529	IS_A		Chondrodysplasia Punctata	C0008445
Corneal Ulcer	C0010043	IS_A		Keratitis	C0022568
Zellweger Syndrome	C0043459	COEXISTS_WITH	["2464339_fullText_6"]	Infantile Refsum Disease (disorder)	C0282527
Zellweger Syndrome	C0043459	LOCATION_OF	["1705185_fullText_2"]	Infantile Refsum Disease (disorder)	C0282527
Zellweger Syndrome	C0043459	LOCATION_OF	["30656921_fullText_5"]	Peroxisomal Disorders	C0282528
Zellweger Syndrome	C0043459	LOCATION_OF	["1705185_fullText_2"]	Adrenoleukodystrophy, Neonatal	C0282525
Zellweger Syndrome	C0043459	ISA	["34884833_fullText_29"]	Peroxisome biogenesis disorders	C1832200
Zellweger Syndrome	C0043459	ISA	["21848015_fullText_1","16484405_fullText_1","12808498_fullText_1"]	Peroxisomal Disorders	C0282528
Zellweger Syndrome	C0043459	ISA	["12473763_fullText_2"]	Infantile Refsum Disease (disorder)	C0282527
Zellweger Syndrome	C0043459	ISA	["12473763_fullText_2"]	Adrenoleukodystrophy, Neonatal	C0282525
Zellweger Syndrome	C0043459	ISA	["11270189_fullText_1"]	Autosomal recessive hereditary disorder	C0265388
Zellweger Syndrome	C0043459	ISA	["1735522_fullText_1"]	Syndrome	C0039082
Zellweger Syndrome	C0043459	ISA	["28452594_fullText_1","15685158_fullText_4"]	Rare Diseases	C0678236
Zellweger Syndrome	C0043459	ISA	["10986890_fullText_1","9288097_fullText_1","7510868_fullText_1","7544797_fullText_1"]	Hereditary Diseases	C0019247
Zellweger Syndrome	C0043459	LOCATION_OF__SPEC__	["10480353_fullText_3"]	Zellweger Spectrum	C3658299
Adrenoleukodystrophy, Neonatal	C0282525	COEXISTS_WITH	["10562279_fullText_10"]	Infantile Refsum Disease (disorder)	C0282527
Adrenoleukodystrophy, Neonatal	C0282525	COEXISTS_WITH	["3071794_fullText_8"]	Chondrodysplasia Punctata, Rhizomelic	C0282529
Adrenoleukodystrophy, Neonatal	C0282525	ISA	["26627182_fullText_13"]	Peroxisomal Disorders	C0282528
Adrenoleukodystrophy, Neonatal	C0282525	ISA	["23798008_fullText_3","1710072_fullText_2","2472665_fullText_5","28784167_fullText_51"]	Zellweger Syndrome	C0043459
Adrenoleukodystrophy, Neonatal	C0282525	ISA	["8914632_fullText_3","1702833_fullText_2","2474624_fullText_2"]	Adrenoleukodystrophy	C0162309
Adrenoleukodystrophy, Neonatal	C0282525	ISA	["7510868_fullText_1","7544797_fullText_1"]	Hereditary Diseases	C0019247
Macular Edema, Cystoid	C0024440	IS_A		Macular retinal edema	C0271051
Gangliosidoses	C0017083	IS_A		Sphingolipidoses	C0037899
Embryopathies	C0013949	AFFECTS	["27898272_fullText_1"]	Hyperphenylalaninaemia	C0751435
Deficiency of monooxygenase	C1291314	CAUSES	["7766943_fullText_1"]	Phenylketonurias	C0031485
Infantile Refsum Disease (disorder)	C0282527	COEXISTS_WITH	["3071794_fullText_8"]	Chondrodysplasia Punctata, Rhizomelic	C0282529
Infantile Refsum Disease (disorder)	C0282527	ISA	["26627182_fullText_13"]	Peroxisomal Disorders	C0282528
Infantile Refsum Disease (disorder)	C0282527	ISA	["23798008_fullText_3","2464339_fullText_6","28784167_fullText_51"]	Zellweger Syndrome	C0043459
Infantile Refsum Disease (disorder)	C0282527	ISA	["10332040_fullText_1","7510868_fullText_1","7544797_fullText_1"]	Hereditary Diseases	C0019247
Infantile Refsum Disease (disorder)	C0282527	AFFECTS__SPEC__	["8184191_fullText_4"]	Zellweger Syndrome	C0043459
Infantile Refsum Disease (disorder)	C0282527	IS_A		Peroxisomal Disorders	C0282528
Usher Syndrome	C0271097	IS_A		Syndrome	C0039082
Usher Syndrome	C0271097	COEXISTS_WITH	["26287655_fullText_82"]	Retinitis Pigmentosa	C0035334
Carnitine-Acylcarnitine Translocase Deficiency	C0342791	IS_A		Lipid Metabolism, Inborn Errors	C0023772
Peroxisomal ACYL-COA oxidase deficiency	C1849678	IS_A		Peroxisomal Disorders	C0282528
Peroxisomal ACYL-COA oxidase deficiency	C1849678	ISA	["11734571_fullText_5"]	Adrenoleukodystrophy	C0162309
Mucopolysaccharidosis IV	C0026707	IS_A		Mucopolysaccharidoses	C0026703
Refsum Disease	C0034960	IS_A		Lipid Metabolism, Inborn Errors	C0023772
heterozygous x-ald	C2030892	ISA	["9639664_fullText_2"]	Adrenoleukodystrophy	C0162309
Progressive intrahepatic cholestasis (disorder)	C0268312	IS_A		Intrahepatic Cholestasis	C0008372
Xanthomatosis	C0043325	IS_A		Other disorders of lipoid metabolism	C0029591
Biliary Atresia	C0005411	IS_A		Cholestasis	C0008370
Anus, Imperforate	C0003466	IS_A		Anus Diseases	C0003462
Acatalasia	C0268419	IS_A		Peroxisomal Disorders	C0282528
Xanthomatosis, Cerebrotendinous	C0238052	IS_A		Xanthomatosis	C0043325
Myopathies, Nemaline	C0206157	ISA	["22392505_fullText_2"]	Myopathy	C0026848
alpha 1-Antitrypsin Deficiency	C0221757	IS_A		Other disorders of plasma protein metabolism	C0029594
Cholangitis, Sclerosing	C0008313	IS_A		Cholangitis	C0008311
Primary hyperoxaluria, type I	C0268164	IS_A		Primary Hyperoxaluria	C0020501
Cerebral disorder	C0234387	COEXISTS_WITH	["26693825_fullText_131"]	Glutaric aciduria, type 1	C0268595
Nephrocalcinosis	C0027709	IS_A		Kidney Diseases	C0022658
Nephrocalcinosis	C0027709	COEXISTS_WITH	["35741019_fullText_69"]	Cholestasis	C0008370
Nephrocalcinosis	C0027709	COEXISTS_WITH	["35741019_fullText_69"]	Fibrosis, Liver	C0239946
Dystrophia myotonica 2	C2931689	COEXISTS_WITH	["22131273_fullText_2","22131273_fullText_120"]	Dystrophia myotonica 1	C2931688
Dystrophia myotonica 2	C2931689	ISA	["12902021_fullText_1"]	Myopathy	C0026848
Dystrophia myotonica 2	C2931689	ISA	["7826272_fullText_6"]	Hereditary Diseases	C0019247
myotonic muscular dystrophy	C0242007	CAUSES	["8525657_fullText_1"]	Intestinal Pseudo-Obstruction	C0021847
myotonic muscular dystrophy	C0242007	CAUSES	["8550617_fullText_1"]	Muscular Atrophy	C0026846
Myotonic Disorders	C0553604	COEXISTS_WITH	["22643181_fullText_1","22643181_fullText_0"]	Multisystem disorder	C0559758
Myotonic Disorders	C0553604	IS_A		Muscular Dystrophy	C0026850
Myotonic Disorders	C0553604	IS_A		Myotonic Disorders	C0553604
Centronuclear myopathy	C0175709	IS_A		Congenital Structural Myopathy	C0752282
Fabry Disease	C0002986	COEXISTS_WITH	["37629768_fullText_2"]	Cardiovascular Diseases	C0007222
Fabry Disease	C0002986	CAUSES	["31981984_abstract_1"]	Lysosomal Storage Diseases	C0085078
Fabry Disease	C0002986	ISA	["31987665_abstract_1"]	Genetic Diseases, X-Linked	C1138434
Fabry Disease	C0002986	ISA	["38212814_fullText_1","37578052_fullText_1","37507215_fullText_8","37419447_fullText_1","38212814_abstract_1"]	Rare Diseases	C0678236
Fabry Disease	C0002986	ISA	["37629768_fullText_2"]	Kidney Diseases	C0022658
Fabry Disease	C0002986	ISA	["37528032_fullText_1"]	Hereditary Diseases	C0019247
Fabry Disease	C0002986	ISA	["35831104_fullText_1","37499686_fullText_1","37496179_fullText_1","32023956_abstract_1"]	Lysosomal Storage Diseases	C0085078
Fabry Disease	C0002986	IS_A		Sphingolipidoses	C0037899
Myotonia Congenita	C0027127	AFFECTS	["28344438_fullText_17"]	Syndrome	C0039082
Myotonia Congenita	C0027127	AFFECTS	["28344438_fullText_17"]	Metabolic myopathy	C0270984
Polymyositis	C0085655	ISA	["11045674_fullText_1"]	Autoimmune Diseases	C0004364
Interstitial myositis	C0158362	IS_A		Myositis	C0027121
Rubeosis iridis	C0154916	IS_A		Retinal Diseases	C0035309
Schwartz-Jampel Syndrome	C0036391	LOCATION_OF	["37231731_fullText_4","37231731_fullText_5","37231731_abstract_4","37231731_abstract_5"]	Toxic Epidermal Necrolysis	C0014518
Schwartz-Jampel Syndrome	C0036391	ISA	["525255_fullText_1"]	Rare Diseases	C0678236
Becker Muscular Dystrophy	C0917713	ISA	["26786644_fullText_1"]	Myopathy	C0026848
Becker Muscular Dystrophy	C0917713	ISA	["9894134_fullText_4"]	Neuropathy	C0442874
Becker Muscular Dystrophy	C0917713	ISA	["17092719_fullText_4"]	Muscular Dystrophy	C0026850
Myotonic cataract	C0027128	IS_A		Other cataract	C0029531
Lateral Sclerosis	C0154682	IS_A		Motor Neuron Disease	C0085084
Neonatal respiratory failure	C0521648	IS_A		Acute respiratory failure	C0264490
hypoventilation syndrome	C0745186	CAUSES	["198896_fullText_3"]	Respiratory Failure	C1145670
Malignant hyperpyrexia due to anesthesia	C0024591	PREDISPOSES	["29390978_fullText_32"]	metabolic disturbance	C0746556
Congenital Myotonic Dystrophy	C0410226	CAUSES	["1550167_fullText_3"]	Hydrops Fetalis, Non-Immune	C0455988
Congenital Myotonic Dystrophy	C0410226	ISA	["11424842_fullText_1"]	Rare Diseases	C0678236
Congenital Myotonic Dystrophy	C0410226	MANIFESTATION_OF	["8240694_fullText_1"]	Multisystem disorder	C0559758
Congenital Myotonic Dystrophy	C0410226	COMPLICATES	["11248461_fullText_1"]	Hydrocephalus	C0020255
Lymphocytic Choriomeningitis	C0024266	IS_A		Encephalopathies	C0085584
Lymphocytic Choriomeningitis	C0024266	CAUSES	["23666741_fullText_6"]	Myotonic Dystrophy	C0027126
Megacolon	C0025160	IS_A		Colonic Diseases	C0009373
Megacolon	C0025160	CAUSES	["2456246_fullText_1"]	Myotonic Dystrophy	C0027126
Megacolon	C0025160	COEXISTS_WITH	["9396035_fullText_5","9396035_fullText_12"]	Myotonic Dystrophy	C0027126
Gonadal Disorders	C0018050	IS_A		Endocrine System Diseases	C0014130
Chickenpox	C0008049	IS_A		Virus Diseases	C0042769
Sick Sinus Syndrome	C0037052	COMPLICATES	["8785450_fullText_2"]	Myotonic Dystrophy	C0027126
Sick Sinus Syndrome	C0037052	ISA	["8785450_fullText_1"]	Heart Diseases	C0018799
Gyrate Atrophy	C0018425	IS_A		Choroid Diseases	C0008521
Esophageal Diseases	C0014852	IS_A		Digestive System Disorders	C0012242
Esophageal Diseases	C0014852	COEXISTS_WITH	["3817383_fullText_6"]	Gastroparesis	C0152020
Esophageal Diseases	C0014852	COEXISTS_WITH	["3817383_fullText_6"]	Myotonic Dystrophy	C0027126
Hereditary Motor and Sensory Neuropathies	C0027888	IS_A		Neuropathy	C0442874
Lung Abscess	C0024110	IS_A		Lung diseases	C0024115
Pseudohypoparathyroidism	C0033806	IS_A		Metal Metabolism, Inborn Errors	C0025534
Hypoparathyroidism	C0020626	IS_A		Parathyroid Diseases	C0030517
Atrophy of testis	C0156312	IS_A		Testicular Diseases	C0039584
Atrophy of testis	C0156312	COEXISTS_WITH	["3927876_fullText_1","163179_fullText_1","163179_fullText_4"]	Myotonic Dystrophy	C0027126
Sensory Neuropathy, Hereditary	C0699739	IS_A		Neuropathy	C0442874
Heart Block	C0018794	ISA	["25873781_fullText_2","28344440_fullText_0"]	Heart Diseases	C0018799
Panuveitis	C0030343	IS_A		Uveitis	C0042164
Nesidioblastosis	C0027773	IS_A		Hypoglycemia	C0020615
Isaacs syndrome	C0242287	ISA	["1676468_fullText_1"]	Rare Diseases	C0678236
Cockayne Syndrome	C0009207	IS_A		Syndrome	C0039082
Tabes Dorsalis	C0039223	IS_A		Neurosyphilis	C0027927
Limb-girdle muscular dystrophy type 2A	C1869123	ISA	["29441734_fullText_54"]	Muscular Dystrophy	C0026850
Limb-girdle muscular dystrophy type 2A	C1869123	ISA	["20177980_fullText_2"]	Muscular Dystrophies, Limb-Girdle	C0686353
Muscular Dystrophy, Emery-Dreifuss	C0410189	IS_A		Muscular Dystrophy	C0026850
Muscular Dystrophy, Emery-Dreifuss	C0410189	MANIFESTATION_OF	["28344440_fullText_46"]	Atrial Fibrillation	C0004238
Muscular Dystrophy, Emery-Dreifuss	C0410189	ISA	["24021317_fullText_5"]	Myopathy	C0026848
Exposure keratoconjunctivitis	C0339295	IS_A		Keratoconjunctivitis	C0022573
Encephaloclastic Proliferative Vasculopathy	C1856972	IS_A		Syndrome	C0039082
Hydrocephalus, Normal Pressure	C0020258	IS_A		Communicating Hydrocephalus	C0009451
Focal myocarditis	C3671051	PREDISPOSES	["23097601_fullText_7"]	cardiac event	C0741923
Gastric Dilatation	C0038353	IS_A		Stomach Diseases	C0038354
Postpoliomyelitis Syndrome	C0080040	IS_A		Poliomyelitis	C0032371
Cholecystolithiasis	C0947622	IS_A		Gall Bladder Diseases	C0016977
Intermittent Claudication	C0021775	IS_A		Arteriosclerosis	C0003850
Arteriosclerosis Obliterans	C0003851	IS_A		Arteriosclerosis	C0003850
Bardet-Biedl Syndrome	C0752166	IS_A		Syndrome	C0039082
fetal damage	C0854268	COEXISTS_WITH	["2622813_fullText_1"]	Phenylketonurias	C0031485
fetal damage	C0854268	COEXISTS_WITH	["2122124_fullText_4","3326736_fullText_5"]	Phenylketonuria, Maternal	C0085547
Hyperkalemic periodic paralysis	C0238357	IS_A		Familial Periodic Paralysis	C0030443
Polycythemia	C0032461	IS_A		Bone Marrow Diseases	C0005956
Pulmonary Valve Stenosis	C0034089	IS_A		Pulmonary Valve Disorder	C0034087
Disease of capillaries	C0155765	IS_A		Spinal Cord Ischemia	C0752130
Disorder of skeletal muscle	C1533847	ISA	["33522148_fullText_1"]	Myotonic Dystrophy	C0027126
Chronic respiratory insufficiency	C1998122	COEXISTS_WITH	["8758587_fullText_1"]	Dystrophia myotonica 1	C2931688
Chronic respiratory insufficiency	C1998122	COEXISTS_WITH	["8758587_fullText_1"]	Myotonic Disorders	C0553604
Pneumatosis Cystoides Intestinalis	C0032266	IS_A		Intestinal Diseases	C0021831
Pena-Shokeir syndrome type I	C1276035	IS_A		Syndrome	C0039082
Pena-Shokeir syndrome type I	C1276035	ISA	["7606895_fullText_1"]	Pena-Shokeir phenotype	C0265228
Pena-Shokeir syndrome type I	C1276035	LOCATION_OF	["7606895_fullText_1"]	Pena-Shokeir phenotype	C0265228
Restrictive lung disease	C0085581	CAUSES	["25156766_fullText_1"]	Ventilatory defect	C0231926
Corticosteroid induced cataract	C1319183	CAUSES	["8064616_fullText_1"]	Low Vision	C0042798
Colitis, Ischemic	C0162529	IS_A		Colitis	C0009319
Pars Planitis	C0030593	IS_A		Chorioretinitis	C0008513
Hypoglossal Nerve Diseases	C0152181	IS_A		Disorders of other cranial nerves	C0154730
Progressive Muscular Atrophy	C0917981	COEXISTS_WITH	["8239562_fullText_1"]	Myotonic Dystrophy	C0027126
Progressive Muscular Atrophy	C0917981	IS_A		Motor Neuron Disease	C0085084
Stomach Volvulus	C0038359	COMPLICATES	["1483675_fullText_2"]	Myotonic Dystrophy	C0027126
Choroideremia	C0008525	IS_A		Choroid Diseases	C0008521
Choroideremia	C0008525	PREDISPOSES	["1455983_fullText_6"]	Hematological Disease	C0018939
Esophageal motility disorders	C0014858	IS_A		Esophageal Diseases	C0014852
Esophageal motility disorders	C0014858	COEXISTS_WITH	["1491894_fullText_4"]	Myotonic Dystrophy	C0027126
Varicocele	C0042341	IS_A		Varicose veins of pelvis	C0155795
Oligospermia	C0028960	IS_A		Male infertility	C0021364
Melkersson-Rosenthal Syndrome	C0025235	IS_A		Facial Nerve Diseases	C0015464
Metabolic myopathy	C0270984	COEXISTS_WITH	["23452772_fullText_3"]	Lipoidosis	C0023794
Mitral Valve Stenosis	C0026269	IS_A		Rheumatic disease of mitral valve	C0264765
Acute pyelonephritis	C0520575	IS_A		Pyelonephritis	C0034186
Reticular dysgenesis	C0272167	IS_A		Severe Combined Immunodeficiency	C0085110
Sjogren-Larsson Syndrome	C0037231	IS_A		Syndrome	C0039082
Sarcoidosis	C0036202	COEXISTS_WITH	["37507215_fullText_4"]	Episcleritis	C0014583
Sarcoidosis	C0036202	COEXISTS_WITH	["37507215_fullText_4"]	Scleritis	C0036416
Sarcoidosis	C0036202	COEXISTS_WITH	["37507215_fullText_4"]	Exophthalmos	C0015300
Familial benign pemphigus	C0085106	IS_A		Pemphigus	C0030807
Dermatomyositis, Childhood Type	C0263666	IS_A		Dermatomyositis	C0011633
Dry Eye Syndromes	C0013238	IS_A		Lacrimal Apparatus Diseases	C0022904
Goiter	C0018021	IS_A		Thyroid Diseases	C0040128
Incomplete left bundle branch block	C0281878	COEXISTS_WITH	["30536153_fullText_7"]	First degree atrioventricular block	C0085614
Nephrosclerosis	C0027719	IS_A		Renal hypertension	C0020544
Seborrheic dermatitis	C0036508	IS_A		Dermatitis	C0011603
Seborrheic dermatitis	C0036508	ISA	["30508964_fullText_6"]	Skin lesion	C0037284
Seborrheic dermatitis	C0036508	OCCURS_IN	["25813338_fullText_7"]	Dystrophia myotonica 1	C2931688
Communicating Hydrocephalus	C0009451	IS_A		Hydrocephalus	C0020255
Thalassemia	C0039730	IS_A		Anemia, Hemolytic	C0002878
Lymphedema distichiasis syndrome	C0265345	IS_A		Syndrome	C0039082
IMMUNODEFICIENCY 13	C3809768	IS_A		Congenital T-Cell Immunodeficiency	C1333147
Idiopathic Hypercatabolic Hypoproteinemia	C0020800	CAUSES	["22572587_fullText_5"]	Lens Opacities	C1510497
Idiopathic Hypercatabolic Hypoproteinemia	C0020800	CAUSES	["22572587_fullText_5"]	Impaired glucose tolerance	C0271650
Familial Mediterranean Fever	C0031069	IS_A		Ankylosing spondylitis and other inflammatory spondylopathies	C0003089
IgG Deficiency	C0162539	IS_A		Dysgammaglobulinemia	C0013374
Papilledema	C0030353	IS_A		Disorder of the optic nerve	C0029132
Keratoconjunctivitis	C0022573	IS_A		Disorder of eye	C0015397
Nephritis	C0027697	IS_A		Kidney Diseases	C0022658
Corneal edema	C0010037	IS_A		Corneal Diseases	C0010034
Charcot-Marie-Tooth disease, X-linked, 1	C0393808	ISA	["20443038_fullText_1"]	Neuromuscular Diseases	C0027868
Scleroatonic muscular dystrophy	C0410179	COEXISTS_WITH	["19019314_fullText_1"]	Muscular Atrophy	C0026846
Scleroatonic muscular dystrophy	C0410179	ISA	["19305075_fullText_1"]	Congenital Disorders	C0242354
Reactive hypoglycemia	C0271710	COEXISTS_WITH	["11036871_fullText_5"]	Hyperinsulinism	C0020459
Hereditary Motor and Sensory Neuropathy Type I	C0751036	ISA	["17376125_fullText_1","16914927_fullText_2"]	Hereditary Motor and Sensory Neuropathies	C0027888
Radiculopathy	C0700594	IS_A		Non-Neoplastic Peripheral Nervous System Disorder	C1335029
valvular condition	C1399222	ISA	["17575483_fullText_3"]	Heart Diseases	C0018799
Glossopharyngeal Nerve Paralysis	C0919940	ISA	["17228821_fullText_5"]	Nerve palsy	C0262576
Gait Apraxia	C1510417	COEXISTS_WITH	["16575302_fullText_2"]	Hydrocephalus, Normal Pressure	C0020258
Encephalomyelitis, Acute Disseminated	C0014059	IS_A		Encephalomyelitis	C0014070
Pyelonephritis, Xanthogranulomatous	C0034188	IS_A		Chronic pyelonephritis	C0085697
Chronic pyelonephritis	C0085697	IS_A		Pyelonephritis	C0034186
Cholecystitis	C0008325	IS_A		Cholangitis	C0008311
Severe autosomal recessive muscular dystrophy of childhood - North African type (disorder)	C0410173	OCCURS_IN	["15131736_fullText_4"]	Miyoshi myopathy	C1850808
Ectopic Pregnancy	C0032987	IS_A		Female Genital Diseases	C0017411
alpha-Thalassemia	C0002312	IS_A		Thalassemia	C0039730
Hidradenitis Suppurativa	C0162836	IS_A		Hidradenitis	C0085160
Brachial Plexus Neuritis	C0221759	IS_A		Brachial Plexus Neuropathies	C0700251
Stunned Myocardium	C0206145	COEXISTS_WITH__SPEC__	["12355886_fullText_9"]	Myotonic Dystrophy	C0027126
Stunned Myocardium	C0206145	ISA	["12355886_fullText_9"]	Cardiomyopathies	C0878544
HELLP Syndrome	C0162739	IS_A		Severe pre-eclampsia, unspecified as to episode of care or not applicable	C0156669
Single-Gene Defects	C0037176	CAUSES	["181256_fullText_4"]	Muscular Dystrophy	C0026850
Transient neonatal myasthenia	C0393943	MANIFESTATION_OF	["11988891_fullText_1"]	Myasthenias	C0947912
Pituitary dwarfism	C0013338	IS_A		Hypopituitarism	C0020635
Congenital adrenal hyperplasia	C0001627	LOCATION_OF	["26238341_fullText_2","23896802_fullText_1","21641615_fullText_1","17616847_fullText_5","17574536_fullText_1","12271912_fullText_1","10891024_fullText_1","2731793_fullText_2"]	Chronic active hepatitis	C0520463
Pierson syndrome	C1836876	ISA	["30120985_fullText_2"]	Syndrome	C0039082
Pierson syndrome	C1836876	IS_A		Syndrome	C0039082
Slow channel syndrome	C0393934	ISA	["34999496_fullText_1"]	Neuromuscular Diseases	C0027868
Epilepsy, Frontal Lobe	C0085541	IS_A		Epilepsies, Partial	C0014547
Autosomal Dominant Nocturnal Frontal Lobe Epilepsy	C3696898	ISA	["17589814_fullText_3","17434185_fullText_3"]	Epilepsy, Frontal Lobe	C0085541
Congenital myasthenic syndrome ib	C1850792	ISA	["22987706_fullText_1"]	Myasthenic Syndromes, Congenital	C0751882
Denys-Drash Syndrome	C0950121	IS_A		Syndrome	C0039082
Anuria	C0003460	IS_A		Kidney Diseases	C0022658
Neuromuscular Junction Diseases	C0751950	IS_A		Neuromuscular Diseases	C0027868
Cystinuria	C0010691	IS_A		Amino Acid Metabolism, Inborn Errors	C0002514
Congenital keratoglobus	C0344530	IS_A		Corneal Diseases	C0010034
Choline Deficiency	C0008412	IS_A		Deficiency Diseases	C0011156
Apneic attack	C0474454	COEXISTS_WITH	["19289695_fullText_4"]	Disorder characterized by fever	C0743841
Nephrosis, congenital	C3501848	IS_A		Nephrotic Syndrome	C0027726
Pterygium	C0033999	IS_A		Corneal Diseases	C0010034
Episodic ataxia type 2 (disorder)	C1720416	COEXISTS_WITH	["14694040_fullText_1"]	Myasthenic Syndromes, Congenital	C0751882
Myasthenia Gravis, Generalized	C0751339	ISA	["24141560_fullText_5"]	Myasthenia Gravis	C0026896
NONAKA MYOPATHY	C1853926	IS_A		Myopathy	C0026848
Glaucoma, Neovascular	C0017609	IS_A		Glaucoma	C0017601
Epidermolysis Bullosa	C0014527	IS_A		Skin Diseases, Vesiculobullous	C0037275
Encephalomyelitis	C0014070	IS_A		CNS disorder	C0007682
Noma	C0028271	IS_A		Ulcerative stomatitis	C0038367
Miller Fisher Syndrome	C0393799	IS_A		Guillain-Barre Syndrome	C0018378
Miller Fisher Syndrome	C0393799	ISA	["33661577_fullText_27"]	Guillain-Barre Syndrome	C0018378
Primary sclerosing cholangitis	C0566602	IS_A		Cholangitis, Sclerosing	C0008313
Cytomegalovirus Infections	C0010823	AFFECTS	["32130224_fullText_23"]	Cytochrome-c Oxidase Deficiency	C0268237
Paralytic strabismus	C0152221	IS_A		Other specified strabismus	C0029831
Acute viral disease	C1443953	PRECEDES	["32677908_fullText_145"]	Acidosis, Lactic	C0001125
Acute viral disease	C1443953	PRECEDES	["32677908_fullText_139"]	Beta-Hydroxyisobutyryl CoA Deacylase Deficiency	C0342738
Ethylmalonic encephalopathy	C1865349	IS_A		Mitochondrial Diseases	C0751651
Nephronophthisis	C0687120	IS_A		Kidney Diseases	C0022658
Nephronophthisis	C0687120	COEXISTS_WITH	["32165824_fullText_47"]	Retinal Dystrophies	C0854723
Caroli Disease	C0162510	IS_A		Bile Duct Diseases	C0005395
Caroli Disease	C0162510	COEXISTS_WITH	["32165824_fullText_47"]	Retinal Dystrophies	C0854723
Exocrine pancreatic insufficiency	C0267963	IS_A		Other specified diseases of pancreas	C0029771
Exocrine pancreatic insufficiency	C0267963	COEXISTS_WITH__SPEC__	["32059522_fullText_32"]	Pearson's marrow-pancreas syndrome	C0342784
Exocrine pancreatic insufficiency	C0267963	COEXISTS_WITH	["32059522_fullText_32"]	Syndrome	C0039082
Oculovestibuloauditory syndrome	C0271270	IS_A		Disorder of eye	C0015397
Intussusception	C0021933	IS_A		Intestinal Obstruction	C0021843
Stomatitis	C0038362	IS_A		Lip Diseases	C0023760
Hand, Foot and Mouth Disease	C0018572	IS_A		Virus Diseases	C0042769
Autoimmune Diseases of the Nervous System	C0751871	IS_A		nervous system disorder	C0027765
Renal tubular disorder	C0151747	CAUSES	["8598044_fullText_5"]	Fanconi Syndrome	C0015624
Encephalomalacia	C0014068	IS_A		Encephalopathies	C0085584
Congenital Hemidysplasia with Ichthyosiform Erythroderma and Limb Defects	C0265267	IS_A		Syndrome	C0039082
Trimethylaminuria	C0342739	ISA	["35055180_fullText_120"]	Hereditary Diseases	C0019247
Encephalopathy, Bovine Spongiform	C0085209	IS_A		Prion Diseases	C0162534
Opitz trigonocephaly syndrome	C0796095	IS_A		Syndrome	C0039082
Hartnup Disease	C0018609	IS_A		Amino Acid Metabolism, Inborn Errors	C0002514
Retinoschisis	C0152439	IS_A		Retinal Degeneration	C0035304
Riboflavin Deficiency	C0035528	IS_A		Deficiency Diseases	C0011156
Hyperlysinemias	C0268553	IS_A		Amino Acid Metabolism, Inborn Errors	C0002514
Meningitis	C0025289	IS_A		CNS disorder	C0007682
Pneumococcal Infections	C0032269	CAUSES	["32981931_fullText_53"]	Hemolytic-Uremic Syndrome	C0019061
Pyruvate Carboxylase Deficiency Disease	C0034341	IS_A		Carbohydrate Metabolism, Inborn Errors	C0007001
Anemia, Pernicious	C0002892	IS_A		Deficiency Diseases	C0011156
Malaria, Cerebral	C0024534	IS_A		Malaria	C0024530
Iron-Refractory Iron Deficiency Anemia	C0085576	IS_A		Anemia	C0002871
Gangliosidosis GM1	C0085131	ISA	["33045869_abstract_1"]	Lysosomal Storage Diseases	C0085078
Gangliosidosis GM1	C0085131	IS_A		Gangliosidoses	C0017083
Hepatitis, Autoimmune	C0241910	ISA	["32145091_fullText_62"]	Hepatitis	C0019158
Mucopolysaccharidoses	C0026703	IS_A		Lysosomal Storage Diseases	C0085078
African Trypanosomiasis	C0041228	IS_A		Trypanosomiasis	C0041227
Hereditary orotic aciduria, type 1	C0268130	ISA	["29702557_fullText_67"]	Hereditary orotic aciduria	C0220987
IGA Glomerulonephritis	C0017661	IS_A		Glomerulonephritis	C0017658
De Barsy syndrome	C0268354	IS_A		Cutis Laxa	C0010495
Wrinkly skin syndrome	C0406587	IS_A		Syndrome	C0039082
Geroderma osteodysplastica	C0432255	IS_A		Syndrome	C0039082
PITT-HOPKINS SYNDROME	C1970431	IS_A		Syndrome	C0039082
Encephalomyelitis, Western Equine	C0153064	IS_A		Encephalopathies	C0085584
Vitreous degeneration	C0155366	IS_A		Other vitreous opacities	C0029872
Color blindness	C0242225	IS_A		blindness or low vision (non-specific)	C0155020
Achromatopsia	C0152200	IS_A		Color blindness	C0242225
Ankylosis	C0003090	IS_A		Arthropathy associated with infection	C0157749
Hepatitis A	C0019159	IS_A		Virus Diseases	C0042769
Cholestasis, Progressive Familial Intrahepatic, 2	C3489789	IS_A		Progressive intrahepatic cholestasis (disorder)	C0268312
Sandhoff Disease	C0036161	IS_A		Gangliosidoses, GM2	C0268274
Multicystic Dysplastic Kidney	C3714581	COEXISTS_WITH	["32368833_fullText_90"]	Syndrome	C0039082
Multicystic Dysplastic Kidney	C3714581	ISA	["32630370_fullText_72"]	Syndrome	C0039082
Multicystic Dysplastic Kidney	C3714581	LOCATION_OF	["32630370_fullText_72"]	Syndrome	C0039082
trisomy 8 mosaic	C1096527	CAUSES	["31705726_fullText_81"]	Skeletal dysplasia	C0410528
Holt-Oram syndrome	C0265264	IS_A		Syndrome	C0039082
Peripheral motor neuropathy	C0235025	IS_A		Motor Neuron Disease	C0085084
Infarction, Middle Cerebral Artery	C0740392	IS_A		Cerebral Infarction	C0007785
Cerebral dysgenesis, neuropathy, ichthyosis, and palmoplantar keratoderma syndrome	C1836033	IS_A		Syndrome	C0039082
Palmoplantar Keratosis	C0022596	IS_A		Keratosis	C0022593
Factor XI Deficiency	C0015523	IS_A		Blood Coagulation Disorders	C0005779
Dermatomycoses	C0011630	IS_A		Skin Diseases, Genetic	C0037277
Zunich neuroectodermal syndrome	C1848392	IS_A		Syndrome	C0039082
Ichthyosis linearis circumflexa	C0265962	IS_A		Skin Diseases, Genetic	C0037277
Hypotrichosis	C0020678	IS_A		Hair Diseases	C0018500
Ichthyosis with hypotrichosis, autosomal recessive	C1835851	ISA	["32147747_fullText_69"]	Ichthyoses	C0020757
Pseudopelade	C0086873	COEXISTS_WITH	["32147747_fullText_81"]	Hypotrichosis	C0020678
ERYTHROKERATODERMIA VARIABILIS 3 (disorder)	C1836330	ISA	["32147747_fullText_103","32147747_fullText_104","32147747_fullText_106","32147747_fullText_136"]	Syndrome	C0039082
Smith-Lemli-Opitz Syndrome	C0175694	IS_A		Lipid Metabolism, Inborn Errors	C0023772
Biliary cirrhosis	C0023892	IS_A		Liver Cirrhosis	C0023890
Miller Dieker syndrome	C0265219	IS_A		Syndrome	C0039082
Hypokalemic periodic paralysis	C0238358	IS_A		Familial Periodic Paralysis	C0030443
Cooley's anemia	C0002875	COEXISTS_WITH	["23097601_fullText_14"]	Neuromuscular Diseases	C0027868
Cooley's anemia	C0002875	MANIFESTATION_OF	["25873781_fullText_58","28344440_fullText_46"]	Atrial Fibrillation	C0004238
Enophthalmos	C0014306	IS_A		Orbital Diseases	C0029182
Corneal Diseases	C0010034	IS_A		Disorder of eye	C0015397
Muscular Atrophy, Spinal, Type II	C0393538	IS_A		Spinal Muscular Atrophies of Childhood	C0700595
Heart Failure, Diastolic	C1135196	IS_A		Congestive heart failure	C0018802
Transient hypogammaglobulinemia of infancy	C0272238	IS_A		Transient Hypogammaglobulinemia	C0859960
Familial Periodic Paralysis	C0030443	IS_A		Metal Metabolism, Inborn Errors	C0025534
Scapuloperoneal Form of Spinal Muscular Atrophy	C0751335	IS_A		Motor Neuron Disease	C0085084
Spinal Muscular Atrophies of Childhood	C0700595	IS_A		Spinal Muscular Atrophy	C0026847
Congenital Pain Insensitivity	C0002768	LOCATION_OF	["6085021_fullText_1"]	Syndrome	C0039082
Neonatal Myasthenia Gravis	C0158982	IS_A		myasthenia gravis without acute exacerbation	C1260409
Myopathy, Centronuclear, Autosomal Dominant	C1834558	IS_A		Centronuclear myopathy	C0175709
Mechanical Strabismus	C0152223	IS_A		Other specified strabismus	C0029831
Hypertropia	C0020575	IS_A		Other specified strabismus	C0029831
Myopia, Degenerative	C0154778	IS_A		Myopia	C0027092
Pupil Disorders	C0034124	IS_A		Disorder of eye	C0015397
Sleep Apnea, Mixed Central and Obstructive	C0338495	IS_A		Sleep Apnea Syndromes	C0037315
Hereditary nephritis	C0027706	IS_A		Syndrome	C0039082
TIBIAL MUSCULAR DYSTROPHY, TARDIVE	C1838244	IS_A		Distal Muscular Dystrophies	C0751336
Brown Tendon Sheath Syndrome	C0155339	IS_A		Mechanical Strabismus	C0152223
Anterior Horn Cell Disease	C0154681	IS_A		Spinal Muscular Atrophy	C0026847
Nephropathic cystinosis	C2931187	IS_A		Lysosomal Storage Diseases	C0085078
Angelman Syndrome	C0162635	OCCURS_IN	["39231983_fullText_159"]	Mitochondrial encephalopathy	C1852373
Angelman Syndrome	C0162635	IS_A		Syndrome	C0039082
Mitochondrial Dysfunction	C4021734	COEXISTS_WITH	["38732047_fullText_13"]	Sepsis-Associated Encephalopathy	C0393642
Mitochondrial Dysfunction	C4021734	COEXISTS_WITH	["38732047_fullText_13"]	Ischemic stroke	C0948008
Anti-Glomerular Basement Membrane Disease	C0403529	IS_A		Lung diseases	C0024115
Mitral Valve Prolapse Syndrome	C0026267	IS_A		Rheumatic disease of mitral valve	C0264765
Intestinal Obstruction	C0021843	IS_A		Intestinal Diseases	C0021831
Froehlich's Syndrome	C0016724	IS_A		Hypothalamic Diseases	C0020655
Hypothalamic Diseases	C0020655	IS_A		Thalamic Diseases	C0039726
Bonnevie-Ullrich Syndrome	C1527168	IS_A		Gonadal Dysgenesis	C0018051
Amyotrophic Lateral Sclerosis, Guam Form	C0543859	IS_A		Degenerative disorder	C1285162
Hypercholesterolemia, Familial	C0020445	IS_A		Hyperlipoproteinemias	C0020476
Uveal Diseases	C0042161	IS_A		Disorder of eye	C0015397
Tongue Diseases	C0040409	IS_A		Mouth Diseases	C0026636
Primary Hyperthyroidism	C3714618	IS_A		Thyroid Diseases	C0040128
Creutzfeldt-Jakob disease	C0022336	IS_A		Prion Diseases	C0162534
Paralytic Ileus	C0030446	IS_A		Intestinal Obstruction	C0021843
Obstructive Hydrocephalus	C0549423	IS_A		Hydrocephalus	C0020255
Spontaneous Ocular Nystagmus	C0271384	IS_A		Nystagmus	C0028738
Dissociated Nystagmus	C0155380	IS_A		Nystagmus	C0028738
Lens Diseases	C0023308	IS_A		Disorder of eye	C0015397
Colonic Diseases, Functional	C0009374	IS_A		Colonic Diseases	C0009373
alpha-Mannosidosis	C0024748	IS_A		Lysosomal Storage Diseases	C0085078
Lesion of Sciatic Nerve	C0154748	IS_A		Mononeuritis of lower limb	C0154747
Left ventricular diastolic dysfunction	C1273070	CAUSES	["31957094_abstract_2"]	Heart Diseases	C0018799
Blind Loop Syndrome	C0005750	IS_A		Intestinal Diseases	C0021831
Microsporidiosis	C0085407	IS_A		Opportunistic mycosis	C0029119
Periodontal Diseases	C0031090	IS_A		Mouth Diseases	C0026636
Cerebellar Degenerations, Primary	C0033132	IS_A		Degenerative disorder	C1285162
Lobstein Disease	C0023931	IS_A		Osteogenesis Imperfecta	C0029434
Gall Bladder Diseases	C0016977	IS_A		Digestive System Disorders	C0012242
Hemophilia A	C0019069	IS_A		Blood Coagulation Disorders	C0005779
Hemiplegia, Infantile	C0392550	IS_A		CNS disorder	C0007682
Monocular Esotropia	C0152204	IS_A		Esotropia	C0014877
Williams Syndrome	C0175702	IS_A		Syndrome	C0039082
Giardiasis	C0017536	IS_A		Protozoan Infections	C0033740
Alternating Exotropia	C0152207	IS_A		Exotropia	C0015310
Monocular Exotropia	C0152206	IS_A		Exotropia	C0015310
Coffin-Lowry syndrome	C0265252	IS_A		Syndrome	C0039082
Parkinson Disease, Postencephalitic	C0030568	IS_A		Secondary Parkinson Disease	C0030569
Lipoatrophic Diabetes Mellitus	C0011859	IS_A		Diabetes Mellitus, Non-Insulin-Dependent	C0011860
Vagus Nerve Disorder	C0152179	IS_A		Disorders of other cranial nerves	C0154730
Keratosis	C0022593	IS_A		Skin Diseases, Genetic	C0037277
beta Thalassemia	C0005283	IS_A		Thalassemia	C0039730
Rubinstein-Taybi Syndrome	C0035934	IS_A		Syndrome	C0039082
Hepatic Coma	C0019147	IS_A		Hepatic Encephalopathy	C0019151
Myocardial Stunning	C0206146	IS_A		Myocardial Infarction	C0027051
Action Myoclonus-Renal Failure Syndrome	C0751779	IS_A		Myoclonic Epilepsies, Progressive	C0751778
Total Third-Nerve Palsy	C0271371	IS_A		Paralytic strabismus	C0152221
Partial Third-Nerve Palsy	C0271370	IS_A		Paralytic strabismus	C0152221
Oculomotor Nerve Paralysis	C0028866	IS_A		Third cranial nerve disorder	C0271353
Muscular Disorders, Atrophic	C0752352	IS_A		Neuromuscular Diseases	C0027868
Infant Gynecomastia	C1449721	IS_A		Breast Diseases	C0006145
Duodenal Diseases	C0013289	IS_A		Intestinal Diseases	C0021831
Rectal Diseases	C0034882	IS_A		Intestinal Diseases	C0021831
Sheehan Syndrome	C0242342	IS_A		Hypopituitarism	C0020635
Polyradiculoneuropathy	C0032587	IS_A		Non-Neoplastic Peripheral Nervous System Disorder	C1335029
Colonic Diseases	C0009373	IS_A		Intestinal Diseases	C0021831
Interstitial emphysema	C1370824	IS_A		Other emphysema	C0029607
Persistent Fetal Circulation Syndrome	C0031190	IS_A		Pulmonary Hypertension	C0020542
Pyelonephritis	C0034186	IS_A		Pyelitis	C0034183
Radial Neuropathy	C0748226	IS_A		Mononeuropathies	C0494491
Vitreous Detachment	C0042907	IS_A		Other vitreous opacities	C0029872
Thyroid Hormone Resistance Syndrome	C2940786	IS_A		Hypothyroidism	C0020676
CADASIL Syndrome	C0751587	IS_A		Leukodystrophy	C0023520
Postcholecystectomy Syndrome	C0152099	IS_A		Biliary Tract Diseases	C0005424
Fasciitis	C0015645	IS_A		Connective Tissue Diseases	C0009782
Visual seizure	C0270824	IS_A		Epilepsy	C0014544
Familial Partial Lipodystrophy, Type 1	C1720859	IS_A		Familial Partial Lipodystrophy, Type 3	C1720861
Lymphedema	C0024236	IS_A		Lymphatic Diseases	C0024228
Milroy Disease	C1704423	IS_A		Hereditary edema of legs	C1313885
Parathyroid Diseases	C0030517	IS_A		Endocrine System Diseases	C0014130
Andersen Syndrome	C1563715	IS_A		Long QT Syndrome	C0023976
Carotid Stenosis	C0007282	IS_A		Carotid Artery Diseases	C0007273
Epilepsy, Complex Partial	C0085417	IS_A		Epilepsies, Partial	C0014547
Lipid Metabolism, Inborn Errors	C0023772	IS_A		Inborn Errors of Metabolism	C0025521
Siderosis	C0037061	IS_A		Pneumoconiosis	C0032273
Bile Duct Diseases	C0005395	IS_A		Biliary Tract Diseases	C0005424
Steroid Metabolism, Inborn Errors	C1257809	IS_A		Lipid Metabolism, Inborn Errors	C0023772
Thalamic Diseases	C0039726	IS_A		Encephalopathies	C0085584
Biliary Tract Diseases	C0005424	IS_A		hepatobiliary disease	C0267792
Primary Hyperoxaluria	C0020501	IS_A		Carbohydrate Metabolism, Inborn Errors	C0007001
Metal Metabolism, Inborn Errors	C0025534	IS_A		Inborn Errors of Metabolism	C0025521
Congenital dyserythropoietic anemia, type III	C0271934	IS_A		Congenital dyserythropoietic anemia	C0002876
Leukocyte-Adhesion Deficiency Syndrome	C0242597	IS_A		Leukocyte Disorders	C0023510
Deficiency of galactokinase	C0268155	IS_A		Galactosemias	C0016952
Carbohydrate Metabolism, Inborn Errors	C0007001	IS_A		Inborn Errors of Metabolism	C0025521
Crohn's disease of large bowel	C0156147	IS_A		Inflammatory Bowel Diseases	C0021390
Crohn's disease of large bowel	C0156147	IS_A		Crohn's disease of large bowel	C0156147
Herpes simplex infection	C0019348	IS_A		Virus Diseases	C0042769
Lacrimal Apparatus Diseases	C0022904	IS_A		Disorder of eye	C0015397
Acampomelic Campomelic Dysplasia	C1861923	IS_A		Osteochondrodysplasias	C0029422
Diabetic Polyneuropathies	C0271680	IS_A		Diabetic Neuropathies	C0011882
MPS III C	C0086649	IS_A		Mucopolysaccharidosis III	C0026706
MPS III D	C0086650	IS_A		Mucopolysaccharidosis III	C0026706
Purpura	C0034150	IS_A		Hemorrhagic Disorders	C0019087
Hyperphosphatemia (disorder)	C0085681	IS_A		Phosphorus Metabolism Disorders	C0031707
Holocarboxylase Synthetase Deficiency	C0268581	IS_A		Multiple Carboxylase Deficiency	C0026755
Benzoic acid allergy	C0571102	IS_A		Dermatitis, Allergic Contact	C0162820
Allergy to ketoprofen	C0570547	IS_A		Dermatitis, Photoallergic	C0162824
Dermatitis, Photoallergic	C0162824	IS_A		Dermatitis, Allergic Contact	C0162820
Neomycin sulfate allergy	C1443961	IS_A		Dermatitis, Allergic Contact	C0162820
Allergy to formaldehyde	C0571339	IS_A		Dermatitis, Allergic Contact	C0162820
BK virus nephropathy	C1697878	IS_A		Hemorrhagic Fever with Renal Syndrome	C0019101
Sulfatidosis, Juvenile, Austin Type	C1720864	IS_A		Sphingolipidoses	C0037899
Sphingolipidoses	C0037899	IS_A		Other disorders of lipoid metabolism	C0029591
Multiple Carboxylase Deficiency	C0026755	IS_A		Amino Acid Metabolism, Inborn Errors	C0002514
Foster-Kennedy Syndrome	C0152112	IS_A		Papilledema	C0030353
Angiodysplasia	C0085411	IS_A		Spinal Cord Ischemia	C0752130
Infantile Globoid Cell Leukodystrophy	C0751273	ISA	["37952085_fullText_1"]	Globoid cell leukodystrophy	C0023521
Post-Vaccinal Encephalitis	C0751101	IS_A		Encephalitis	C0014038
Encephalitis, Acute Necrotizing	C0338418	IS_A		Encephalitis	C0014038
Intestinal Perforation	C0021845	IS_A		Intestinal Diseases	C0021831
Glycogen Storage Disease Type III	C0017922	IS_A		Glycogen Storage Disease	C0017919
Striatonigral Degeneration	C0270733	IS_A		Multiple System Atrophy	C0393571
Tyrosine Transaminase Deficiency Disease	C0268487	ISA	["28121442_fullText_1"]	Metabolic Diseases	C0025517
Eunuchism	C0238117	IS_A		Hypogonadism	C0020619
Empyema, Subdural	C0038539	IS_A		CNS disorder	C0007682
Cardiomyopathy, Hypertrophic, Familial	C0949658	IS_A		Hypertrophic Cardiomyopathy	C0007194
Laryngeal Diseases	C0023051	IS_A		Other disease of nasal cavity and sinuses	C0029581
Conjunctivitis, Giant Papillary	C0009769	IS_A		Papillary conjunctivitis	C0854165
Conjunctivitis, Vernal	C0009773	IS_A		Chronic conjunctivitis	C0155145
Premenstrual Tension	C0376356	IS_A		Female Genital Diseases	C0017411
Iris Diseases	C0022078	IS_A		Uveal Diseases	C0042161
Uremia	C0041948	IS_A		Kidney Failure	C0035078
Neuroretinitis	C0154874	IS_A		Disorder of eye	C0015397
Multiple Sclerosis, Progressive Relapsing	C0393666	IS_A		Multiple Sclerosis	C0026769
Multiple Sclerosis, Primary Progressive	C0751964	IS_A		Multiple Sclerosis	C0026769
Entrapment Neuropathies	C1510429	IS_A		Non-Neoplastic Peripheral Nervous System Disorder	C1335029
Persian Gulf Syndrome	C0282550	IS_A		Syndrome	C0039082
Central Nervous System Origin Vertigo	C0155503	IS_A		Encephalopathies	C0085584
Spinal Cord Ischemia	C0752130	IS_A		Cardiovascular Diseases	C0007222
Pustulosis of Palms and Soles	C0030246	IS_A		Dermatitis	C0011603
Diabetic Angiopathies	C0011875	IS_A		Peripheral angiopathy in diseases classified elsewhere	C0031115
Pressure injury	C4554531	IS_A		Chronic skin ulcer	C0157738
Urethral Obstruction	C0041972	IS_A		Urethral Diseases	C0041969
prostatitis	C0033581	IS_A		Prostatic Diseases	C0033575
Idiopathic Pulmonary Fibrosis	C1800706	IS_A		Pulmonary Fibrosis	C0034069
Inguinal Hernia, Indirect	C0019296	IS_A		Intestinal Diseases	C0021831
Chronic interstitial cystitis	C0600040	IS_A		Other chronic cystitis	C0156268
Euthyroid Sick Syndromes	C0015190	IS_A		Thyroid Diseases	C0040128
Proliferative vitreoretinopathy	C0242852	IS_A		Other vitreous opacities	C0029872
Neurodermatitis	C0027822	IS_A		Dermatitis	C0011603
Hymenolepiasis	C0020413	IS_A		Helminthiasis	C0018889
Neutropenia	C0027947	IS_A		Agranulocytosis	C0001824
Nose Diseases	C0028432	IS_A		Other disease of nasal cavity and sinuses	C0029581
Photosensitivity Disorders	C0031762	IS_A		Dermatitis	C0011603
Pituitary-dependent Cushing's disease	C0221406	IS_A		Hyperpituitarism	C0020506
Malaria, Falciparum	C0024535	IS_A		Malaria	C0024530
Autoimmune Pancreatitis	C2609129	IS_A		Other specified diseases of pancreas	C0029771
Other specified diseases of pancreas	C0029771	IS_A		Endocrine System Diseases	C0014130
Gonococcal seminal vesiculitis	C0578661	IS_A		Seminal vesiculitis	C0042588
Gonococcal seminal vesiculitis	C0578661	IS_A		Gonococcal seminal vesiculitis	C0578661
Encephalitis, California	C0014053	IS_A		Encephalopathies	C0085584
Lymphohistiocytosis, Hemophagocytic	C0024291	IS_A		Lymphatic Diseases	C0024228
Lymphatic Diseases	C0024228	IS_A		Unspecified disorder of immune mechanism	C0041806
Acute sinusitis	C0149512	IS_A		Paranasal Sinus Diseases	C0030469
Superficial mycosis	C2980104	IS_A		Mycoses	C0026946
Coronary Thrombosis	C0010072	IS_A		Chronic myocardial ischemia	C0264694
Chronic adenoiditis	C0396023	IS_A		Other disease of nasal cavity and sinuses	C0029581
Other disease of nasal cavity and sinuses	C0029581	IS_A		Other respiratory system diseases	C0029582
Chronic laryngotracheitis	C0155837	IS_A		Other disease of nasal cavity and sinuses	C0029581
Bronchiolitis Obliterans Organizing Pneumonia	C0242770	IS_A		Hamman-Rich syndrome	C0085786
Desquamative interstitial pneumonia	C0238378	IS_A		Hamman-Rich syndrome	C0085786
Tuberculous oophoritis and salpingitis	C0152828	IS_A		Tuberculosis, Urogenital	C0041333
Encephalitis, Central European	C0014054	IS_A		Virus Diseases	C0042769
Endemic Cretinism	C0342200	IS_A		Hypothyroidism	C0020676
Stevens-Johnson Syndrome	C0038325	IS_A		Skin Diseases, Genetic	C0037277
Keratosis Palmaris et Plantaris Familiaris	C3489771	IS_A		Palmoplantar Keratosis	C0022596
Fatal Familial Insomnia	C0206042	IS_A		Prion Diseases	C0162534
Mulibrey Nanism	C0524582	IS_A		Syndrome	C0039082
Glycogen Storage Disease Type IIb	C0878677	IS_A		Lysosomal Storage Diseases	C0085078
Frasier Syndrome	C0950122	IS_A		Syndrome	C0039082
Rickets, X-Linked Hypophosphatemic	C3540852	IS_A		Rickets	C0035579
Leukokeratosis, Hereditary Mucosal	C1721005	IS_A		Skin Diseases, Genetic	C0037277
Pachyonychia Congenita, Type 2	C1721007	IS_A		Syndrome	C0039082
Gitelman Syndrome	C0268450	IS_A		Renal Tubular Transport, Inborn Errors	C0035091
Renal Tubular Transport, Inborn Errors	C0035091	IS_A		Kidney Diseases	C0022658
Mevalonic Aciduria	C1959626	IS_A		Peroxisomal Disorders	C0282528
Congenital absence of germinal epithelium of testes	C1384583	IS_A		Male infertility	C0021364
Farber Lipogranulomatosis	C0268255	IS_A		Other disorders of lipoid metabolism	C0029591
Other disorders of lipoid metabolism	C0029591	IS_A		Lysosomal Storage Diseases	C0085078
Loeys-Dietz Syndrome	C2697932	IS_A		Syndrome	C0039082
Greither Disease	C1851480	IS_A		Skin Diseases, Genetic	C0037277
Hereditary lymphedema and yellow nails	C0221348	IS_A		Nail Diseases	C0027339
Rabson-Mendenhall Syndrome	C0271695	IS_A		Syndrome	C0039082
Carney Complex, Type 1	C2607929	IS_A		Syndrome	C0039082
Alstrom Syndrome	C0268425	IS_A		Syndrome	C0039082
Weill-Marchesani Syndrome, Autosomal Dominant	C1869115	IS_A		Syndrome	C0039082
Liddle Syndrome	C0221043	IS_A		Renal Tubular Transport, Inborn Errors	C0035091
Variola major	C1812609	IS_A		Smallpox	C0037354
Smallpox	C0037354	IS_A		Virus Diseases	C0042769
SPINAL MUSCULAR ATROPHY, TYPE IV	C1838230	IS_A		Spinal Muscular Atrophy	C0026847
Oguchi disease	C1306122	IS_A		Night Blindness	C0028077
Oguchi disease	C1306122	IS_A		Oguchi disease	C1306122
Retinopathy background	C0004608	IS_A		Retinal Vascular Disorder	C0154833
Retinal Vascular Disorder	C0154833	IS_A		Retinal Diseases	C0035309
Hereditary peripheral neuropathy	C0392553	IS_A		Charcot-Marie-Tooth Disease	C0007959
Congenital hereditary muscular dystrophy	C2937300	IS_A		Muscular Dystrophy	C0026850
Hereditary edema of legs	C1313885	IS_A		Lymphedema	C0024236
Taenia saginata infection	C0152073	IS_A		Helminthiasis	C0018889
Infection by Schistosoma intercalatum	C0276932	IS_A		Intestinal Diseases	C0021831
Bowen-Conradi syndrome	C1859405	IS_A		Syndrome	C0039082
Brooke-Spiegler syndrome	C1857941	IS_A		Skin Diseases, Genetic	C0037277
Dent disease 1	C1848336	IS_A		Renal Tubular Transport, Inborn Errors	C0035091
Fatal infantile cytochrome C oxidase deficiency	C4273730	IS_A		Cytochrome-c Oxidase Deficiency	C0268237
Rapadilino syndrome	C1849453	IS_A		Syndrome	C0039082
Zollinger-Ellison syndrome	C0043515	IS_A		Syndrome	C0039082
Other venous embolism & thrombosis	C0155774	IS_A		Spinal Cord Ischemia	C0752130
Achalasia microcephaly	C1860212	IS_A		Syndrome	C0039082
Adrenogenital disorder	C0701163	IS_A		Steroid Metabolism, Inborn Errors	C1257809
Temtamy preaxial brachydactyly syndrome	C1854466	IS_A		Syndrome	C0039082
Rheumatic tricuspid valve disease	C0264776	IS_A		Heart Valve Prolapse	C0079485
Heart Valve Prolapse	C0079485	IS_A		Heart Diseases	C0018799
Familial CHARGE Syndrome	C2936502	IS_A		Syndrome	C0039082
Muckle-Wells Syndrome	C0268390	IS_A		Syndrome	C0039082
Immunoglobulin A deficiency (disorder)	C0162538	IS_A		Dysgammaglobulinemia	C0013374
Immunoglobulin A deficiency (disorder)	C0162538	IS_A		Other selective immunoglobulin deficiencies	C0154276
Other selective immunoglobulin deficiencies	C0154276	IS_A		Immunologic Deficiency Syndromes	C0021051
Popliteal pterygium syndrome	C0265259	IS_A		Syndrome	C0039082
Diffuse alopecia areata	C0263479	IS_A		Alopecia Areata	C0002171
Other forms of migraine	C0477373	IS_A		Migraine with Aura	C0154723
Colitis, Lymphocytic	C0400822	IS_A		Colitis, Microscopic	C0400821
Enteritis, Pseudomembranous	C1257845	IS_A		Colitis	C0009319
Other and unspecified noninfectious gastroenteritis and colitis	C0029512	IS_A		Colitis	C0009319
Cogan-Reese syndrome	C1168173	IS_A		Disorder of eye	C0015397
CRST syndrome	C1527226	IS_A		Syndrome	C0039082
Acrofrontofacionasal dysostosis syndrome	C1860118	IS_A		Dysostoses	C0013393
Fahr's syndrome (disorder)	C0393590	IS_A		Basal Ganglia Diseases	C0004782
Carnitine palmitoyl transferase 2 deficiency	C0342790	IS_A		Lipid Metabolism, Inborn Errors	C0023772
Xanthinuria (disorder)	C0220988	IS_A		Other disorders of purine and pyrimidine metabolism	C0029595
Other disorders of purine and pyrimidine metabolism	C0029595	IS_A		Inborn Errors of Metabolism	C0025521
WARBURG MICRO SYNDROME 1	C1838625	IS_A		Syndrome	C0039082
Van Maldergem Wetzburger Verloes syndrome	C1832390	IS_A		Syndrome	C0039082
THREE M SYNDROME 3	C3280146	IS_A		Syndrome	C0039082
MASA syndrome	C0795953	IS_A		Spastic Paraplegia, Hereditary	C0037773
SIMPSON-GOLABI-BEHMEL SYNDROME, TYPE 1	C0796154	IS_A		Syndrome	C0039082
Sclerosteosis	C0265301	IS_A		Hyperostosis	C0020492
Sclerocornea	C1853235	IS_A		Corneal Diseases	C0010034
Other dyschromia	C0375489	IS_A		Skin Diseases, Genetic	C0037277
Reticulate acropigmentation of Kitamura	C0406811	IS_A		Other dyschromia	C0375489
Pigmented Nodular Adrenocortical Disease, Primary, 2	C1864851	IS_A		Adrenal Cortex Diseases	C0001614
Other vitreous opacities	C0029872	IS_A		Disorder of eye	C0015397
Omodysplasia	C4510897	IS_A		Osteochondrodysplasias	C0029422
Blepharophimosis syndrome Ohdo type	C0796094	IS_A		Syndrome	C0039082
Young Simpson syndrome	C1863557	IS_A		Blepharophimosis syndrome Ohdo type	C0796094
Crisponi syndrome	C1832409	IS_A		Syndrome	C0039082
Dyschromatosis universalis hereditaria	C2930995	IS_A		Other dyschromia	C0375489
EAR, PATELLA, SHORT STATURE SYNDROME	C1868684	IS_A		Syndrome	C0039082
Hypertrophy of adenoids	C0149825	IS_A		Other disease of nasal cavity and sinuses	C0029581
Angular cheilitis	C0221237	IS_A		Cheilitis	C0007971
Cheilitis	C0007971	IS_A		Lip Diseases	C0023760
Tracheal Diseases	C0040580	IS_A		Other disease of nasal cavity and sinuses	C0029581
Orofaciodigital Syndrome I	C1510460	IS_A		Orofaciodigital Syndromes	C0029294
Orofaciodigital Syndromes	C0029294	IS_A		Syndrome	C0039082
Mastoiditis	C0024904	IS_A		Disorder of middle ear	C0271428
Disorder of middle ear	C0271428	IS_A		Ear Diseases	C0013447
Cervix Diseases	C0007867	IS_A		Uterine Diseases	C0042131
TMEM70 related mitochondrial encephalo-cardio-myopathy	C4273660	IS_A		Isolated ATP synthase deficiency	C4757950
Isolated ATP synthase deficiency	C4757950	IS_A		Mitochondrial Diseases	C0751651
Other specified hypertrophic and atrophic conditions of skin	C0029805	IS_A		Acrodermatitis	C0001197
Angiomatosis, Bacillary	C0085434	IS_A		Bartonella Infections	C0004771
Acrorenal Syndrome	C3495490	IS_A		Syndrome	C0039082
Hypoparathyroidism, intellectual disability, dysmorphism syndrome	C1855840	IS_A		Syndrome	C0039082
Lymphedema, microcephaly and chorioretinopathy syndrome	C1835265	IS_A		Syndrome	C0039082
2,8-Dihydroxyadenine Urolithiasis	C3665382	IS_A		Other disorders of purine and pyrimidine metabolism	C0029595
Stormorken Syndrome	C1861451	IS_A		Blood Platelet Disorders	C0005818
Blood Platelet Disorders	C0005818	IS_A		Blood Coagulation Disorders	C0005779
Absent corpus callosum cataract immunodeficiency	C1855772	IS_A		Syndrome	C0039082
Chylomicron retention disease	C0795956	IS_A		Lipid Metabolism, Inborn Errors	C0023772
Glutaric Aciduria IIC	C1856405	IS_A		Inborn Errors of Metabolism	C0025521
Glycerol kinase deficiency - isolated	C0574108	IS_A		Inborn Errors of Metabolism	C0025521
Hennekam lymphangiectasia-lymphedema syndrome	C0340834	IS_A		Lymphatic Diseases	C0024228
Orofaciodigital syndrome 3	C0406726	IS_A		Orofaciodigital Syndromes	C0029294
Orofaciodigital syndrome 4	C0406727	IS_A		Orofaciodigital Syndromes	C0029294
Orofaciodigital syndrome 5	C1868118	IS_A		Orofaciodigital Syndromes	C0029294
Orofaciodigital syndrome 8	C0796101	IS_A		Orofaciodigital Syndromes	C0029294
Orofaciodigital syndrome 11	C2752048	IS_A		Orofaciodigital Syndromes	C0029294
Orofaciodigital syndrome 9	C0796102	IS_A		Orofaciodigital Syndromes	C0029294
Chondrodysplasia, blomstrand type	C1859148	IS_A		Osteochondrodysplasias	C0029422
Avellino corneal dystrophy	C1275685	IS_A		Granular Dystrophy, Corneal	C0018179
Fetal valproate syndrome	C0236026	IS_A		Syndrome	C0039082
Goldberg-Shprintzen megacolon syndrome	C1836123	IS_A		Syndrome	C0039082
SeSAME syndrome	C2748572	IS_A		Syndrome	C0039082
Mowat-Wilson syndrome	C1856113	IS_A		Syndrome	C0039082
Barber Say syndrome	C1319466	IS_A		Syndrome	C0039082
3C syndrome	C0796137	IS_A		Syndrome	C0039082
Holzgreve Wagner Rehder syndrome	C1856095	IS_A		Syndrome	C0039082
Erythema elevatum diutinum	C0263398	IS_A		Vasculitis	C0042384
von Willebrand Disease, Type 1	C1264039	IS_A		von Willebrand Disease	C0042974
von Willebrand Disease, Type 2	C1264040	IS_A		von Willebrand Disease	C0042974
Yunis Varon syndrome	C1857663	IS_A		Syndrome	C0039082
WHIM syndrome	C0472817	IS_A		Immunologic Deficiency Syndromes	C0021051
Megacystis microcolon intestinal hypoperistalsis syndrome	C1608393	IS_A		Syndrome	C0039082
Ulnar-mammary syndrome	C1866994	IS_A		Syndrome	C0039082
Nivelon Nivelon Mabille syndrome	C1838654	IS_A		Syndrome	C0039082
Dicarboxylicaminoaciduria	C1857253	IS_A		Amino Acid Metabolism, Inborn Errors	C0002514
Muenke Syndrome	C1864436	IS_A		Craniosynostosis	C0010278
Pendred's syndrome	C0271829	IS_A		Syndrome	C0039082
Lethal tight skin contracture syndrome (disorder)	C0406585	IS_A		Skin Diseases, Genetic	C0037277
Rudiger syndrome 1	C0406704	IS_A		Rudiger syndrome 1	C0406704
Rudiger syndrome 1	C0406704	IS_A		Syndrome	C0039082
Adult onset autosomal dominant leukodystrophy	C3164344	IS_A		Leukodystrophy	C0023520
Hereditary liability to pressure palsies	C0393814	IS_A		Neuropathy	C0442874
Pemphigus Vulgaris	C0030809	IS_A		Pemphigus	C0030807
Pseudohypoaldosteronism, Type I	C0268436	IS_A		Pseudohypoaldosteronism	C0033805
Pseudohypoaldosteronism	C0033805	IS_A		Renal Tubular Transport, Inborn Errors	C0035091
Pseudohypoaldosteronism, Type I, Autosomal Recessive	C1449843	IS_A		Pseudohypoaldosteronism	C0033805
Septo-Optic Dysplasia	C0338503	IS_A		Syndrome	C0039082
Osteopathia striata cranial sclerosis	C0432268	IS_A		Osteosclerosis	C0029464
Renal hepatic pancreatic dysplasia Dandy Walker cyst	C2673885	IS_A		Congenital cystic kidney disease	C0311245
Hyperinsulinemic hypoglycemia, familial, 7	C1864902	IS_A		Nesidioblastosis	C0027773
Cholestasis, progressive familial intrahepatic 3	C1865643	IS_A		Progressive intrahepatic cholestasis (disorder)	C0268312
Craniolenticulosutural Dysplasia	C1843042	IS_A		Syndrome	C0039082
Obstructive nephropathy	C0149939	IS_A		Kidney Diseases	C0022658
HYPERPHOSPHATASIA WITH IMPAIRED INTELLECTUAL DEVELOPMENT SYNDROME 1	C4551502	IS_A		Hyperphosphatasemia with intellectual disability	C1855923
Xanthinuria, Type I	C0268118	IS_A		Xanthinuria (disorder)	C0220988
Xanthinuria, Type II	C1863688	IS_A		Xanthinuria (disorder)	C0220988
Childhood-onset motor and cognitive regression syndrome with extrapyramidal movement disorder	C5567227	IS_A		Degenerative disorder	C1285162
MITOCHONDRIAL COMPLEX IV DEFICIENCY, NUCLEAR TYPE 23	C5830322	IS_A		Cytochrome-c Oxidase Deficiency	C0268237
PARKINSONISM-DYSTONIA 2, INFANTILE-ONSET	C4747991	IS_A		Movement Disorders	C0026650
MITOCHONDRIAL COMPLEX IV DEFICIENCY, NUCLEAR TYPE 1	C5435656	IS_A		Isolated cytochrome C oxidase deficiency	C5779825
Isolated cytochrome C oxidase deficiency	C5779825	IS_A		Cytochrome-c Oxidase Deficiency	C0268237
MITOCHONDRIAL COMPLEX IV DEFICIENCY, NUCLEAR TYPE 3	C5436682	IS_A		Isolated cytochrome C oxidase deficiency	C5779825
MITOCHONDRIAL COMPLEX IV DEFICIENCY, NUCLEAR TYPE 4	C5436683	IS_A		Isolated cytochrome C oxidase deficiency	C5779825
MITOCHONDRIAL COMPLEX IV DEFICIENCY, NUCLEAR TYPE 7	C5436685	IS_A		Isolated cytochrome C oxidase deficiency	C5779825
MITOCHONDRIAL COMPLEX IV DEFICIENCY, NUCLEAR TYPE 8	C5436689	IS_A		Isolated cytochrome C oxidase deficiency	C5779825
MITOCHONDRIAL COMPLEX IV DEFICIENCY, NUCLEAR TYPE 10	C5436692	IS_A		Isolated cytochrome C oxidase deficiency	C5779825
Gamma-Glutamylcysteine Synthetase Deficiency, Hemolytic Anemia due to	C1856603	IS_A		Amino Acid Metabolism, Inborn Errors	C0002514
Cataracts, Congenital, with Sensorineural Deafness, Down Syndrome-Like Facial Appearance, Short Stature, and Mental Retardation	C1832812	IS_A		Syndrome	C0039082
MITOCHONDRIAL COMPLEX IV DEFICIENCY, NUCLEAR TYPE 11	C5436694	IS_A		Isolated cytochrome C oxidase deficiency	C5779825
MITOCHONDRIAL COMPLEX IV DEFICIENCY, NUCLEAR TYPE 12	C5436695	IS_A		Isolated cytochrome C oxidase deficiency	C5779825
MITOCHONDRIAL COMPLEX IV DEFICIENCY, NUCLEAR TYPE 14	C5436710	IS_A		Isolated cytochrome C oxidase deficiency	C5779825
MITOCHONDRIAL COMPLEX IV DEFICIENCY, NUCLEAR TYPE 15	C5436712	IS_A		Isolated cytochrome C oxidase deficiency	C5779825
MITOCHONDRIAL COMPLEX IV DEFICIENCY, NUCLEAR TYPE 16	C5436714	IS_A		Isolated cytochrome C oxidase deficiency	C5779825
MITOCHONDRIAL COMPLEX IV DEFICIENCY, NUCLEAR TYPE 17	C5436718	IS_A		Isolated cytochrome C oxidase deficiency	C5779825
MITOCHONDRIAL COMPLEX IV DEFICIENCY, NUCLEAR TYPE 18	C5436720	IS_A		Isolated cytochrome C oxidase deficiency	C5779825
MITOCHONDRIAL COMPLEX IV DEFICIENCY, NUCLEAR TYPE 19	C5436723	IS_A		Isolated cytochrome C oxidase deficiency	C5779825
MITOCHONDRIAL COMPLEX IV DEFICIENCY, NUCLEAR TYPE 20	C5436726	IS_A		Isolated cytochrome C oxidase deficiency	C5779825
MITOCHONDRIAL COMPLEX IV DEFICIENCY, NUCLEAR TYPE 21	C5436727	IS_A		Isolated cytochrome C oxidase deficiency	C5779825
MITOCHONDRIAL COMPLEX IV DEFICIENCY, NUCLEAR TYPE 22	C5543491	IS_A		Isolated cytochrome C oxidase deficiency	C5779825
Worth disease	C0432273	IS_A		Hyperostosis	C0020492
Finnish congenital nephrotic syndrome	C0403399	IS_A		Nephrosis, congenital	C3501848
Testicular Feminization	C0936016	IS_A		Androgen-Insensitivity Syndrome	C0039585
Omodysplasia type 1	C1850318	IS_A		Omodysplasia	C4510897
Omodysplasia 2	C2750355	IS_A		Omodysplasia	C4510897
Pemphigus Foliaceus	C0263313	COEXISTS_WITH	["12852375_fullText_1"]	Phenylketonurias	C0031485
Pemphigus Foliaceus	C0263313	IS_A		Pemphigus	C0030807
IgA pemphigus	C1274167	IS_A		Pemphigus	C0030807
Vitamin D-dependent rickets	C0221468	IS_A		Hematological Disease	C0018939
Glycogen Storage Disease Type I	C0017920	IS_A		Glycogen Storage Disease	C0017919
POLYCYSTIC LIPOMEMBRANOUS OSTEODYSPLASIA WITH SCLEROSING LEUKOENCEPHALOPATHY	C1857316	IS_A		Syndrome	C0039082
RAPP-HODGKIN SYNDROME	C1785148	IS_A		Ectodermal Dysplasia	C0013575
Ectodermal Dysplasia	C0013575	IS_A		Syndrome	C0039082
Neutrophilia, Hereditary	C0543669	IS_A		Leukocyte Disorders	C0023510
Leukocyte Disorders	C0023510	IS_A		Hematological Disease	C0018939
CAMPTODACTYLY-ARTHROPATHY-COXA VARA-PERICARDITIS SYNDROME	C1859690	IS_A		Syndrome	C0039082
Gamma-cystathionase deficiency	C0268616	IS_A		Amino Acid Metabolism, Inborn Errors	C0002514
Donnai-Barrow syndrome	C1857277	IS_A		Syndrome	C0039082
Neurodegeneration with brain iron accumulation (NBIA)	C2931845	IS_A		Degenerative disorder	C1285162
Neuroferritinopathy	C1853578	IS_A		Neurodegeneration with brain iron accumulation (NBIA)	C2931845
OSTEOPETROSIS, AUTOSOMAL DOMINANT 1	C1843330	IS_A		Osteopetrosis	C0029454
Osteopetrosis	C0029454	IS_A		Osteosclerosis	C0029464
Osteopetrosis Autosomal Dominant Type 2	C3179239	IS_A		Osteopetrosis	C0029454
HEMOCHROMATOSIS, TYPE 4	C1853733	IS_A		Hemochromatosis	C0018995
HEMOCHROMATOSIS, TYPE 3	C1858664	IS_A		Hemochromatosis	C0018995
Quebec platelet disorder	C1866423	IS_A		Blood Platelet Disorders	C0005818
Scott Syndrome	C0796149	IS_A		Blood Coagulation Disorders	C0005779
von Willebrand Disease, Type 3	C1264041	IS_A		von Willebrand Disease	C0042974
Birdshot Chorioretinopathy	C1853959	IS_A		Uveitis, Posterior	C0042167
Uveitis, Posterior	C0042167	IS_A		Panuveitis	C0030343
Acquired von Willebrand disease	C0272362	IS_A		Blood Coagulation Disorders	C0005779
Familial ectopia lentis	C2746069	IS_A		Lens Diseases	C0023308
Ectopia lentis isolated	C1851286	IS_A		Familial ectopia lentis	C2746069
CATSHL syndrome	C1864852	IS_A		Syndrome	C0039082
Dystonia, Dopa-Responsive, due to Sepiapterin Reductase Deficiency	C0268468	IS_A		Dystonia Disorders	C0393593
Spinal Muscular Atrophy, Distal, X-Linked 3	C1845359	IS_A		Spinal Muscular Atrophy	C0026847
Alopecia congenita keratosis palmoplantaris	C1863093	IS_A		Ectodermal Dysplasia	C0013575
Brachydactyly with hypertension	C1862170	IS_A		Syndrome	C0039082
Cerebrocostomandibular Syndrome	C0265342	IS_A		Syndrome	C0039082
Coloboma, cleft lip-palate and mental retardation syndrome	C0795902	IS_A		Syndrome	C0039082
Kaufman-McKusick syndrome	C0948368	IS_A		Syndrome	C0039082
gamma-Glutamyltransferase deficiency	C0268524	IS_A		Amino Acid Metabolism, Inborn Errors	C0002514
Pentosuria	C0268162	IS_A		Amino Acid Metabolism, Inborn Errors	C0002514
Phosphoribosylpyrophosphate Synthetase Superactivity	C1970827	IS_A		Inborn Errors of Metabolism	C0025521
Chorioretinal Dystrophy, Spinocerebellar Ataxia, and Hypogonadotropic Hypogonadism	C1859093	IS_A		Syndrome	C0039082
Sulfocysteinuria	C2931746	IS_A		Inborn Errors of Metabolism	C0025521
Oliver-McFarlane syndrome	C1848745	IS_A		Syndrome	C0039082
Sensory ataxic neuropathy, dysarthria, and ophthalmoparesis	C1843851	IS_A		Mitochondrial Diseases	C0751651
Craniofacial deafness hand syndrome	C1852510	IS_A		Syndrome	C0039082
JACKSON-WEISS SYNDROME	C0795998	IS_A		Syndrome	C0039082
OPTIC ATROPHY WITH OR WITHOUT DEAFNESS, OPHTHALMOPLEGIA, MYOPATHY, ATAXIA, AND NEUROPATHY	C3276549	IS_A		Syndrome	C0039082
Failure of Tooth Eruption, Primary	C1852222	IS_A		Tooth Diseases	C0040435
LATERAL MENINGOCELE SYNDROME	C1851710	IS_A		Syndrome	C0039082
Transient bullous dermolysis of the newborn	C1851573	IS_A		Epidermolysis Bullosa Dystrophica	C0079294
Epidermolysis Bullosa Dystrophica	C0079294	IS_A		Epidermolysis Bullosa	C0014527
Epiphyseal Dysplasia, Multiple, with Myopia and Conductive Deafness	C1851536	IS_A		Syndrome	C0039082
Desmoid disease, hereditary	C1851124	IS_A		Syndrome	C0039082
Floating-harbor syndrome	C0729582	IS_A		Syndrome	C0039082
Hawkinsinuria	C2931042	IS_A		Amino Acid Metabolism, Inborn Errors	C0002514
HIP DYSPLASIA, BEUKES TYPE	C1840572	IS_A		Osteoarthrosis, localized, not specified whether primary or secondary	C0157946
Osteoarthrosis, localized, not specified whether primary or secondary	C0157946	IS_A		Arthritis	C0003864
THYROID HORMONE RESISTANCE, SELECTIVE PITUITARY	C1840364	IS_A		Primary Hyperthyroidism	C3714618
Oculootoradial syndrome	C1327918	IS_A		Syndrome	C0039082
Patella aplasia, coxa vara, tarsal synostosis	C1868581	IS_A		Dysostoses	C0013393
Keratitis, hereditary	C1835698	IS_A		Keratitis	C0022568
Hurler-Scheie Syndrome	C0086431	IS_A		Mucopolysaccharidosis I	C0023786
Mucopolysaccharidosis I	C0023786	IS_A		Mucopolysaccharidoses	C0026703
Mucopolysaccharidosis, MPS-IV-A	C0086651	IS_A		Mucopolysaccharidosis IV	C0026707
Mucopolysaccharidosis type IVB	C0086652	IS_A		Mucopolysaccharidosis IV	C0026707
Congenital dyserythropoietic anemia type IV	C3150926	IS_A		Congenital dyserythropoietic anemia	C0002876
Jalili syndrome	C3495589	IS_A		Syndrome	C0039082
Trichohepatoenteric Syndrome	C1857276	IS_A		Syndrome	C0039082
OPTIC ATROPHY AND CATARACT, AUTOSOMAL DOMINANT	C1833809	IS_A		Optic Atrophy	C0029124
EPILEPSY, PROGRESSIVE MYOCLONIC 3	C2673257	IS_A		Myoclonic Epilepsies, Progressive	C0751778
Progressive myoclonic epilepsy type 7	C4015420	IS_A		Myoclonic Epilepsies, Progressive	C0751778
SHORT syndrome	C0878684	IS_A		Syndrome	C0039082
Finnish lethal neonatal metabolic syndrome	C1864002	IS_A		Mitochondrial Diseases	C0751651
Palmoplantar Keratoderma with Deafness	C1835672	IS_A		Syndrome	C0039082
Platyspondylic Lethal Skeletal Dysplasia, Torrance Type	C1835437	IS_A		Osteochondrodysplasias	C0029422
Marshall syndrome	C0265235	IS_A		Ectodermal Dysplasia	C0013575
Metachondromatosis	C0410530	IS_A		Osteochondrodysplasias	C0029422
Jankovic Rivera syndrome	C1834569	IS_A		Spinal Muscular Atrophy	C0026847
Naegeli syndrome	C0343111	IS_A		Ectodermal Dysplasia	C0013575
Optic Nerve Hypoplasia	C0338502	IS_A		Disorder of the optic nerve	C0029132
Osteolysis, Hereditary, Of Carpal Bones With Or Without Nephropathy	C2674705	IS_A		Syndrome	C0039082
Osteoma cutis	C0334041	IS_A		Syndrome	C0039082
Dermatofibrosis lenticularis disseminata	C0265514	IS_A		Syndrome	C0039082
PAROXYSMAL EXTREME PAIN DISORDER	C1833661	IS_A		Peripheral autonomic neuropathy in disorders classified elsewhere	C0154691
Peripheral autonomic neuropathy in disorders classified elsewhere	C0154691	IS_A		Non-Neoplastic Peripheral Nervous System Disorder	C1335029
Deficiency of prolidase	C0268532	IS_A		Amino Acid Metabolism, Inborn Errors	C0002514
Pigmented Paravenous Chorioretinal Atrophy	C1868310	IS_A		Disorder of eye	C0015397
Preaxial deficiency, postaxial polydactyly and hypospadias	C1867801	IS_A		Syndrome	C0039082
Testotoxicosis	C1504412	IS_A		Endocrine System Diseases	C0014130
Currarino triad	C1531773	IS_A		Syndrome	C0039082
RING DERMOID OF CORNEA	C1867155	IS_A		Corneal Diseases	C0010034
SCALP-EAR-NIPPLE SYNDROME	C1867020	IS_A		Ectodermal Dysplasia	C0013575
Scapuloperoneal Syndrome, Neurogenic, Kaeser Type	C1867005	IS_A		Myopathy	C0026848
Stiff Skin Syndrome	C1861456	IS_A		Skin Diseases, Genetic	C0037277
Sturge-Weber Syndrome	C0038505	IS_A		Spinal Cord Ischemia	C0752130
Absence of tibia with polydactyly	C1861099	IS_A		Syndrome	C0039082
Tricho-dento-osseous syndrome (disorder)	C0265333	IS_A		Syndrome	C0039082
Autosomal dominant vitreoretinochoroidopathy	C3888099	IS_A		Hereditary retinal dystrophy	C0154860
Hereditary retinal dystrophy	C0154860	IS_A		Retinal Dystrophies	C0854723
Snowflake vitreoretinal degeneration	C1860405	IS_A		Degenerative disorder of eye	C0154777
Degenerative disorder of eye	C0154777	IS_A		Disorder of eye	C0015397
Xerocytosis	C0272051	IS_A		Anemia, Hemolytic	C0002878
Gillespie syndrome	C0431401	IS_A		Syndrome	C0039082
Behr syndrome	C0221061	IS_A		nervous system disorder	C0027765
Carboxypeptidase N Deficiency	C0398782	IS_A		Other disorders of plasma protein metabolism	C0029594
Other disorders of plasma protein metabolism	C0029594	IS_A		Inborn Errors of Metabolism	C0025521
Najjar syndrome	C0796083	IS_A		Syndrome	C0039082
Martsolf syndrome	C0796037	IS_A		Syndrome	C0039082
HEM dysplasia	C2931048	IS_A		Inborn Errors of Metabolism	C0025521
COACH syndrome	C1857662	IS_A		Syndrome	C0039082
Heart defect, tongue hamartoma and polysyndactyly	C2931046	IS_A		Syndrome	C0039082
Plasminogen Deficiency, Type I	C1968804	IS_A		Syndrome	C0039082
CORNEAL DYSTROPHY AND PERCEPTIVE DEAFNESS	C1857572	IS_A		Syndrome	C0039082
Temtamy syndrome	C1857512	IS_A		Syndrome	C0039082
Hypercortisolism due to macronodular adrenal hyperplasia	C2062388	IS_A		Hyperaldosteronism	C0020428
Cystic Kidney Disease with Ventriculomegaly	C1857423	IS_A		Syndrome	C0039082
D-glycericacidemia	C1291386	IS_A		Inborn Errors of Metabolism	C0025521
Deafness, congenital onychodystrophy, recessive form	C0795927	IS_A		Syndrome	C0039082
Lactase Deficiency, Congenital	C0268179	IS_A		Carbohydrate Metabolism, Inborn Errors	C0007001
Schopf-Schulz-Passarge Syndrome	C1857069	IS_A		Ectodermal Dysplasia	C0013575
Ectopia Lentis with Ectopia of Pupil	C1644196	IS_A		Disorder of eye	C0015397
Ectodermal Dysplasia, Pure Hair-Nail Type	C1865951	IS_A		Ectodermal Dysplasia	C0013575
Fried's tooth and nail syndrome	C0406715	IS_A		Ectodermal Dysplasia	C0013575
Enterokinase Deficiency	C0268416	IS_A		Intestinal Diseases	C0021831
Kohlschutter Tonz syndrome	C0406740	IS_A		Syndrome	C0039082
Primary hyperoxaluria type 2	C0268165	IS_A		Primary Hyperoxaluria	C0020501
Primary hyperoxaluria type III	C3150878	IS_A		Primary Hyperoxaluria	C0020501
High molecular weight kininogen deficiency	C0272340	IS_A		Blood Coagulation Disorders	C0005779
Fleck Retina, Familial Benign	C1856718	IS_A		Retinal Diseases	C0035309
Deficiency of fructokinase	C0268160	IS_A		Carbohydrate Metabolism, Inborn Errors	C0007001
Chromosome 11p11.2 Deletion Syndrome	C1832588	IS_A		Syndrome	C0039082
Cardiac Malformation, Cleft Lip-Palate, Microcephaly and Digital Anomalies	C1832950	IS_A		Syndrome	C0039082
Proprotein Convertase 1 3 Deficiency	C1833053	IS_A		Syndrome	C0039082
Marden Walker like syndrome	C1833136	IS_A		Syndrome	C0039082
Familial hypertryptophanemia	C2931837	IS_A		Amino Acid Metabolism, Inborn Errors	C0002514
APLASIA CUTIS CONGENITA WITH EPIBULBAR DERMOIDS	C1838329	IS_A		Ectodermal Dysplasia	C0013575
Hyperkeratosis of the palms and soles and esophageal papillomas	C2931923	IS_A		Keratosis Palmaris et Plantaris Familiaris	C3489771
Temple syndrome	C4015558	IS_A		Syndrome	C0039082
Prader-Willi-like syndrome	C3809877	IS_A		Syndrome	C0039082
Ehlers-Danlos syndrome type 5	C0268341	IS_A		Heart Valve Prolapse	C0079485
Thrombocytopenia, Platelet Dysfunction, Hemolysis, and Imbalanced Globin Synthesis	C1839161	IS_A		Hematological Disease	C0018939
PROPERDIN DEFICIENCY, X-LINKED	C1839454	IS_A		Complement deficiency disease	C0272242
TARP syndrome	C1839463	IS_A		Syndrome	C0039082
THROMBOPHILIA DUE TO PROTEIN S DEFICIENCY, AUTOSOMAL RECESSIVE	C3281092	IS_A		Protein S Deficiency	C0242666
Disorder of accommodation	C0152198	IS_A		Disorder of eye	C0015397
Other symptomatic late congenital syphilis	C0153136	IS_A		Syphilis, Congenital	C0039131
Kaolinosis	C0264435	IS_A		Pneumoconiosis	C0032273
Eustachian tube salpingitis	C0155428	IS_A		other eustachian tube disorder	C0155435
Oculocerebrorenal Syndrome	C0028860	ISA	["16106856_fullText_6"]	Metabolic Diseases	C0025517
Oculocerebrorenal Syndrome	C0028860	IS_A		Syndrome	C0039082
Pulpitis	C0034103	IS_A		Dental Pulp Diseases	C0011405
Dental Pulp Diseases	C0011405	IS_A		Connective Tissue Diseases	C0009782
Henoch-Schoenlein Purpura	C0034152	IS_A		Vasculitis, Leukocytoclastic, Cutaneous	C0151436
Qualitative platelet deficiency	C0235604	IS_A		Blood Platelet Disorders	C0005818
Dislocation of lacrimal gland	C0155231	IS_A		Lacrimal Apparatus Diseases	C0022904
Hypersecretion glaucoma	C0154968	IS_A		Glaucoma	C0017601
aqueous misdirection	C1135189	IS_A		Glaucoma	C0017601
Miliaria Rubra	C0162423	IS_A		Miliaria	C0026113
Miliaria	C0026113	IS_A		Sweat Gland Diseases	C0038986
Ichthyosis follicularis atrichia photophobia syndrome	C1839988	IS_A		Syndrome	C0039082
Abruzzo Erickson syndrome	C1844862	IS_A		Syndrome	C0039082
Arthrogryposis multiplex congenita, distal, X-linked	C1844934	IS_A		Spinal Muscular Atrophy	C0026847
PIGMENTARY DISORDER, RETICULATE, WITH SYSTEMIC MANIFESTATIONS	C1845050	IS_A		Other dyschromia	C0375489
Nasodigitoacoustic syndrome	C1850627	IS_A		Syndrome	C0039082
Alport Syndrome, Mental Retardation, Midface Hypoplasia, and Elliptocytosis	C1846242	IS_A		Syndrome	C0039082
MEND SYNDROME	C4085243	IS_A		Lipid Metabolism, Inborn Errors	C0023772
Trichothiodystrophy Syndromes	C1955934	IS_A		Syndrome	C0039082
CK syndrome	C3151781	IS_A		Lipid Metabolism, Inborn Errors	C0023772
Thrombophilia, X-Linked, Due To Factor Ix Defect	C2749016	IS_A		Thrombophilia	C0398623
THROMBOPHILIA DUE TO PROTEIN S DEFICIENCY, AUTOSOMAL DOMINANT	C3278211	IS_A		Protein S Deficiency	C0242666
Heparin cofactor II deficiency (disorder)	C0398626	IS_A		Thrombophilia	C0398623
Thrombophilia due to Activated Protein C Resistance	C1861171	IS_A		Thrombophilia	C0398623
Thrombophilia Due To Histidine-Rich Glycoprotein Deficiency	C2751090	IS_A		Thrombophilia	C0398623
THROMBOPHILIA DUE TO PROTEIN C DEFICIENCY, AUTOSOMAL RECESSIVE	C2676759	IS_A		Protein C Deficiency	C0398625
Thrombophilia, Familial, Due To Decreased Release Of Tissue Plasminogen Activator	C2676721	IS_A		Thrombophilia	C0398623
Thrombophilia due to Thrombomodulin Defect	C3280976	IS_A		Thrombophilia	C0398623
Thrombophilia, Hereditary, Due To Protein C Deficiency, Autosomal Dominant	C2674321	IS_A		Protein C Deficiency	C0398625
TOE SYNDACTYLY, TELECANTHUS, AND ANOGENITAL AND RENAL MALFORMATIONS	C2678045	IS_A		Syndrome	C0039082
ENCEPHALOPATHY, NEONATAL SEVERE, DUE TO MECP2 MUTATIONS	C1968556	IS_A		Encephalopathies	C0085584
Phosphoglycerate Kinase 1 Deficiency	C1970848	IS_A		Glucose Metabolism Disorders	C1257958
Glucose Metabolism Disorders	C1257958	IS_A		Carbohydrate Metabolism, Inborn Errors	C0007001
IMMUNODEFICIENCY 16	C3810053	IS_A		Combined immunodeficiency disease	C2711630
ACTIVATED PI3K-DELTA SYNDROME	C3714976	IS_A		Combined immunodeficiency disease	C2711630
IMMUNODEFICIENCY 22	C4014233	IS_A		Severe Combined Immunodeficiency	C0085110
IMMUNODEFICIENCY 24	C4014617	IS_A		Severe Combined Immunodeficiency	C0085110
IMMUNODEFICIENCY 37	C4015195	IS_A		Combined immunodeficiency disease	C2711630
Immunodeficiency due to Defect in CD3-Zeta	C1857798	IS_A		Congenital T-Cell Immunodeficiency	C1333147
Congenital T-Cell Immunodeficiency	C1333147	IS_A		Immunologic Deficiency Syndromes	C0021051
Severe combined immunodeficiency, atypical	C1849236	IS_A		Congenital T-Cell Immunodeficiency	C1333147
Combined immunodeficiency due to TFRC deficiency	C5568133	IS_A		Combined immunodeficiency disease	C2711630
IMMUNODEFICIENCY 36	C4014934	IS_A		Combined immunodeficiency disease	C2711630
IMMUNODEFICIENCY 40	C4225328	IS_A		Combined immunodeficiency disease	C2711630
IMMUNODEFICIENCY 23	C4014371	IS_A		Combined immunodeficiency disease	C2711630
IMMUNODEFICIENCY 60 AND AUTOIMMUNITY	C5193072	IS_A		Combined immunodeficiency disease	C2711630
IMMUNODEFICIENCY 11	C3554686	IS_A		Severe Combined Immunodeficiency	C0085110
IMMUNODEFICIENCY 11B WITH ATOPIC DERMATITIS	C4539957	IS_A		Congenital T-Cell Immunodeficiency	C1333147
IMMUNODEFICIENCY 15B	C4747743	IS_A		Severe Combined Immunodeficiency	C0085110
IMMUNODEFICIENCY 15A	C4748694	IS_A		Combined immunodeficiency disease	C2711630
IMMUNODEFICIENCY 26 WITH OR WITHOUT NEUROLOGIC ABNORMALITIES	C4014833	IS_A		Severe Combined Immunodeficiency	C0085110
IMMUNODEFICIENCY 19	C3810147	IS_A		Severe Combined Immunodeficiency	C0085110
IMMUNODEFICIENCY 17	C3810107	IS_A		Congenital T-Cell Immunodeficiency	C1333147
Immune dysfunction with T-cell inactivation due to calcium entry defect 1	C2748568	IS_A		Congenital T-Cell Immunodeficiency	C1333147
IMMUNODEFICIENCY 7	C3809332	IS_A		Congenital T-Cell Immunodeficiency	C1333147
IMMUNODEFICIENCY 49	C4310656	IS_A		Congenital T-Cell Immunodeficiency	C1333147
IMMUNODEFICIENCY 56	C3554687	IS_A		Combined immunodeficiency disease	C2711630
IMMUNODEFICIENCY 52	C4479588	IS_A		Congenital T-Cell Immunodeficiency	C1333147
IMMUNODEFICIENCY 58	C4748304	IS_A		Combined immunodeficiency disease	C2711630
IMMUNODEFICIENCY 62	C5193109	IS_A		Other selective immunoglobulin deficiencies	C0154276
IMMUNODEFICIENCY 53	C4539811	IS_A		Combined immunodeficiency disease	C2711630
Agammaglobulinemia, X-linked, type 2	C1845903	IS_A		Other selective immunoglobulin deficiencies	C0154276
Atypical Mycobacteriosis, Familial, X-Linked 2	C1970859	IS_A		Phagocyte Bactericidal Dysfunction	C0031306
Phagocyte Bactericidal Dysfunction	C0031306	IS_A		Immunologic Deficiency Syndromes	C0021051
IMMUNODEFICIENCY 47	C4310819	IS_A		Immunologic Deficiency Syndromes	C0021051
Nephrogenic Syndrome of Inappropriate Antidiuresis	C1845202	IS_A		Renal Tubular Transport, Inborn Errors	C0035091
Epilepsy, X-Linked, with Variable Learning Disabilities and Behavior Disorders	C1845343	IS_A		Epilepsy	C0014544
Terminal Osseous Dysplasia and Pigmentary Defects	C1846129	IS_A		Syndrome	C0039082
Hereditary combined deficiency of vitamin K-dependent clotting factors	C4510617	IS_A		Blood Coagulation Disorders	C0005779
VITAMIN K-DEPENDENT CLOTTING FACTORS, COMBINED DEFICIENCY OF, 1	C1848534	IS_A		Hereditary combined deficiency of vitamin K-dependent clotting factors	C4510617
Urocanase deficiency	C0268514	IS_A		Disorder of histidine metabolism	C0268512
Disorder of histidine metabolism	C0268512	IS_A		Amino Acid Metabolism, Inborn Errors	C0002514
Central Precocious Puberty	C0342543	IS_A		Endocrine System Diseases	C0014130
Endometrial disorder	C0151622	IS_A		Uterine Diseases	C0042131
Neurosyphilis	C0027927	IS_A		Encephalopathies	C0085584
Other emphysema	C0029607	IS_A		Chronic Obstructive Airway Disease	C0024117
Compensatory emphysema	C0155918	IS_A		Other emphysema	C0029607
Lung, Hyperlucent	C0524799	IS_A		Lung diseases	C0024115
Cycloplegia	C0235238	IS_A		Disorder of accommodation	C0152198
Neurosyphilis, Asymptomatic	C0153167	IS_A		Neurosyphilis	C0027927
Uterine Diseases	C0042131	IS_A		Female Genital Diseases	C0017411
Syphilitic aseptic meningitis	C0153166	IS_A		Meningitis, Bacterial	C0085437
Diphyllobothriasis	C0012561	IS_A		Helminthiasis	C0018889
Cysticercosis	C0010678	IS_A		Disorder of eye	C0015397
Sparganosis	C0037753	IS_A		Encephalopathies	C0085584
Syphilitic encephalitis	C0153168	IS_A		Encephalitis	C0014038
Intracranial abscess	C0021874	IS_A		CNS disorder	C0007682
Trypanosomiasis	C0041227	IS_A		Protozoan Infections	C0033740
Protozoan Infections	C0033740	IS_A		Parasitic endophthalmitis	C0014238
Hyperpigmentation of Eyelids	C0155211	IS_A		Eyelid Diseases	C0015423
Eyelid Diseases	C0015423	IS_A		Skin Diseases, Genetic	C0037277
Acute hydrops keratoconus	C0339286	IS_A		Keratoconus	C0022578
Keratoconus	C0022578	IS_A		Corneal Diseases	C0010034
Venous Insufficiency	C0042485	IS_A		Other venous embolism & thrombosis	C0155774
Conjunctival degeneration	C0155160	IS_A		Degenerative disorder of eye	C0154777
Lacrimal passage granuloma	C0155253	IS_A		Lacrimal Apparatus Diseases	C0022904
Decreased Intraocular Pressure-Associated Papilledema	C0919308	IS_A		Optic Neuritis	C0029134
Malignant hypertensive renal disease	C0155593	IS_A		Renal hypertension	C0020544
Renal hypertension	C0020544	IS_A		Kidney Diseases	C0022658
Chronic osteomyelitis	C0008707	IS_A		Osteitis	C0029400
Osteitis	C0029400	IS_A		Bone Diseases	C0005940
Calculus of bile duct without mention of cholecystitis	C0006739	IS_A		Gall Bladder Diseases	C0016977
Borderline leprosy	C0023346	IS_A		Leprosy	C0023343
Atherosclerosis of aorta	C0155733	IS_A		Atherosclerosis	C0004153
Histoplasmosis with pericarditis	C0153279	IS_A		Pericarditis	C0031046
Other specified forms of pleural effusion, except tuberculous	C0029799	IS_A		Pleural Diseases	C0032226
Pleural Diseases	C0032226	IS_A		Other disease of nasal cavity and sinuses	C0029581
Tuberculoid leprosy	C0023351	IS_A		Leprosy	C0023343
Louping Ill	C0024025	IS_A		Virus Diseases	C0042769
Cholesterolosis of gallbladder	C0152456	IS_A		Gall Bladder Diseases	C0016977
Herpangina	C0019338	IS_A		Virus Diseases	C0042769
Acute myocardial infarction, subendocardial infarction	C0155655	IS_A		Acute myocardial infarction	C0155626
Prostatic Diseases	C0033575	IS_A		Genital Diseases, Male	C0017412
Peripheral angiopathy in diseases classified elsewhere	C0031115	IS_A		Spinal Cord Ischemia	C0752130
Parotitis	C0030583	IS_A		Parotid Diseases	C0030579
Parotid Diseases	C0030579	IS_A		Other specified diseases of the salivary glands	C0029773
Other specified diseases of the salivary glands	C0029773	IS_A		Mouth Diseases	C0026636
Sialadenitis	C0037023	IS_A		Other specified diseases of the salivary glands	C0029773
Viral meningitis	C0025297	IS_A		Meningitis	C0025289
Mixed mineral dust pneumoconiosis	C0340184	IS_A		Pneumoconiosis	C0032273
Asbestosis	C0003949	IS_A		Pneumoconiosis	C0032273
Baritosis	C0340177	IS_A		Pneumoconiosis	C0032273
Byssinosis	C0006542	IS_A		Pneumoconiosis	C0032273
Anthracosilicosis	C0003164	IS_A		Pneumoconiosis	C0032273
Caplan Syndrome	C0006915	IS_A		Pneumoconiosis	C0032273
Anthracosis	C0003165	IS_A		Pneumoconiosis	C0032273
Pneumoconiosis due to talc	C0238377	IS_A		Pneumoconiosis	C0032273
Schistosis	C0340186	IS_A		Pneumoconiosis	C0032273
Glaucomatous atrophy of optic disc	C0271342	IS_A		Optic Atrophy	C0029124
Chronic meningitis	C0154653	IS_A		Meningitis	C0025289
Fibrosclerosis of breast	C0156318	IS_A		Breast Fibrocystic Change, Non-Proliferative Type	C1332628
Breast Fibrocystic Change, Non-Proliferative Type	C1332628	IS_A		Breast Fibrocystic Disease	C0016034
Eosinophilic meningitis	C0154652	IS_A		Chronic meningitis	C0154653
Neuralgic Amyotrophy	C1510479	IS_A		Brachial Plexus Neuropathies	C0700251
Brachial Plexus Neuropathies	C0700251	IS_A		Neuropathy	C0442874
Osteoarthropathy, Secondary Hypertrophic	C0029412	IS_A		Arthropathy associated with infection	C0157749
Pneumonic Plague	C0524688	IS_A		Lung diseases	C0024115
Chronic gonococcal seminal vesiculitis	C0153205	IS_A		Gonococcal seminal vesiculitis	C0578661
Seminal vesiculitis	C0042588	IS_A		Genital Diseases, Male	C0017412
Acute periodontitis	C0001342	IS_A		Periodontitis	C0031099
Keratoconus, stable condition	C0155131	IS_A		Keratoconus	C0022578
Acute suppurative otitis media in diseases classified elsewhere	C0155439	IS_A		Suppurative otitis media	C0029888
Suppurative otitis media	C0029888	IS_A		Otitis Media	C0029882
Mooren's ulcer	C0155072	IS_A		Corneal Ulcer	C0010043
Mycotic corneal ulcer	C0155071	IS_A		Corneal Ulcer	C0010043
Marginal corneal ulcer	C0155067	IS_A		Corneal Ulcer	C0010043
Hypopyon ulcer	C0155070	IS_A		Hypopyon	C0020641
Hypopyon	C0020641	IS_A		Primary iridocyclitis	C0154909
Primary iridocyclitis	C0154909	IS_A		Anterior uveitis	C0042165
Ring corneal ulcer	C0155068	IS_A		Corneal Ulcer	C0010043
Perforated corneal ulcer	C0151844	IS_A		Corneal Ulcer	C0010043
Chronic tonsillitis	C0149517	IS_A		Other disease of nasal cavity and sinuses	C0029581
Legionnaires' Disease	C0023241	IS_A		Legionellosis	C0023240
Chronic nasopharyngitis	C0155826	IS_A		Nasopharyngeal Diseases	C0027438
Nasopharyngeal Diseases	C0027438	IS_A		Other disease of nasal cavity and sinuses	C0029581
Dental caries extending into dentin	C0266846	IS_A		Dental caries of smooth surface	C1456145
Dental caries of smooth surface	C1456145	IS_A		Other specified diseases of hard tissues of teeth	C0029770
Patellar tendonitis	C0158317	IS_A		Tendinitis	C0039503
Tendinitis	C0039503	IS_A		Myositis	C0027121
Intestinal Atresia	C0021828	IS_A		Intestinal Diseases	C0021831
Anus Diseases	C0003462	IS_A		Rectal Diseases	C0034882
Adrenal cortical hypofunction	C0405580	IS_A		Adrenal Cortex Diseases	C0001614
Orbital granuloma	C0155262	IS_A		Chronic inflammation of orbit	C0155261
Chronic inflammation of orbit	C0155261	IS_A		Orbital Diseases	C0029182
Malignant otitis externa	C0155395	IS_A		Infective otitis externa	C0021355
Infective otitis externa	C0021355	IS_A		Diseases of external ear	C0155388
Acute bacterial otitis externa	C3831782	IS_A		Infective otitis externa	C0021355
Chronic mycotic otitis externa	C0155396	IS_A		Mycoses	C0026946
Acute infection of pinna	C0155392	IS_A		Infective otitis externa	C0021355
Double pterygium	C0155157	IS_A		Pterygium	C0033999
Acute eustachian tube salpingitis	C0155429	IS_A		Eustachian tube salpingitis	C0155428
Maternal hypotension syndrome, unspecified as to episode of care or not applicable	C0157456	IS_A		Spinal Cord Ischemia	C0752130
Late Yaws	C1517744	IS_A		Yaws	C0043388
Bone and/or joint yaws lesions	C0343834	IS_A		Yaws	C0043388
RETINITIS PIGMENTOSA 1	C0220701	IS_A		Retinal Degeneration	C0035304
Idiopathic progressive polyneuropathy	C0154756	IS_A		Polyneuropathy	C0152025
Tuberculous pleurisy in primary progressive tuberculosis	C0152531	IS_A		Pleural Diseases	C0032226
Sprue, Tropical	C0038054	IS_A		Intestinal Diseases	C0021831
Pancreatic steatorrhea	C0152166	IS_A		Other specified diseases of pancreas	C0029771
Allergic urticaria	C0149526	IS_A		Other specified urticaria	C0029839
Other specified urticaria	C0029839	IS_A		Skin Diseases, Genetic	C0037277
Acute gonococcal cervicitis	C0153195	IS_A		Acute cervicitis	C0269061
Acute cervicitis	C0269061	IS_A		Uterine cervicitis and endocervicitis	C0007861
Uterine cervicitis and endocervicitis	C0007861	IS_A		Cervix Diseases	C0007867
Disorder of lymph node	C0272394	IS_A		Lymphatic Diseases	C0024228
Partial optic atrophy	C0155295	IS_A		Optic Atrophy	C0029124
Wolfram Syndrome	C0043207	IS_A		Syndrome	C0039082
Acute myocardial infarction of inferoposterior wall, episode of care unspecified	C0155640	IS_A		Acute myocardial infarction	C0155626
Acute myocardial infarction, of inferolateral wall, episode of care unspecified	C0155636	IS_A		Acute myocardial infarction	C0155626
Acute myocardial infarction of anterolateral wall	C0155627	IS_A		Acute myocardial infarction	C0155626
Residual stage of open angle glaucoma	C0154944	IS_A		Glaucoma, Open-Angle	C0017612
Mastitis	C0024894	IS_A		Breast Diseases	C0006145
Fat necrosis of breast	C0156321	IS_A		Breast Diseases	C0006145
Chronic endophthalmitis	C0154774	IS_A		Purulent endophthalmitis	C0259800
Purulent endophthalmitis	C0259800	IS_A		Endophthalmitis	C0014236
Paragonimiasis	C0030424	IS_A		Encephalopathies	C0085584
Toxic diffuse goiter without mention of thyrotoxic crisis or storm	C0154138	IS_A		Primary Hyperthyroidism	C3714618
Cerebral lipidosis	C0007788	IS_A		Degenerative brain disorder	C0154671
Chronic petrositis	C0155450	IS_A		Chronic osteomyelitis	C0008707
Vascular disorder of liver	C0400923	IS_A		Liver diseases	C0023895
Purpura, Thrombotic Thrombocytopenic	C0034155	IS_A		Thrombophilia	C0398623
Bubonic Plague	C0282312	IS_A		Disorder of lymph node	C0272394
Isolated (Fiedler's) myocarditis	C0155689	IS_A		Acute myocarditis	C0155686
Acute myocarditis	C0155686	IS_A		Myocarditis	C0027059
Septic myocarditis	C0155690	IS_A		Acute myocarditis	C0155686
Familial erythrocytosis	C0152264	IS_A		Polycythemia	C0032461
Mesenteric Lymphadenitis	C0025469	IS_A		Acute lymphadenitis	C0157705
Acute lymphadenitis	C0157705	IS_A		Disorder of lymph node	C0272394
Other ovarian failure	C0029697	IS_A		Ovarian Diseases	C0029928
Setariasis	C0036850	IS_A		Filariasis	C0016085
Filariasis	C0016085	IS_A		Helminthiasis	C0018889
Chronic frontal sinusitis	C0008683	IS_A		Frontal Sinusitis	C0016735
Frontal Sinusitis	C0016735	IS_A		Acute sinusitis	C0149512
Chronic maxillary sinusitis	C0008698	IS_A		Maxillary Sinusitis	C0024959
Maxillary Sinusitis	C0024959	IS_A		Acute sinusitis	C0149512
Chronic sphenoidal sinusitis	C0008712	IS_A		Sphenoid Sinusitis	C0037886
Sphenoid Sinusitis	C0037886	IS_A		Acute sinusitis	C0149512
Acute gonococcal epididymo-orchitis	C0153193	IS_A		Epididymo-orchitis	C0149881
Epididymo-orchitis	C0149881	IS_A		Epididymitis	C0014534
Mansonelliasis	C0024759	IS_A		Skin Diseases, Genetic	C0037277
Tibialis tendinitis	C0158321	IS_A		Tendinitis	C0039503
Disorder of nasal cavity	C0339820	IS_A		Nose Diseases	C0028432
Dirofilariasis	C0012602	IS_A		Lung diseases	C0024115
Malignant essential hypertension	C0024588	IS_A		Essential Hypertension	C0085580
Malignant Hypertension	C0020540	IS_A		Hypertensive disease	C0020538
Chylocele of tunica vaginalis	C0156315	IS_A		Genital Diseases, Male	C0017412
Genital Diseases, Male	C0017412	IS_A		Non-Neoplastic Reproductive System Disorder	C1335037
Encephalomyelitis, Eastern Equine	C0153065	IS_A		Encephalopathies	C0085584
Murray valley encephalitis	C0153066	IS_A		Encephalopathies	C0085584
Japanese Encephalitis	C0014057	IS_A		Encephalopathies	C0085584
Encephalitis, St. Louis	C0014060	IS_A		Virus Diseases	C0042769
Angiodysplasia of intestine	C0267367	IS_A		Intestinal Diseases	C0021831
Other specified strabismus	C0029831	IS_A		Hyperopia	C0020490
Degeneration of macula and posterior pole of retina	C0339436	IS_A		Macular degeneration	C0024437
Phlebitis and thrombophlebitis of iliac vein	C0155772	IS_A		Thrombophlebitis of superficial veins of lower extremity	C0265057
Pleurodynia, Epidemic	C0032238	IS_A		Virus Diseases	C0042769
Leprosy, Lepromatous	C0023348	IS_A		Leprosy	C0023343
Benign essential hypertension (disorder)	C0155583	IS_A		Essential Hypertension	C0085580
North Asian Tick Typhus	C0549160	IS_A		Spotted Fever Group Rickettsiosis	C0038041
Hemoglobin SC Disease	C0019034	IS_A		Blood Protein Disorders	C0005830
Blood Protein Disorders	C0005830	IS_A		Hematological Disease	C0018939
Acute gastrojejunal ulcer with hemorrhage	C0156042	IS_A		Peptic Ulcer	C0030920
Cerebral Arterial Diseases	C0007774	IS_A		Intracranial Arterial Diseases	C0752138
Strongyloidiasis	C0038463	IS_A		Helminthiasis	C0018889
Cholesteatoma of attic	C0155489	IS_A		Middle Ear Cholesteatoma	C0155490
Middle Ear Cholesteatoma	C0155490	IS_A		Cholesteatoma	C0008373
Cholesteatoma	C0008373	IS_A		Keratosis	C0022593
Lipoid nephrosis	C0027721	IS_A		Nephrotic Syndrome	C0027726
Acute salpingo-oophoritis	C0156327	IS_A		Tubo-ovarian inflammatory disease	C0036133
Tubo-ovarian inflammatory disease	C0036133	IS_A		Oophoritis	C0029051
Oophoritis	C0029051	IS_A		Ovarian Diseases	C0029928
Acute salpingitis	C0269038	IS_A		Salpingitis	C0036130
Salpingitis	C0036130	IS_A		Fallopian Tube Diseases	C0015556
Erythroblastosis, Fetal	C0014761	IS_A		Iron-Refractory Iron Deficiency Anemia	C0085576
Discitis	C0012624	IS_A		Cartilage Diseases	C0007302
Cartilage Diseases	C0007302	IS_A		Connective Tissue Diseases	C0009782
Pseudopterygium	C0155161	IS_A		Corneal Diseases	C0010034
Pinguecula	C0152255	IS_A		Conjunctival degeneration	C0155160
Bullous keratopathy	C0155111	IS_A		Corneal edema	C0010037
Secondary corneal edema	C0155110	IS_A		Corneal edema	C0010037
Idiopathic corneal edema	C0155109	IS_A		Corneal edema	C0010037
Corneal edema due to wearing of contact lenses	C0474442	IS_A		Corneal edema	C0010037
chronic rapidly progressive glomerulonephritis	C0341694	IS_A		Glomerulonephritis	C0017658
Felty Syndrome	C0015773	IS_A		Ankylosing spondylitis and other inflammatory spondylopathies	C0003089
Ankylosing spondylitis and other inflammatory spondylopathies	C0003089	IS_A		Immunologic Deficiency Syndromes	C0021051
Placental Non-Neoplastic Disorder	C1335423	IS_A		Uterine Diseases	C0042131
Leech infestation	C0019575	IS_A		Ectoparasitic Infestations	C0013578
Ectoparasitic Infestations	C0013578	IS_A		Parasitic endophthalmitis	C0014238
Myiasis	C0027030	IS_A		Ectoparasitic Infestations	C0013578
Trench Fever	C0040830	IS_A		Bartonella Infections	C0004771
Rickettsialpox	C0035597	IS_A		Spotted Fever Group Rickettsiosis	C0038041
Urinary tract obstruction	C0178879	IS_A		Non-Neoplastic Urinary System Disorder	C1335051
Cerebral sarcoidosis	C0398676	IS_A		Sarcoidosis	C0036202
Dieulafoy lesion (hemorrhagic) of stomach and duodenum	C1135229	IS_A		Stomach Diseases	C0038354
Pylorospasm	C0152163	IS_A		Stomach Diseases	C0038354
Sweat Gland Diseases	C0038986	IS_A		Skin Diseases, Genetic	C0037277
Corneal Dystrophy, Band-Shaped	C0155120	IS_A		Corneal degeneration	C0155118
Corneal degeneration	C0155118	IS_A		Degenerative disorder of eye	C0154777
Anogenital human papillomavirus infection	C0554632	IS_A		Virus Diseases	C0042769
Orbital Diseases	C0029182	IS_A		Bone Diseases	C0005940
Total internal ophthalmoplegia	C0152197	IS_A		Pupil Disorders	C0034124
Non-suppurative otitis media	C0271446	IS_A		Otitis Media	C0029882
Chronic serous otitis media	C0155421	IS_A		Non-suppurative otitis media	C0271446
Other mucopurulent conjunctivitis	C0029668	IS_A		Conjunctivitis	C0009763
Pulp degeneration	C0034100	IS_A		Dental Pulp Diseases	C0011405
Pseudomembranous conjunctivitis	C0155144	IS_A		Other mucopurulent conjunctivitis	C0029668
Acute laryngopharyngitis	C0155817	IS_A		Other disease of nasal cavity and sinuses	C0029581
Serous conjunctivitis, except viral	C0155142	IS_A		Other mucopurulent conjunctivitis	C0029668
Esophageal varices in diseases classified elsewhere, with bleeding	C0155792	IS_A		Other venous embolism & thrombosis	C0155774
Familial hyperparathyroidism	C0271846	IS_A		Hyperparathyroidism	C0020502
Acute atopic conjunctivitis	C0001309	IS_A		Allergic Conjunctivitis	C0009766
Chronic conjunctivitis	C0155145	IS_A		Conjunctivitis	C0009763
Acute contagious conjunctivitis	C1313983	IS_A		Other mucopurulent conjunctivitis	C0029668
Chronic tympanitis	C0395849	IS_A		Disorder of tympanic membrane	C0041825
Disorder of tympanic membrane	C0041825	IS_A		Disorder of middle ear	C0271428
Acute follicular conjunctivitis	C0155143	IS_A		Other mucopurulent conjunctivitis	C0029668
Diverticulitis of small intestine	C0267502	IS_A		Diverticulitis	C0012813
Diverticulitis	C0012813	IS_A		Intestinal Diseases	C0021831
Conjunctivitis, Acute Hemorrhagic	C0009765	IS_A		Virus Diseases	C0042769
Spondylarthropathies	C0949691	IS_A		Arthropathy associated with infection	C0157749
Adhesive middle ear disease	C0155478	IS_A		Ear Diseases	C0013447
Neonatal polycythemia	C0272153	IS_A		Polycythemia	C0032461
Anemia, Neonatal	C0002891	IS_A		Anemia	C0002871
Transient neonatal neutropenia (disorder)	C0158997	IS_A		Neutropenia	C0027947
Disseminated intravascular coagulation in newborn	C0158992	IS_A		Disseminated Intravascular Coagulation	C0012739
Cat-Scratch Disease	C0007361	IS_A		Disorder of lymph node	C0272394
Trachoma, active stage	C0153108	IS_A		Disorder of eye	C0015397
Keratomalacia	C0152455	IS_A		Corneal degeneration	C0155118
Asymptomatic periapical periodontitis	C0392492	IS_A		Periapical Periodontitis	C0031030
Periapical Periodontitis	C0031030	IS_A		Periodontitis	C0031099
Toxic nodular goiter	C0342127	IS_A		Primary Hyperthyroidism	C3714618
Tick Paralysis	C0040197	IS_A		Tick Infestations	C0040196
Tick Infestations	C0040196	IS_A		Ectoparasitic Infestations	C0013578
Humidifier lung	C0155891	IS_A		Extrinsic allergic alveolitis	C0002390
Extrinsic allergic alveolitis	C0002390	IS_A		Lung Diseases, Interstitial	C0206062
Pituitary infarction	C0342405	IS_A		Necrosis of pituitary	C0271558
Necrosis of pituitary	C0271558	IS_A		Other and unspecified anterior pituitary hyperfunction	C0029493
Cutaneous schistosomiasis	C0546996	IS_A		Skin Diseases, Genetic	C0037277
Histoplasmosis with retinitis	C0153278	IS_A		Retinitis	C0035333
Kyasanur Forest Disease	C0022810	IS_A		Virus Diseases	C0042769
Ainhum	C0001860	IS_A		Connective Tissue Diseases	C0009782
Erysipelas	C0014733	IS_A		Dermatitis	C0011603
Localized gingival recession	C0266916	IS_A		Gingival Diseases	C0017563
Arcus Senilis	C0003742	IS_A		Corneal degeneration	C0155118
Scleral Diseases	C0036412	IS_A		Disorder of eye	C0015397
Urinary bladder stone (disorder)	C0005683	IS_A		Calculus of lower urinary tract	C0156264
Calculus of lower urinary tract	C0156264	IS_A		Non-Neoplastic Urinary System Disorder	C1335051
Phlebotomus Fever	C0030372	IS_A		Virus Diseases	C0042769
Lens Subluxation	C0023316	IS_A		Lens Diseases	C0023308
Functional diarrhea	C0156173	IS_A		Colonic Diseases	C0009373
Anal spasm	C0152167	IS_A		Anus Diseases	C0003462
Gnathostomiasis	C0018013	IS_A		Helminthiasis	C0018889
Corneal Neovascularization	C0085109	IS_A		Keratitis	C0022568
Epidural Abscess	C0270629	IS_A		CNS disorder	C0007682
Pyelitis	C0034183	IS_A		Kidney Diseases	C0022658
Choroiditis	C0008526	IS_A		Choroid Diseases	C0008521
Choroid Diseases	C0008521	IS_A		Uveal Diseases	C0042161
Endometriosis of fallopian tube	C0014177	IS_A		Endometriosis	C0014175
Endosalpingiosis	C0269106	IS_A		Endometriosis	C0014175
Endometriosis of intestine	C0156347	IS_A		Intestinal Diseases	C0021831
Endometriosis of pelvic peritoneum	C0156345	IS_A		Endometriosis	C0014175
Endometriosis in scar of skin	C0156348	IS_A		Endometriosis	C0014175
Endometriosis of rectovaginal septum and vagina	C0156346	IS_A		Endometriosis	C0014175
Endometriosis of ovary	C0156344	IS_A		Endometriosis	C0014175
Compression of brain	C0009592	IS_A		Encephalopathies	C0085584
Non-Neoplastic Peripheral Nervous System Disorder	C1335029	IS_A		nervous system disorder	C0027765
Pericarditis, Constrictive	C0031048	IS_A		Pericarditis	C0031046
Idiopathic peripheral autonomic neuropathy	C0154690	IS_A		Peripheral autonomic neuropathy in disorders classified elsewhere	C0154691
Mitral and aortic incompetence	C0264774	IS_A		Aortic valve disorder	C1260873
Mitral and aortic incompetence	C0264774	IS_A		Rheumatic disease of mitral valve	C0264765
Rheumatic disease of mitral valve	C0264765	IS_A		Heart Valve Prolapse	C0079485
Other anomalies of pupillary function	C0155376	IS_A		Pupil Disorders	C0034124
Benign hypertensive renal disease	C0155596	IS_A		Renal hypertension	C0020544
Recurrent erosion of cornea	C0155119	IS_A		Corneal degeneration	C0155118
Corneal abscess	C0155091	IS_A		Interstitial and deep keratitis	C0155087
Interstitial and deep keratitis	C0155087	IS_A		Keratitis	C0022568
Corneal deposit	C0162281	IS_A		Corneal Diseases	C0010034
Adie Syndrome	C0001519	IS_A		Syndrome	C0039082
Third cranial nerve disorder	C0271353	IS_A		Cranial nerve diseases	C0010266
Folds AND/OR rupture of Bowman's membrane	C0155115	IS_A		Corneal Diseases	C0010034
Chandler syndrome	C0544008	IS_A		Corneal dystrophy	C0010036
Corneal dystrophy	C0010036	IS_A		Corneal Diseases	C0010034
Acute serous otitis media	C0155415	IS_A		Acute transudative otitis media	C0271432
Acute transudative otitis media	C0271432	IS_A		Non-suppurative otitis media	C0271446
Chondrocalcinosis due to dicalcium phosphate crystals	C0157852	IS_A		Arthritis	C0003864
Hypertensive Retinopathy	C0152132	IS_A		Retinal Diseases	C0035309
Retinal Vasculitis	C0152026	IS_A		Vasculitis	C0042384
Meningitis, Listeria	C0025293	IS_A		Meningitis, Bacterial	C0085437
Streptococcal meningitis	C0154639	IS_A		Meningitis, Bacterial	C0085437
Cauda Equina Syndrome	C0392548	IS_A		Non-Neoplastic Peripheral Nervous System Disorder	C1335029
Phlyctenular keratoconjunctivitis	C0155080	IS_A		Keratoconjunctivitis	C0022573
Dyspepsia and other specified disorders of function of stomach	C0013396	IS_A		Stomach Diseases	C0038354
Ring staphyloma	C0155363	IS_A		Scleral staphyloma	C0155359
Scleral staphyloma	C0155359	IS_A		Scleral Diseases	C0036412
Sweating, Gustatory	C0038994	IS_A		Peripheral autonomic neuropathy in disorders classified elsewhere	C0154691
Meningitis, Fungal	C0085438	IS_A		Meningitis	C0025289
Dental Pulp Necrosis	C0011407	IS_A		Dental Pulp Diseases	C0011405
Other specified disorders of penis	C0029785	IS_A		Genital Diseases, Male	C0017412
pelvic muscle wasting	C1456255	IS_A		Other specified genital prolapse	C0029801
Other specified genital prolapse	C0029801	IS_A		Female Genital Diseases	C0017411
Myxedema	C0027145	IS_A		Hypothyroidism	C0020676
Spasm of accommodation	C0152196	IS_A		Disorder of accommodation	C0152198
Presbyopia	C0033075	IS_A		Disorder of accommodation	C0152198
Conjunctival deposit	C0162280	IS_A		Conjunctival Diseases	C0009759
Color Blindness, Blue	C0155017	IS_A		Color blindness	C0242225
Hypopigmentation of eyelid	C0155212	IS_A		Eyelid Diseases	C0015423
Hypertrichosis of eyelid	C0155213	IS_A		Eyelid Diseases	C0015423
Hypotrichosis of eyelid	C0155214	IS_A		Eyelid Diseases	C0015423
Onchocerciasis	C0029001	IS_A		Filariasis	C0016085
Hyperlipoproteinemias	C0020476	IS_A		Lipid Metabolism, Inborn Errors	C0023772
Acute apical periodontitis of pulpal origin	C0155934	IS_A		Periapical Periodontitis	C0031030
Dysgammaglobulinemia	C0013374	IS_A		Selective Immunoglobulin Isotype Deficiency	C1335942
Selective Immunoglobulin Isotype Deficiency	C1335942	IS_A		Other selective immunoglobulin deficiencies	C0154276
Hyperlipoproteinemia Type V	C0020481	IS_A		Hyperlipoproteinemias	C0020476
Neonatal diabetes mellitus	C0158981	IS_A		Diabetes Mellitus	C0011849
Hyperlipoproteinemia Type IV	C0020480	IS_A		Hyperlipoproteinemias	C0020476
Glycogen Storage Disease Type VII	C0017926	IS_A		Glycogen Storage Disease	C0017919
Odontoclasia	C0341004	IS_A		Dental caries of smooth surface	C1456145
Infection due to Bordetella parapertussis (disorder)	C0275742	IS_A		Bordetella Infections	C0006015
Acute endophthalmitis	C0154773	IS_A		Purulent endophthalmitis	C0259800
Siderosis of eye	C0271001	IS_A		Degenerative disorder of eye	C0154777
Choledocholithiasis	C0701818	IS_A		Common Bile Duct Diseases	C0009440
Common Bile Duct Diseases	C0009440	IS_A		Bile Duct Diseases	C0005395
Other specified iron deficiency anemias	C0029810	IS_A		Deficiency Diseases	C0011156
Hypochromic anemia	C0002884	IS_A		Anemia	C0002871
Bronchial Diseases	C0006261	IS_A		Other disease of nasal cavity and sinuses	C0029581
Juvenile osteochondrosis of foot, NOS	C0158444	IS_A		Other juvenile osteochondrosis	C0158445
Blind hypotensive eye	C0154788	IS_A		Ocular Hypotension	C0028841
Leukocoria	C0152458	IS_A		Degenerative disorder of eye	C0154777
Blind hypertensive eye	C0154789	IS_A		Glaucoma	C0017601
Regular astigmatism	C0152193	IS_A		Astigmatism	C0004106
Partial loss or necrosis of ear ossicles	C0155488	IS_A		Ear Diseases	C0013447
Splenic sequestration	C1260402	IS_A		Splenic Diseases	C0037997
Splenic Diseases	C0037997	IS_A		Lymphatic Diseases	C0024228
Chronic congestive splenomegaly	C0398661	IS_A		Splenic Diseases	C0037997
Phthisical cornea	C0155102	IS_A		Corneal degeneration	C0155118
Chronic laryngitis	C0155836	IS_A		Laryngitis	C0023067
Laryngitis	C0023067	IS_A		Laryngeal Diseases	C0023051
Lipoid dermatoarthritis	C0311284	IS_A		Syndrome	C0039082
Transient refractive change	C0155000	IS_A		Refractive Errors	C0034951
Indeterminate leprosy	C0021192	IS_A		Leprosy	C0023343
Peripheral focal choroiditis AND chorioretinitis	C0339394	IS_A		Focal chorioretinitis	C0154870
Focal chorioretinitis	C0154870	IS_A		Chorioretinitis	C0008513
Tibial Neuropathy	C0751932	IS_A		Mononeuropathies	C0494491
Macular keratitis	C0155076	IS_A		Keratitis	C0022568
Abnormal dark adaptation curve	C0155019	IS_A		Night Blindness	C0028077
Stomatitis, Denture	C0038364	IS_A		Stomatitis	C0038362
Vaginal Diseases	C0042251	IS_A		Female Genital Diseases	C0017411
Ecthyma	C0013568	IS_A		Impetigo	C0021099
Impetigo	C0021099	IS_A		Pyoderma	C0034212
Dermatophytosis of groin and perianal area	C0011638	IS_A		Dermatophytosis	C0011636
Ischemic peripheral neuropathy	C0238309	IS_A		Neuropathy	C0442874
Postmenopausal atrophic vaginitis	C0156409	IS_A		Vaginitis and vulvovaginitis	C0042268
Vaginitis and vulvovaginitis	C0042268	IS_A		Vaginal Diseases	C0042251
Coloboma of optic disc	C0155299	IS_A		Disorder of visual pathways	C0155287
Disorder of visual pathways	C0155287	IS_A		Disorder of eye	C0015397
Ulceroglandular tularemia	C0152941	IS_A		Other specified tularemia	C0029835
Osteopoikilosis (disorder)	C0029455	IS_A		Osteosclerosis	C0029464
Testicular Diseases	C0039584	IS_A		Genital Diseases, Male	C0017412
Spermatocele	C0037859	IS_A		Genital Diseases, Male	C0017412
Ophthalmia, Sympathetic	C0029077	IS_A		Panuveitis	C0030343
Sarcoid meningitis	C0154648	IS_A		Cerebral sarcoidosis	C0398676
Bursitis	C0006444	IS_A		Arthropathy associated with infection	C0157749
Synovial Plica Syndrome	C0878705	IS_A		Arthropathy associated with infection	C0157749
Cascade stomach	C0267183	IS_A		Stomach Diseases	C0038354
Bile Reflux	C0005403	IS_A		Biliary Tract Diseases	C0005424
Meningitis histoplasma	C0153277	IS_A		Meningitis, Fungal	C0085438
Transient arthropathy of the shoulder region	C0158007	IS_A		Transient arthropathy	C0152083
Transient arthropathy	C0152083	IS_A		Arthropathy associated with infection	C0157749
Deep vascularization of cornea	C0155095	IS_A		Corneal Neovascularization	C0085109
Nutritional optic neuropathy	C0155302	IS_A		Optic Neuritis	C0029134
Other specified trigeminal nerve disorders	C0029834	IS_A		Cranial nerve diseases	C0010266
Inflammatory spondylopathies in diseases classified elsewhere	C0021396	IS_A		Other inflammatory spondylopathies	C0029644
Other inflammatory spondylopathies	C0029644	IS_A		Spondylarthropathies	C0949691
Bullous retinoschisis	C0344289	IS_A		Retinoschisis	C0152439
Pulmonary Alveolar Microlithiasis	C0155912	IS_A		Lung diseases	C0024115
Idiopathic pulmonary hemosiderosis	C0020807	IS_A		Lung diseases	C0024115
Hemosiderosis	C0019114	IS_A		Iron Metabolism Disorders	C0012715
Pulmonary Alveolar Proteinosis	C0034050	IS_A		Lung diseases	C0024115
Post-inflammatory pulmonary fibrosis	C0175999	IS_A		Pulmonary Fibrosis	C0034069
Episcleritis periodica fugax	C0155351	IS_A		Scleral Diseases	C0036412
Neurotrophic keratoconjunctivitis	C0155084	IS_A		Keratoconjunctivitis	C0022573
Granulomatosis with polyangiitis	C3495801	IS_A		Lung diseases	C0024115
Tympanosclerosis involving other combination of structures	C0155477	IS_A		Disorder of tympanic membrane	C0041825
Chagas' disease without mention of organ involvement	C0007932	IS_A		Trypanosomiasis	C0041227
Detrusor and sphincter dyssynergia	C0341747	IS_A		Urinary Bladder Diseases	C0005686
Echinococcus multilocularis infection	C0152069	IS_A		Encephalopathies	C0085584
Arachnoiditis	C0003708	IS_A		Meningitis	C0025289
Aseptic Meningitis	C0025290	IS_A		Meningitis	C0025289
Peripheral retinal degeneration	C1320640	IS_A		Retinal Degeneration	C0035304
Secondary pigmentary retinal degeneration	C0154858	IS_A		Peripheral retinal degeneration	C1320640
Senile reticular retinal degeneration	C0154857	IS_A		Peripheral retinal degeneration	C1320640
Microcystoid retinal degeneration	C0154855	IS_A		Peripheral retinal degeneration	C1320640
Retinal lattice degeneration	C0154856	IS_A		Peripheral retinal degeneration	C1320640
Paving stone retinal degeneration	C0154854	IS_A		Peripheral retinal degeneration	C1320640
Secondary vitreoretinal degeneration	C0154859	IS_A		Peripheral retinal degeneration	C1320640
Lesion of ulnar nerve	C1288279	IS_A		Mononeuritis of upper limb and mononeuritis multiplex	C0154741
Mononeuritis of upper limb and mononeuritis multiplex	C0154741	IS_A		Mononeuritis	C0235880
Fascioloidiasis	C0015655	IS_A		Helminthiasis	C0018889
Lesion of radial nerve	C0154744	IS_A		Radial Neuropathy	C0748226
Dyshormonogenic goiter	C0152077	IS_A		Goiter	C0018021
Common Variable Immunodeficiency	C0009447	IS_A		Ankylosing spondylitis and other inflammatory spondylopathies	C0003089
Dermatophytosis of the body	C0546826	IS_A		Dermatophytosis	C0011636
Echinostomiasis	C0013514	IS_A		Helminthiasis	C0018889
Otosclerosis, other	C0029696	IS_A		Diseases of inner ear	C0494559
Dicrocoeliasis	C0012102	IS_A		Helminthiasis	C0018889
Superficial keratitis	C0155074	IS_A		Keratitis	C0022568
Punctate keratitis	C0259799	IS_A		Keratoconjunctivitis	C0022573
Filarial Elephantiases	C0013884	IS_A		Skin Diseases, Genetic	C0037277
Specific bursitis often of occupational origin	C0158332	IS_A		Bursitis	C0006444
Thrombophlebitis of the femoral vein	C0265066	IS_A		Thrombophlebitis of superficial veins of lower extremity	C0265057
Hemorrhagic Fever, Crimean	C0019099	IS_A		Virus Diseases	C0042769
Conjunctival pigmentation	C0155163	IS_A		Other dyschromia	C0375489
Varicose veins of pelvis	C0155795	IS_A		Varicosity	C0042345
Primary hypotony of eye	C0154782	IS_A		Ocular Hypotension	C0028841
Medulloadrenal hyperfunction	C0154206	IS_A		Adrenal Gland Diseases	C0001621
Adrenal Gland Diseases	C0001621	IS_A		Endocrine System Diseases	C0014130
Hemophilia B	C0008533	IS_A		Blood Coagulation Disorders	C0005779
Chronic salpingo-oophoritis	C0156328	IS_A		Tubo-ovarian inflammatory disease	C0036133
Cutaneous diphtheria	C0012555	IS_A		Pyoderma	C0034212
Pyoderma	C0034212	IS_A		Dermatitis	C0011603
Bloch Sulzberger syndrome	C0021171	IS_A		Other dyschromia	C0375489
Anterior corneal pigmentation	C0155104	IS_A		Corneal deposit	C0162281
Jaundice, Chronic Idiopathic	C0022350	IS_A		Hyperbilirubinemia, Hereditary	C0020435
Hyperbilirubinemia, Hereditary	C0020435	IS_A		Inborn Errors of Metabolism	C0025521
Stromal corneal pigmentation	C0155105	IS_A		Other dyschromia	C0375489
Kyphoscoliotic heart disease	C0152102	IS_A		Other chronic pulmonary heart diseases	C0155673
Other chronic pulmonary heart diseases	C0155673	IS_A		Cor pulmonale	C0034072
Hematocele of tunica vaginalis testis	C0018931	IS_A		Testicular Diseases	C0039584
Male genital organ vascular diseases	C0042374	IS_A		Genital Diseases, Male	C0017412
Patulous eustachian tube	C0155434	IS_A		other eustachian tube disorder	C0155435
Acute alcoholic liver disease	C0001306	IS_A		Chronic Persistent Hepatitis	C0149519
Chronic Persistent Hepatitis	C0149519	IS_A		Liver diseases	C0023895
Prostatocystitis	C0156291	IS_A		Cystitis	C0010692
Viral labyrinthitis	C0155508	IS_A		Virus Diseases	C0042769
Color Blindness, Red	C0155015	IS_A		Color blindness	C0242225
Color Blindness, Acquired	C0155018	IS_A		Color blindness	C0242225
Lumbosacral plexus lesion	C0154735	IS_A		Non-Neoplastic Peripheral Nervous System Disorder	C1335029
Irregular astigmatism	C0152194	IS_A		Astigmatism	C0004106
Pseudopapilledema	C0155300	IS_A		Disorder of visual pathways	C0155287
Bacterial esophagitis	C0341108	IS_A		Esophagitis	C0014868
Vincent Angina	C1527368	IS_A		Acute gingivitis	C0155937
Acute gingivitis	C0155937	IS_A		Gingival Diseases	C0017563
Schistosoma hematobium infection	C0276926	IS_A		Urinary Bladder Diseases	C0005686
Other peripheral vertigo	C0029706	IS_A		Vestibular Diseases	C0042594
Acute gonococcal salpingitis	C0275654	IS_A		Acute salpingitis	C0269038
Acute gonococcal prostatitis	C0153192	IS_A		prostatitis	C0033581
Other specified schistosomiasis	C0029827	IS_A		Helminthiasis	C0018889
other eustachian tube disorder	C0155435	IS_A		Non-suppurative otitis media	C0271446
Endocrine exophthalmos	C0155264	IS_A		Orbital Diseases	C0029182
Lateral displacement of eye	C0155272	IS_A		Orbital Diseases	C0029182
Thyrotoxic exophthalmos	C0155265	IS_A		Endocrine exophthalmos	C0155264
Intermittent exophthalmos	C0155270	IS_A		Orbital Diseases	C0029182
Pulsating exophthalmos	C0155271	IS_A		Orbital Diseases	C0029182
Prolapse of urethra	C0238502	IS_A		Urethral Diseases	C0041969
Urethral Diseases	C0041969	IS_A		Non-Neoplastic Urinary System Disorder	C1335051
Dysentery	C0013369	IS_A		Digestive System Disorders	C0012242
Dysentery	C0013369	IS_A		Intestinal infectious disease (disorder)	C0178238
Infection due to Group C Shigella	C0302360	IS_A		Colonic Diseases	C0009373
Balantidiasis	C0004692	IS_A		Protozoan Infections	C0033740
Spastic entropion	C0155190	IS_A		Entropion	C0014390
Entropion	C0014390	IS_A		Eyelid Diseases	C0015423
Tinea Pedis	C0040259	IS_A		Dermatophytosis	C0011636
Luxation of eye	C0154806	IS_A		Other degenerative disorders of globe	C0154780
Other degenerative disorders of globe	C0154780	IS_A		Disorder of eye	C0015397
Disorder of thyrocalcitonin secretion	C0701822	IS_A		Thyroid Diseases	C0040128
Palsy of conjugate gaze	C0702143	IS_A		Other specified strabismus	C0029831
Aplastic Anemia	C0002874	IS_A		Anemia	C0002871
Vulvar Diseases	C0042994	IS_A		Female Genital Diseases	C0017411
Sulfhemoglobinemia	C0038732	IS_A		Blood Protein Disorders	C0005830
Hyperparathyroidism due to renal insufficiency	C0271847	IS_A		Kidney Diseases	C0022658
Capillariasis	C0006897	IS_A		Helminthiasis	C0018889
Pes anserinus tendinitis or bursitis	C0158314	IS_A		Enthesopathy	C0242490
Enthesopathy	C0242490	IS_A		Connective Tissue Diseases	C0009782
Disorders of other cranial nerves	C0154730	IS_A		Cranial nerve diseases	C0010266
Bell Palsy	C0376175	IS_A		Facial paralysis	C0015469
Tuberculosis of epididymis	C0152814	IS_A		Tuberculosis, Urogenital	C0041333
Infection by Trichuris trichiura	C0040954	IS_A		Helminthiasis	C0018889
Bagassosis	C0004681	IS_A		Extrinsic allergic alveolitis	C0002390
Plantar nerve lesion	C0154752	IS_A		Mononeuritis of lower limb	C0154747
Mononeuritis of lower limb	C0154747	IS_A		Mononeuritis	C0235880
Tarsal Tunnel Syndrome	C0039319	IS_A		Tibial Neuropathy	C0751932
Common peroneal nerve lesion (disorder)	C0270909	IS_A		Mononeuritis of lower limb	C0154747
Tibial nerve palsy	C0154751	IS_A		Mononeuritis of lower limb	C0154747
Hypermobility of the coccyx	C0158295	IS_A		Spondylarthropathies	C0949691
Trichostrongylosis	C0040948	IS_A		Trichostrongyloidiasis	C0040947
Trichostrongyloidiasis	C0040947	IS_A		Helminthiasis	C0018889
Atrophic nonflaccid tympanic membrane	C0155471	IS_A		Disorder of tympanic membrane	C0041825
Idiopathic osteoporosis	C0158447	IS_A		Osteoporosis	C0029456
Ulceration of vulva associated with another disorder	C0156340	IS_A		Vulvar Diseases	C0042994
Phacolytic glaucoma	C0152137	IS_A		Glaucoma associated with other lens disorders	C0154959
Glaucoma associated with other lens disorders	C0154959	IS_A		Glaucoma	C0017601
Neonatal thyrotoxicosis	C0158983	IS_A		Thyrotoxicosis	C0040156
Cri-du-Chat Syndrome	C0010314	IS_A		Syndrome	C0039082
Olecranon bursitis	C0263962	IS_A		Bursitis	C0006444
Parametritis	C0030455	IS_A		Pelvic Inflammatory Disease	C0242172
Gastric outlet obstruction	C0162651	IS_A		Stomach Diseases	C0038354
Tooth Ankylosis	C0155930	IS_A		Ankylosis	C0003090
Binocular vision disorder	C0005461	IS_A		Other specified strabismus	C0029831
Abnormal retinal correspondence	C0155010	IS_A		Binocular vision disorder	C0005461
Vestibular Neuronitis	C0751908	IS_A		Poliomyelitis	C0032371
Hereditary hemorrhagic telangiectasia	C0039445	IS_A		Spinal Cord Ischemia	C0752130
Myoclonic Cerebellar Dyssynergia	C0007761	IS_A		Degenerative disorder	C1285162
Black piedra	C0153249	IS_A		Superficial mycosis	C2980104
Ellis-Van Creveld Syndrome	C0013903	IS_A		Syndrome	C0039082
Hyaline Membrane Disease	C0020192	IS_A		Acute respiratory failure	C0264490
Chronic gonococcal salpingitis	C0153208	IS_A		Chronic salpingitis	C0269041
Chronic salpingitis	C0269041	IS_A		Salpingitis	C0036130
Cerebral Atherosclerosis	C0007775	IS_A		Atherosclerosis	C0004153
Respiratory Syncytial Virus Infections	C0035235	IS_A		Virus Diseases	C0042769
Chorioretinitis	C0008513	IS_A		Disorder of eye	C0015397
Uveitis, Intermediate	C0042166	IS_A		Uveitis	C0042164
Hypercementosis	C0020441	IS_A		Other specified diseases of hard tissues of teeth	C0029770
Other specified diseases of hard tissues of teeth	C0029770	IS_A		Tooth Diseases	C0040435
Cyclosporiasis	C0343398	IS_A		Coccidiosis	C0009187
Coccidiosis	C0009187	IS_A		Protozoan Infections	C0033740
Corneal staphyloma	C0152440	IS_A		Corneal Diseases	C0010034
Tolosa-Hunt Syndrome	C0040381	IS_A		Ocular Motility Disorders	C0028850
Cicatricial ectropion	C0155196	IS_A		Ectropion	C0013592
Ectropion	C0013592	IS_A		Eyelid Diseases	C0015423
Common Migraine	C0338480	IS_A		Migraine Disorders	C0149931
Mucopolysaccharidosis II	C0026705	IS_A		Mucopolysaccharidoses	C0026703
Mucopolysaccharidosis VI	C0026709	IS_A		Mucopolysaccharidoses	C0026703
Mucopolysaccharidosis VII	C0085132	IS_A		Mucopolysaccharidoses	C0026703
Chronic enlargement of lacrimal gland	C1300133	IS_A		Dacryoadenitis	C0155223
Senile entropion	C0155188	IS_A		Entropion	C0014390
Ancylostomiasis	C0002831	IS_A		Helminthiasis	C0018889
Achilles bursitis	C0149846	IS_A		Bursitis	C0006444
Submandibular Gland Diseases	C0038557	IS_A		Other specified diseases of the salivary glands	C0029773
Benign lymphoepithelial lesion of salivary gland	C0266995	IS_A		Other specified diseases of the salivary glands	C0029773
Mikulicz Disease	C0026103	IS_A		Ankylosing spondylitis and other inflammatory spondylopathies	C0003089
Sialometaplasia, Necrotizing	C0037033	IS_A		Other specified diseases of the salivary glands	C0029773
Sialolithiasis	C0036091	IS_A		Other specified diseases of the salivary glands	C0029773
Thromboangiitis Obliterans	C0040021	IS_A		Peripheral angiopathy in diseases classified elsewhere	C0031115
Ovale malaria	C0152072	IS_A		Malaria	C0024530
Hypodermyiasis	C0020607	IS_A		Myiasis	C0027030
Screw Worm Infection	C0036465	IS_A		Myiasis	C0027030
Cardiomyopathy, Alcoholic	C0007192	IS_A		Cardiomyopathy in other diseases classified elsewhere	C0155699
Cardiomyopathy in other diseases classified elsewhere	C0155699	IS_A		Cardiomyopathies	C0878544
Paralytic Lagophthalmos	C0155197	IS_A		Lagophthalmos	C0152226
Lagophthalmos	C0152226	IS_A		Eyelid Diseases	C0015423
Hereditary spherocytosis	C0037889	IS_A		Anemia, Hemolytic, Congenital	C0002881
Anemia, Hemolytic, Congenital	C0002881	IS_A		Anemia, Hemolytic	C0002878
Malaria, Vivax	C0024537	IS_A		Malaria	C0024530
Leukostasis	C0282548	IS_A		Leukocyte Disorders	C0023510
Acute dacryocystitis	C0155237	IS_A		Dacryocystitis	C0010930
Dacryocystitis	C0010930	IS_A		Acute inflammation of lacrimal passages	C0339129
Phlegmonous dacryocystitis	C0155238	IS_A		Dacryocystitis	C0010930
Subclavian Steal Syndrome	C0038531	IS_A		Syndrome	C0039082
Vertebrobasilar Insufficiency	C0042568	IS_A		Transient Ischemic Attack	C0007787
Epidemic keratoconjunctivitis	C0014493	IS_A		Keratoconjunctivitis	C0022573
Lobomycosis	C0152066	IS_A		Dermatomycoses	C0011630
Balanoposthitis	C0004691	IS_A		Other specified disorders of penis	C0029785
Balanitis	C0004690	IS_A		Other specified disorders of penis	C0029785
Borrelia recurrentis Infection	C0152061	IS_A		Relapsing Fever	C0035021
Tick-borne relapsing fever	C0035022	IS_A		Relapsing Fever	C0035021
Mechanical lagophthalmos	C0155198	IS_A		Lagophthalmos	C0152226
Cicatricial Lagophthalmos	C0155199	IS_A		Lagophthalmos	C0152226
Acute sphenoidal sinusitis	C0155807	IS_A		Sphenoid Sinusitis	C0037886
Glaucoma associated with ocular trauma	C0339594	IS_A		Glaucoma	C0017601
Renal Osteodystrophy	C0035086	IS_A		Kidney Diseases	C0022658
Cellulitis and abscess of unspecified digit	C0007644	IS_A		Dermatophytosis	C0011636
Mycetoma	C0024449	IS_A		Dermatomycoses	C0011630
Jaccoud's syndrome	C0152084	IS_A		Ankylosing spondylitis and other inflammatory spondylopathies	C0003089
Lown-Ganong-Levine Syndrome	C0024054	IS_A		Syndrome	C0039082
Branch Retinal Artery Occlusion	C0006123	IS_A		Retinal Artery Occlusion	C0035302
Retinal Artery Occlusion	C0035302	IS_A		Retinal vascular occlusion	C0035326
Vertebral Artery Insufficiency	C0042560	IS_A		Syndrome	C0039082
Intracranial Arteriosclerosis	C0007771	IS_A		Arteriosclerosis	C0003850
Central Retinal Artery Occlusion	C0007688	IS_A		Retinal Artery Occlusion	C0035302
Mechanical entropion	C0155189	IS_A		Entropion	C0014390
Cicatricial entropion	C0155191	IS_A		Entropion	C0014390
Paronychia (disorder)	C0030578	IS_A		Nail Diseases	C0027339
Anemia due to protein deficiency	C0154290	IS_A		Deficiency anemias	C0041782
Deficiency anemias	C0041782	IS_A		Anemia	C0002871
Gonococcal spondylitis	C0153219	IS_A		Other inflammatory spondylopathies	C0029644
Hordeolum externum	C0019919	IS_A		Infective dermatitis of eyelid of types resulting in deformity	C0155181
Infective dermatitis of eyelid of types resulting in deformity	C0155181	IS_A		Eyelid Diseases	C0015423
Exophthalmic ophthalmoplegia	C0152135	IS_A		Total ophthalmoplegia	C0155338
Total ophthalmoplegia	C0155338	IS_A		Ocular Motility Disorders	C0028850
Acute proliferative glomerulonephritis	C0341692	IS_A		Glomerulonephritis	C0017658
Idiopathic crescentic glomerulonephritis	C0403416	IS_A		Acute proliferative glomerulonephritis	C0341692
Uveitis, Suppurative	C0042168	IS_A		Uveitis	C0042164
Benign secondary hypertension	C0155620	IS_A		Secondary hypertension	C0155616
Benign renovascular hypertension	C0155621	IS_A		Benign secondary hypertension	C0155620
Candidiasis of the esophagus	C0239295	IS_A		Esophageal Diseases	C0014852
Fungal esophagitis	C0341109	IS_A		Mycoses	C0026946
Acute cystitis	C0149523	IS_A		Cystitis	C0010692
Aspergillosis, Allergic Bronchopulmonary	C0004031	IS_A		Aspergillosis	C0004030
Aspergillosis	C0004030	IS_A		Opportunistic mycosis	C0029119
Esophageal diverticulosis	C0917875	IS_A		Esophageal Diseases	C0014852
Nontoxic goiter	C0221777	IS_A		Goiter	C0018021
Lingual Goiter	C0271760	IS_A		Goiter	C0018021
Nodular Goiter	C0018023	IS_A		Goiter	C0018021
Endemic goiter	C0018022	IS_A		Deficiency Diseases	C0011156
Substernal goiter	C0018024	IS_A		Goiter	C0018021
Nonproliferative diabetic retinopathy	C0004606	IS_A		Diabetic Retinopathy	C0011884
Degeneration of macula due to cyst, hole or pseudohole	C1261331	IS_A		Degeneration of macula and posterior pole of retina	C0339436
Oculoglandular tularemia	C0152944	IS_A		Other specified tularemia	C0029835
Dystrophies primarily involving Bruch's membrane	C0154866	IS_A		Retinal Dystrophies	C0854723
internal pathological resorption	C1456167	IS_A		Tooth Resorption	C0040451
Tooth Resorption	C0040451	IS_A		Other specified diseases of hard tissues of teeth	C0029770
Mucocele of appendix	C0026684	IS_A		Intestinal Diseases	C0021831
Mesenteric Vascular Occlusion	C0025472	IS_A		Peripheral angiopathy in diseases classified elsewhere	C0031115
Colonic Diverticulitis	C0012814	IS_A		Diverticulitis	C0012813
Disorders of Porphyrin Metabolism	C0032708	IS_A		Inborn Errors of Metabolism	C0025521
Hereditary Coproporphyria	C0162531	IS_A		Porphyrias, Hepatic	C0162533
Porphyrias, Hepatic	C0162533	IS_A		Disorders of Porphyrin Metabolism	C0032708
Porphyria, Erythropoietic	C0162530	IS_A		Skin Diseases, Genetic	C0037277
Rift Valley Fever	C0035613	IS_A		Virus Diseases	C0042769
Tuberculosis of intestines and mesenteric glands	C0152724	IS_A		Intestinal Diseases	C0021831
Crater-like holes of optic disc	C0155298	IS_A		Disorder of visual pathways	C0155287
Scheuermann's Disease	C0036310	IS_A		Other juvenile osteochondrosis	C0158445
Diphtheritic cystitis	C0152954	IS_A		Cystitis	C0010692
Diphtheritic peritonitis	C0152953	IS_A		Other specified peritonitis	C0029823
Other specified peritonitis	C0029823	IS_A		Digestive System Disorders	C0012242
Pancreatic Mucinous Ductal Ectasia	C1335310	IS_A		Other specified diseases of pancreas	C0029771
Chronic follicular conjunctivitis	C0155147	IS_A		Chronic conjunctivitis	C0155145
Anatomical narrow angle borderline glaucoma	C0154941	IS_A		Preglaucoma	C0549470
Preglaucoma	C0549470	IS_A		Glaucoma	C0017601
Cataract due to diabetes mellitus	C0011876	IS_A		Other cataract	C0029531
Other cataract	C0029531	IS_A		Lens Diseases	C0023308
Toxic Optic Neuropathy	C0155303	IS_A		Optic Neuritis	C0029134
Hypertrophy of tongue papillae	C0392494	IS_A		Tongue Diseases	C0040409
Parasitic conjunctivitis	C0155148	IS_A		Chronic conjunctivitis	C0155145
Diffuse interstitial keratitis	C0155089	IS_A		Interstitial keratitis	C0155088
Interstitial keratitis	C0155088	IS_A		Connective Tissue Diseases	C0009782
Senile ectropion	C0155193	IS_A		Ectropion	C0013592
Chondromalacia Patellae	C0008475	IS_A		Chondromalacia	C0085700
Chondromalacia	C0085700	IS_A		Articular cartilage disorder	C0158073
Collagen Diseases	C0009326	IS_A		Connective Tissue Diseases	C0009782
Tinea profunda (disorder)	C1279621	IS_A		Dermatophytosis of the body	C0546826
tinea manus	C0153246	IS_A		Dermatophytosis	C0011636
Scrub Typhus	C0036472	IS_A		Typhus, Epidemic Louse-Borne	C0041473
Fibrodysplasia Ossificans Progressiva	C0016037	IS_A		Connective Tissue Diseases	C0009782
Giant Cell Arteritis	C0039483	IS_A		Vasculitis, Central Nervous System	C0751878
Vasculitis, Central Nervous System	C0751878	IS_A		Vasculitis	C0042384
Mucocutaneous Lymph Node Syndrome	C0026691	IS_A		Acute lymphadenitis	C0157705
Anemia, Macrocytic	C0002886	IS_A		Anemia	C0002871
Gastrointestinal anthrax	C0152945	IS_A		Digestive System Disorders	C0012242
blindness or low vision (non-specific)	C0155020	IS_A		Disorder of eye	C0015397
Pure Red-Cell Aplasia	C0034902	IS_A		Aplastic Anemia	C0002874
Angioid Streaks	C0002982	IS_A		Retinal Diseases	C0035309
Cutaneous sarcoidosis	C0036203	IS_A		Skin Diseases, Genetic	C0037277
Uveoparotid Fever	C0042171	IS_A		Sarcoidosis	C0036202
Cardiac sarcoidosis	C0392077	IS_A		Sarcoidosis	C0036202
Hypercalcemic Sarcoidosis	C1334067	IS_A		Sarcoidosis	C0036202
Bile Duct Perforation	C0156218	IS_A		Biliary Tract Diseases	C0005424
Congenital hypoplastic anemia	C0949116	IS_A		Aplastic Anemia	C0002874
Nonspecific urethritis	C0311389	IS_A		Urethral Diseases	C0041969
Argentous corneal deposit	C0155108	IS_A		Corneal Diseases	C0010034
Posterior corneal pigmentation	C0155106	IS_A		Corneal deposit	C0162281
Scleritis	C0036416	IS_A		Scleral Diseases	C0036412
Gonococcal bursitis	C0153218	IS_A		Bursitis	C0006444
Gonococcal synovitis or tenosynovitis	C0343714	IS_A		Synovitis	C0039103
Urethral intrinsic sphincter deficiency	C0375381	IS_A		Urethral Diseases	C0041969
Balanitis xerotica obliterans	C0152460	IS_A		Balanitis	C0004690
Active cochleovestibular Ménière's disease	C0155496	IS_A		Meniere Disease	C0025281
Active vestibular Ménière's disease	C0155498	IS_A		Meniere Disease	C0025281
Active cochlear Ménière's disease	C0155497	IS_A		Meniere Disease	C0025281
Urethral syndrome	C0156279	IS_A		Urethral Diseases	C0041969
Hairy tongue	C0040414	IS_A		Tongue Diseases	C0040409
Facial Nerve Diseases	C0015464	IS_A		Cranial nerve diseases	C0010266
Trigonitis	C1261278	IS_A		Cystitis	C0010692
Venous tributary occlusion of retina	C0154842	IS_A		Retinal vascular occlusion	C0035326
Retinal vascular occlusion	C0035326	IS_A		Peripheral angiopathy in diseases classified elsewhere	C0031115
Neonatal infective mastitis	C0158948	IS_A		Mastitis	C0024894
Tetanus neonatorum	C0343312	IS_A		Tetanus	C0039614
Loiasis	C0023968	IS_A		Disorder of eye	C0015397
Labyrinthitis	C0022893	IS_A		Inner ear infection	C1168225
Low Tension Glaucoma	C0152136	IS_A		Glaucoma, Open-Angle	C0017612
Intermittent angle-closure glaucoma	C0154945	IS_A		Primary angle-closure glaucoma	C0017606
Primary angle-closure glaucoma	C0017606	IS_A		Angle Closure Glaucoma	C0017605
Neuroaspergillosis	C0752342	IS_A		nervous system disorder	C0027765
Tibial collateral ligament bursitis	C0158315	IS_A		Enthesopathy	C0242490
Secondary hyperparathyroidism, non-renal	C1456268	IS_A		Hyperparathyroidism	C0020502
Alveolar periostitis	C0013240	IS_A		Periostitis	C0031111
Periostitis	C0031111	IS_A		Connective Tissue Diseases	C0009782
Cholestasis, Extrahepatic	C0005398	IS_A		Cholestasis	C0008370
Campylobacter infection	C0006818	IS_A		Gastroenteritis	C0017160
Photokeratitis	C0155078	IS_A		Keratitis	C0022568
Favism	C0015702	IS_A		Deficiency of glucose-6-phosphate dehydrogenase	C2939465
Deficiency of glucose-6-phosphate dehydrogenase	C2939465	IS_A		Carbohydrate Metabolism, Inborn Errors	C0007001
Erosion, extending into dentine	C1456162	IS_A		Tooth Erosion	C0040436
Tooth Erosion	C0040436	IS_A		Other specified diseases of hard tissues of teeth	C0029770
Polyneuropathy in collagen vascular disease	C0154759	IS_A		Polyneuropathy	C0152025
Eversion of lacrimal punctum	C0155243	IS_A		Lacrimal Apparatus Diseases	C0022904
Stenosis of lacrimal punctum	C0155244	IS_A		Lacrimal Apparatus Diseases	C0022904
Abnormality of secretion of gastrin	C0000774	IS_A		Other disorders of pancreatic internal secretion	C0154189
Other disorders of pancreatic internal secretion	C0154189	IS_A		Other specified diseases of pancreas	C0029771
Ulcer of anus and rectum	C0400832	IS_A		Rectal Diseases	C0034882
Posterior scleritis	C0155357	IS_A		Scleritis	C0036416
Synovitis, Acne, Pustulosis, Hyperostosis, and Osteitis Syndrome	C0263859	IS_A		Syndrome	C0039082
Chronic duodenal ileus	C0156087	IS_A		Duodenal Obstruction	C0013292
Duodenal Obstruction	C0013292	IS_A		Duodenal Diseases	C0013289
Calculus of prostate	C0149525	IS_A		Calculus of lower urinary tract	C0156264
Acute gonococcal cystitis	C0153191	IS_A		Acute cystitis	C0149523
Dental Fluorosis, Acquired	C0026618	IS_A		Tooth Diseases	C0040435
Neuroschistosomiasis	C0752191	IS_A		Encephalopathies	C0085584
Scurvy	C0036474	IS_A		Deficiency Diseases	C0011156
Malignant secondary hypertension	C0155617	IS_A		Secondary hypertension	C0155616
Panophthalmitis	C0030332	IS_A		Purulent endophthalmitis	C0259800
Inflammatory disease of the uterus	C0269047	IS_A		Uterine Diseases	C0042131
Hepatic Infarction	C0151731	IS_A		Vascular disorder of liver	C0400923
Chronic passive congestion of liver	C0156195	IS_A		Vascular disorder of liver	C0400923
Neonatal urinary tract infection	C0235815	IS_A		Non-Neoplastic Urinary System Disorder	C1335051
Epiphora due to insufficient drainage	C0155234	IS_A		Excessive tearing	C0152227
Lice Infestations	C0030756	IS_A		Ectoparasitic Infestations	C0013578
Clonorchiasis	C0009021	IS_A		Helminthiasis	C0018889
Opisthorchiasis	C0029106	IS_A		Helminthiasis	C0018889
Plantar wart	C0042548	IS_A		Virus Diseases	C0042769
Chancroid	C0007947	IS_A		Skin Diseases, Genetic	C0037277
Hypermobility syndrome	C0152093	IS_A		Arthropathy associated with infection	C0157749
Localized anterior staphyloma	C0155362	IS_A		Scleral staphyloma	C0155359
Equatorial staphyloma	C0155361	IS_A		Scleral staphyloma	C0155359
Staphyloma posticum	C0155360	IS_A		Scleral staphyloma	C0155359
Acute myringitis	C0155460	IS_A		Disorder of tympanic membrane	C0041825
Bullous myringitis	C0155461	IS_A		Disorder of tympanic membrane	C0041825
Anterior scleritis	C0155353	IS_A		Scleritis	C0036416
Inclusion conjunctivitis	C0009770	IS_A		Conjunctival Diseases	C0009759
Pharyngo-Conjunctival Fever	C0031351	IS_A		Virus Diseases	C0042769
Hyperlipidemia, Familial Combined	C0020474	IS_A		Hyperlipoproteinemias	C0020476
Fox Fordyce disease	C0016632	IS_A		Sweat Gland Diseases	C0038986
Chronic subinvolution of uterus	C0156370	IS_A		Uterine Diseases	C0042131
Lymphogranuloma Venereum	C0024286	IS_A		Granuloma Inguinale	C0018190
Tetanic cataract	C0039613	IS_A		Other cataract	C0029531
Parasitic eyelid infestation	C0155183	IS_A		Infective dermatitis of eyelid of types resulting in deformity	C0155181
Squamous blepharitis	C0155174	IS_A		Infective dermatitis of eyelid of types resulting in deformity	C0155181
Extrapyramidal and movement disorders	C0477355	IS_A		Movement Disorders	C0026650
Scleritis with corneal involvement	C0155355	IS_A		Scleritis	C0036416
Acute angle-closure glaucoma	C0154946	IS_A		Primary angle-closure glaucoma	C0017606
Superior Oblique Palsy, Neurogenic	C0751939	IS_A		Cranial nerve diseases	C0010266
Multiple cranial nerve palsy	C0154733	IS_A		Disorders of other cranial nerves	C0154730
Circumscribed labyrinthitis	C0155505	IS_A		Labyrinthitis	C0022893
Bird Fancier's Lung	C0005592	IS_A		Extrinsic allergic alveolitis	C0002390
White Piedra	C0040249	IS_A		Superficial mycosis	C2980104
Color Blindness, Red-Green	C0155016	IS_A		Color blindness	C0242225
Thrombophlebitis migrans	C0152250	IS_A		Thrombophlebitis of superficial veins of lower extremity	C0265057
Parasitic endophthalmitis	C0014238	IS_A		Adenovirus infection in conditions classified elsewhere and of unspecified site	C0001485
Primary lacrimal atrophy	C0155229	IS_A		Lacrimal Apparatus Diseases	C0022904
Cleidocranial Dysplasia	C0008928	IS_A		Osteochondrodysplasias	C0029422
Contact blepharoconjunctivitis	C0155150	IS_A		Blepharoconjunctivitis	C0005743
Blepharoconjunctivitis	C0005743	IS_A		Infective dermatitis of eyelid of types resulting in deformity	C0155181
Thoracoabdominal aortic aneurysm, ruptured	C1305122	IS_A		Aortic Diseases	C0003493
Infection due to Brucella canis	C0494040	IS_A		Brucellosis	C0006309
Tietze's Syndrome	C0040213	IS_A		Syndrome	C0039082
Algoneurodystrophy	C0205930	IS_A		Complex Regional Pain Syndromes	C0458219
Megaloblastic anemia due to folate deficiency	C0151482	IS_A		Deficiency Diseases	C0011156
POEMS Syndrome	C0085404	IS_A		Blood Protein Disorders	C0005830
Residual stage of angle-closure glaucoma	C0154948	IS_A		Primary angle-closure glaucoma	C0017606
myasthenia gravis without acute exacerbation	C1260409	IS_A		Autoimmune Diseases of the Nervous System	C0751871
Iritis	C0022081	IS_A		Iris Diseases	C0022078
Acute post-streptococcal glomerulonephritis	C0403414	IS_A		Glomerulonephritis	C0017658
Acute diffuse nephritis	C0341689	IS_A		Glomerulonephritis diffuse	C0859036
Glomerulonephritis diffuse	C0859036	IS_A		Glomerulonephritis	C0017658
Blackwater Fever	C0005681	IS_A		Malaria	C0024530
Anterior uveitis	C0042165	IS_A		Panuveitis	C0030343
Nystagmus associated with disorder of the vestibular system	C0155379	IS_A		Other degenerative disorders of globe	C0154780
Geniculate Ganglionitis	C0017407	IS_A		Facial Nerve Diseases	C0015464
Familial hyperaldosteronism type 1	C3838731	IS_A		Hyperaldosteronism	C0020428
Toxic labyrinthitis	C0155507	IS_A		Labyrinthitis	C0022893
Tennis Elbow	C0039516	IS_A		Osteitis	C0029400
Root Caries	C0162644	IS_A		Dental caries of smooth surface	C1456145
Atherosclerosis of renal artery	C0155734	IS_A		Renal vascular disorder	C0268790
Boutonneuse Fever	C0006060	IS_A		Spotted Fever Group Rickettsiosis	C0038041
Infertility due to extratesticular cause	C0021360	IS_A		Male infertility	C0021364
De Quervain Disease	C0149870	IS_A		Arthropathy associated with infection	C0157749
Glossitis	C0017675	IS_A		Tongue Diseases	C0040409
Lipomatosis	C0023801	IS_A		Skin Diseases, Genetic	C0037277
Blue Toe Syndrome	C0242645	IS_A		Cholesterol Embolism	C0149649
Cholesterol Embolism	C0149649	IS_A		Spinal Cord Ischemia	C0752130
Lateral cystocele	C2711750	IS_A		Other specified genital prolapse	C0029801
Midline cystocele	C1456248	IS_A		Other specified genital prolapse	C0029801
Broad ligament laceration syndrome	C0152079	IS_A		Female Genital Diseases	C0017411
Erosion, extending into pulp	C1456163	IS_A		Tooth Erosion	C0040436
Disorder of ureter	C0403608	IS_A		Non-Neoplastic Urinary System Disorder	C1335051
Acute retrobulbar neuritis	C0155301	IS_A		Optic Neuritis	C0029134
Hyperactive bilateral labyrinthine dysfunction	C0155516	IS_A		Labyrinthine dysfunction	C0155514
Congestive rheumatic heart failure	C0155582	IS_A		Congestive heart failure	C0018802
Congenital hypogammaglobulinemia	C1457897	IS_A		Other selective immunoglobulin deficiencies	C0154276
X-linked agammaglobulinemia	C0221026	IS_A		Hypogammaglobulinemia	C0086438
Calcific tendinitis of shoulder	C0158303	IS_A		Tendinitis	C0039503
Frozen shoulder	C0311223	IS_A		Connective Tissue Diseases	C0009782
Bicipital tenosynovitis	C0158304	IS_A		Tenosynovitis	C0039520
Tenosynovitis	C0039520	IS_A		Tendinitis	C0039503
Posterior dislocation of lens	C0155373	IS_A		Other degenerative disorders of globe	C0154780
Childhood hypophosphatasia (disorder)	C0220743	IS_A		Syndrome	C0039082
Dihydropyrimidinuria	C3495551	IS_A		Other disorders of purine and pyrimidine metabolism	C0029595
Ochronosis	C0028817	IS_A		Connective Tissue Diseases	C0009782
Calcification of trachea	C0264324	IS_A		Tracheal Diseases	C0040580
Acute frontal sinusitis	C0155805	IS_A		Frontal Sinusitis	C0016735
Scleromalacia perforans	C0155354	IS_A		Scleral Diseases	C0036412
Orbital cyst	C0155285	IS_A		Orbital Diseases	C0029182
Enteric tularemia	C0152942	IS_A		Digestive System Disorders	C0012242
Chronic perichondritis of pinna	C0155391	IS_A		Perichondritis of pinna	C0155389
Perichondritis of pinna	C0155389	IS_A		Infective otitis externa	C0021355
Epiphora due to excess lacrimation	C0155233	IS_A		Excessive tearing	C0152227
Cystoid macular retinal degeneration	C0154850	IS_A		Degeneration of macula and posterior pole of retina	C0339436
Chronic purulent otitis media	C0271454	IS_A		Suppurative otitis media	C0029888
Chronic atticoantral suppurative otitis media	C0155441	IS_A		Chronic purulent otitis media	C0271454
Pyoureter	C0034223	IS_A		Disorder of ureter	C0403608
Vitreoretinal dystrophy	C0154863	IS_A		Retinal Dystrophies	C0854723
Dystrophies primarily involving the retinal pigment epithelium	C0154865	IS_A		Retinal Dystrophies	C0854723
retinal dystrophy in systemic or cerebroretinal lipidoses	C0154861	IS_A		Retinal Dystrophies	C0854723
Adult-Onset Still Disease	C0085253	IS_A		Rheumatoid Arthritis	C0003873
Oral candidiasis	C0006849	IS_A		Mouth Diseases	C0026636
Pulmonary Valve Disorder	C0034087	IS_A		Heart Valve Prolapse	C0079485
Suppurative cholangitis	C0267924	IS_A		Cholangitis	C0008311
Ascending cholangitis	C0311273	IS_A		Cholangitis	C0008311
Acute cholangitis	C0267917	IS_A		Cholangitis	C0008311
Pericholangitis	C0031052	IS_A		Cholangitis	C0008311
Atrophy of vulva	C0156393	IS_A		Vulvar Diseases	C0042994
Shoulder Impingement Syndrome	C0376685	IS_A		Arthropathy associated with infection	C0157749
Osteoarthropathy, Primary Hypertrophic	C0029411	IS_A		Syndrome	C0039082
Patellofemoral Pain Syndrome	C0877149	IS_A		Arthropathy associated with infection	C0157749
Neurogenic arthropathy	C0003892	IS_A		Arthropathy associated with infection	C0157749
Brawny scleritis	C0155356	IS_A		Anterior scleritis	C0155353
Dystrophy of vulva	C0013426	IS_A		Vulvar Diseases	C0042994
Empyema, Tuberculous	C0014014	IS_A		Empyema, Pleural	C0014013
Empyema, Pleural	C0014013	IS_A		Pleural Diseases	C0032226
Pleuropneumonia	C0032241	IS_A		Pneumonia	C0032285
Quartan malaria	C0024536	IS_A		Malaria	C0024530
Mixed malaria	C0153121	IS_A		Malaria	C0024530
Hyperestrogenism	C0154209	IS_A		Other ovarian failure	C0029697
Thyroiditis, Suppurative	C0040150	IS_A		Thyroiditis	C0040147
Thyroiditis	C0040147	IS_A		Thyroid Diseases	C0040128
Riedel's thyroiditis	C0154162	IS_A		Thyroiditis	C0040147
Acute thyroiditis	C0001360	IS_A		Thyroiditis	C0040147
Corneal ectasia	C0155135	IS_A		Corneal Diseases	C0010034
Crusted scabies	C0028425	IS_A		Scabies infestation	C0036262
Scabies infestation	C0036262	IS_A		Mite Infestations	C0026229
Senile degeneration of brain	C0154669	IS_A		Degenerative brain disorder	C0154671
External resorption of tooth	C0266878	IS_A		Tooth Resorption	C0040451
Atrophy of tongue papillae	C0155964	IS_A		Glossitis	C0017675
Other specified protozoal intestinal diseases	C0152507	IS_A		Dysentery	C0013369
Capillary Leak Syndrome	C0343084	IS_A		Disease of capillaries	C0155765
Loss of labyrinthine reactivity, bilateral	C0155520	IS_A		Labyrinthine dysfunction	C0155514
Dracunculiasis	C0013100	IS_A		Helminthiasis	C0018889
Dipetalonema Infections	C0012517	IS_A		Disorder of eye	C0015397
Glossopharyngeal Neuralgia	C0154731	IS_A		Disorders of other cranial nerves	C0154730
Abnormality of secretion of glucagon	C0154191	IS_A		Other disorders of pancreatic internal secretion	C0154189
Chronic tubotympanic suppurative otitis media	C0155440	IS_A		Suppurative otitis media	C0029888
Sclerosing keratitis	C0155090	IS_A		Interstitial and deep keratitis	C0155087
Anatomical narrow angle glaucoma	C0154947	IS_A		Primary angle-closure glaucoma	C0017606
Gonadal Dysgenesis, 46,XY	C0018054	IS_A		Gonadal Dysgenesis	C0018051
Gonadal Dysgenesis, Mixed	C0018055	IS_A		Gonadal Dysgenesis	C0018051
Farmer's Lung	C0015634	IS_A		Extrinsic allergic alveolitis	C0002390
Brucella melitensis infection	C0302362	IS_A		Brucellosis	C0006309
Brucella abortus infection	C0302363	IS_A		Brucellosis	C0006309
Hantavirus Pulmonary Syndrome	C0243025	IS_A		Virus Diseases	C0042769
Dumping Syndrome	C0013288	IS_A		Postgastrectomy Syndromes	C0032763
Postgastrectomy Syndromes	C0032763	IS_A		Intestinal Diseases	C0021831
Lipoid Proteinosis of Urbach and Wiethe	C0023795	IS_A		Lipid Metabolism, Inborn Errors	C0023772
Peripheral degeneration of cornea	C0155123	IS_A		Corneal degeneration	C0155118
Candidiasis of skin and nails	C0006842	IS_A		Nail Diseases	C0027339
Partial retinal artery occlusion	C0154839	IS_A		Retinal Artery Occlusion	C0035302
Atypical Argyll-Robertson pupil (disorder)	C0155375	IS_A		Other anomalies of pupillary function	C0155376
Anaerobic meningitis	C0375197	IS_A		Meningitis, Bacterial	C0085437
Postoperative hypothyroidism	C0154157	IS_A		Hypothyroidism	C0020676
Disease of thymus gland	C0154199	IS_A		Lymphatic Diseases	C0024228
Steroid responders borderline glaucoma	C0339572	IS_A		Preglaucoma	C0549470
Root Resorption	C0035851	IS_A		Tooth Resorption	C0040451
Acrodysostosis	C0220659	IS_A		Dysostoses	C0013393
Serous labyrinthitis	C0155504	IS_A		Labyrinthitis	C0022893
Bixler Christian Gorlin syndrome	C0220742	IS_A		Syndrome	C0039082
VATER Association	C0220708	IS_A		Syndrome	C0039082
Inner ear infection	C1168225	IS_A		Diseases of inner ear	C0494559
Maxillonasal dysplasia, Binder type	C0220692	IS_A		Disorder of nasal cavity	C0339820
Rieger syndrome	C0265341	IS_A		Disorder of eye	C0015397
Diastrophic dysplasia	C0220726	IS_A		Osteochondrodysplasias	C0029422
Hidrotic Ectodermal Dysplasia	C0162361	IS_A		Ectodermal Dysplasia	C0013575
Thrombocytopenia-Absent Radius Syndrome	C0175703	IS_A		Syndrome	C0039082
Branchio-Oto-Renal Syndrome	C0265234	IS_A		Syndrome	C0039082
FG syndrome	C0220769	IS_A		Syndrome	C0039082
Ehlers-Danlos syndrome type 1	C0268335	IS_A		Ehlers-Danlos Syndrome	C0013720
Weaver-Like Syndrome	C0220765	IS_A		Syndrome	C0039082
Craniofrontonasal dysplasia	C0220767	IS_A		Syndrome	C0039082
Trichorhinophalangeal dysplasia type I	C0432233	IS_A		Syndrome	C0039082
Sotos' syndrome	C0175695	IS_A		Syndrome	C0039082
Ehlers-Danlos syndrome, type 3 (disorder)	C0268337	IS_A		Ehlers-Danlos Syndrome	C0013720
Ehlers-Danlos syndrome, recessive type IV	C0268340	IS_A		Ehlers-Danlos Syndrome	C0013720
Ehlers-Danlos syndrome type 6	C0268342	IS_A		Ehlers-Danlos Syndrome	C0013720
Blepharophimosis, Ptosis, and Epicanthus Inversus	C0220663	IS_A		Syndrome	C0039082
KBG syndrome	C0220687	IS_A		Syndrome	C0039082
Dubowitz syndrome	C0175691	IS_A		Syndrome	C0039082
OSTEOCHONDROSIS DEFORMANS TIBIAE, FAMILIAL INFANTILE TYPE	C0220757	IS_A		Osteochondrodysplasias	C0029422
Echinococcus granulosus infection	C0152068	IS_A		Encephalopathies	C0085584
Echinococcosis	C0013502	IS_A		Helminthiasis	C0018889
Chronic gonococcal cervicitis	C0153206	IS_A		Chronic cervicitis	C0269062
Chronic cervicitis	C0269062	IS_A		Uterine cervicitis and endocervicitis	C0007861
Cecal Diseases	C0007527	IS_A		Intestinal Diseases	C0021831
Panniculitis, Nodular Nonsuppurative	C0030328	IS_A		Panniculitis	C0030326
Panniculitis	C0030326	IS_A		Skin Diseases, Genetic	C0037277
Arthus Reaction	C0003907	IS_A		Immune Complex Diseases	C0020951
Immune Complex Diseases	C0020951	CAUSES	["31375398_fullText_2"]	Angioedemas, Hereditary	C0019243
Mechanical ectropion	C0155194	IS_A		Ectropion	C0013592
Spastic ectropion	C0155195	IS_A		Ectropion	C0013592
Scleroderma, Limited	C0748540	IS_A		Systemic Scleroderma	C0036421
Lung disease with systemic sclerosis	C0339904	IS_A		Lung diseases	C0024115
Tuberculosis, Laryngeal	C0041315	IS_A		Laryngitis	C0023067
Acute Chest Syndrome	C0742343	IS_A		Lung diseases	C0024115
Rheumatic fever without heart involvement	C0264743	IS_A		Bacterial Infections	C0004623
Hypoglycemic coma	C0020617	IS_A		Encephalopathies	C0085584
Intracranial Tuberculoma	C0085388	IS_A		CNS disorder	C0007682
Tuberculosis, Osteoarticular	C0041324	IS_A		Bone Diseases	C0005940
Arthropathy in Behcet's syndrome	C0157770	IS_A		Arthropathy associated with infection	C0157749
Spontaneous tension pneumothorax	C0155907	IS_A		Other spontaneous pneumothorax	C0029850
Other spontaneous pneumothorax	C0029850	IS_A		Pleural Diseases	C0032226
Other chronic cystitis	C0156268	IS_A		Cystitis	C0010692
Rheumatic aortic stenosis	C0155567	IS_A		Aortic valve disorder	C1260873
Shuddering attacks	C0375200	IS_A		Movement Disorders	C0026650
Partial occlusion of retinal vein	C0271080	IS_A		Retinal Vein Occlusion	C0035328
Retinal Vein Occlusion	C0035328	IS_A		Other venous embolism & thrombosis	C0155774
Cryptosporidiosis	C0010418	IS_A		Intestinal Diseases	C0021831
Lip Diseases	C0023760	IS_A		Mouth Diseases	C0026636
Megacolon, Toxic	C0025162	IS_A		Megacolon	C0025160
Loss of labyrinthine reactivity, unilateral	C0155519	IS_A		Labyrinthine dysfunction	C0155514
Hyperactive labyrinth, unilateral	C0155515	IS_A		Labyrinthine dysfunction	C0155514
Other and unspecified anterior pituitary hyperfunction	C0029493	IS_A		Endocrine System Diseases	C0014130
Mononeuritis	C0235880	IS_A		Mononeuropathies	C0494491
Reflex Sympathetic Dystrophy	C0034931	IS_A		Complex Regional Pain Syndromes	C0458219
Mononeuritis Multiplex	C0151295	IS_A		Mononeuritis of upper limb and mononeuritis multiplex	C0154741
Mononeuritis of upper limb, unspecified	C0154746	IS_A		Mononeuritis of upper limb and mononeuritis multiplex	C0154741
Cherubism	C0008029	IS_A		Skin Diseases, Genetic	C0037277
Chronic rheumatic pericarditis	C0155561	IS_A		Pericarditis	C0031046
Hepatitis, Viral, Animal	C0019194	IS_A		Virus Diseases	C0042769
Eczematous dermatitis of eyelid	C0155177	IS_A		Noninfectious dermatosis of eyelid	C0155176
Noninfectious dermatosis of eyelid	C0155176	IS_A		Infective dermatitis of eyelid of types resulting in deformity	C0155181
Allergic contact dermatitis of eyelid	C0155178	IS_A		Noninfectious dermatosis of eyelid	C0155176
Sigmoid Diseases	C0037072	IS_A		Colonic Diseases	C0009373
Supravalvular aortic stenosis	C0003499	IS_A		Rheumatic aortic stenosis	C0155567
Laurence-Moon Syndrome	C0023138	IS_A		Syndrome	C0039082
Intermittent tropia	C0152210	IS_A		Other specified strabismus	C0029831
Trichomonas Infections	C0040921	IS_A		Protozoan Infections	C0033740
Fallopian Tube Diseases	C0015556	IS_A		Female Genital Diseases	C0017411
Bronchiolitis Obliterans	C0006272	IS_A		Lung Diseases, Interstitial	C0206062
Acute interstitial pneumonia	C1279945	IS_A		Hamman-Rich syndrome	C0085786
Chronic eustachian tube salpingitis	C0155430	IS_A		Eustachian tube salpingitis	C0155428
Nezelof's syndrome	C0152094	IS_A		Congenital T-Cell Immunodeficiency	C1333147
Hepatitis, Chronic, Drug-Induced	C0524912	IS_A		Chronic Persistent Hepatitis	C0149519
Hepatitis D Infection	C0011226	IS_A		Virus Diseases	C0042769
Acute maxillary sinusitis	C0155804	IS_A		Maxillary Sinusitis	C0024959
Reactive Cutaneous Fibrous Lesion	C1335666	IS_A		Skin Diseases, Genetic	C0037277
Candidiasis, Chronic Mucocutaneous	C0006845	IS_A		Nail Diseases	C0027339
Perinatal intestinal perforation	C0159006	IS_A		Intestinal Perforation	C0021845
Isosporiasis	C0311386	IS_A		Coccidiosis	C0009187
Focal Dermal Hypoplasia	C0016395	IS_A		Syndrome	C0039082
Pulmonary tularemia	C0339946	IS_A		Lung diseases	C0024115
Enamel caries	C0266853	IS_A		Dental caries of smooth surface	C1456145
Carbuncle and furuncle of unspecified site	C0007079	IS_A		Pyoderma	C0034212
Post-surgical hypoinsulinemia	C0154190	IS_A		Other disorders of pancreatic internal secretion	C0154189
Dental Enamel Hypoplasia	C0011351	IS_A		Other specified diseases of hard tissues of teeth	C0029770
Acute perichondritis of pinna	C0155390	IS_A		Perichondritis of pinna	C0155389
Hereditary Factor XIII Deficiency	C0015530	IS_A		Blood Coagulation Disorders	C0005779
Factor VII Deficiency	C0015503	IS_A		Blood Coagulation Disorders	C0005779
Hereditary Factor V Deficiency	C0015499	IS_A		Blood Coagulation Disorders	C0005779
Bernard-Soulier Syndrome	C0005129	IS_A		Blood Coagulation Disorders	C0005779
Thrombasthenia	C0040015	IS_A		Blood Platelet Disorders	C0005818
Factor X Deficiency	C0015519	IS_A		Blood Coagulation Disorders	C0005779
Platelet Storage Pool Deficiency	C0032197	IS_A		Blood Platelet Disorders	C0005818
Basilar Artery Insufficiency	C0004812	IS_A		Syndrome	C0039082
Factor XII Deficiency	C0015526	IS_A		Blood Coagulation Disorders	C0005779
Hereditary factor II deficiency disease	C0272317	IS_A		Thrombophilia	C0398623
Afibrinogenemia	C0001733	IS_A		Blood Coagulation Disorders	C0005779
Granulomatous hepatitis	C0235369	IS_A		Chronic Persistent Hepatitis	C0149519
Hypertrophic elongation of cervix	C0020561	IS_A		Cervix Diseases	C0007867
Candidiasis, Vulvovaginal	C0700345	IS_A		Candidiasis	C0006840
Chronic pharyngitis and nasopharyngitis	C0155824	IS_A		Other disease of nasal cavity and sinuses	C0029581
Hidradenitis	C0085160	IS_A		Sweat Gland Diseases	C0038986
Atrophy of prostate	C0156296	IS_A		Prostatic Diseases	C0033575
Malt-workers' lung	C0155888	IS_A		Extrinsic allergic alveolitis	C0002390
Viral gastritis	C0563238	IS_A		Virus Diseases	C0042769
Polyclonal hypergammaglobulinemia	C0154254	IS_A		Other disorders of plasma protein metabolism	C0029594
Generalized atherosclerosis	C0017327	IS_A		Atherosclerosis	C0004153
Leukoerythroblastic Anemia	C0002890	IS_A		Aplastic Anemia	C0002874
Postphlebitic Syndrome	C0032807	IS_A		Venous Insufficiency	C0042485
Encephalitis, West Nile Fever	C0751583	IS_A		Encephalopathies	C0085584
West Nile Fever	C0043124	IS_A		Virus Diseases	C0042769
Neuroaxonal Dystrophies	C0338473	IS_A		Degenerative brain disorder	C0154671
Elliptocytosis, Hereditary	C0013902	IS_A		Hematological Disease	C0018939
Cystitis glandularis	C0268837	IS_A		Other chronic cystitis	C0156268
Hyperpituitarism	C0020506	IS_A		Other and unspecified anterior pituitary hyperfunction	C0029493
Central retinal vein occlusion	C0154841	IS_A		Retinal Vein Occlusion	C0035328
Angular blepharoconjunctivitis	C0155149	IS_A		Blepharoconjunctivitis	C0005743
Papillary conjunctivitis	C0854165	IS_A		Conjunctivitis	C0009763
Anterior dislocation of lens	C0155372	IS_A		Other degenerative disorders of globe	C0154780
Tooth surface loss	C0399400	IS_A		Tooth Erosion	C0040436
Takayasu Arteritis	C0039263	IS_A		Vasculitis	C0042384
Orchitis	C0029191	IS_A		Testicular Diseases	C0039584
Splenic abscess	C0272412	IS_A		Splenic Diseases	C0037997
Splenic Infarction	C0037998	IS_A		Splenic Diseases	C0037997
Extratemporal epilepsy	C0270849	IS_A		Epilepsy	C0014544
Tactile Epilepsy	C0393724	IS_A		Epilepsy, Reflex	C0270857
Granulomatous Angiitis	C0018202	IS_A		Vasculitis	C0042384
Polychondritis, Relapsing	C0032453	IS_A		Chondromalacia	C0085700
Articular cartilage disorder	C0158073	IS_A		Cartilage Diseases	C0007302
Suppurative Periapical Periodontitis	C0031024	IS_A		Periapical Periodontitis	C0031030
Retinal Drusen	C0035312	IS_A		Degeneration of macula and posterior pole of retina	C0339436
Mushroom Worker's Lung	C0155889	IS_A		Extrinsic allergic alveolitis	C0002390
Sick Building Syndrome	C0037050	IS_A		Extrinsic allergic alveolitis	C0002390
Bloom Syndrome	C0005859	IS_A		Syndrome	C0039082
Hemopneumothorax	C0019077	IS_A		Other spontaneous pneumothorax	C0029850
Dyskeratosis Congenita	C0265965	IS_A		Skin Diseases, Genetic	C0037277
Rothmund-Thomson syndrome	C0032339	IS_A		Skin Diseases, Genetic	C0037277
Atrophic condition of skin	C0151514	IS_A		Skin Diseases, Genetic	C0037277
Keratosis Follicularis	C0022595	IS_A		Keratosis	C0022593
Acro-Osteolysis	C0917990	IS_A		Bone Diseases	C0005940
Pseudoxanthoma Elasticum	C0033847	IS_A		Connective Tissue Diseases	C0009782
Gilbert Disease	C0017551	IS_A		Hyperbilirubinemia, Hereditary	C0020435
Pyeloureteritis cystica	C0156254	IS_A		Pyelitis	C0034183
Glycogen Storage Disease Type IV	C0017923	IS_A		Glycogen Storage Disease	C0017919
Glycogen Storage Disease Type VIII	C0017927	IS_A		Glycogen Storage Disease	C0017919
Glycogen Storage Disease Type VI	C0017925	IS_A		Glycogen Storage Disease	C0017919
Dermatitis, Irritant	C0162823	IS_A		Contact Dermatitis	C0011616
Necatoriasis	C0027528	IS_A		Helminthiasis	C0018889
Nonspecific interstitial pneumonia	C1290344	IS_A		Hamman-Rich syndrome	C0085786
Middle Lobe Syndrome	C0026069	IS_A		Lung diseases	C0024115
Acalculous Cholecystitis	C0267841	IS_A		Cholecystitis	C0008325
Geotrichosis	C0017455	IS_A		Opportunistic mycosis	C0029119
Dehydration polycythemia	C0856815	IS_A		Secondary polycythemia	C1318533
Secondary polycythemia	C1318533	IS_A		Polycythemia	C0032461
Polycythemia due to hypoxia	C0856818	IS_A		Secondary polycythemia	C1318533
Stress polycythemia	C0541719	IS_A		Secondary polycythemia	C1318533
Polycythemia due to excess erythopoetin production	C0391869	IS_A		Secondary polycythemia	C1318533
Hyperthyroxinemia	C0020551	IS_A		Thyroid Diseases	C0040128
Hemoglobin C Disease	C0019021	IS_A		Hemoglobinopathies	C0019045
Anemia, Hemolytic, Congenital Nonspherocytic	C0002882	IS_A		Anemia, Hemolytic, Congenital	C0002881
Nodular degeneration of cornea	C0155122	IS_A		Corneal degeneration	C0155118
Endometriosis of uterus	C0341858	IS_A		Uterine Diseases	C0042131
Retrocochlear Diseases	C0035352	IS_A		Ear Diseases	C0013447
Goldenhar Syndrome	C0265240	IS_A		Syndrome	C0039082
Glomerulonephritis, Membranoproliferative	C0017662	IS_A		Glomerulonephritis	C0017658
Klippel-Trenaunay-Weber Syndrome	C0022739	IS_A		Syndrome	C0039082
Aleutian Mink Disease	C0002016	IS_A		Virus Diseases	C0042769
Chediak-Higashi Syndrome	C0007965	IS_A		Syndrome	C0039082
Hyperimmunoglobulin Syndrome	C1334069	IS_A		Other selective immunoglobulin deficiencies	C0154276
Periarthritis	C0031037	IS_A		Bursitis	C0006444
Renal Artery Obstruction	C0035066	IS_A		Renal vascular disorder	C0268790
Kidney Papillary Necrosis	C0022667	IS_A		Kidney Diseases	C0022658
Perinephritis	C0031065	IS_A		Kidney Diseases	C0022658
Wissler's Syndrome	C0043195	IS_A		Syndrome	C0039082
Eosinophilic granulomatosis with polyangiitis	C0008728	IS_A		Vasculitis	C0042384
Balkan Nephropathy	C0004698	IS_A		Nephritis, Interstitial	C0027707
Non-specific granulomatous orchitis	C0436545	IS_A		Testicular Diseases	C0039584
Toxascariasis	C0040522	IS_A		Helminthiasis	C0018889
Ascaridiasis	C0003952	IS_A		Helminthiasis	C0018889
T-Lymphocytopenia, Idiopathic CD4-Positive	C0206744	IS_A		Lymphopenia	C0024312
tenosynovitis of ankle/foot	C0158331	IS_A		Tenosynovitis	C0039520
Proctitis	C0033246	IS_A		Rectal Diseases	C0034882
Porphyria Cutanea Tarda	C0162566	IS_A		Porphyrias, Hepatic	C0162533
Facial Dermatoses	C0015456	IS_A		Skin Diseases, Genetic	C0037277
Scalp Dermatoses	C0036271	IS_A		Skin Diseases, Genetic	C0037277
Acanthosis Nigricans	C0000889	IS_A		Other dyschromia	C0375489
Scleredema Adultorum	C0036413	IS_A		Skin Diseases, Genetic	C0037277
Mucinoses	C0162855	IS_A		Connective Tissue Diseases	C0009782
Leg Dermatoses	C0023219	IS_A		Skin Diseases, Genetic	C0037277
Hyperlipoproteinemia Type III	C0020479	IS_A		Hyperlipoproteinemias	C0020476
Hand Dermatoses	C0018567	IS_A		Skin Diseases, Genetic	C0037277
Vascular myelopathy	C0154685	IS_A		Spinal Cord Diseases	C0037928
Junctional Epidermolysis Bullosa	C0079301	IS_A		Epidermolysis Bullosa	C0014527
Tropical Spastic Paraparesis	C0030481	IS_A		Virus Diseases	C0042769
Causalgia	C0007462	IS_A		Complex Regional Pain Syndromes	C0458219
Tracheal Stenosis	C0040583	IS_A		Tracheal Diseases	C0040580
High Pressure Neurological Syndrome	C0019537	IS_A		CNS disorder	C0007682
Fibrocystic change, proliferative type with atypia	C0334056	IS_A		Breast Fibrocystic Disease	C0016034
Monkeypox (disorder)	C0276180	IS_A		Virus Diseases	C0042769
Vaccinia	C0042214	IS_A		Virus Diseases	C0042769
Gangliosidoses, GM2	C0268274	IS_A		Gangliosidoses	C0017083
Purpura, Hyperglobulinemic	C0034151	IS_A		Purpura	C0034150
Epilepsy, Partial, Sensory	C0752322	IS_A		Epilepsies, Partial	C0014547
Haemonchiasis	C0018477	IS_A		Trichostrongyloidiasis	C0040947
Coronary Aneurysm	C0010051	IS_A		Heart Aneurysm	C0018789
Heart Aneurysm	C0018789	IS_A		Heart Diseases	C0018799
Bacterial Vaginosis	C0085166	IS_A		Vaginitis and vulvovaginitis	C0042268
Accessory Nerve Disorder	C0152180	IS_A		Disorders of other cranial nerves	C0154730
Carotid Artery Thrombosis	C0007274	IS_A		Intracranial Thrombosis	C0752143
Idiopathic Granulomatous Myositis	C1334150	IS_A		Myositis	C0027121
Cerebritis	C0742115	IS_A		Encephalopathies	C0085584
Viral Laryngitis	C0853195	IS_A		Acute laryngitis with obstruction	C0949123
Acute laryngitis with obstruction	C0949123	IS_A		Laryngitis	C0023067
Cervix Erosion	C0007869	IS_A		Cervix Diseases	C0007867
Blepharochalasis	C0005742	IS_A		Eyelid Diseases	C0015423
Septicemic Plague	C0152936	IS_A		Plague	C0032064
Necrobiosis Lipoidica	C0027538	IS_A		Skin Diseases, Genetic	C0037277
Cellulitis of hand	C0007646	IS_A		Connective Tissue Diseases	C0009782
Mixed Connective Tissue Disease	C0026272	IS_A		Collagen Diseases	C0009326
Lateral Medullary Syndrome	C0043019	IS_A		Brain Stem Infarctions	C0521542
Brain Stem Infarctions	C0521542	IS_A		Brain Infarction	C0751955
Infarction, Anterior Cerebral Artery	C0751843	IS_A		Cerebral Infarction	C0007785
Wasting Disease, Chronic	C1135993	IS_A		Prion Diseases	C0162534
Superior Mesenteric Artery Syndrome	C0038828	IS_A		Duodenal Obstruction	C0013292
Sinus Thrombosis, Intracranial	C0037198	IS_A		Intracranial Thrombosis	C0752143
Lateral Sinus Thrombosis	C0270639	IS_A		Sinus Thrombosis, Intracranial	C0037198
Cavernous Sinus Thrombosis	C0238454	IS_A		Sinus Thrombosis, Intracranial	C0037198
Sagittal Sinus Thrombosis	C0338575	IS_A		Sinus Thrombosis, Intracranial	C0037198
Endometriosis of cervix	C0269107	IS_A		Cervix Diseases	C0007867
Retinal Necrosis Syndrome, Acute	C0035319	IS_A		Retinitis	C0035333
beta-Mannosidosis	C4048196	IS_A		Lysosomal Storage Diseases	C0085078
Sialuria	C0342853	IS_A		Lysosomal Storage Diseases	C0085078
Olfactory Nerve Disorder	C0751937	IS_A		Disorders of other cranial nerves	C0154730
Pericoronitis	C0031055	IS_A		Gingival Diseases	C0017563
Plexopathy	C1335437	IS_A		Degenerative disorder	C1285162
Acute sanguineous otitis media	C0395865	IS_A		Acute transudative otitis media	C0271432
Acute allergic sanguinous otitis media	C0155420	IS_A		Acute sanguineous otitis media	C0395865
Theileriasis	C0039753	IS_A		Protozoan Infections	C0033740
Hermanski-Pudlak Syndrome	C0079504	IS_A		Syndrome	C0039082
Granuloma Annulare	C0085074	IS_A		Dermatitis	C0011603
Diseases of external ear	C0155388	IS_A		Ear Diseases	C0013447
Crigler Najjar syndrome, type 1	C0010324	IS_A		Hyperbilirubinemia, Hereditary	C0020435
Porokeratosis, Disseminated Superficial Actinic	C0265970	IS_A		Keratosis	C0022593
Palsy of glossopharyngeal nerve	C5231192	IS_A		Cranial nerve palsies	C0151311
Dermatitis, Toxicodendron	C0032342	IS_A		Dermatitis, Allergic Contact	C0162820
Infarction, Posterior Cerebral Artery	C0752132	IS_A		Cerebral Infarction	C0007785
Shwartzman Phenomenon	C0037018	IS_A		Vasculitis	C0042384
Acute intermittent porphyria	C0162565	IS_A		Porphyrias, Hepatic	C0162533
Vulvitis	C0042996	IS_A		Vulvar Diseases	C0042994
Adiposis Dolorosa	C0001529	IS_A		Lipomatosis	C0023801
Anterior Compartment Syndrome	C0003152	IS_A		Compartment syndromes	C0009492
Primary eosinophilic endomyocardial restrictive cardiomyopathy	C0264834	IS_A		Restrictive cardiomyopathy	C0007196
Hallervorden-Spatz Syndrome	C0018523	IS_A		Neurodegeneration with brain iron accumulation (NBIA)	C2931845
Oesophagostomiasis	C0028887	IS_A		Helminthiasis	C0018889
Ostertagiasis	C0029471	IS_A		Trichostrongyloidiasis	C0040947
Tuberculosis, Multidrug-Resistant	C0206526	IS_A		Tuberculoma	C0041295
Tuberculosis, Oral	C0041323	IS_A		Tuberculosis, Gastrointestinal	C0041312
Eosinophilic gastritis	C0267154	IS_A		Gastritis	C0017152
Gastritis caused by bacterium	C0948039	IS_A		Gastritis	C0017152
Gastritis caused by fungus	C0948638	IS_A		Gastritis	C0017152
Lymphocytic gastritis	C1283271	IS_A		Gastritis	C0017152
Necrotising gastritis	C0877152	IS_A		Gastritis	C0017152
Granulomatous gastritis	C1112577	IS_A		Gastritis	C0017152
Tuberculosis, Hepatic	C0041313	IS_A		Liver diseases	C0023895
Duodenogastric Reflux	C0013299	IS_A		Duodenal Diseases	C0013289
Tricuspid Valve Stenosis	C0040963	IS_A		Rheumatic tricuspid valve disease	C0264776
Ulnar Neuropathies	C0154743	IS_A		Mononeuropathies	C0494491
Periapical Granuloma	C0031029	IS_A		Periapical Periodontitis	C0031030
Maffucci Syndrome	C0024454	IS_A		Syndrome	C0039082
Submandibular lymphadenitis	C0235591	IS_A		Cervical lymphadenitis	C0149642
Cervical lymphadenitis	C0149642	IS_A		Acute lymphadenitis	C0157705
Postauricular lymphadenitis	C0919638	IS_A		Acute lymphadenitis	C0157705
Suppurative lymphadenopathy	C0392051	IS_A		Acute lymphadenitis	C0157705
Axillary lymphadenitis	C0919797	IS_A		Acute lymphadenitis	C0157705
Erythrasma	C0014752	IS_A		Pyoderma	C0034212
Biliary Dyskinesia	C0005416	IS_A		Gall Bladder Diseases	C0016977
Pseudopseudohypoparathyroidism	C0033835	IS_A		Pseudohypoparathyroidism	C0033806
Mutism	C0026884	IS_A		Speech Disorders	C0037822
Femoral Neuropathy	C0751931	IS_A		Mononeuropathies	C0494491
Peroneal Neuropathies	C0747533	IS_A		Mononeuropathies	C0494491
Coronary Restenosis	C0948480	IS_A		Coronary Stenosis	C0242231
Gerstmann-Straussler-Scheinker Disease	C0017495	IS_A		Prion Diseases	C0162534
Conjunctivochalasis	C0878693	IS_A		Conjunctival Diseases	C0009759
Melorheostosis	C0025239	IS_A		Osteosclerosis	C0029464
Cortical Congenital Hyperostosis	C0020497	IS_A		Osteitis	C0029400
Encephalitozoonosis	C0085412	IS_A		Microsporidiosis	C0085407
Gynatresia	C0018414	IS_A		Female Genital Diseases	C0017411
Polyradiculopathy	C0032586	IS_A		Radiculopathy	C0700594
Myofascial Pain Syndromes	C0027073	IS_A		Myopathy	C0026848
Epidermolysis Bullosa Acquisita	C0079293	IS_A		Epidermolysis Bullosa	C0014527
Hemorrhagic Fever, Ebola	C0282687	IS_A		Virus Diseases	C0042769
Marburg Virus Disease	C0024788	IS_A		Virus Diseases	C0042769
Erdheim-Chester Disease	C0878675	IS_A		Histiocytosis, Non-Langerhans-Cell	C0019624
Parovarian Cyst	C0030584	IS_A		Female Genital Diseases	C0017411
Tinea Favosa	C0040254	IS_A		Dermatophytosis of scalp and beard	C0011640
Dermatophytosis of scalp and beard	C0011640	IS_A		Dermatophytosis	C0011636
Variegate Porphyria	C0162532	IS_A		Porphyrias, Hepatic	C0162533
Lymphocele	C0024248	IS_A		Lymphatic Diseases	C0024228
Disorder of ciliary body	C0271100	IS_A		Iris Diseases	C0022078
Mineralocorticoid Excess Syndrome, Apparent	C0342488	IS_A		Steroid Metabolism, Inborn Errors	C1257809
Stomach Diverticulosis	C1148546	IS_A		Stomach Diseases	C0038354
Silo Filler's Disease	C0037120	IS_A		Lung diseases	C0024115
Granulomatous dermatitis	C0743086	IS_A		Dermatitis	C0011603
Dermatitis acneiform	C0234894	IS_A		Dermatitis	C0011603
Dermatosis Papulosa Nigra	C0011645	IS_A		Dermatitis	C0011603
Dermatitis, Occupational	C0028796	IS_A		Contact Dermatitis	C0011616
Spongiotic dermatitis	C0262984	IS_A		Dermatitis	C0011603
Folliculitis	C0016436	IS_A		Hair Diseases	C0018500
Hepatitis E	C0085293	IS_A		Virus Diseases	C0042769
Sea-Blue Histiocyte Syndrome	C0036489	IS_A		Sphingolipidoses	C0037899
Bartter Disease	C0004775	IS_A		Renal Tubular Transport, Inborn Errors	C0035091
Atopic rhinitis	C0002103	IS_A		Rhinitis	C0035455
Hallermann's Syndrome	C0018522	IS_A		Syndrome	C0039082
Oral leukoedema	C0023523	IS_A		Mouth Diseases	C0026636
Ludwig's Angina	C0024081	IS_A		Cellulitis of hand	C0007646
Ascariasis	C0003950	IS_A		Helminthiasis	C0018889
Non Specific Chronic Endometritis	C1335061	IS_A		Endometritis	C0014179
Granulomatous Endometritis	C1333876	IS_A		Endometritis	C0014179
Rapidly progressive glomerulonephritis	C0221239	IS_A		Glomerulonephritis	C0017658
Multiple Chemical Sensitivity	C0242992	IS_A		Syndrome	C0039082
Filamentary keratitis	C0155077	IS_A		Keratitis	C0022568
Uremic neuropathy	C0268708	IS_A		Uremia	C0041948
Endophthalmitis	C0014236	IS_A		Other degenerative disorders of globe	C0154780
Intracranial Hypotension	C0524812	IS_A		Encephalopathies	C0085584
Rhinitis, Atrophic	C0035459	IS_A		Rhinitis	C0035455
Other acne	C0029485	IS_A		Skin Diseases, Genetic	C0037277
Exudative glomerulonephritis	C0546345	IS_A		Glomerulonephritis	C0017658
Proliferative glomerulonephritis	C0235618	IS_A		Glomerulonephritis	C0017658
Focal Embolic Glomerulonephritis	C0238143	IS_A		Glomerulonephritis	C0017658
Anti-Basement Membrane Glomerulonephritis	C1332309	IS_A		Anti-Glomerular Basement Membrane Disease	C0403529
Subacute glomerulonephritis	C1263744	IS_A		Glomerulonephritis	C0017658
Mesangial proliferative glomerulonephritis	C0221238	IS_A		Glomerulonephritis	C0017658
Immune-complex glomerulonephritis	C0744421	IS_A		Glomerulonephritis	C0017658
Tay-Sachs Disease, AB Variant	C0268275	IS_A		Gangliosidoses, GM2	C0268274
Space Motion Sickness	C0242700	IS_A		Motion Sickness	C0026603
Vascular Hemostatic Disorders	C0600502	IS_A		Hemorrhagic Disorders	C0019087
Osteolysis, Essential	C0029436	IS_A		Syndrome	C0039082
Colorado Tick Fever	C0009400	IS_A		Virus Diseases	C0042769
King's Evil	C0242830	IS_A		Disorder of lymph node	C0272394
Actinobacillosis	C0001247	IS_A		Other respiratory system diseases	C0029582
Elephantiasis	C0013882	IS_A		Lymphedema	C0024236
Acute nonparalytic poliomyelitis	C0152998	IS_A		Poliomyelitis	C0032371
Pancreatitis, Alcoholic	C0376670	IS_A		Pancreatitis	C0030305
Langer-Giedion Syndrome	C0023003	IS_A		Syndrome	C0039082
Iodine hypothyroidism	C0154159	IS_A		Hypothyroidism	C0020676
Infarction of testis	C0392041	IS_A		Testicular Diseases	C0039584
Localization-related (focal) (partial) epilepsy and epileptic syndromes with simple partial seizures, with intractable epilepsy	C0154712	IS_A		Epilepsies, Partial	C0014547
Borna Disease	C0006023	IS_A		Virus Diseases	C0042769
Arteriolosclerosis	C0878486	IS_A		Arteriosclerosis	C0003850
Aortitis	C0003509	IS_A		Aortic Diseases	C0003493
Fructose-1,6-Diphosphatase Deficiency	C0016756	IS_A		Carbohydrate Metabolism, Inborn Errors	C0007001
Peripheral demyelinating neuropathy	C0270922	IS_A		Polyneuropathy	C0152025
Polyneuropathy chronic	C1167650	IS_A		Polyneuropathy	C0152025
Acute Hemorrhagic Encephalitis	C1332149	IS_A		Encephalitis	C0014038
Encephalitis Lethargica	C0014040	IS_A		Encephalitis	C0014038
Hepatoerythropoietic Porphyria	C0162569	IS_A		Porphyrias, Hepatic	C0162533
Aortic Valve Prolapse	C0003505	IS_A		Aortic valve disorder	C1260873
Normocytic anemia	C0085577	IS_A		Anemia	C0002871
Anterolateral Myocardial Infarction	C0262564	IS_A		Myocardial Infarction	C0027051
Septal myocardial infarction	C0746727	IS_A		Myocardial Infarction	C0027051
Posterior myocardial infarction	C0340319	IS_A		Myocardial Infarction	C0027051
Cyclic neutropenia	C0221023	IS_A		Neutropenia	C0027947
Focal Epithelial Hyperplasia	C0206067	IS_A		Virus Diseases	C0042769
Hemoglobin D disease	C0272080	IS_A		Hemoglobinopathies	C0019045
Hemoglobin E disease	C0238159	IS_A		Hemoglobinopathies	C0019045
Osteitis Deformans	C0029401	IS_A		Hyperostosis	C0020492
Scrapie	C0036457	IS_A		Prion Diseases	C0162534
Pulmonary Veno-Occlusive Disease (disorder)	C0034091	IS_A		Pulmonary Hypertension	C0020542
Cochlear Diseases	C0009197	IS_A		Diseases of inner ear	C0494559
Pediculus capitis infestation	C0030757	IS_A		Lice Infestations	C0030756
Unspecified respiratory conditions due to fumes and vapors	C0041881	IS_A		Pneumonia	C0032285
Body louse infestation	C0030758	IS_A		Lice Infestations	C0030756
Volkmann Contracture	C0042951	IS_A		Connective Tissue Diseases	C0009782
Marcus Gunn phenomenon	C0266521	IS_A		Cranial nerve diseases	C0010266
Dental Pulp Calcification	C0011401	IS_A		Dental Pulp Diseases	C0011405
Diffuse Pulmonary Fibrosis	C0865849	IS_A		Pulmonary Fibrosis	C0034069
Localized pulmonary fibrosis	C0340127	IS_A		Pulmonary Fibrosis	C0034069
Tricuspid Valve Prolapse	C0040962	IS_A		Rheumatic tricuspid valve disease	C0264776
Hypoactive bilateral labyrinthine dysfunction	C0155518	IS_A		Labyrinthine dysfunction	C0155514
Nerve fiber bundle defect	C0474334	IS_A		Retinal Diseases	C0035309
Salpingitis isthmica nodosa	C0269043	IS_A		Chronic salpingitis	C0269041
Pyosalpinx	C0034220	IS_A		Salpingitis	C0036130
Rheumatic disease of pulmonary valve	C0155579	IS_A		Pulmonary Valve Disorder	C0034087
Endocervicitis	C0014127	IS_A		Uterine cervicitis and endocervicitis	C0007861
Oral Submucous Fibrosis	C0029172	IS_A		Mouth Diseases	C0026636
Atrophic flaccid tympanic membrane	C0155470	IS_A		Disorder of tympanic membrane	C0041825
Uric acid urolithiasis	C0403719	IS_A		Calculus of kidney and ureter	C0156257
Calculus of kidney and ureter	C0156257	IS_A		Kidney Diseases	C0022658
Discrete Subaortic Stenosis	C0012628	IS_A		Subaortic stenosis	C0340375
Adenosine deaminase deficiency	C0268124	IS_A		Severe Combined Immunodeficiency	C0085110
Bare Lymphocyte Syndrome	C0242583	IS_A		Severe Combined Immunodeficiency	C0085110
Purine-nucleoside phosphorylase deficiency	C0268125	IS_A		Combined immunodeficiency disease	C2711630
Lateral myocardial infarction	C0340312	IS_A		Myocardial Infarction	C0027051
Silent myocardial infarction	C0340324	IS_A		Myocardial Infarction	C0027051
Anteroseptal Myocardial Infarction	C0262565	IS_A		Myocardial Infarction	C0027051
Eosinophilic Pneumonia	C1527407	IS_A		Pneumonia	C0032285
Breast Apocrine Adenosis	C1332314	IS_A		Breast Fibrocystic Change, Non-Proliferative Type	C1332628
Selective immunoglobulin E deficiency	C0398694	IS_A		Dysgammaglobulinemia	C0013374
Brown-Sequard Syndrome	C0242644	IS_A		Paraplegia	C0030486
Herpetic Gastritis	C1333996	IS_A		Viral gastritis	C0563238
Gastric Cronkhite Canada Polyposis	C1333764	IS_A		Stomach Diseases	C0038354
Transient Hypogammaglobulinemia	C0859960	IS_A		Hypogammaglobulinemia	C0086438
Viral esophagitis	C0341110	IS_A		Virus Diseases	C0042769
Ectopic thymus	C1333375	IS_A		Disease of thymus gland	C0154199
Myelinolysis, Central Pontine	C0206083	IS_A		Demyelinating Diseases	C0011303
Hypersplenism	C0020532	IS_A		Splenic Diseases	C0037997
Arbovirus encephalitis	C0014055	IS_A		Encephalitis	C0014038
Kuru	C0022802	IS_A		Prion Diseases	C0162534
Overnutrition	C1257763	IS_A		Nutrition Disorders	C3714509
Diffuse infiltrative lymphocytosis syndrome	C1333292	IS_A		Syndrome	C0039082
Myositis Ossificans	C0027122	IS_A		Myositis	C0027121
Traumatic spondylopathy	C0152088	IS_A		Spondylarthropathies	C0949691
Kissing spine	C0158248	IS_A		Spondylarthropathies	C0949691
Dentin Dysplasia	C0011430	IS_A		Other specified diseases of hard tissues of teeth	C0029770
Anisakiasis	C0162576	IS_A		Helminthiasis	C0018889
Achard syndrome	C1332135	IS_A		Syndrome	C0039082
Posterior Cervical Sympathetic Syndrome	C0376378	IS_A		Syndrome	C0039082
Juvenile Chronic Polyarthritis	C0409667	IS_A		Rheumatoid Arthritis	C0003873
Peroneal Nerve Paralysis	C0270810	IS_A		Non-Neoplastic Peripheral Nervous System Disorder	C1335029
Acute lacrimal canaliculitis	C0339130	IS_A		Acute inflammation of lacrimal passages	C0339129
Acute inflammation of lacrimal passages	C0339129	IS_A		Lacrimal Apparatus Diseases	C0022904
Dentin Sensitivity	C0011432	IS_A		Other specified diseases of hard tissues of teeth	C0029770
Localized scleroderma	C0036420	IS_A		Scleroderma	C0011644
Whipple Disease	C0023788	IS_A		Intestinal Diseases	C0021831
Irradiation cystitis	C0156270	IS_A		Cystitis	C0010692
Cystitis cystica	C0152262	IS_A		Cystitis	C0010692
Subacute thyroiditis	C0040149	IS_A		Thyroiditis	C0040147
Autoimmune hemolytic anemia	C0002880	IS_A		Anemia, Hemolytic	C0002878
Subacute lymphocytic thyroiditis	C1306804	IS_A		Thyroiditis	C0040147
Female stress incontinence	C0038437	IS_A		Urinary Bladder Diseases	C0005686
Selective immunoglobulin D deficiency	C0398695	IS_A		Selective Immunoglobulin Isotype Deficiency	C1335942
Nodular episcleritis	C0155352	IS_A		Scleral Diseases	C0036412
Nodular fasciitis	C0410005	IS_A		Fasciitis	C0015645
Tuberculosis of esophagus	C0152902	IS_A		Esophageal Diseases	C0014852
Ovarian Stromal Hyperthecosis	C1518743	IS_A		Ovarian Diseases	C0029928
Thymic Dysplasia	C1331541	IS_A		Disease of thymus gland	C0154199
Kimura Disease	C0033838	IS_A		Skin Diseases, Genetic	C0037277
Hypoplasia of the pituitary gland	C0948740	IS_A		Other and unspecified anterior pituitary hyperfunction	C0029493
Nijmegen Breakage Syndrome	C0398791	IS_A		Syndrome	C0039082
Cutaneous anthrax	C0003177	IS_A		Anthrax disease	C0003175
Chronic Metabolic Polyneuropathy	C1333042	IS_A		Polyneuropathy chronic	C1167650
Oxyuriasis	C0030100	IS_A		Helminthiasis	C0018889
Juvenile osteochondrosis of tibial tubercle	C0029376	IS_A		Osteitis	C0029400
Peptic Ulcer Perforation	C0030925	IS_A		Peptic Ulcer	C0030920
Acute gonococcal endometritis	C0153196	IS_A		Acute endometritis	C0238103
Tuberculosis of bladder	C0152793	IS_A		Urinary Bladder Diseases	C0005686
Gonorrhea	C0018081	IS_A		Fallopian Tube Diseases	C0015556
Glossopharyngeal Motor Neuropathy	C0751942	IS_A		Peripheral motor neuropathy	C0235025
Asymmetric Motor Neuropathy	C1332341	IS_A		Peripheral motor neuropathy	C0235025
Macular Holes	C0024441	IS_A		Retinal Diseases	C0035309
Retinal telangiectasia	C0154835	IS_A		Retinal Vascular Disorder	C0154833
Exudative retinopathy	C0154832	IS_A		Retinal telangiectasia	C0154835
Infection of kidney	C0021313	IS_A		Kidney Diseases	C0022658
Chronic Toxic Polyneuropathy	C1333048	IS_A		Polyneuropathy chronic	C1167650
Mite Infestations	C0026229	IS_A		Ectoparasitic Infestations	C0013578
Tamoxifen-Related Endometrial Disorder	C1515212	IS_A		Endometrial disorder	C0151622
Occlusion and stenosis of carotid artery without mention of cerebral infarction	C0375275	IS_A		Occlusion and stenosis of unspecified precerebral artery	C0155727
Urethra Fibroepithelial Polyp	C1336884	IS_A		Urethral Diseases	C0041969
Neuronitis	C0027881	IS_A		CNS disorder	C0007682
Unspecified infective arthritis, ankle and foot	C0157849	IS_A		Arthritis	C0003864
Interstitial myocarditis	C0027060	IS_A		Myocarditis	C0027059
Mediastinitis	C0025064	IS_A		Connective Tissue Diseases	C0009782
Tuberculosis of ureter	C0152800	IS_A		Tuberculosis, Urogenital	C0041333
Breast Sclerosing Adenosis	C1335931	IS_A		Fibrocystic change, proliferative type with atypia	C0334056
Complement component 3 deficiency	C1332655	IS_A		Complement deficiency disease	C0272242
Trombiculiasis	C0041170	IS_A		Mite Infestations	C0026229
Suberosis	C0152108	IS_A		Extrinsic allergic alveolitis	C0002390
Meckel's diverticulitis	C0267497	IS_A		Diverticulitis	C0012813
Physiological polycythemia	C0856817	IS_A		Polycythemia	C0032461
Afferent Loop Syndrome	C0001727	IS_A		Postgastrectomy Syndromes	C0032763
Brachial plexus lesion	C0006091	IS_A		Brachial Plexus Neuropathies	C0700251
Intestinal Volvulus	C0042961	IS_A		Intestinal Obstruction	C0021843
Other impaction of intestine	C0029640	IS_A		Intestinal Obstruction	C0021843
Flat retinoschisis	C0154817	IS_A		Retinoschisis	C0152439
Pulmonary embolism with pulmonary infarction	C0034066	IS_A		Acute pulmonary heart disease	C0155671
Polymyalgia Rheumatica	C0032533	IS_A		Collagen Diseases	C0009326
Chronic left-sided ulcerative colitis	C0375359	IS_A		Colitis	C0009319
Streptococcal sore throat with scarlatina	C0343487	IS_A		Other disease of nasal cavity and sinuses	C0029581
Actinomycosis	C0001261	IS_A		Other respiratory system diseases	C0029582
Transient arterial retinal occlusion	C0154840	IS_A		Retinal Artery Occlusion	C0035302
Maple-bark strippers' lung	C0155890	IS_A		Lung diseases	C0024115
Impetigo herpetiformis	C1314968	IS_A		Impetigo	C0021099
Juvenile dermatitis herpetiformis	C0152092	IS_A		Dermatitis Herpetiformis	C0011608
Acute pulmonary heart disease	C0155671	IS_A		Acute pulmonary heart disease	C0155671
Acute pulmonary heart disease	C0155671	IS_A		Cor pulmonale	C0034072
Pyoderma Gangrenosum	C0085652	IS_A		Pyoderma	C0034212
Lichen Nitidus	C0162849	IS_A		Lichen disease	C0023643
Tinea Versicolor	C0040262	IS_A		Superficial mycosis	C2980104
Herpetic whitlow	C0153042	IS_A		Herpes simplex infection	C0019348
Peyronie Disease	C0030848	IS_A		Other specified disorders of penis	C0029785
Diplegia of upper limbs	C0154701	IS_A		nervous system disorder	C0027765
Chronic mesenteric ischemia	C0311262	IS_A		Intestinal Diseases	C0021831
Other specified gastritis	C0029800	IS_A		Peptic Ulcer	C0030920
Maxillary Sinus Cholesteatoma	C1334644	IS_A		Cholesteatoma	C0008373
Other specified viral exanthemata	C0029841	IS_A		Virus Diseases	C0042769
Alcoholic gastritis	C0156076	IS_A		Gastritis	C0017152
Genital Herpes	C0019342	IS_A		Herpes simplex infection	C0019348
Milker's Nodes	C0026143	IS_A		Virus Diseases	C0042769
Penile Leukoplakia	C0022782	IS_A		Other specified disorders of penis	C0029785
Gastritis, Hypertrophic	C0017155	IS_A		Gastritis	C0017152
Tropical pyomyositis	C0041188	IS_A		Myositis	C0027121
Ecthyma, Contagious	C0013570	IS_A		Virus Diseases	C0042769
Disseminated chorioretinitis	C0154879	IS_A		Chorioretinitis	C0008513
Infection by Heterophyes heterophyes	C0152071	IS_A		Encephalopathies	C0085584
Metagonimiasis	C0025530	IS_A		Helminthiasis	C0018889
Fascioliasis	C0015652	IS_A		Helminthiasis	C0018889
Molluscum Contagiosum	C0026393	IS_A		Virus Diseases	C0042769
Pityriasis Rosea	C0032026	IS_A		Dermatitis	C0011603
tinea nigra	C0152067	IS_A		Superficial mycosis	C2980104
Gastritis, Atrophic	C0017154	IS_A		Gastritis	C0017152
Evans syndrome	C0272126	IS_A		Other primary thrombocytopenia	C0477317
Severe nonproliferative diabetic retinopathy	C0730278	IS_A		Diabetic Retinopathy	C0011884
Cowpox	C0010232	IS_A		Virus Diseases	C0042769
Hepatopulmonary Syndrome	C0600452	IS_A		Liver diseases	C0023895
Arthritis, Psoriatic	C0003872	IS_A		Arthritis	C0003864
Vesicular eczema of hands and/or feet	C0032633	IS_A		Sweat Gland Diseases	C0038986
Erythromelalgia	C0014804	IS_A		Neuropathy	C0442874
Cerebral Amyloid Angiopathy, Genetic	C1956349	IS_A		Amyloidosis	C0002726
Short rib-polydactyly syndrome, Beemer type	C0432198	IS_A		Syndrome	C0039082
Acrocallosal Syndrome	C0796147	IS_A		Syndrome	C0039082
Pallidopontonigral degeneration	C0520716	IS_A		Encephalopathies	C0085584
Alkaptonuria	C0002066	IS_A		Amino Acid Metabolism, Inborn Errors	C0002514
Phenylketonuria, Maternal	C0085547	CAUSES	["7149708_fullText_4"]	Phenylketonurias	C0031485
Phenylketonuria, Maternal	C0085547	CAUSES	["29291362_fullText_4"]	Syndrome	C0039082
Phenylketonuria, Maternal	C0085547	CAUSES	["15811181_fullText_14","11339133_fullText_1"]	Embryopathies	C0013949
Phenylketonuria, Maternal	C0085547	ISA	["12193524_fullText_7","8127071_fullText_1","3308176_fullText_1","7058857_fullText_1"]	Phenylketonurias	C0031485
Phenylketonuria, Maternal	C0085547	IS_A		Amino Acid Metabolism, Inborn Errors	C0002514
Staphylococcal Scalded Skin Syndrome	C0038165	IS_A		Skin Diseases, Genetic	C0037277
Leishmaniasis	C0023281	IS_A		Protozoan Infections	C0033740
Discoid lupus erythematosus of eyelid	C0155180	IS_A		Noninfectious dermatosis of eyelid	C0155176
Parapsoriasis	C0030491	IS_A		Psoriasis	C0033860
Erythematosquamous dermatosis	C0014747	IS_A		Skin Diseases, Genetic	C0037277
Leishmaniasis, Cutaneous	C0023283	IS_A		Leishmaniasis	C0023281
Eczema Herpeticum	C0936250	IS_A		Herpes simplex infection	C0019348
Peliosis Hepatis	C0030781	IS_A		Vascular disorder of liver	C0400923
Xeroderma of eyelid	C0155179	IS_A		Noninfectious dermatosis of eyelid	C0155176
Leishmaniasis, Visceral	C0023290	IS_A		Leishmaniasis	C0023281
Variola Minor	C0001906	IS_A		Smallpox	C0037354
Mucocutaneous leishmaniasis	C1328252	IS_A		Other disease of nasal cavity and sinuses	C0029581
Factitious skin disease	C1274184	IS_A		Dermatitis	C0011603
Wiskott-Aldrich Syndrome	C0043194	IS_A		Syndrome	C0039082
Amebiasis	C0002438	IS_A		Protozoan Infections	C0033740
Macular edema due to diabetes mellitus	C0730285	IS_A		Diabetic Retinopathy	C0011884
Herpes Zoster Oticus	C0017409	IS_A		Poliomyelitis	C0032371
Myopathy of extraocular muscles	C0155286	IS_A		Myopathy	C0026848
Tuberculosis, Splenic	C0041331	IS_A		Splenic Diseases	C0037997
Rectal Prolapse	C0034888	IS_A		Rectal Diseases	C0034882
Monieziasis	C0026414	IS_A		Helminthiasis	C0018889
Chronic ethmoidal sinusitis	C0008681	IS_A		Ethmoid Sinusitis	C0015029
Ethmoid Sinusitis	C0015029	IS_A		Acute sinusitis	C0149512
Lymphangitis	C0024225	IS_A		Lymphatic Diseases	C0024228
Urethral diverticulum	C0152443	IS_A		Urethral Diseases	C0041969
Pelvic congestion syndrome	C0152078	IS_A		Uterine Diseases	C0042131
Dissection of carotid artery	C0338585	IS_A		Carotid Artery Diseases	C0007273
Inflammation of subtendinous bursa of biceps femoris inferior muscle	C0158316	IS_A		Enthesopathy	C0242490
Orbital Pseudotumor	C0085270	IS_A		Chronic inflammation of orbit	C0155261
Fuchs' heterochromic cyclitis	C0016782	IS_A		Syndrome	C0039082
Glaucomatocyclitic crisis	C0152138	IS_A		Primary iridocyclitis	C0154909
Gonococcal iridocyclitis	C0153212	IS_A		Primary iridocyclitis	C0154909
Lens-induced iridocyclitis	C0339320	IS_A		Primary iridocyclitis	C0154909
Secondary infected iridocyclitis	C0154911	IS_A		Primary iridocyclitis	C0154909
Acute tracheitis	C0149513	IS_A		Tracheal Diseases	C0040580
Acute epiglottitis	C0155814	IS_A		Other disease of nasal cavity and sinuses	C0029581
True posterior wall infarction, episode of care unspecified	C0155652	IS_A		Acute myocardial infarction	C0155626
Hypertensive Encephalopathy	C0151620	IS_A		Intracranial Hypertension	C0151740
Glycosuria, Renal	C0017980	IS_A		Renal Tubular Transport, Inborn Errors	C0035091
Chronic cholangitis	C0267918	IS_A		Cholangitis	C0008311
Fatty Liver, Alcoholic	C0015696	IS_A		Other disorders of lipoid metabolism	C0029591
Dientamoebiasis	C0012147	IS_A		Protozoan Infections	C0033740
Cholesteatoma of external ear	C0155398	IS_A		Cholesteatoma	C0008373
Ulcerative blepharitis	C0155173	IS_A		Infective dermatitis of eyelid of types resulting in deformity	C0155181
Chronic dacryoadenitis	C0155224	IS_A		Dacryoadenitis	C0155223
Hypoactive labyrinth, unilateral	C0155517	IS_A		Labyrinthine dysfunction	C0155514
Disseminated eosinophilic collagen disease	C0263662	IS_A		Eosinophilia	C0014457
Cryptogenic pulmonary eosinophilia	C0008680	IS_A		Eosinophilic Pneumonia	C1527407
Simple Pulmonary Eosinophilia	C0242459	IS_A		Eosinophilic Pneumonia	C1527407
Acute ethmoidal sinusitis	C0155806	IS_A		Ethmoid Sinusitis	C0015029
Simple chronic conjunctivitis	C0155146	IS_A		Chronic conjunctivitis	C0155145
Acute dacryoadenitis	C0149505	IS_A		Dacryoadenitis	C0155223
Laron Syndrome	C0271568	IS_A		Syndrome	C0039082
Tuberculous pneumothorax	C0152600	IS_A		Other spontaneous pneumothorax	C0029850
Lassa Fever	C0023092	IS_A		Virus Diseases	C0042769
Skin Diseases, Vascular	C0162819	IS_A		Skin Diseases, Genetic	C0037277
Neonatal candidiasis	C0276682	IS_A		Candidiasis	C0006840
Venezuelan equine encephalomyelitis	C0014078	IS_A		Virus Diseases	C0042769
Calculus in urethra	C0162301	IS_A		Calculus of lower urinary tract	C0156264
Proliferative fasciitis	C0432528	IS_A		Fasciitis	C0015645
Fasciitis, Plantar	C0149756	IS_A		Fasciitis	C0015645
Ischemic fasciitis	C1304514	IS_A		Fasciitis	C0015645
Necrotizing fasciitis	C0238124	IS_A		Fasciitis	C0015645
Intravascular fasciitis	C0432529	IS_A		Nodular fasciitis	C0410005
Orthostatic proteinuria	C0232867	IS_A		Kidney Diseases	C0022658
Acquired renal cystic disease	C0268799	IS_A		Cystic kidney	C0022679
Hypertrophy of kidney	C0156259	IS_A		Kidney Diseases	C0022658
Pelger-Huet Anomaly	C0030779	IS_A		Hematological Disease	C0018939
Sarcocystosis	C0036231	IS_A		Coccidiosis	C0009187
Babesiosis	C0004576	IS_A		Protozoan Infections	C0033740
Leukoplakia of oral mucosa, incl tongue	C1112530	IS_A		Mouth Diseases	C0026636
Aphthous Stomatitis	C0038363	IS_A		Stomatitis	C0038362
Ulcerative stomatitis	C0038367	IS_A		Stomatitis	C0038362
Yellow Fever	C0043395	IS_A		Virus Diseases	C0042769
Toxic myocarditis	C0155691	IS_A		Acute myocarditis	C0155686
Gonococcal keratitis	C0153214	IS_A		Keratitis	C0022568
Gonococcal endophthalmia	C0153213	IS_A		Endophthalmitis	C0014236
Ophthalmia Neonatorum	C0029076	IS_A		Bacterial conjunctivitis	C0009768
Bacterial conjunctivitis	C0009768	IS_A		Conjunctivitis	C0009763
Rosacea conjunctivitis	C0155152	IS_A		Conjunctivitis	C0009763
Obstruction of gallbladder	C0156214	IS_A		Gall Bladder Diseases	C0016977
Hydrops of gallbladder	C0152445	IS_A		Gall Bladder Diseases	C0016977
Ophthalmia nodosa	C0154775	IS_A		Disorder of eye	C0015397
Vitreous abscess	C0042904	IS_A		Purulent endophthalmitis	C0259800
Tuberculosis, Renal	C0041328	IS_A		Kidney Diseases	C0022658
Acute allergic mucoid otitis media	C0155419	IS_A		Acute mucoid otitis media	C0395863
Acute mucoid otitis media	C0395863	IS_A		Acute transudative otitis media	C0271432
Hemorrhoids	C0019112	IS_A		Varicose veins of pelvis	C0155795
Other ganglion and cyst of synovium, tendon, and bursa	C0158336	IS_A		Arthropathy associated with infection	C0157749
Emphysematous Cholecystitis	C0521610	IS_A		Cholecystitis	C0008325
Xanthogranulomatous cholecystitis	C1337035	IS_A		Cholecystitis	C0008325
Transient Neonatal Thrombocytopenia	C0158991	IS_A		Transient neonatal neutropenia (disorder)	C0158997
Senile atrophy of choroid	C0154891	IS_A		Choroidal sclerosis	C0344297
Choroidal sclerosis	C0344297	IS_A		Degenerative disorder of eye	C0154777
Trichinellosis	C0040896	IS_A		Helminthiasis	C0018889
Angioid streaks of choroid	C0002983	IS_A		Choroidal sclerosis	C0344297
Larva Migrans, Visceral	C0023049	IS_A		Encephalopathies	C0085584
Hereditary choroidal dystrophy	C0154893	IS_A		Choroidal sclerosis	C0344297
Peritonitis, Tuberculous	C0041325	IS_A		Tuberculosis, Gastrointestinal	C0041312
Diffuse secondary choroid atrophy	C0154892	IS_A		Choroidal sclerosis	C0344297
Polyarteritis Nodosa	C0031036	IS_A		Vasculitis	C0042384
Partial circumpapillary choroid dystrophy	C0154895	IS_A		Hereditary choroidal dystrophy	C0154893
Central choroidal atrophy, total	C0154898	IS_A		Partial central choroid dystrophy	C0339427
Partial central choroid dystrophy	C0339427	IS_A		Hereditary choroidal dystrophy	C0154893
cyclotropia	C0152209	IS_A		Other specified strabismus	C0029831
Esotropia with accommodative compensation	C0155336	IS_A		Esotropia	C0014877
Total circumpapillary dystrophy of choroid	C0154896	IS_A		Hereditary choroidal dystrophy	C0154893
Monofixation syndrome	C0339611	IS_A		Other specified strabismus	C0029831
Endolymphatic Hydrops	C0206586	IS_A		Other peripheral vertigo	C0029706
Toxic maculopathy	C0271086	IS_A		Degeneration of macula and posterior pole of retina	C0339436
Intestinal disaccharidase deficiencies and disaccharide malabsorption	C0021830	IS_A		Intestinal Diseases	C0021831
Urethral abscess	C0156278	IS_A		Urethral Diseases	C0041969
Benign congenital myopathy	C0699741	IS_A		Muscular Dystrophy	C0026850
Alternating esotropia	C0152205	IS_A		Esotropia	C0014877
Median Arcuate Ligament Syndrome	C1861783	IS_A		Syndrome	C0039082
Periodontosis	C0600298	IS_A		Tooth Diseases	C0040435
Villonodular synovitis	C0158168	IS_A		Arthropathy associated with infection	C0157749
Mucinosis, Follicular	C0002173	IS_A		Other acne	C0029485
Internal hordeolum	C0085690	IS_A		Hordeolum	C0019917
Hordeolum	C0019917	IS_A		Eyelid Diseases	C0015423
Central corneal ulcer	C0155069	IS_A		Corneal Ulcer	C0010043
Hemorrhagic Fever, Omsk	C0019103	IS_A		Virus Diseases	C0042769
Waterhouse-Friderichsen Syndrome	C0043068	IS_A		Adrenal Gland Diseases	C0001621
Chronic inflammation of lacrimal passage	C0155239	IS_A		Lacrimal Apparatus Diseases	C0022904
Chronic lacrimal canaliculitis	C0155240	IS_A		Chronic inflammation of lacrimal passage	C0155239
Chronic dacryocystitis	C0149506	IS_A		Dacryocystitis	C0010930
Lacrimal mucocele	C0155241	IS_A		Chronic inflammation of lacrimal passage	C0155239
Constant exophthalmos	C0155267	IS_A		Orbital Diseases	C0029182
Corticosteroid-induced glaucoma	C0339578	IS_A		Glaucoma	C0017601
Corticosteroid-induced glaucoma, residual stage	C0339580	IS_A		Corticosteroid-induced glaucoma	C0339578
Uterine Inversion	C0162482	IS_A		Uterine Diseases	C0042131
Hypervitaminosis D	C1442839	IS_A		Overnutrition	C1257763
Hypervitaminosis A	C0020579	IS_A		Overnutrition	C1257763
Female acute pelvic peritonitis	C0269032	IS_A		Pelvic Inflammatory Disease	C0242172
Eosinophilia-Myalgia Syndrome	C0085179	IS_A		Eosinophilia	C0014457
Secondary pulmonary hypertension	C0264936	COEXISTS_WITH	["38148059_fullText_5"]	Anterior segment mesenchymal dysgenesis	C1862839
22q13.3 Deletion Syndrome	C1853490	COEXISTS_WITH	["38176751_fullText_1"]	Benign Rolandic Epilepsy	C2363129
Partial diabetes insipidus	C3875486	CAUSES	["37968847_fullText_5"]	Acute hypernatremia	C0268011
CITRULLINEMIA, TYPE II, NEONATAL-ONSET	C1853942	CAUSES	["37890575_fullText_1","33050909_abstract_2"]	Cholestasis in newborn	C1112213
Hyperbilirubinemia, Neonatal	C0857007	CAUSES	["37689774_fullText_1"]	Cerebral Palsy	C0007789
Hyperbilirubinemia, Neonatal	C0857007	CAUSES	["37620154_fullText_1"]	Kernicterus	C0022610
Portal vein obstruction	C0265029	CAUSES	["37591624_fullText_7"]	Hypertension, Portal	C0020541
Superior mesenteric vein thrombosis	C0340704	CAUSES	["37565896_fullText_1"]	Acute vascular insufficiency of intestine (disorder)	C0001363
Intervertebral disk calcification	C0410607	AFFECTS	["37563694_fullText_5"]	Alkaptonuria	C0002066
CARDIOMYOPATHY, FAMILIAL RESTRICTIVE, 1 (disorder)	C1861861	ISA	["37532500_fullText_1"]	Cardiomyopathies	C0878544
Impairment level: total impairment of both eyes (disorder)	C0271217	COEXISTS_WITH	["37525097_fullText_4"]	Wernicke Encephalopathy	C0043121
Giant cell myocarditis	C0264856	COEXISTS_WITH	["37507215_fullText_5"]	Myasthenia Gravis	C0026896
spinal cord degeneration	C0748901	COEXISTS_WITH	["33047897_abstract_1"]	Adrenoleukodystrophy	C0162309
Gangliosidosis, Generalized GM1, Type 1 (disorder)	C0268271	ISA	["31937438_abstract_1"]	Lysosomal Storage Diseases	C0085078
Selenium deficiency	C0238421	CAUSES	["9760015_fullText_7"]	Phenylketonurias	C0031485
Fumarylacetoacetase deficiency, chronic type	C0268491	COEXISTS_WITH__SPEC__	["32679806_fullText_6"]	Pulmonary Hypertension, Primary, 1, With Hereditary Hemorrhagic Telangiectasia	C3714844
Transient hyperphenylalaninemia	C0268464	CAUSES	["10203668_fullText_2"]	Phenylketonurias	C0031485
6-Pyruvoyl-tetrahydrobiopterin synthase deficiency	C0342677	OCCURS_IN	["11798810_fullText_1"]	Hyperphenylalaninaemia	C0751435
Pityriasis amiantacea	C0343100	COEXISTS_WITH	["12852375_fullText_1"]	Phenylketonurias	C0031485
Amaurotic idiocy	C0865470	LOCATION_OF	["939106_fullText_2"]	Infantile GM 2 gangliosidosis	C0268278
Cerebellar degeneration, progressive	C0852996	COEXISTS_WITH	["38850215_fullText_1"]	Machado-Joseph Disease	C0024408
DYSFUNCTION - SKIN DISORDERS	C3887505	CAUSES	["38177503_fullText_2"]	Primary disease	C0277554
DYSFUNCTION - SKIN DISORDERS	C3887505	CAUSES	["38177503_fullText_2"]	Leigh Disease	C0023264
DYSFUNCTION - SKIN DISORDERS	C3887505	COEXISTS_WITH	["38991033_fullText_7"]	CONGENITAL DISORDER OF DEGLYCOSYLATION	C3808991
DYSFUNCTION - SKIN DISORDERS	C3887505	CAUSES	["38773300_fullText_1","38478578_fullText_8"]	Mitochondrial Diseases	C0751651
Atrophy/Degeneration affecting the brainstem	C4024900	CAUSES	["36729871_fullText_13"]	Abducens Nerve Palsy	C4551519
