Disease	Disease_id	RELATION	PROVENANCE	Drug	Drug_id
Glutaric aciduria, type 1	C0268595	PRODUCES	["20032085_fullText_1"]	Lysine	C0024337
Glutaric aciduria, type 1	C0268595	IS_TREATED	["8300996_fullText_7"]	Lysine	C0024337
Leigh Disease	C0023264	IS_TREATED	["19349200_fullText_3"]	Lysine	C0024337
Glutaric aciduria, type 1	C0268595	IS_TREATED	["15505398_fullText_1","22520952_fullText_10"]	Lysine	C0024337
Phenylketonurias	C0031485	IS_TREATED	["16091306_fullText_1"]	Basis	C1874451
Machado-Joseph Disease	C0024408	IS_TREATED	["9562258_fullText_4"]	Basis	C1874451
Congenital Disorders	C0242354	IS_TREATED	["35810431_fullText_1","35810430_fullText_1"]	Basis	C1874451
Cytochrome-c Oxidase Deficiency	C0268237	IS_TREATED	["2540452_fullText_7"]	Basis	C1874451
Asthma, Exercise-Induced	C0004099	IS_TREATED	["35787178_fullText_6"]	Basis	C1874451
Myopathy in myasthenia gravis	C0393946	IS_TREATED	["30824560_fullText_1"]	Basis	C1874451
Hyperphenylalaninemia, Non-Phenylketonuric	C0751436	IS_TREATED	["35810427_fullText_1"]	Basis	C1874451
Glutaric aciduria, type 1	C0268595	IS_TREATED	["21431622_fullText_213"]	Basis	C1874451
Sepsis-Associated Encephalopathy	C0393642	IS_TREATED	["36813621_fullText_7"]	Basis	C1874451
Alzheimer's Disease	C0002395	IS_TREATED	["35289363_fullText_6"]	Basis	C1874451
Deficiency Diseases	C0011156	IS_TREATED	["36292934_fullText_10"]	Basis	C1874451
Exotropia	C0015310	IS_TREATED	["26306823_fullText_13"]	Basis	C1874451
brain dysfunction	C0262405	IS_TREATED	["12561056_fullText_3"]	Basis	C1874451
Amenorrhea	C0002453	IS_TREATED	["7243128_fullText_2"]	Basis	C1874451
Phenylketonurias	C0031485	IS_TREATED	["33198547_fullText_1","16006165_fullText_39","2576129_fullText_3"]	Basis	C1874451
Machado-Joseph Disease	C0024408	IS_TREATED	["10855623_fullText_7"]	Dopamine Hydrochloride	C0282151
Primary disease	C0277554	IS_TREATED	["37147851_fullText_5"]	Dopamine Hydrochloride	C0282151
Parkinson Disease	C0030567	IS_TREATED	["37741697_fullText_1","37147851_fullText_5"]	Dopamine Hydrochloride	C0282151
Machado-Joseph Disease	C0024408	IS_TREATED	["34878314_fullText_7"]	Dopamine	C0013030
Parkinson Disease	C0030567	IS_TREATED	["35485491_fullText_1"]	Dopamine	C0013030
Phenylketonurias	C0031485	IS_TREATED	["25466353_fullText_3","25466353_fullText_7","22107842_fullText_6","15024549_fullText_4"]	Dopamine	C0013030
Phenylketonurias	C0031485	IS_TREATED	["17725999_fullText_2","10097991_fullText_4"]	Dopamine	C0013030
Parkinsonian Disorders	C0242422	IS_TREATED	["34702339_fullText_1"]	Dopamine Agonists	C0178601
Parkinson Disease	C0030567	IS_TREATED	["34162160_fullText_3"]	Dopamine Agonists	C0178601
Hyperglycemia	C0020456	IS_TREATED	["34702339_fullText_1"]	Dopamine Agonists	C0178601
Hyperprolactinemia	C0020514	IS_TREATED	["34702339_fullText_1"]	Dopamine Agonists	C0178601
Hyperprolactinemia	C0020514	IS_TREATED	["34137053_fullText_12"]	Dopamine Agonists	C0178601
Hyperphenylalaninemia, Non-Phenylketonuric	C0751436	IS_TREATED	["26515614_fullText_1"]	Dopamine Agonists	C0178601
Ovarian Hyperstimulation Syndrome	C0085083	IS_TREATED	["33851429_fullText_2","33851429_fullText_3"]	Dopamine Agonists	C0178601
Hypogonadism	C0020619	IS_TREATED	["35793046_fullText_2"]	Dopamine Agonists	C0178601
nervous system disorder	C0027765	IS_TREATED	["35486279_fullText_4"]	Dopamine Agonists	C0178601
Diabetes Mellitus, Non-Insulin-Dependent	C0011860	IS_TREATED	["37686060_fullText_11"]	Dopamine Agonists	C0178601
Parkinson Disease	C0030567	IS_TREATED	["37600497_fullText_1"]	Dopamine Agonists	C0178601
Restless Legs Syndrome	C0035258	IS_TREATED	["34032164_fullText_4","36611111_fullText_2"]	Dopamine Agonists	C0178601
CATARACT 4, MULTIPLE TYPES	C3540850	PRODUCES	["35347385_fullText_2"]	Catecholamines	C0007412
Phenylketonuria II	C0268465	IS_TREATED	["7760062_fullText_1"]	Catecholamines	C0007412
Myotonic Dystrophy	C0027126	IS_TREATED	["7080773_fullText_7"]	Catecholamines	C0007412
Pelizaeus-Merzbacher Disease	C0205711	IS_TREATED	["7080773_fullText_7"]	Catecholamines	C0007412
Phenylketonurias	C0031485	IS_TREATED	["15292337_fullText_8"]	Catecholamines	C0007412
Diabetes	C0011847	IS_TREATED	["36538602_fullText_9"]	Catecholamines	C0007412
Parkinson Disease	C0030567	IS_TREATED	["35150767_fullText_2","36729395_fullText_1"]	Levodopa	C0023570
Phenylketonuria II	C0268465	IS_TREATED	["7760062_fullText_1"]	Levodopa	C0023570
Phenylketonurias	C0031485	IS_TREATED	["3797105_fullText_3","6859941_fullText_1"]	Levodopa	C0023570
Neuropathy	C0442874	IS_TREATED	["34852233_fullText_4"]	Levodopa	C0023570
Parkinson Disease	C0030567	IS_TREATED	["36831967_fullText_2"]	Levodopa	C0023570
Hyperphenylalaninemia, Non-Phenylketonuric	C0751436	IS_TREATED	["16767663_fullText_11","11916314_fullText_5"]	Levodopa	C0023570
Abnormal involuntary movement	C0392702	IS_TREATED	["34474045_fullText_5"]	Levodopa	C0023570
Phenylketonurias	C0031485	IS_TREATED	["22447154_fullText_7"]	Levodopa	C0023570
Parkinson Disease	C0030567	IS_TREATED	["33998548_fullText_1","36990797_fullText_3","36402160_fullText_1","31615832_fullText_96"]	Levodopa	C0023570
Extrapyramidal Disorders	C0015371	IS_TREATED	["21431622_fullText_354"]	Levodopa	C0023570
Dyskinetic syndrome	C0013384	IS_TREATED	["37774703_fullText_1"]	Levodopa	C0023570
Parkinson Disease	C0030567	IS_TREATED	["35357463_fullText_9"]	Dopaminergic Agents	C0013036
Restless Legs Syndrome	C0035258	IS_TREATED	["34923723_fullText_1"]	Dopaminergic Agents	C0013036
Parkinson Disease	C0030567	IS_TREATED	["35357463_fullText_2","37192341_fullText_1","36350356_fullText_2"]	Dopaminergic Agents	C0013036
nervous system disorder	C0027765	IS_TREATED	["36611111_fullText_1"]	Dopaminergic Agents	C0013036
Lingual-Facial-Buccal Dyskinesia	C0152115	IS_TREATED	["37774703_fullText_1"]	Dopaminergic Agents	C0013036
Phenylketonurias	C0031485	IS_TREATED	["17185670_fullText_7"]	Inositol	C0021547
Kidney Calculi	C0022650	IS_TREATED	["37491126_fullText_2"]	Calcium	C0006675
Dystrophia myotonica 1	C2931688	IS_TREATED	["22131273_fullText_45"]	Perform	C2947996
Leigh Disease	C0023264	IS_TREATED	["2834526_fullText_3"]	Perform	C2947996
Congenital Myotonic Dystrophy	C0410226	IS_TREATED	["7546006_fullText_6"]	Choline	C0008405
Phenylketonurias	C0031485	IS_TREATED	["37516884_fullText_5"]	Choline	C0008405
Machado-Joseph Disease	C0024408	IS_TREATED	["37243335_fullText_9"]	Choline	C0008405
Mitochondrial Myopathies	C0162670	IS_TREATED	["32371897_fullText_81"]	Taurine	C0039350
Peroxisomal Disorders	C0282528	IS_TREATED	["1722438_fullText_5"]	Taurine	C0039350
Machado-Joseph Disease	C0024408	IS_TREATED	["37243335_fullText_7"]	Glutamine	C0017797
Phenylketonurias	C0031485	IS_TREATED	["32106880_fullText_10"]	Glutamine	C0017797
Glutaric aciduria, type 1	C0268595	IS_TREATED	["8300996_fullText_7"]	Tryptophan	C0041249
Machado-Joseph Disease	C0024408	IS_TREATED	["32357546_fullText_188","32357546_fullText_256"]	Tryptophan	C0041249
Phenylketonurias	C0031485	IS_TREATED	["35248901_fullText_9","16278987_fullText_7"]	Tryptophan	C0041249
Glutaric aciduria, type 1	C0268595	IS_TREATED	["15505398_fullText_1"]	Tryptophan	C0041249
Hyperphenylalaninaemia	C0751435	IS_TREATED	["9744478_fullText_2"]	Tryptophan	C0041249
Phenylketonurias	C0031485	IS_TREATED	["11562623_fullText_7"]	Tryptophan	C0041249
Leigh Disease	C0023264	IS_TREATED	["34849584_fullText_265"]	Sirolimus	C0072980
Machado-Joseph Disease	C0024408	IS_TREATED	["30760052_fullText_4"]	viral vector	C1520007
Brain Diseases	C0006111	IS_TREATED	["38732047_fullText_18"]	viral vector	C1520007
Acromegaly	C0001206	IS_TREATED	["37389718_fullText_1"]	Duration	C2926735
Chronic Obstructive Airway Disease	C0024117	IS_TREATED	["34177262_fullText_1"]	Duration	C2926735
Transient Ischemic Attack	C0007787	IS_TREATED	["34039032_fullText_5"]	Duration	C2926735
Phenylketonurias	C0031485	IS_TREATED	["24952998_fullText_1","24350704_fullText_6","11043161_fullText_2"]	Duration	C2926735
Cerebrovascular accident	C0038454	IS_TREATED	["34039032_fullText_5"]	Duration	C2926735
Long Qt Syndrome 2	C3150943	IS_TREATED	["35525424_fullText_5"]	Duration	C2926735
Circadian Rhythm Disorders	C0813142	IS_TREATED	["34509822_fullText_7"]	Duration	C2926735
Chronic Obstructive Airway Disease	C0024117	IS_TREATED	["34113089_fullText_3","37276335_fullText_4"]	Duration	C2926735
Phenylketonurias	C0031485	IS_TREATED	["21646032_fullText_5"]	Duration	C2926735
Phenylketonurias	C0031485	IS_TREATED	["19277893_fullText_5"]	coenzyme Q10	C0056077
Mitochondrial Diseases	C0751651	IS_TREATED	["34964562_fullText_109"]	coenzyme Q10	C0056077
Machado-Joseph Disease	C0024408	IS_TREATED	["36079853_fullText_7"]	coenzyme Q10	C0056077
Neurodegenerative Disorders	C0524851	IS_TREATED	["36079853_fullText_1"]	coenzyme Q10	C0056077
Machado-Joseph Disease	C0024408	IS_TREATED	["36079853_fullText_9"]	coenzyme Q10	C0056077
Phenylketonurias	C0031485	IS_TREATED	["23657560_fullText_9","12571675_fullText_6"]	Antioxidants	C0003402
Machado-Joseph Disease	C0024408	IS_TREATED	["36079853_fullText_7"]	Antioxidants	C0003402
Leigh syndrome , French Canadian type	C1857355	IS_TREATED	["25835550_fullText_174"]	Antioxidants	C0003402
Phenylketonurias	C0031485	IS_TREATED	["15573314_fullText_3"]	Antioxidants	C0003402
Autoimmune Diseases	C0004364	IS_TREATED	["36094856_fullText_9"]	Antioxidants	C0003402
Mitochondrial Diseases	C0751651	IS_TREATED	["25620325_fullText_7"]	Antioxidants	C0003402
Neurodegenerative Disorders	C0524851	IS_TREATED	["36079853_fullText_1"]	Antioxidants	C0003402
Myotonic Dystrophy	C0027126	IS_TREATED	["8942293_fullText_9"]	Program	C2728259
Dystrophia myotonica 1	C2931688	IS_TREATED	["21670942_fullText_5"]	Program	C2728259
Phenylketonurias	C0031485	IS_TREATED	["29653686_fullText_10"]	Program	C2728259
Hyperphenylalaninaemia	C0751435	IS_TREATED	["1566767_fullText_2"]	Program	C2728259
Coronary Arteriosclerosis	C0010054	IS_TREATED	["34212768_fullText_3"]	Program	C2728259
Hyperphenylalaninemia, Non-Phenylketonuric	C0751436	IS_TREATED	["25726095_fullText_5"]	Program	C2728259
Machado-Joseph Disease	C0024408	IS_TREATED	["33544709_fullText_10"]	Program	C2728259
Metabolic Diseases	C0025517	IS_TREATED	["5580751_fullText_1"]	Program	C2728259
Histidinemia	C0220992	IS_TREATED	["6468444_fullText_1"]	Program	C2728259
Machado-Joseph Disease	C0024408	IS_TREATED	["15692194_fullText_1"]	Program	C2728259
Deficiency of glucose-6-phosphate dehydrogenase	C2939465	IS_TREATED	["1824550_fullText_1"]	Program	C2728259
Phenylketonurias	C0031485	IS_TREATED	["36495999_fullText_1","36495999_fullText_6","35328070_fullText_2","25725765_fullText_3","25725765_fullText_6","25725765_fullText_7","25725765_fullText_11","21043542_fullText_2","21043542_fullText_5","20683669_fullText_2","19768570_fullText_2","19768570_fullText_7","19842439_fullText_1","17616847_fullText_3","17603758_fullText_3","16984060_fullText_3","16984060_fullText_5","15320931_fullText_8","15088800_fullText_3","9894828_fullText_1","7900109_fullText_2","2152214_fullText_1","6468444_fullText_1","5652755_fullText_10"]	Program	C2728259
Usher Syndrome, Type I	C1568247	IS_TREATED	["21043542_fullText_4"]	Program	C2728259
Chronic Obstructive Airway Disease	C0024117	IS_TREATED	["35480556_fullText_1"]	Program	C2728259
Galactosemias	C0016952	IS_TREATED	["6468444_fullText_1"]	Program	C2728259
Homocystinuria	C0019880	IS_TREATED	["6468444_fullText_1"]	Program	C2728259
Glutaric aciduria, type 1	C0268595	IS_TREATED	["24135440_fullText_109"]	Program	C2728259
Chronic active hepatitis	C0520463	IS_TREATED	["23896802_fullText_1"]	Program	C2728259
Animal Diseases	C0003047	IS_TREATED	["34995166_fullText_5"]	Program	C2728259
Hyperphenylalaninaemia	C0751435	IS_TREATED	["24803483_fullText_1","7259843_fullText_4"]	Program	C2728259
Maple Syrup Urine Disease	C0024776	IS_TREATED	["6468444_fullText_1"]	Program	C2728259
Congenital Hypothyroidism	C0010308	IS_TREATED	["36495999_fullText_6","20683669_fullText_2","7900109_fullText_2"]	Program	C2728259
Encephalopathies	C0085584	IS_TREATED	["35872650_fullText_130"]	Mediator brand of benfluorex hydrochloride	C0127400
Hyperphenylalaninaemia	C0751435	IS_TREATED	["20495959_fullText_6"]	Mediator brand of benfluorex hydrochloride	C0127400
Isaacs syndrome	C0242287	IS_TREATED	["1676468_fullText_2"]	Mediator brand of benfluorex hydrochloride	C0127400
Phenylketonurias	C0031485	IS_TREATED	["29270710_fullText_7"]	Level	C2946261
nervous system disorder	C0027765	IS_TREATED	["36449401_fullText_1"]	Level	C2946261
Respiration Disorders	C0035204	IS_TREATED	["30425197_fullText_9"]	diazonaphthalenedisulfonic acid	C0057753
Hyperphenylalaninaemia	C0751435	IS_TREATED	["12499992_fullText_3"]	animal allergen extracts	C3540698
Atrial Fibrillation	C0004238	IS_TREATED	["34874604_fullText_1"]	animal allergen extracts	C3540698
Tachycardia, Ventricular	C0042514	IS_TREATED	["34874604_fullText_1"]	animal allergen extracts	C3540698
Painful Bladder Syndrome	C1720830	IS_TREATED	["34582961_fullText_4"]	animal allergen extracts	C3540698
Nail-Patella Syndrome	C0027341	IS_TREATED	["36442615_fullText_4"]	animal allergen extracts	C3540698
Phenylketonurias	C0031485	IS_TREATED	["6538525_fullText_2"]	animal allergen extracts	C3540698
Machado-Joseph Disease	C0024408	IS_TREATED	["32357546_fullText_91"]	calpastatin	C0054534
Parkinson Disease	C0030567	IS_TREATED	["35485491_fullText_4"]	Metric	C0699680
Parkinson Disease	C0030567	IS_TREATED	["36597786_fullText_2"]	Metric	C0699680
Phenylketonurias	C0031485	IS_TREATED	["33461111_fullText_5"]	Metric	C0699680
Papillon-Lefevre Disease	C0030360	IS_TREATED	["33477953_fullText_167"]	Metric	C0699680
Painful Bladder Syndrome	C1720830	IS_TREATED	["30388443_fullText_237"]	Ethanol	C0001962
Superior Oblique Myokymia	C0423092	IS_TREATED	["3492476_fullText_14"]	Carbamazepine	C0006949
Non-Convulsive Status Epilepticus	C0751523	IS_TREATED	["30029642_fullText_25"]	Carbamazepine	C0006949
Neurodegenerative Disorders	C0524851	IS_TREATED	["37068881_fullText_7"]	Calcium ion	C0596235
Phenylketonurias	C0031485	IS_TREATED	["29270710_fullText_7","23612646_fullText_4","1591861_fullText_4"]	3,4-Methylenedioxyamphetamine	C0000379
Phenylketonurias	C0031485	IS_TREATED	["25256805_fullText_3"]	3,4-Methylenedioxyamphetamine	C0000379
nervous system disorder	C0027765	IS_TREATED	["36982951_fullText_6"]	Therapeutic brand of coal tar	C0723712
Neurodegenerative Disorders	C0524851	IS_TREATED	["33930191_fullText_9"]	Therapeutic brand of coal tar	C0723712
Cardiovascular Diseases	C0007222	IS_TREATED	["37739804_fullText_3"]	Therapeutic brand of coal tar	C0723712
Parkinson Disease	C0030567	IS_TREATED	["35831620_fullText_5"]	Therapeutic brand of coal tar	C0723712
Rare Diseases	C0678236	IS_TREATED	["35955863_fullText_76"]	Therapeutic brand of coal tar	C0723712
Alzheimer's Disease	C0002395	IS_TREATED	["37634747_fullText_12"]	Therapeutic brand of coal tar	C0723712
Mitochondrial Diseases	C0751651	IS_TREATED	["34571904_fullText_5"]	Therapeutic brand of coal tar	C0723712
Epilepsy	C0014544	IS_TREATED	["32357546_fullText_49"]	Histone deacetylase inhibitor	C1512474
Machado-Joseph Disease	C0024408	IS_TREATED	["34416891_fullText_8"]	Sodium Valproate	C0037567
Neurodegenerative Disorders	C0524851	IS_TREATED	["34416891_fullText_8"]	Sodium Valproate	C0037567
Movement Disorders	C0026650	IS_TREATED	["21431622_fullText_352"]	Valproate	C0080356
Machado-Joseph Disease	C0024408	IS_TREATED	["27165717_fullText_75"]	resveratrol	C0073096
Friedreich Ataxia	C0016719	IS_TREATED	["32357546_fullText_127","32357546_fullText_129"]	resveratrol	C0073096
Neurodegenerative Disorders	C0524851	IS_TREATED	["34416891_fullText_8"]	resveratrol	C0073096
Hypertensive disease	C0020538	IS_TREATED	["36235829_fullText_8"]	resveratrol	C0073096
Machado-Joseph Disease	C0024408	IS_TREATED	["34416891_fullText_8"]	resveratrol	C0073096
Syndrome	C0039082	IS_TREATED	["22038543_fullText_64"]	other medicated shampoos in ATC	C3539125
Multiple Sclerosis	C0026769	IS_TREATED	["35683024_fullText_8"]	other medicated shampoos in ATC	C3539125
Machado-Joseph Disease	C0024408	IS_TREATED	["33516872_fullText_9"]	Befiradol	C2825610
Central nervous system depression (disorder)	C0151559	IS_TREATED	["35835657_fullText_14"]	Naloxone	C0027358
Hemodynamic instability	C0948268	IS_TREATED	["35835657_fullText_14"]	Naloxone	C0027358
Asthma	C0004096	IS_TREATED	["34845963_fullText_1","35181174_fullText_4"]	Agonist	C2987634
Chronic Obstructive Airway Disease	C0024117	IS_TREATED	["36185170_fullText_1","35418750_fullText_1"]	Agonist	C2987634
Hypertensive disease	C0020538	IS_TREATED	["36029011_fullText_7"]	Agonist	C2987634
Narcolepsy	C0027404	IS_TREATED	["36758348_fullText_3"]	Agonist	C2987634
Agenesis of corpus callosum	C0175754	IS_TREATED	["34852233_fullText_5"]	Agonist	C2987634
Lung diseases	C0024115	IS_TREATED	["34494468_fullText_3"]	Agonist	C2987634
Cataplexy	C0007384	IS_TREATED	["36758348_fullText_3","36165509_fullText_1"]	Agonist	C2987634
Overactive Bladder	C0878773	IS_TREATED	["37244459_fullText_14"]	Agonist	C2987634
Chronic Obstructive Airway Disease	C0024117	IS_TREATED	["34503985_fullText_1","35849317_fullText_1"]	Agonist	C2987634
Asthma	C0004096	IS_TREATED	["37376964_fullText_1"]	Agonist	C2987634
Alzheimer's Disease	C0002395	IS_TREATED	["37741687_fullText_8","37175433_fullText_2"]	Neuroprotective Agents	C0242912
Helminthiasis	C0018889	IS_TREATED	["31615832_fullText_105"]	Suppressor	C2954564
Myopathy	C0026848	IS_TREATED	["23637619_fullText_9"]	Suppressor	C2954564
Syndrome	C0039082	IS_TREATED	["37262057_fullText_1"]	rivastigmine	C0649350
Alzheimer's Disease	C0002395	IS_TREATED	["37262057_fullText_1"]	rivastigmine	C0649350
Parkinson Disease	C0030567	IS_TREATED	["37716903_fullText_4"]	rivastigmine	C0649350
Alzheimer's Disease	C0002395	IS_TREATED	["35413397_fullText_11","37716903_fullText_4"]	rivastigmine	C0649350
Neurodegenerative Disorders	C0524851	IS_TREATED	["33806197_fullText_1"]	Acetylcholinesterase Inhibitors	C0001046
Inflammatory disorder	C1290884	IS_TREATED	["33851543_fullText_1"]	Acetylcholinesterase Inhibitors	C0001046
Hypertensive disease	C0020538	IS_TREATED	["34815190_fullText_3"]	Acetylcholinesterase Inhibitors	C0001046
Neurodegenerative Disorders	C0524851	IS_TREATED	["34146704_fullText_1","37628986_fullText_3"]	Acetylcholinesterase Inhibitors	C0001046
autonomic instability	C0262385	IS_TREATED	["33884761_fullText_6"]	Acetylcholinesterase Inhibitors	C0001046
Myasthenic crisis	C0270942	IS_TREATED	["34292475_fullText_3","34292475_fullText_4"]	Acetylcholinesterase Inhibitors	C0001046
Alzheimer's Disease	C0002395	IS_TREATED	["33776997_fullText_3","34627332_fullText_4","35684298_fullText_1","35413397_fullText_1","37241886_fullText_1","35883449_fullText_2"]	Acetylcholinesterase Inhibitors	C0001046
Myasthenic Syndromes, Congenital	C0751882	IS_TREATED	["32360404_fullText_5"]	Acetylcholinesterase Inhibitors	C0001046
multiple pathologies	C0679225	IS_TREATED	["34342141_fullText_1"]	Acetylcholinesterase Inhibitors	C0001046
Machado-Joseph Disease	C0024408	IS_TREATED	["32867861_fullText_114"]	Fibrinogen	C0016006
Myotonic Dystrophy	C0027126	IS_TREATED	["6673013_fullText_2"]	Fibrinogen	C0016006
Machado-Joseph Disease	C0024408	IS_TREATED	["32657894_fullText_4","30187384_fullText_2","30173407_fullText_2","30173407_fullText_11"]	Citalopram	C0008845
Chronic Kidney Diseases	C1561643	IS_TREATED	["35138266_fullText_4"]	Oxygen	C0030054
Cluster Headache	C0009088	IS_TREATED	["33888080_fullText_6"]	Oxygen	C0030054
Machado-Joseph Disease	C0024408	IS_TREATED	["31687087_fullText_6"]	daidzein	C0057090
Mitochondrial Diseases	C0751651	IS_TREATED	["38870029_fullText_44"]	Water	C0043047
Parkinson Disease	C0030567	IS_TREATED	["35485491_fullText_1"]	Water	C0043047
Hyperphenylalaninaemia	C0751435	PRODUCES	["6444271_fullText_5"]	Amino Acids	C0002520
Phenylketonurias	C0031485	IS_TREATED	["38085662_fullText_3"]	Amino Acids	C0002520
Maple Syrup Urine Disease	C0024776	IS_TREATED	["37421976_fullText_4"]	Amino Acids	C0002520
Amino Acid Metabolism, Inborn Errors	C0002514	IS_TREATED	["33540516_fullText_2"]	Amino Acids	C0002520
Phenylketonurias	C0031485	IS_TREATED	["33540516_fullText_2"]	Amino Acids	C0002520
Phenylketonurias	C0031485	IS_TREATED	["33540516_fullText_2","30504004_fullText_7","20226470_fullText_9","7268794_fullText_1","7431122_fullText_1"]	Amino Acids	C0002520
Amino Acid Metabolism, Inborn Errors	C0002514	IS_TREATED	["33540516_fullText_2"]	Amino Acids	C0002520
Phenylketonuria, Maternal	C0085547	IS_TREATED	["2122125_fullText_8"]	Amino Acids	C0002520
Machado-Joseph Disease	C0024408	IS_TREATED	["30219871_fullText_8"]	Cordycepin	C0056331
Cardiovascular Diseases	C0007222	IS_TREATED	["33735134_fullText_3"]	Selective Serotonin Reuptake Inhibitors	C0360105
Critical Illness	C0010340	IS_TREATED	["37277344_fullText_2","37277344_fullText_9"]	Selective Serotonin Reuptake Inhibitors	C0360105
Cerebrovascular accident	C0038454	IS_TREATED	["35486412_fullText_10"]	Selective Serotonin Reuptake Inhibitors	C0360105
Hypertensive disease	C0020538	IS_TREATED	["35478186_fullText_1"]	Selective Serotonin Reuptake Inhibitors	C0360105
Fibromyalgia	C0016053	IS_TREATED	["34481450_fullText_3"]	Selective Serotonin Reuptake Inhibitors	C0360105
Ocular Cicatricial Pemphigoid	C1282359	IS_TREATED	["36822597_fullText_7"]	Selective Serotonin Reuptake Inhibitors	C0360105
Dermatologic disorders	C0037274	IS_TREATED	["36203121_fullText_9"]	Selective Serotonin Reuptake Inhibitors	C0360105
Chronic inflammatory disorder	C1290886	IS_TREATED	["37683229_fullText_2"]	Selective Serotonin Reuptake Inhibitors	C0360105
OROFACIAL CLEFT 1	C1861537	IS_TREATED	["34921828_fullText_2"]	Selective Serotonin Reuptake Inhibitors	C0360105
Asthma	C0004096	IS_TREATED	["37641216_fullText_3"]	Selective Serotonin Reuptake Inhibitors	C0360105
Strudwick syndrome	C0700635	IS_TREATED	["37075594_fullText_7"]	Selective Serotonin Reuptake Inhibitors	C0360105
Alzheimer's Disease	C0002395	IS_TREATED	["35342093_fullText_1"]	Selective Serotonin Reuptake Inhibitors	C0360105
Porokeratosis, Palmoplantar	C0162838	IS_TREATED	["36906836_fullText_15"]	Selective Serotonin Reuptake Inhibitors	C0360105
Premenstrual syndrome	C0033046	IS_TREATED	["35686687_fullText_1"]	Selective Serotonin Reuptake Inhibitors	C0360105
Chronic Obstructive Airway Disease	C0024117	IS_TREATED	["34137477_fullText_9"]	Selective Serotonin Reuptake Inhibitors	C0360105
Coronary heart disease	C0010068	IS_TREATED	["36138129_fullText_4"]	Selective Serotonin Reuptake Inhibitors	C0360105
Sexual Dysfunction	C0549622	IS_TREATED	["35410653_fullText_1"]	Selective Serotonin Reuptake Inhibitors	C0360105
Muscular Dystrophy, Facioscapulohumeral	C0238288	IS_TREATED	["35944740_fullText_7"]	Selective Serotonin Reuptake Inhibitors	C0360105
Opsoclonus	C0242567	IS_TREATED	["3492476_fullText_8"]	Clonazepam	C0009011
MERRF Syndrome	C0162672	IS_TREATED	["37605213_fullText_8"]	New medications	C1718097
nervous system disorder	C0027765	IS_TREATED	["34219594_fullText_1"]	New medications	C1718097
Phenylketonurias	C0031485	IS_TREATED	["35551410_fullText_8"]	New medications	C1718097
CNS disorder	C0007682	IS_TREATED	["35470963_fullText_9"]	New medications	C1718097
Alzheimer's Disease	C0002395	IS_TREATED	["36356369_fullText_4"]	New medications	C1718097
Phenylketonurias	C0031485	IS_TREATED	["317358_fullText_2"]	Trimethoprim-Sulfamethoxazole Combination	C0041044
Machado-Joseph Disease	C0024408	IS_TREATED	["11559318_fullText_9","8748680_fullText_1"]	Trimethoprim-Sulfamethoxazole Combination	C0041044
Hyperphenylalaninaemia	C0751435	IS_TREATED	["140710_fullText_1"]	Trimethoprim-Sulfamethoxazole Combination	C0041044
Heart failure	C0018801	IS_TREATED	["33709106_fullText_1"]	Blockade	C3540676
Duodenal Ulcer	C0013295	IS_TREATED	["33931709_fullText_1"]	Blockade	C3540676
Gastroesophageal reflux disease	C0017168	IS_TREATED	["33931709_fullText_1"]	Blockade	C3540676
Myocardial Ischemia	C0151744	IS_TREATED	["34135591_fullText_3"]	Blockade	C3540676
Heart failure	C0018801	IS_TREATED	["34135591_fullText_3"]	Blockade	C3540676
Hypertensive disease	C0020538	IS_TREATED	["34135591_fullText_3"]	Blockade	C3540676
Septicemia	C0036690	IS_TREATED	["35234431_fullText_1"]	Blockade	C3540676
Pneumocystis jiroveci pneumonia	C1535939	IS_TREATED	["34822815_fullText_1"]	Blockade	C3540676
Machado-Joseph Disease	C0024408	IS_TREATED	["32357546_fullText_92"]	calpeptin	C0108192
Neurodegenerative Disorders	C0524851	IS_TREATED	["34019396_fullText_1"]	Caffeine	C0006644
Parkinson Disease	C0030567	IS_TREATED	["35790489_fullText_2"]	adenosine receptor antagonist	C0815050
endothelial dysfunction	C0856169	IS_TREATED	["35861684_fullText_1"]	adenosine receptor antagonist	C0815050
Alzheimer's Disease	C0002395	IS_TREATED	["34219594_fullText_3"]	Enzymes, hematological	C3540017
Chronic Obstructive Airway Disease	C0024117	IS_TREATED	["34483208_fullText_1","33865004_fullText_4","33907393_fullText_2","37731774_fullText_3"]	Glycine	C0017890
Asthma	C0004096	IS_TREATED	["33711782_fullText_1"]	Glycine	C0017890
Irritable Bowel Syndrome	C0022104	IS_TREATED	["34047303_fullText_1"]	Drugs, Non-Prescription	C0013231
Common Cold	C0009443	IS_TREATED	["35060618_fullText_0"]	Drugs, Non-Prescription	C0013231
Machado-Joseph Disease	C0024408	IS_TREATED	["27645800_fullText_6"]	aripiprazole	C0299792
Helminthiasis	C0018889	IS_TREATED	["35406718_fullText_176"]	aripiprazole	C0299792
Mitochondrial Diseases	C0751651	IS_TREATED	["36661119_fullText_6"]	Valproic Acid	C0042291
Neurodegenerative Disorders	C0524851	IS_TREATED	["32357546_fullText_50"]	Valproic Acid	C0042291
Acute Coronary Syndrome	C0948089	IS_TREATED	["35860883_fullText_1"]	Pharmacologic Substance	C1254351
Muscular Dystrophy	C0026850	IS_TREATED	["23939629_fullText_5"]	Pharmacologic Substance	C1254351
Restless Legs Syndrome	C0035258	IS_TREATED	["35609673_fullText_9"]	Pharmacologic Substance	C1254351
Parkinson Disease	C0030567	IS_TREATED	["35977382_fullText_1","38773300_fullText_3"]	Pharmacologic Substance	C1254351
Hypertrophic Cardiomyopathy	C0007194	IS_TREATED	["34707114_fullText_12"]	Pharmacologic Substance	C1254351
Restless Legs Syndrome	C0035258	IS_TREATED	["35605349_fullText_9"]	Pharmacologic Substance	C1254351
MITOCHONDRIAL COMPLEX I DEFICIENCY	C1838979	IS_TREATED	["11743516_fullText_1"]	Pharmacologic Substance	C1254351
Ureterolithiasis	C0041952	IS_TREATED	["36566404_fullText_2"]	Pharmacologic Substance	C1254351
Neonatal Abstinence Syndrome	C0027609	IS_TREATED	["37517785_fullText_11"]	Pharmacologic Substance	C1254351
Hyperthyroidism	C0020550	IS_TREATED	["37493532_fullText_4"]	Pharmacologic Substance	C1254351
Degenerative polyarthritis	C0029408	IS_TREATED	["35269726_fullText_5"]	Pharmacologic Substance	C1254351
Hypothyroidism	C0020676	IS_TREATED	["37493532_fullText_4"]	Pharmacologic Substance	C1254351
Mitochondrial Diseases	C0751651	IS_TREATED	["27977873_fullText_75"]	Pharmacologic Substance	C1254351
CNS disorder	C0007682	IS_TREATED	["35977382_fullText_1","34174274_fullText_11"]	Pharmacologic Substance	C1254351
Incontinence	C0021167	IS_TREATED	["34563481_fullText_4"]	Pharmacologic Substance	C1254351
Neurodegenerative Disorders	C0524851	IS_TREATED	["37068881_fullText_7","35630702_fullText_8"]	Pharmacologic Substance	C1254351
Alzheimer's Disease	C0002395	IS_TREATED	["35305483_fullText_5","33704864_fullText_11","36461719_fullText_11"]	Pharmacologic Substance	C1254351
Allergic asthma	C0155877	IS_TREATED	["36322828_fullText_13"]	Pharmacologic Substance	C1254351
Diabetes Mellitus	C0011849	IS_TREATED	["33704864_fullText_11"]	Pharmacologic Substance	C1254351
Rheumatoid Arthritis	C0003873	IS_TREATED	["35269726_fullText_5"]	Pharmacologic Substance	C1254351
Asthma	C0004096	IS_TREATED	["34845963_fullText_3"]	Pharmacologic Substance	C1254351
Machado-Joseph Disease	C0024408	IS_TREATED	["26997655_fullText_8"]	Pharmacologic Substance	C1254351
Glaucoma	C0017601	IS_TREATED	["37149109_fullText_1"]	Pharmacologic Substance	C1254351
Tendinopathy	C1568272	IS_TREATED	["35269726_fullText_5"]	Pharmacologic Substance	C1254351
Colonic Pseudo-Obstruction	C0009377	IS_TREATED	["38013547_fullText_6"]	Pharmacologic Substance	C1254351
Hypertensive disease	C0020538	IS_TREATED	["37436689_fullText_3"]	Pharmacologic Substance	C1254351
Machado-Joseph Disease	C0024408	IS_TREATED	["26990650_fullText_5","26990650_fullText_6","26990650_fullText_12","32357546_fullText_216"]	Riluzole	C0073379
Neurodegenerative Disorders	C0524851	IS_TREATED	["35458588_fullText_1"]	Adenosine	C0001443
Psoriasis	C0033860	IS_TREATED	["34157422_fullText_4"]	Adenosine	C0001443
Machado-Joseph Disease	C0024408	IS_TREATED	["24399647_fullText_1"]	Lithium	C0023870
Neurodegenerative Disorders	C0524851	IS_TREATED	["25112410_fullText_2"]	Lithium	C0023870
Neurodegenerative Disorders	C0524851	IS_TREATED	["37328081_fullText_13"]	Anti-Anxiety Agents	C0040616
Machado-Joseph Disease	C0024408	IS_TREATED	["24817574_fullText_9","32357546_fullText_92"]	BDA-410	C3492623
Leigh syndrome , French Canadian type	C1857355	IS_TREATED	["26565911_fullText_46"]	Glutathione Disulfide	C0061516
Chronic Obstructive Airway Disease	C0024117	IS_TREATED	["35803172_fullText_2"]	Sodium Chloride	C0037494
Machado-Joseph Disease	C0024408	IS_TREATED	["21047555_fullText_10"]	Sodium Butyrate	C0142812
Colitis	C0009319	IS_TREATED	["34605504_fullText_6"]	Sodium Butyrate	C0142812
Obesity	C0028754	IS_TREATED	["34676534_fullText_11"]	agonists	C0243192
Overactive Bladder	C0878773	IS_TREATED	["37191196_fullText_1","34963040_fullText_3"]	agonists	C0243192
Heart failure	C0018801	IS_TREATED	["34071350_fullText_4"]	agonists	C0243192
Migraine Disorders	C0149931	IS_TREATED	["35816257_fullText_4"]	agonists	C0243192
Overactive Bladder	C0878773	IS_TREATED	["37244459_fullText_7"]	agonists	C0243192
Chronic Obstructive Airway Disease	C0024117	IS_TREATED	["35645559_fullText_1"]	agonists	C0243192
Lung Diseases, Obstructive	C0600260	IS_TREATED	["34857633_fullText_9"]	agonists	C0243192
Syndrome	C0039082	IS_TREATED	["37191196_fullText_1","34963040_fullText_3"]	agonists	C0243192
Asthma	C0004096	IS_TREATED	["35645559_fullText_1"]	agonists	C0243192
Wasting Syndrome	C0043046	IS_TREATED	["34684760_fullText_1"]	agonists	C0243192
Mesenteric vascular insufficiency	C1412000	IS_TREATED	["35643970_fullText_9"]	agonists	C0243192
Obesity	C0028754	IS_TREATED	["34684760_fullText_1","34944069_fullText_2","34944069_fullText_5"]	agonists	C0243192
Inflammatory disorder	C1290884	IS_TREATED	["36838749_fullText_6"]	agonists	C0243192
Respiratory Distress Syndrome, Adult	C0035222	IS_TREATED	["34795026_fullText_2"]	agonists	C0243192
Bronchial Spasm	C0006266	IS_TREATED	["33945639_fullText_1"]	agonists	C0243192
Metabolic Diseases	C0025517	IS_TREATED	["34020681_fullText_7","35328343_fullText_1"]	agonists	C0243192
Colitis	C0009319	IS_TREATED	["36587170_fullText_8"]	agonists	C0243192
Acute asthma	C0582415	IS_TREATED	["35072366_fullText_4"]	agonists	C0243192
Urinary Bladder Diseases	C0005686	IS_TREATED	["37728503_fullText_1"]	agonists	C0243192
Respiration Disorders	C0035204	IS_TREATED	["36799441_fullText_6"]	agonists	C0243192
Kidney Failure, Acute	C0022660	IS_TREATED	["35643970_fullText_9"]	agonists	C0243192
Machado-Joseph Disease	C0024408	IS_TREATED	["32357546_fullText_251"]	agonists	C0243192
Obesity, Morbid	C0028756	IS_TREATED	["36536256_fullText_8"]	agonists	C0243192
Pulmonary Hypertension, Primary, 1, With Hereditary Hemorrhagic Telangiectasia	C3714844	IS_TREATED	["36597221_fullText_3"]	agonists	C0243192
Diabetes	C0011847	IS_TREATED	["34684760_fullText_1"]	agonists	C0243192
Anemia	C0002871	IS_TREATED	["11293470_fullText_1"]	Iron	C0302583
Parkinson Disease	C0030567	IS_TREATED	["36449420_fullText_2"]	Iron	C0302583
Phenylketonurias	C0031485	IS_TREATED	["2360545_fullText_1"]	Iron	C0302583
Restless Legs Syndrome	C0035258	IS_TREATED	["37590826_fullText_5"]	Iron	C0302583
Hypertensive disease	C0020538	IS_TREATED	["35409840_fullText_5"]	opium alkaloids and derivative combination cough suppressants	C3539957
Chronic Obstructive Airway Disease	C0024117	IS_TREATED	["34348953_fullText_1","37775734_fullText_1"]	opium alkaloids and derivative combination cough suppressants	C3539957
Chronic Obstructive Airway Disease	C0024117	IS_TREATED	["34528220_fullText_1"]	opium alkaloids and derivative combination cough suppressants	C3539957
Machado-Joseph Disease	C0024408	IS_TREATED	["22433430_fullText_3"]	Vinca Alkaloids	C0042672
Machado-Joseph Disease	C0024408	IS_TREATED	["32357546_fullText_174"]	Insulin	C0021641
Myotonic Dystrophy	C0027126	IS_TREATED	["739270_fullText_5","3895577_fullText_2","3895577_fullText_3","6999006_fullText_1","1478370_fullText_3","1478370_fullText_6","1142379_fullText_1"]	Insulin	C0021641
Toxic Epidermal Necrolysis	C0014518	IS_TREATED	["1478370_fullText_3"]	Insulin	C0021641
Hyperinsulinism	C0020459	IS_TREATED	["37873673_fullText_2","37873673_fullText_9"]	Insulin	C0021641
Myotonic Dystrophy	C0027126	IS_TREATED	["19506327_fullText_7"]	Insulin	C0021641
Phenylketonurias	C0031485	IS_TREATED	["17726313_fullText_1"]	Insulin	C0021641
Diabetes Mellitus, Non-Insulin-Dependent	C0011860	IS_TREATED	["19506327_fullText_7"]	Insulin	C0021641
nervous system disorder	C0027765	IS_TREATED	["31402314_fullText_6"]	Air	C3536832
Phenylketonurias	C0031485	IS_TREATED	["12879091_fullText_4"]	Methionine	C0025646
Hyperphenylalaninaemia	C0751435	IS_TREATED	["15234340_fullText_1"]	Ethylnitrosourea	C0015111
Machado-Joseph Disease	C0024408	IS_TREATED	["19036964_fullText_4"]	Dantrolene	C0010976
Machado-Joseph Disease	C0024408	IS_TREATED	["32357546_fullText_227"]	Dantrolene	C0010976
Alzheimer's Disease	C0002395	IS_TREATED	["33776997_fullText_3","37768458_fullText_1"]	Cholinergic Agents	C0242893
Mitochondrial Diseases	C0751651	IS_TREATED	["31356884_fullText_3"]	Apomorphine	C0003596
Kidney Failure, Chronic	C0022661	PRODUCES	["37421310_fullText_3","37421310_abstract_3"]	Glucose	C0017725
Wasting	C0235394	IS_TREATED	["6340918_fullText_13"]	Glucose	C0017725
Myotonic Dystrophy	C0027126	IS_TREATED	["3552801_fullText_3","1458730_fullText_1"]	Glucose	C0017725
Machado-Joseph Disease	C0024408	IS_TREATED	["32357546_fullText_188"]	Glucose	C0017725
Phenylketonurias	C0031485	IS_TREATED	["3106718_fullText_1"]	Glucose	C0017725
Leigh syndrome , French Canadian type	C1857355	IS_TREATED	["26565911_fullText_19"]	Glucose	C0017725
Congenital Disorders	C0242354	IS_TREATED	["30389790_fullText_1"]	Glucose	C0017725
Hypoglycemia	C0020615	IS_TREATED	["33213396_fullText_18"]	Glucose	C0017725
Phenylketonurias	C0031485	IS_TREATED	["18249021_fullText_12"]	Betaine	C0005304
Non dystrophic myotonia	C1828221	IS_TREATED	["30805745_fullText_10"]	lamotrigine	C0064636
Machado-Joseph Disease	C0024408	IS_TREATED	["15305986_fullText_3"]	Lipofuscin	C0023789
Myotonic Dystrophy	C0027126	IS_TREATED	["8953873_fullText_5","8222038_fullText_6"]	Morphine	C0026549
Hypothyroidism	C0020676	IS_TREATED	["37493532_fullText_4"]	Morphine	C0026549
Hyperthyroidism	C0020550	IS_TREATED	["37493532_fullText_4"]	Morphine	C0026549
Myotonic Dystrophy	C0027126	IS_TREATED	["11103182_fullText_8"]	Fentanyl	C0015846
Chronic heart failure	C0264716	IS_TREATED	["36318859_fullText_8"]	Today	C0310367
Phenylketonurias	C0031485	IS_TREATED	["29167077_fullText_3"]	Today	C0310367
Phenylketonurias	C0031485	IS_TREATED	["22607939_fullText_1"]	Today	C0310367
Dermatologic disorders	C0037274	IS_TREATED	["36203121_fullText_4"]	Today	C0310367
Dyskinetic syndrome	C0013384	IS_TREATED	["37140165_fullText_4"]	Serotonin 5-HT1A Receptor Agonists	C2936511
Dyskinetic syndrome	C0013384	IS_TREATED	["37140165_fullText_3"]	Serotonin 5-HT1A Receptor Agonists	C2936511
Acidosis, Lactic	C0001125	IS_TREATED	["32677908_fullText_135"]	Lactate	C0376261
Machado-Joseph Disease	C0024408	IS_TREATED	["8825277_fullText_4"]	Lactate	C0376261
Blindness, Cortical	C0155320	IS_TREATED	["8240864_fullText_7"]	Lactate	C0376261
Lesion of brain	C0221505	IS_TREATED	["30425197_fullText_63"]	Lactate	C0376261
Brain Diseases, Metabolic	C0006112	IS_TREATED	["1558578_fullText_8"]	Lactate	C0376261
Phenylketonurias	C0031485	IS_TREATED	["30366815_fullText_1"]	Polyethylene Glycols	C0032483
Myotonic Disorders	C0553604	IS_TREATED	["1455983_fullText_1"]	Mexiletine	C0025887
Parkinson Disease	C0030567	IS_TREATED	["34724850_fullText_15"]	Fluoxetine	C0016365
Myasthenic Syndromes, Congenital, Slow Channel	C0751885	IS_TREATED	["33030681_fullText_4"]	Fluoxetine	C0016365
Dopa-Responsive Dystonia	C1851920	IS_TREATED	["37852412_fullText_9"]	Fluoxetine	C0016365
Cerebrovascular accident	C0038454	IS_TREATED	["34465201_fullText_1","34015940_fullText_1","37081168_fullText_2","37081168_fullText_3","37081168_fullText_8"]	Fluoxetine	C0016365
Hypertensive disease	C0020538	IS_TREATED	["35478186_fullText_1"]	Serotonin Uptake Inhibitors	C0162758
Obesity	C0028754	IS_TREATED	["36536256_fullText_1"]	Serotonin Uptake Inhibitors	C0162758
Phenylketonurias	C0031485	IS_TREATED	["31242484_fullText_1"]	Iodine	C0021968
Machado-Joseph Disease	C0024408	IS_TREATED	["8597984_fullText_2"]	Sulfamethoxazole	C0038689
Refractory epilepsy	C1096063	IS_TREATED	["35038463_fullText_2"]	century	C0719214
multiple pathologies	C0679225	IS_TREATED	["11252754_fullText_1"]	century	C0719214
Phenylketonurias	C0031485	IS_TREATED	["23164313_fullText_1"]	Melatonin	C0025219
Phenylketonurias	C0031485	IS_TREATED	["26624009_fullText_5","22107842_fullText_6"]	Norepinephrine	C0028351
Phenylketonurias	C0031485	IS_TREATED	["3148070_fullText_2"]	Norepinephrine	C0028351
Inferior Wall Myocardial Infarction	C0340305	IS_TREATED	["35090949_fullText_14"]	Norepinephrine	C0028351
Phenylketonurias	C0031485	PRODUCES	["37865339_fullText_1"]	Tyrosine	C0041485
Phenylketonurias	C0031485	IS_TREATED	["35248901_fullText_9","33581730_fullText_3","32106880_fullText_10","31640267_fullText_10","27450222_fullText_5","27008692_fullText_2","24857519_fullText_1","20882350_fullText_3","16278987_fullText_7","12135689_fullText_1","11013857_fullText_1","11013857_fullText_3","10870846_fullText_4","10539751_fullText_2","8942417_fullText_3","8523192_fullText_3","8414829_fullText_1","8414829_fullText_3","6732755_fullText_6","601515_fullText_3","39388898_fullText_2"]	Tyrosine	C0041485
Phenylketonurias	C0031485	IS_TREATED	["11562623_fullText_1"]	Tyrosine	C0041485
Chronically Ill	C0008715	IS_TREATED	["11768137_fullText_7"]	Tyrosine	C0041485
Phenylketonurias	C0031485	IS_TREATED	["11562623_fullText_1","3766433_fullText_3","890909_fullText_4"]	Tyrosine	C0041485
Phenylketonuria, Maternal	C0085547	IS_TREATED	["11157309_fullText_3"]	Tyrosine	C0041485
Mouth Diseases	C0026636	IS_TREATED	["12200907_fullText_4"]	Tyrosine	C0041485
Dermatologic disorders	C0037274	IS_TREATED	["36203121_fullText_9"]	Microbicides	C1136254
Leigh Disease	C0023264	IS_TREATED	["12160976_fullText_1"]	Dichloroacetate	C0012066
Machado-Joseph Disease	C0024408	IS_TREATED	["8597984_fullText_2"]	Bactrim	C0591139
Neurodegenerative Disorders	C0524851	IS_TREATED	["8064328_fullText_6"]	Bactrim	C0591139
Phenylketonurias	C0031485	IS_TREATED	["18249021_fullText_7","12879091_fullText_4","8828632_fullText_7"]	Folate	C0178638
Hyperammonemia, type III	C0268543	IS_TREATED	["37847851_fullText_18"]	Urea	C0041942
Phenylketonurias	C0031485	IS_TREATED	["27450222_fullText_5"]	Valine	C0042285
Phenylketonurias	C0031485	IS_TREATED	["27450222_fullText_7"]	Valine	C0042285
Leigh Disease	C0023264	IS_TREATED	["19101701_fullText_5","35148383_fullText_50"]	idebenone	C0123163
Optic Atrophy, Hereditary, Leber	C0917796	IS_TREATED	["34964562_fullText_109"]	idebenone	C0123163
Mitochondrial Diseases	C0751651	IS_TREATED	["33661577_fullText_126"]	idebenone	C0123163
Optic Atrophy, Hereditary, Leber	C0917796	IS_TREATED	["32371897_fullText_81"]	idebenone	C0123163
Metabolic Diseases	C0025517	IS_TREATED	["29497882_fullText_67"]	Sugars	C0242209
Hepatitis B	C0019163	IS_TREATED	["37231731_fullText_4","37231731_abstract_4"]	Immunoglobulins, Intravenous	C0085297
Myasthenic Syndromes, Congenital	C0751882	IS_TREATED	["32360404_fullText_5"]	Immunoglobulins, Intravenous	C0085297
Hepatolenticular Degeneration	C0019202	IS_TREATED	["37231731_fullText_4","37231731_abstract_4"]	Immunoglobulins, Intravenous	C0085297
Phenylketonurias	C0031485	IS_TREATED	["11486901_fullText_7"]	Ubiquinone	C0041536
Leigh Disease	C0023264	IS_TREATED	["23010433_fullText_5"]	EPI-743	C3491843
Leigh Disease	C0023264	IS_TREATED	["23010433_fullText_3"]	EPI-743	C3491843
Mitochondrial Diseases	C0751651	IS_TREATED	["23010433_fullText_3"]	EPI-743	C3491843
Leigh Disease	C0023264	IS_TREATED	["23010433_fullText_3"]	EPI-743	C3491843
Mitochondrial Diseases	C0751651	IS_TREATED	["23010433_fullText_3"]	EPI-743	C3491843
CONGENITAL DISORDER OF GLYCOSYLATION, TYPE Ii	C1842836	IS_TREATED	["29497882_fullText_42"]	Polysaccharides	C0032594
Hepatitis	C0019158	IS_TREATED	["27725718_fullText_96"]	Polysaccharides	C0032594
Cirrhosis	C1623038	IS_TREATED	["32557671_fullText_131"]	Polysaccharides	C0032594
Hereditary fructose intolerance syndrome	C0016751	IS_TREATED	["26739145_fullText_84"]	Polysaccharides	C0032594
Machado-Joseph Disease	C0024408	IS_TREATED	["32357546_fullText_206"]	Niacin	C0027996
Leigh syndrome , French Canadian type	C1857355	IS_TREATED	["26565911_fullText_27"]	Nicotinamide adenine dinucleotide (NAD)	C0027270
Leigh Disease	C0023264	IS_TREATED	["33752971_fullText_9"]	Nicotinamide adenine dinucleotide (NAD)	C0027270
Acute Q fever	C0519066	IS_TREATED	["34232075_fullText_3"]	Doxycycline	C0013090
Chronic disease	C0008679	IS_TREATED	["34232075_fullText_3"]	Doxycycline	C0013090
multiple pathologies	C0679225	IS_TREATED	["33950473_fullText_6"]	Acetylcysteine	C0001047
Phenylketonurias	C0031485	IS_TREATED	["24192130_fullText_4","24192130_fullText_5","3554869_fullText_3"]	Arginine	C0003765
Epilepsy	C0014544	IS_TREATED	["33113107_fullText_3"]	Arginine	C0003765
Glutaric aciduria, type 1	C0268595	IS_TREATED	["22520952_fullText_10"]	Arginine	C0003765
Leigh syndrome , French Canadian type	C1857355	IS_TREATED	["33085679_fullText_156"]	Measles-Mumps-Rubella Vaccine	C0065828
Chronic Obstructive Airway Disease	C0024117	IS_TREATED	["36948500_fullText_8"]	Vaccines	C0042210
Leigh syndrome , French Canadian type	C1857355	IS_TREATED	["33085679_fullText_10"]	Vaccines	C0042210
Phenylketonurias	C0031485	IS_TREATED	["20226470_fullText_9"]	Thioctic Acid	C0023791
Maple Syrup Urine Disease	C0024776	IS_TREATED	["38337708_fullText_5"]	Leucine	C0023401
Phenylketonurias	C0031485	IS_TREATED	["27450222_fullText_5","8750601_fullText_1"]	Leucine	C0023401
Phenylketonurias	C0031485	IS_TREATED	["29285660_fullText_4","21191647_fullText_7"]	Levocarnitine	C0087163
Glutaric aciduria, type 1	C0268595	IS_TREATED	["21431622_fullText_272"]	Levocarnitine	C0087163
Glutaric aciduria, type 1	C0268595	IS_TREATED	["32992790_fullText_14"]	Levocarnitine	C0087163
Sucrase-isomaltase deficiency, congenital	C1283620	PRODUCES	["29844506_fullText_192"]	Ascorbate	C0178487
Phenylketonuria II	C0268465	IS_TREATED	["2391014_fullText_2"]	Methotrexate	C0025677
Urticaria	C0042109	IS_TREATED	["34623059_fullText_4"]	Methotrexate	C0025677
Juvenile arthritis	C3495559	IS_TREATED	["33722205_fullText_7"]	Methotrexate	C0025677
Myotonic Dystrophy	C0027126	IS_TREATED	["3840335_fullText_1","9990221_fullText_5","8515553_fullText_6","2585721_fullText_4"]	Anesthetics	C0002932
Mitochondrial Diseases	C0751651	IS_TREATED	["34849584_fullText_95","38358320_fullText_7"]	Anesthetics	C0002932
Adrenoleukodystrophy	C0162309	IS_TREATED	["37189159_fullText_180"]	Carnitine	C0007258
Phenylketonurias	C0031485	IS_TREATED	["26693706_fullText_5","18941921_fullText_1","15159643_fullText_2"]	Vitamins	C0042890
Adrenoleukodystrophy	C0162309	IS_TREATED	["38215098_fullText_3","38215098_abstract_3"]	Baclofen	C0004609
See-Saw Nystagmus	C0344243	IS_TREATED	["3492476_fullText_3"]	Baclofen	C0004609
Candidiasis	C0006840	IS_TREATED	["34452874_fullText_1"]	Adrenal Cortex Hormones	C0001617
Pneumonia	C0032285	IS_TREATED	["34452874_fullText_1"]	Adrenal Cortex Hormones	C0001617
Chronic Obstructive Airway Disease	C0024117	IS_TREATED	["36185170_fullText_1","35418750_fullText_1","36434678_fullText_2","34452874_fullText_1","35536261_fullText_2"]	Adrenal Cortex Hormones	C0001617
Asthma	C0004096	IS_TREATED	["37874567_fullText_12"]	Adrenal Cortex Hormones	C0001617
Asthma	C0004096	IS_TREATED	["37874567_fullText_1","35621331_fullText_1","36322828_fullText_1"]	Adrenal Cortex Hormones	C0001617
Acute asthma	C0582415	IS_TREATED	["35072366_fullText_4"]	Adrenal Cortex Hormones	C0001617
Chronic Obstructive Airway Disease	C0024117	IS_TREATED	["37210420_fullText_1"]	Adrenal Cortex Hormones	C0001617
Mitochondrial Diseases	C0751651	IS_TREATED	["36056365_fullText_46"]	Adrenal Cortex Hormones	C0001617
Opsoclonus	C0242567	IS_TREATED	["3492476_fullText_8"]	Adrenal Cortex Hormones	C0001617
Chylous effusion	C0013691	IS_TREATED	["34187907_fullText_7","34187907_fullText_9"]	Propranolol	C0033497
Dyssomnias	C0700201	IS_TREATED	["34143243_fullText_1"]	Propranolol	C0033497
Liver Cirrhosis	C0023890	IS_TREATED	["33762817_fullText_1","33762817_fullText_6"]	Propranolol	C0033497
Cirrhosis	C1623038	IS_TREATED	["37482222_fullText_4"]	Propranolol	C0033497
Hypertensive disease	C0020538	IS_TREATED	["34481114_fullText_1"]	Propranolol	C0033497
Heart Diseases	C0018799	IS_TREATED	["34481114_fullText_1"]	Propranolol	C0033497
Hypertensive disease	C0020538	IS_TREATED	["35457036_fullText_8"]	Propranolol	C0033497
hyperthyroid symptom	C0745143	IS_TREATED	["36743920_fullText_2"]	Propranolol	C0033497
Cardiovascular Diseases	C0007222	IS_TREATED	["35017664_fullText_3","36143915_fullText_4"]	Propranolol	C0033497
Chronic Obstructive Airway Disease	C0024117	IS_TREATED	["34279195_fullText_6"]	Propranolol	C0033497
Opsoclonus	C0242567	IS_TREATED	["3492476_fullText_8"]	Propranolol	C0033497
Irritable Bowel Syndrome	C0022104	IS_TREATED	["35560982_fullText_1"]	Tricyclic Antidepressant [EPC]	C3536819
nervous system disorder	C0027765	IS_TREATED	["34678230_fullText_14"]	Therapeutic agent (substance)	C1611640
Alzheimer's Disease	C0002395	IS_TREATED	["37486499_fullText_1","37334447_fullText_9","36857812_fullText_1"]	Therapeutic agent (substance)	C1611640
multiple pathologies	C0679225	IS_TREATED	["36142837_fullText_9"]	Therapeutic agent (substance)	C1611640
nervous system disorder	C0027765	IS_TREATED	["34678230_fullText_14"]	Therapeutic agent (substance)	C1611640
Obesity	C0028754	IS_TREATED	["34325303_fullText_9"]	Therapeutic agent (substance)	C1611640
Mitochondrial Diseases	C0751651	IS_TREATED	["34571904_fullText_4","31386302_fullText_101","38732047_fullText_25","38732047_fullText_34"]	Therapeutic agent (substance)	C1611640
Autoimmune Diseases	C0004364	IS_TREATED	["36980189_fullText_9"]	Therapeutic agent (substance)	C1611640
Overactive Bladder	C0878773	IS_TREATED	["33911165_fullText_1"]	Therapeutic agent (substance)	C1611640
Myopathy	C0026848	IS_TREATED	["12298310_fullText_5"]	Propofol	C0033487
Myotonic Dystrophy	C0027126	IS_TREATED	["11103182_fullText_8"]	Propofol	C0033487
Non-Neoplastic Pediatric Disorder	C2982732	IS_TREATED	["36056365_fullText_51"]	everolimus	C0541315
Leigh Disease	C0023264	IS_TREATED	["31386302_fullText_16"]	everolimus	C0541315
Sleep Apnea Syndromes	C0037315	IS_TREATED	["35653343_fullText_2"]	Antiepileptic Agents	C0003299
Epilepsy	C0014544	IS_TREATED	["37110645_fullText_1"]	Antiepileptic Agents	C0003299
Glutaric aciduria, type 1	C0268595	IS_TREATED	["21431622_fullText_369"]	Antiepileptic Agents	C0003299
Epilepsy	C0014544	IS_TREATED	["32739100_fullText_6"]	perampanel	C2698764
Cerebrovascular accident	C0038454	IS_TREATED	["36648628_fullText_2"]	Protective Agents	C0033613
Alzheimer's Disease	C0002395	IS_TREATED	["36648628_fullText_2"]	Protective Agents	C0033613
Mitochondrial Diseases	C0751651	IS_TREATED	["28916229_fullText_2"]	Protective Agents	C0033613
CONGENITAL DISORDER OF GLYCOSYLATION, TYPE Ii	C1842836	IS_TREATED	["29321044_fullText_48"]	Copper	C0009968
Movement Disorders	C0026650	IS_TREATED	["21431622_fullText_352"]	Vigabatrin	C0048044
Machado-Joseph Disease	C0024408	IS_TREATED	["32357546_fullText_18"]	Experimental drug	C0304229
Histidinemia	C0220992	IS_TREATED	["3959882_fullText_1"]	Histidine	C0019602
Hyperphenylalaninemia, Non-Phenylketonuric	C0751436	IS_TREATED	["33423362_fullText_1"]	hydrochloride	C1512523
Hyperphenylalaninaemia	C0751435	IS_TREATED	["33423362_fullText_2"]	hydrochloride	C1512523
Myotonic Dystrophy	C0027126	IS_TREATED	["19462802_fullText_6"]	remifentanil	C0246631
Chronic Fatigue Syndrome	C0015674	IS_TREATED	["35690765_fullText_2"]	Analgesics	C0002771
Chronic pain	C0150055	IS_TREATED	["33774007_fullText_17","35253178_fullText_3"]	Analgesics	C0002771
Phenylketonurias	C0031485	IS_TREATED	["433228_fullText_1"]	Ascorbic Acid	C0003968
Cytochrome-c Oxidase Deficiency	C0268237	IS_TREATED	["19616603_fullText_6"]	Sodium Pyruvate	C1576824
Chronic Obstructive Airway Disease	C0024117	IS_TREATED	["37364225_fullText_3"]	Investigational New Drugs	C0013230
Macrocephaly	C0221355	IS_TREATED	["1775140_fullText_9"]	Organic acids, Gynecological	C3541407
Congenital disorder of glycosylation type 1A	C0349653	IS_TREATED	["11343337_fullText_4"]	pentamethylmelamine	C0070302
Chronic Fatigue Syndrome	C0015674	IS_TREATED	["35690765_fullText_2"]	Muscle relaxants	C0358430
Migraine Disorders	C0149931	IS_TREATED	["36869904_fullText_10"]	Ketamine	C0022614
Seizures, Clonic	C0234535	IS_TREATED	["32969598_fullText_51"]	Midazolam	C0026056
Restless Legs Syndrome	C0035258	IS_TREATED	["33864178_fullText_2"]	Pramipexole	C0074710
Restless Legs Syndrome	C0035258	IS_TREATED	["34000142_fullText_2","35605349_fullText_8","33864178_fullText_2"]	Pramipexole	C0074710
Hyperphenylalaninemia, Non-Phenylketonuric	C0751436	IS_TREATED	["27562098_fullText_6"]	Pramipexole	C0074710
Parkinson Disease	C0030567	IS_TREATED	["34000142_fullText_2"]	Pramipexole	C0074710
Phenylketonurias	C0031485	IS_TREATED	["6106517_fullText_1"]	Antipsychotic Agents	C0040615
Parkinson Disease	C0030567	IS_TREATED	["34525848_fullText_1"]	Antipsychotic Agents	C0040615
Parkinson Disease	C0030567	IS_TREATED	["34525848_fullText_2"]	Antipsychotic Agents	C0040615
Helminthiasis	C0018889	IS_TREATED	["35406718_fullText_176"]	Antipsychotic Agents	C0040615
Arterial thrombosis	C0151942	IS_TREATED	["35570383_fullText_1"]	Aspirin	C0004057
Alzheimer's Disease	C0002395	IS_TREATED	["34151816_fullText_1","33831382_fullText_1"]	Memantine	C0025242
Migraine Disorders	C0149931	IS_TREATED	["36869904_fullText_10"]	Memantine	C0025242
Horizontal dissociated gaze palsy	C0344247	IS_TREATED	["34556625_fullText_5"]	Memantine	C0025242
Alzheimer's Disease	C0002395	IS_TREATED	["34360588_fullText_5"]	Memantine	C0025242
Epilepsy	C0014544	IS_TREATED	["37648266_fullText_4"]	Cannabidiol	C0006863
Deuteranomaly	C3887938	IS_TREATED	["39231983_fullText_23","39231983_fullText_172"]	Cannabidiol	C0006863
Syndrome	C0039082	IS_TREATED	["34498262_fullText_2"]	Carbidopa	C0006982
Familial cold urticaria	C0343068	IS_TREATED	["36913400_fullText_6"]	Carbidopa	C0006982
Chronic nonmalignant pain	C3662064	IS_TREATED	["36897501_fullText_2"]	Carbidopa	C0006982
Epilepsy	C0014544	IS_TREATED	["33845076_fullText_3","36471511_fullText_6","36471511_fullText_10","36471511_fullText_11"]	Carbidopa	C0006982
Obesity	C0028754	IS_TREATED	["34242511_fullText_7"]	Carbidopa	C0006982
Chronic inflammatory disorder	C1290886	IS_TREATED	["36413346_fullText_4"]	Carbidopa	C0006982
Chronic pain	C0150055	IS_TREATED	["36122809_fullText_1","36913400_fullText_12"]	Carbidopa	C0006982
Chronic arthritis	C0263680	IS_TREATED	["35887239_fullText_3"]	Carbidopa	C0006982
Phenylketonuria II	C0268465	IS_TREATED	["2878984_fullText_7"]	Leucovorin	C0023413
Malaria, Falciparum	C0024535	PRODUCES	["10627868_fullText_6"]	Histamine	C0019588
Urticaria	C0042109	IS_TREATED	["35538735_fullText_1"]	Histamine H1 Antagonists	C0019592
Urticaria	C0042109	IS_TREATED	["37517656_fullText_1","37517656_fullText_6"]	Histamine H1 Antagonists	C0019592
Allergic condition	C0851444	IS_TREATED	["37517656_fullText_1","37517656_fullText_7","35538735_fullText_1"]	Histamine H1 Antagonists	C0019592
Alzheimer's Disease	C0002395	IS_TREATED	["34151816_fullText_1","33831382_fullText_1"]	NMDA receptor antagonist	C0598695
Cirrhosis	C1623038	IS_TREATED	["37482222_fullText_4"]	Nitric Oxide	C0028128
Syndrome	C0039082	IS_TREATED	["34699855_fullText_1"]	Antidepressive Agents	C0003289
Epilepsy	C0014544	IS_TREATED	["33860531_fullText_4"]	Antidepressive Agents	C0003289
Fibromyalgia	C0016053	IS_TREATED	["34481450_fullText_3"]	Antidepressive Agents	C0003289
Chronic Obstructive Airway Disease	C0024117	IS_TREATED	["37256536_fullText_1"]	Gold	C0018026
Chronic Obstructive Airway Disease	C0024117	IS_TREATED	["34342835_fullText_1","34489206_fullText_1"]	Glycopyrrolate	C0017970
Asthma	C0004096	IS_TREATED	["37428619_fullText_1"]	Glycopyrrolate	C0017970
Pulmonary Hypertension, Primary, 1, With Hereditary Hemorrhagic Telangiectasia	C3714844	IS_TREATED	["35389593_fullText_7"]	Glycopyrrolate	C0017970
Diabetic Neuropathies	C0011882	IS_TREATED	["34652821_fullText_2"]	Sorbitol	C0037688
Chronic heart failure	C0264716	IS_TREATED	["33874876_fullText_1"]	Adrenergic beta-Antagonists	C0001645
Takotsubo Cardiomyopathy	C1739395	IS_TREATED	["33738934_fullText_1","33738934_fullText_2"]	Adrenergic beta-Antagonists	C0001645
Chronic Obstructive Airway Disease	C0024117	IS_TREATED	["34763643_fullText_2","34686204_fullText_2","34686204_fullText_7","36815843_fullText_2"]	Adrenergic beta-Antagonists	C0001645
Myocardial Infarction	C0027051	IS_TREATED	["36504211_fullText_1","35058412_fullText_1"]	Adrenergic beta-Antagonists	C0001645
Cardiovascular Diseases	C0007222	IS_TREATED	["35102367_fullText_1"]	Adrenergic beta-Antagonists	C0001645
post mi	C0856742	IS_TREATED	["34227397_fullText_2"]	Adrenergic beta-Antagonists	C0001645
Heart failure	C0018801	IS_TREATED	["35705532_fullText_8","34364800_fullText_3","34861195_fullText_1","35001562_fullText_1","36086982_fullText_6","36086982_fullText_7","34022072_fullText_0"]	Adrenergic beta-Antagonists	C0001645
Acute myocardial infarction	C0155626	IS_TREATED	["35058412_fullText_3","35473676_fullText_1","35473676_fullText_13"]	Adrenergic beta-Antagonists	C0001645
Septicemia	C0036690	IS_TREATED	["34812680_fullText_6"]	Adrenergic beta-Antagonists	C0001645
Thyrotoxicosis	C0040156	IS_TREATED	["36518043_fullText_1"]	Adrenergic beta-Antagonists	C0001645
Hypertensive disease	C0020538	IS_TREATED	["36008071_fullText_1"]	Adrenergic beta-Antagonists	C0001645
Cardiovascular Diseases	C0007222	IS_TREATED	["35422024_fullText_2"]	Adrenergic beta-Antagonists	C0001645
Cardiovascular Diseases	C0007222	IS_TREATED	["35954977_fullText_1","35157531_fullText_1"]	Adrenergic beta-Antagonists	C0001645
Glaucoma	C0017601	IS_TREATED	["34433550_fullText_3"]	Adrenergic beta-Antagonists	C0001645
Dermatologic disorders	C0037274	IS_TREATED	["34075667_fullText_3"]	Adrenergic beta-Antagonists	C0001645
Heart Diseases	C0018799	IS_TREATED	["34481114_fullText_1","34481114_fullText_3"]	Adrenergic beta-Antagonists	C0001645
Acute myocardial infarction	C0155626	IS_TREATED	["36822258_fullText_1"]	Adrenergic beta-Antagonists	C0001645
Ischemic cardiomyopathy	C0349782	IS_TREATED	["33739204_fullText_6"]	Adrenergic beta-Antagonists	C0001645
Sinus Tachycardia	C0039239	IS_TREATED	["35393351_fullText_5"]	Adrenergic beta-Antagonists	C0001645
Heart failure	C0018801	IS_TREATED	["33781390_fullText_2","36029011_fullText_4","37345734_fullText_1","37075940_fullText_5","36096950_fullText_1"]	Adrenergic beta-Antagonists	C0001645
Chronic heart failure	C0264716	IS_TREATED	["36854142_fullText_3"]	Adrenergic beta-Antagonists	C0001645
Stable angina	C0340288	IS_TREATED	["35842897_fullText_8"]	Adrenergic beta-Antagonists	C0001645
Marfan Syndrome	C0024796	IS_TREATED	["36939732_fullText_3"]	Adrenergic beta-Antagonists	C0001645
Hypertensive disease	C0020538	IS_TREATED	["36029011_fullText_5","36029011_fullText_7","35378981_fullText_4","34481114_fullText_1","36735202_fullText_3","35855505_fullText_4","35202021_fullText_1","35157531_fullText_1","35157531_fullText_5","36854142_fullText_3"]	Adrenergic beta-Antagonists	C0001645
Diabetes	C0011847	IS_TREATED	["33951507_fullText_2"]	Muscarinic Agonists	C0242947
Sjogren's Syndrome	C1527336	IS_TREATED	["33951507_fullText_2"]	Muscarinic Agonists	C0242947
Hyperprolactinemia	C0020514	IS_TREATED	["36125673_fullText_1"]	amsonic acid	C0051767
Restless Legs Syndrome	C0035258	IS_TREATED	["35609673_fullText_6"]	amsonic acid	C0051767
early idiopathic parkinson's disease	C0694564	IS_TREATED	["33951753_fullText_2"]	ropinirole	C0244821
Restless Legs Syndrome	C0035258	IS_TREATED	["35605349_fullText_8"]	ropinirole	C0244821
Parkinson Disease	C0030567	IS_TREATED	["36623876_fullText_9"]	ropinirole	C0244821
Urologic Diseases	C0042075	IS_TREATED	["36059204_fullText_2"]	Adrenergic Antagonists	C0242889
Erectile dysfunction	C0242350	IS_TREATED	["34817810_fullText_1"]	Adrenergic Antagonists	C0242889
Heart failure	C0018801	IS_TREATED	["34106365_fullText_1"]	Adrenergic Antagonists	C0242889
Hypertensive disease	C0020538	IS_TREATED	["34800264_fullText_2","35855505_fullText_4"]	Metoprolol	C0025859
Respiratory Distress Syndrome, Adult	C0035222	IS_TREATED	["34474731_fullText_8"]	Metoprolol	C0025859
Ureterolithiasis	C0041952	IS_TREATED	["34241685_fullText_1","34241685_fullText_8"]	mirabegron	C2983812
Chronic Kidney Diseases	C1561643	IS_TREATED	["34471171_fullText_6"]	mirabegron	C2983812
Nance-Horan syndrome	C0796085	IS_TREATED	["36914425_fullText_6"]	mirabegron	C2983812
Cardiomyopathies	C0878544	IS_TREATED	["34471171_fullText_4"]	mirabegron	C2983812
Restless Legs Syndrome	C0035258	IS_TREATED	["35609673_fullText_3"]	pregabalin	C0657912
Restless Legs Syndrome	C0035258	IS_TREATED	["37008995_fullText_10"]	pregabalin	C0657912
Alzheimer's Disease	C0002395	IS_TREATED	["34029287_fullText_1"]	donepezil	C0527316
Alzheimer's Disease	C0002395	IS_TREATED	["34627332_fullText_4"]	donepezil	C0527316
Inflammatory disorder	C1290884	IS_TREATED	["33851543_fullText_1"]	donepezil	C0527316
Alzheimer's Disease	C0002395	IS_TREATED	["34602041_fullText_6","37067450_fullText_1","37723924_fullText_1"]	donepezil	C0527316
Osteoporosis with pseudoglioma	C0432252	IS_TREATED	["37067450_fullText_1"]	donepezil	C0527316
nervous system disorder	C0027765	IS_TREATED	["34219594_fullText_1"]	donepezil	C0527316
Cerebral Infarction	C0007785	IS_TREATED	["37824402_fullText_6"]	Muscimol	C0026818
Hypertensive disease	C0020538	IS_TREATED	["37167182_fullText_7","34935181_fullText_1"]	Antihypertensive Agents	C0003364
Severe Acute Respiratory Syndrome	C1175175	IS_TREATED	["34126079_fullText_2"]	Antihypertensive Agents	C0003364
Epilepsy	C0014544	IS_TREATED	["36251288_fullText_12"]	Antihypertensive Agents	C0003364
Chronic heart failure	C0264716	IS_TREATED	["33874876_fullText_1"]	Angiotensin-Converting Enzyme Inhibitors	C0003015
Sleep Apnea, Obstructive	C0520679	IS_TREATED	["35313858_fullText_7"]	Angiotensin-Converting Enzyme Inhibitors	C0003015
Cardiomyopathies	C0878544	IS_TREATED	["23137741_fullText_3"]	Angiotensin-Converting Enzyme Inhibitors	C0003015
Heart failure	C0018801	IS_TREATED	["33781390_fullText_2"]	Angiotensin-Converting Enzyme Inhibitors	C0003015
Cardiac dilatation	C0264732	IS_TREATED	["22327749_fullText_55"]	Angiotensin-Converting Enzyme Inhibitors	C0003015
Heart failure	C0018801	IS_TREATED	["34364800_fullText_3"]	Angiotensin II receptor antagonist	C0521942
Cardiomyopathies	C0878544	IS_TREATED	["23137741_fullText_3"]	Angiotensin II receptor antagonist	C0521942
Heart failure	C0018801	IS_TREATED	["33781390_fullText_2"]	Angiotensin II receptor antagonist	C0521942
Alzheimer's Disease	C0002395	IS_TREATED	["35684298_fullText_1"]	Calcium Channel Blockers	C0006684
Chronic Obstructive Airway Disease	C0024117	IS_TREATED	["34650619_fullText_1"]	tiotropium bromide	C1306772
Chronic Obstructive Airway Disease	C0024117	IS_TREATED	["34342835_fullText_1"]	formoterol fumarate	C0771469
Myotonic Dystrophy	C0027126	IS_TREATED	["8099979_fullText_5"]	sevoflurane	C0074414
Non-Convulsive Status Epilepticus	C0751523	IS_TREATED	["30029642_fullText_25"]	Benzodiazepines	C0005064
Allergic disposition	C3539909	IS_TREATED	["34587362_fullText_8"]	Antihistamines	C0003360
Motion Sickness	C0026603	IS_TREATED	["36250781_fullText_10","36250781_fullText_24"]	Antihistamines	C0003360
Chronic urticaria	C0263338	IS_TREATED	["33931937_fullText_2"]	Antihistamines	C0003360
Cardiovascular Diseases	C0007222	IS_TREATED	["34438076_fullText_5"]	Antihistamines	C0003360
early pregnancy	C0747845	IS_TREATED	["36207047_fullText_6"]	Antihistamines	C0003360
Motion Sickness	C0026603	IS_TREATED	["36250781_fullText_2"]	Antihistamines	C0003360
Recurrent disease	C0277556	IS_TREATED	["36109351_fullText_4"]	Anti-Histamine	C1961851
Cutaneous hypersensitivity	C0585186	IS_TREATED	["34560549_fullText_1"]	Anti-Histamine	C1961851
Chronic Obstructive Airway Disease	C0024117	IS_TREATED	["36185170_fullText_1","35429764_fullText_1","35418750_fullText_1","36434678_fullText_2","33821890_fullText_1","35849317_fullText_2"]	Muscarinic Antagonists	C0003385
Asthma	C0004096	IS_TREATED	["34626859_fullText_1"]	Muscarinic Antagonists	C0003385
Overactive Bladder	C0878773	IS_TREATED	["37191196_fullText_1","35272333_fullText_1"]	Muscarinic Antagonists	C0003385
Asthma	C0004096	IS_TREATED	["37428619_fullText_2","37428619_fullText_9","35074516_fullText_7"]	Muscarinic Antagonists	C0003385
Syndrome	C0039082	IS_TREATED	["37191196_fullText_1"]	Muscarinic Antagonists	C0003385
Sleep Apnea, Obstructive	C0520679	IS_TREATED	["35709641_fullText_1","35709641_fullText_3"]	Muscarinic Antagonists	C0003385
Chronic Obstructive Airway Disease	C0024117	IS_TREATED	["34503985_fullText_1","35849317_fullText_1"]	Muscarinic Antagonists	C0003385
Parkinson Disease	C0030567	IS_TREATED	["35150767_fullText_2"]	cabergoline	C0107994
Parkinsonian Disorders	C0242422	IS_TREATED	["34702339_fullText_1"]	cabergoline	C0107994
Hyperglycemia	C0020456	IS_TREATED	["34702339_fullText_1"]	cabergoline	C0107994
Hyperprolactinemia	C0020514	IS_TREATED	["34702339_fullText_1"]	cabergoline	C0107994
Hyperprolactinemia	C0020514	IS_TREATED	["34261980_fullText_1"]	cabergoline	C0107994
Chronic pain	C0150055	IS_TREATED	["37027147_fullText_1"]	Cannabinoids	C0006864
Chronic pain	C0150055	IS_TREATED	["37348821_fullText_2"]	Cannabinoids	C0006864
Dermatologic disorders	C0037274	IS_TREATED	["37699631_fullText_1","37699631_fullText_4"]	Cannabinoids	C0006864
Migraine Disorders	C0149931	IS_TREATED	["37515745_fullText_7"]	Cannabinoids	C0006864
Movement Disorders	C0026650	IS_TREATED	["36038457_fullText_1","36038457_fullText_3"]	Cannabinoids	C0006864
Neuropathy	C0442874	IS_TREATED	["37833878_fullText_12"]	Cannabinoids	C0006864
Overactive Bladder	C0878773	IS_TREATED	["36835228_fullText_1"]	Cannabinoids	C0006864
multiple pathologies	C0679225	IS_TREATED	["36638804_fullText_4"]	Cannabinoids	C0006864
Alzheimer's Disease	C0002395	IS_TREATED	["37839515_fullText_1"]	indole	C0021236
Intraoperative floppy iris syndrome	C1688637	IS_TREATED	["34652535_fullText_6"]	Atropine	C0004259
Myopia	C0027092	IS_TREATED	["37742601_fullText_8"]	Atropine	C0004259
Phenylketonurias	C0031485	IS_TREATED	["3148070_fullText_2"]	5-(3-hydroxybenzoyl)-2-thiophenesulfonamide	C0048996
Epilepsy	C0014544	IS_TREATED	["36129615_fullText_1"]	Tetrahydrocannabinol	C0039663
Obesity	C0028754	IS_TREATED	["34242511_fullText_7"]	Tetrahydrocannabinol	C0039663
Chronic nonmalignant pain	C3662064	IS_TREATED	["36897501_fullText_2"]	Tetrahydrocannabinol	C0039663
Chronic pain	C0150055	IS_TREATED	["36122809_fullText_1"]	Tetrahydrocannabinol	C0039663
Migraine Disorders	C0149931	IS_TREATED	["37515745_fullText_2"]	Marihuana	C0024808
Parkinson Disease	C0030567	IS_TREATED	["33961911_fullText_3"]	Marihuana	C0024808
Headache Disorders	C0393735	IS_TREATED	["37515745_fullText_2"]	Marihuana	C0024808
Neurodegenerative Disorders	C0524851	IS_TREATED	["37815196_fullText_1"]	Marihuana	C0024808
Hyperthyroidism	C0020550	IS_TREATED	["37493532_fullText_4"]	Marihuana	C0024808
Hypothyroidism	C0020676	IS_TREATED	["37493532_fullText_4"]	Marihuana	C0024808
Gastrointestinal Diseases	C0017178	IS_TREATED	["37834122_fullText_6"]	Marihuana	C0024808
Endometriosis	C0014175	IS_TREATED	["34978929_fullText_8"]	Marihuana	C0024808
Chronic pain	C0150055	IS_TREATED	["34695720_fullText_1"]	Marihuana	C0024808
Dermatologic disorders	C0037274	IS_TREATED	["35628241_fullText_8","37699631_fullText_1","37699631_fullText_4"]	Marihuana	C0024808
nervous system disorder	C0027765	IS_TREATED	["37815196_fullText_1"]	Marihuana	C0024808
Movement Disorders	C0026650	IS_TREATED	["36038457_fullText_1"]	Marihuana	C0024808
motor disorder	C0221163	IS_TREATED	["33961911_fullText_6"]	Marihuana	C0024808
Chronic pain	C0150055	IS_TREATED	["36692097_fullText_8"]	Cannabis Preparation	C0939898
Heart failure	C0018801	IS_TREATED	["34364800_fullText_3"]	Mineralocorticoid Receptor Antagonists	C1579268
Heart failure	C0018801	IS_TREATED	["33781390_fullText_2","37345734_fullText_1"]	Mineralocorticoid Receptor Antagonists	C1579268
Dementia, Vascular	C0011269	IS_TREATED	["33704781_fullText_4"]	Cholinesterase Inhibitors	C0008425
Myasthenic Syndromes, Congenital	C0751882	IS_TREATED	["15328566_fullText_7"]	Cholinesterase Inhibitors	C0008425
Alzheimer's Disease	C0002395	IS_TREATED	["37262057_fullText_1"]	Cholinesterase Inhibitors	C0008425
Myasthenic Syndromes, Congenital	C0751882	IS_TREATED	["20157724_fullText_3"]	Cholinesterase Inhibitors	C0008425
Neurodegenerative Disorders	C0524851	IS_TREATED	["34361074_fullText_1","34047146_fullText_2"]	Cholinesterase Inhibitors	C0008425
Alzheimer's Disease	C0002395	IS_TREATED	["34130217_fullText_1","37262057_fullText_1","36696766_fullText_1","36461610_fullText_3","35635358_fullText_1"]	Cholinesterase Inhibitors	C0008425
Myasthenia Gravis	C0026896	IS_TREATED	["34865952_fullText_4"]	Cholinesterase Inhibitors	C0008425
Syndrome	C0039082	IS_TREATED	["37262057_fullText_1","37866207_fullText_1"]	Cholinesterase Inhibitors	C0008425
Atrioventricular conduction disorder	C1627362	IS_TREATED	["34817810_fullText_14"]	yohimbine	C0724441
Erectile dysfunction	C0242350	IS_TREATED	["34817810_fullText_1"]	yohimbine	C0724441
Myotonic Dystrophy	C0027126	IS_TREATED	["3441927_fullText_6"]	Hydrocortisone	C0020268
Cardiomyopathies	C0878544	IS_TREATED	["1429218_fullText_3"]	Prolactin	C0033371
Phenylketonurias	C0031485	PRODUCES	["35713742_fullText_6"]	Phenylalanine	C0031453
Hereditary Diseases	C0019247	PRODUCES	["16640195_fullText_1"]	Phenylalanine	C0031453
Phenylketonurias	C0031485	PRODUCES__SPEC__	["16640195_fullText_1"]	Phenylalanine	C0031453
Hyperphenylalaninaemia	C0751435	IS_TREATED	["19627172_fullText_3","19323589_fullText_3","18932221_fullText_2","16183315_fullText_2","11264437_fullText_7","10484807_fullText_1","2122127_fullText_1","3826953_fullText_7"]	Phenylalanine	C0031453
Phenylketonuria II	C0268465	IS_TREATED	["8222274_fullText_2"]	Phenylalanine	C0031453
Classical phenylketonuria	C0751434	IS_TREATED	["17884650_fullText_1"]	Phenylalanine	C0031453
Phenylketonurias	C0031485	IS_TREATED	["34656426_fullText_2","34656426_fullText_4","38142628_fullText_9","38068761_abstract_37","32054509_abstract_4","39388898_fullText_2","39388898_fullText_5","39059270_fullText_3","38907189_fullText_4","38351011_fullText_8","37770764_fullText_6"]	Phenylalanine	C0031453
Pulmonary Hypertension, Primary, 1, With Hereditary Hemorrhagic Telangiectasia	C3714844	IS_TREATED	["19609714_fullText_5"]	Phenylalanine	C0031453
6-pyruvoyl-tetrahydropterin synthase deficiency	C0878676	IS_TREATED	["32202960_fullText_7"]	Phenylalanine	C0031453
Hyperphenylalaninemia, Non-Phenylketonuric	C0751436	IS_TREATED	["19627172_fullText_4","19323589_fullText_4"]	Phenylalanine	C0031453
Phenylketonurias	C0031485	IS_TREATED	["34420302_fullText_4"]	Phenylalanine	C0031453
Fish-Eye Disease	C0342895	IS_TREATED	["6445841_fullText_1"]	Phenylalanine	C0031453
Classical phenylketonuria	C0751434	IS_TREATED	["37470789_fullText_8"]	Phenylalanine	C0031453
Mouth Diseases	C0026636	IS_TREATED	["12200907_fullText_4"]	Phenylalanine	C0031453
Congenital Disorders	C0242354	IS_TREATED	["9507164_fullText_1"]	Phenylalanine	C0031453
Obesity	C0028754	IS_TREATED	["34144002_fullText_7"]	Phenylalanine	C0031453
Urea Cycle Disorders, Inborn	C0154246	IS_TREATED	["32542434_fullText_3"]	Phenylalanine	C0031453
Phenylketonurias	C0031485	IS_TREATED	["37827804_fullText_1","37291632_fullText_3","35527480_fullText_1","35289300_fullText_1","35015767_fullText_2","35015767_fullText_8","31603834_fullText_6","30157945_fullText_6","29653686_fullText_6","29267500_fullText_1","29102225_fullText_3","28915855_fullText_2","28752875_fullText_5","28182360_fullText_1","27832415_fullText_7","25913748_fullText_2","25007061_fullText_3","23782895_fullText_5","21733144_fullText_3","22018725_fullText_5","19277839_fullText_1","19191004_fullText_10","15906735_fullText_11","12424106_fullText_1","12401368_fullText_4","10051643_fullText_4","7967476_fullText_1","2877115_fullText_1","4025205_fullText_6","6713688_fullText_1","6422071_fullText_3","6820461_fullText_5","6790852_fullText_2","6453302_fullText_5","7194402_fullText_11","930099_fullText_7","890909_fullText_4","1219115_fullText_1","38734223_fullText_4"]	Phenylalanine	C0031453
nervous system disorder	C0027765	IS_TREATED	["7110811_fullText_2"]	Phenylalanine	C0031453
Juvenile-Onset Vitelliform Macular Dystrophy	C2745945	IS_TREATED	["22300845_fullText_2"]	Phenylalanine	C0031453
Phenylketonuria, Maternal	C0085547	IS_TREATED	["1755650_fullText_1"]	Phenylalanine	C0031453
Hyperphenylalaninaemia	C0751435	IS_TREATED	["2286013_fullText_2"]	Phenylalanine	C0031453
Congenital heart disease	C0152021	IS_TREATED	["11328945_fullText_8"]	Phenylalanine	C0031453
Chronically Ill	C0008715	IS_TREATED	["11768137_fullText_7"]	Phenylalanine	C0031453
Migraine Disorders	C0149931	IS_TREATED	["34382533_fullText_10"]	Dopamine Antagonists	C0242702
Dyskinetic syndrome	C0013384	IS_TREATED	["37774703_fullText_1"]	Dopamine Antagonists	C0242702
Gastroparesis	C0152020	IS_TREATED	["36749528_fullText_1"]	Dopamine Antagonists	C0242702
Chronic Kidney Insufficiency	C0403447	IS_TREATED	["36040016_fullText_7"]	Nadolol	C0027302
Hypertensive disease	C0020538	IS_TREATED	["36040016_fullText_1"]	Nadolol	C0027302
Hypertensive disease	C0020538	IS_TREATED	["35855505_fullText_4"]	Nadolol	C0027302
Chronic heart failure	C0264716	IS_TREATED	["33874876_fullText_1"]	Vasodilator Agents	C0042402
Primary Raynaud's	C0151445	IS_TREATED	["33998674_fullText_24"]	Vasodilator Agents	C0042402
Gastroesophageal reflux disease	C0017168	IS_TREATED	["34675338_fullText_2"]	GABA-B Receptor Agonists	C2936800
Myotonic Dystrophy	C0027126	IS_TREATED	["19506327_fullText_4"]	pioglitazone	C0071097
Reactive hypoglycemia	C0271710	IS_TREATED	["19999145_fullText_10"]	pioglitazone	C0071097
Hyperinsulinism	C0020459	IS_TREATED	["19999145_fullText_10"]	pioglitazone	C0071097
Nocturia	C0028734	IS_TREATED	["36067995_fullText_5"]	Adrenergic alpha-Antagonists	C0001641
Hypertensive disease	C0020538	IS_TREATED	["37436689_fullText_3","35775356_fullText_1"]	Adrenergic alpha-Antagonists	C0001641
Cataplexy	C0007384	IS_TREATED	["37233887_fullText_1"]	agonists and antagonists	C0682770
Narcolepsy	C0027404	IS_TREATED	["37233887_fullText_1"]	agonists and antagonists	C0682770
Parkinson Disease	C0030567	IS_TREATED	["34525848_fullText_1"]	Anticholinergic Agents	C0242896
Parkinsonian Disorders	C0242422	IS_TREATED	["36354229_fullText_5"]	Anticholinergic Agents	C0242896
Nocturia	C0028734	IS_TREATED	["36576454_fullText_3","36585172_fullText_6"]	Anticholinergic Agents	C0242896
Sialorrhea	C0037036	IS_TREATED	["35594794_fullText_10"]	Anticholinergic Agents	C0242896
Incontinence	C0021167	IS_TREATED	["36576454_fullText_3"]	Anticholinergic Agents	C0242896
Focal Dystonia	C0743332	IS_TREATED	["36354229_fullText_8"]	Anticholinergic Agents	C0242896
Acute asthma	C0582415	IS_TREATED	["35072366_fullText_4"]	Anticholinergic Agents	C0242896
Low compliance bladder	C0489967	IS_TREATED	["37188601_fullText_7"]	Anticholinergic Agents	C0242896
Parkinson Disease	C0030567	IS_TREATED	["34525848_fullText_2"]	Anticholinergic Agents	C0242896
Overactive Bladder	C0878773	IS_TREATED	["37244459_fullText_2","37713027_fullText_3"]	Anticholinergic Agents	C0242896
Asthma	C0004096	IS_TREATED	["37428619_fullText_5"]	Anticholinergic Agents	C0242896
nervous system disorder	C0027765	IS_TREATED	["34481450_fullText_5"]	duloxetine	C0245561
Irritable Bowel Syndrome	C0022104	IS_TREATED	["36468983_fullText_9"]	duloxetine	C0245561
Neuropathy	C0442874	IS_TREATED	["35754070_fullText_12"]	duloxetine	C0245561
Overactive Bladder	C0878773	IS_TREATED	["34346046_fullText_10"]	duloxetine	C0245561
Incontinence	C0021167	IS_TREATED	["37386151_fullText_5"]	duloxetine	C0245561
Strudwick syndrome	C0700635	IS_TREATED	["37259037_fullText_4"]	Paroxetine	C0070122
Functional Gastrointestinal Disorders	C0559031	IS_TREATED	["35700562_fullText_1"]	Paroxetine	C0070122
Gastric ulcer	C0038358	IS_TREATED	["37907775_fullText_4"]	Proton Pump Inhibitors	C0358591
reflex disorder	C0597367	IS_TREATED	["34089392_fullText_1"]	Proton Pump Inhibitors	C0358591
Gastroesophageal reflux disease	C0017168	IS_TREATED	["33860641_fullText_1","37843943_fullText_4","37458926_fullText_1"]	Proton Pump Inhibitors	C0358591
Virus Diseases	C0042769	IS_TREATED	["35672014_fullText_8"]	Proton Pump Inhibitors	C0358591
Gastric ulcer	C0038358	IS_TREATED	["37907775_fullText_4"]	Proton Pump Inhibitors	C0358591
Asthma	C0004096	IS_TREATED	["36622684_fullText_6"]	Proton Pump Inhibitors	C0358591
Stomach Diseases	C0038354	IS_TREATED	["36847276_fullText_4"]	Histamine H2 Antagonists	C0019593
Gastroesophageal reflux disease	C0017168	IS_TREATED	["33860641_fullText_1","37843943_fullText_4","35578169_fullText_2"]	Histamine H2 Antagonists	C0019593
Chronic Obstructive Airway Disease	C0024117	IS_TREATED	["37690008_fullText_6"]	Prednisone	C0032952
Gastrointestinal Diseases	C0017178	IS_TREATED	["36519289_fullText_3"]	Ranitidine	C0034665
Gastroparesis	C0152020	IS_TREATED	["36749528_fullText_6"]	Metoclopramide	C0025853
Coronary Arteriosclerosis	C0010054	IS_TREATED	["35994706_fullText_5"]	Ticagrelor	C1999375
Chronic Kidney Diseases	C1561643	IS_TREATED	["34274518_fullText_2"]	Ticagrelor	C1999375
Acute Coronary Syndrome	C0948089	IS_TREATED	["34233865_fullText_1","34664214_fullText_9","37757520_fullText_2","35644848_fullText_6"]	Ticagrelor	C1999375
Myocardial Infarction	C0027051	IS_TREATED	["33712510_fullText_1"]	Ticagrelor	C1999375
post mi	C0856742	IS_TREATED	["33758122_fullText_6"]	Ticagrelor	C1999375
Acute Coronary Syndrome	C0948089	IS_TREATED	["35570383_fullText_9"]	Ticagrelor	C1999375
Acute Coronary Syndrome	C0948089	IS_TREATED	["37751668_fullText_1","35570383_fullText_9"]	Ticagrelor	C1999375
Old myocardial infarction	C0155668	IS_TREATED	["33758122_fullText_6"]	Ticagrelor	C1999375
Hypertensive disease	C0020538	IS_TREATED	["35292147_fullText_1"]	clopidogrel	C0070166
Transient Ischemic Attack	C0007787	IS_TREATED	["34039032_fullText_5"]	clopidogrel	C0070166
Cerebrovascular accident	C0038454	IS_TREATED	["34039032_fullText_5"]	clopidogrel	C0070166
Acute Coronary Syndrome	C0948089	IS_TREATED	["37757520_fullText_2","35860883_fullText_1"]	clopidogrel	C0070166
Coronary Arteriosclerosis	C0010054	IS_TREATED	["35994706_fullText_5"]	clopidogrel	C0070166
Acute Coronary Syndrome	C0948089	IS_TREATED	["36690313_fullText_1"]	clopidogrel	C0070166
Myocardial Infarction	C0027051	IS_TREATED	["33712510_fullText_1"]	prasugrel	C1620287
post mi	C0856742	IS_TREATED	["33758122_fullText_6"]	prasugrel	C1620287
Acute Coronary Syndrome	C0948089	IS_TREATED	["37751668_fullText_1"]	prasugrel	C1620287
Alzheimer's Disease	C0002395	IS_TREATED	["36035218_fullText_1"]	Tacrine	C0039245
Epilepsy	C0014544	IS_TREATED	["31957011_fullText_57"]	topiramate	C0076829
Chronic Insomnia	C0751249	IS_TREATED	["35102822_fullText_4"]	Trazodone	C0040805
Cerebrovascular accident	C0038454	IS_TREATED	["34597681_fullText_2"]	GABA-A Receptor Antagonists	C2936801
Dystrophia myotonica 1	C2931688	IS_TREATED	["22154451_fullText_1"]	Sugammadex	C1700695
Observation of Neuromuscular Block	C0700323	IS_TREATED	["35016451_fullText_1","27631259_fullText_45"]	Sugammadex	C1700695
Myasthenic Syndromes, Congenital	C0751882	IS_TREATED	["33760762_fullText_3"]	Sugammadex	C1700695
Observation of Neuromuscular Block	C0700323	IS_TREATED	["36229945_fullText_2"]	Neostigmine	C0027679
Hyalinosis, Systemic	C2745948	IS_TREATED	["34514552_fullText_10"]	Norepinephrine Reuptake Inhibitor [EPC]	C3537046
Asthma	C0004096	IS_TREATED	["37641216_fullText_3"]	Norepinephrine Reuptake Inhibitor [EPC]	C3537046
Porokeratosis, Palmoplantar	C0162838	IS_TREATED	["36906836_fullText_15"]	Norepinephrine Reuptake Inhibitor [EPC]	C3537046
Urinary Stress Incontinence	C0042025	IS_TREATED	["37386151_fullText_6"]	Norepinephrine Reuptake Inhibitor [EPC]	C3537046
Migraine Disorders	C0149931	IS_TREATED	["33797074_fullText_1","33797074_fullText_2","33797074_fullText_9"]	Chlorpromazine	C0008286
Phenylketonurias	C0031485	IS_TREATED	["30706953_fullText_6"]	5-Hydroxytryptophan	C0000578
Epilepsy	C0014544	IS_TREATED	["32980745_fullText_4"]	5-Hydroxytryptophan	C0000578
Hyperphenylalaninaemia	C0751435	IS_TREATED	["19664307_fullText_8"]	5-Hydroxytryptophan	C0000578
Hyperphenylalaninaemia	C0751435	IS_TREATED	["19664307_fullText_9"]	5-Hydroxytryptophan	C0000578
Diamond-Blackfan Anemia 1	C2676137	IS_TREATED	["33709985_fullText_7"]	5-Hydroxytryptophan	C0000578
Hyperphenylalaninemia, Non-Phenylketonuric	C0751436	IS_TREATED	["11916314_fullText_5"]	5-Hydroxytryptophan	C0000578
Neurodegenerative Disorders	C0524851	IS_TREATED	["34361702_fullText_3"]	Coumarins	C0010207
Myotonic Dystrophy	C0027126	IS_TREATED	["16855999_fullText_3","12519589_fullText_2"]	Psychostimulant	C0304403
Neurodegenerative Disorders	C0524851	IS_TREATED	["36608712_fullText_1"]	Alkaloids	C0002062
Erectile dysfunction	C0242350	IS_TREATED	["35970968_fullText_2","36263866_fullText_10"]	Central Nervous System Stimulants	C0002763
Inflammatory disorder	C1290884	IS_TREATED	["36263866_fullText_10"]	Central Nervous System Stimulants	C0002763
Chronic Obstructive Airway Disease	C0024117	IS_TREATED	["34450560_fullText_15"]	Adrenergic Agonists	C0001648
Asthma	C0004096	IS_TREATED	["34450560_fullText_15","37874567_fullText_12"]	Adrenergic Agonists	C0001648
Syndrome	C0039082	IS_TREATED	["32895905_fullText_8"]	Adrenergic Agonists	C0001648
Cardiovascular Diseases	C0007222	IS_TREATED	["36594387_fullText_1"]	Adrenergic Agonists	C0001648
Heart failure	C0018801	IS_TREATED	["31636082_fullText_69"]	Adrenergic Agonists	C0001648
Neuromuscular Diseases	C0027868	IS_TREATED	["39151654_fullText_4"]	Adrenergic Agonists	C0001648
Overactive Bladder	C0878773	IS_TREATED	["37721189_fullText_3","35588870_fullText_2"]	Adrenergic Agonists	C0001648
Asthma	C0004096	IS_TREATED	["34592235_fullText_1","34341099_fullText_1","37874567_fullText_1"]	Adrenergic Agonists	C0001648
Myasthenia Gravis	C0026896	IS_TREATED	["23790237_fullText_1"]	Adrenergic Agonists	C0001648
Bronchial Spasm	C0006266	IS_TREATED	["34823751_fullText_5"]	Adrenergic Agonists	C0001648
Cardiovascular Diseases	C0007222	IS_TREATED	["36594387_fullText_1"]	Adrenergic Agonists	C0001648
Slow channel syndrome	C0393934	IS_TREATED	["23797154_fullText_11"]	Adrenergic Agonists	C0001648
Hyperinsulinism	C0020459	IS_TREATED	["34615619_fullText_5"]	Adrenergic Agonists	C0001648
Pulmonary Hypertension	C0020542	IS_TREATED	["36404400_fullText_2"]	Adrenergic Agonists	C0001648
Myasthenic Syndromes, Congenital	C0751882	IS_TREATED	["23790237_fullText_1"]	Adrenergic Agonists	C0001648
Lung Diseases, Obstructive	C0600260	IS_TREATED	["34795026_fullText_1"]	Adrenergic Agonists	C0001648
Nocturia	C0028734	IS_TREATED	["36585172_fullText_6","36585172_fullText_7"]	Adrenergic Agonists	C0001648
airway disease	C0699949	IS_TREATED	["35767902_fullText_2"]	Adrenergic Agonists	C0001648
nervous system disorder	C0027765	IS_TREATED	["36096427_fullText_7"]	rosmarinic acid	C0073590
Liver Cirrhosis	C0023890	IS_TREATED	["36826975_fullText_11"]	Prazosin	C0032912
Intraoperative floppy iris syndrome	C1688637	IS_TREATED	["35858619_fullText_5"]	Epinephrine	C0014563
Heart failure	C0018801	IS_TREATED	["31636082_fullText_69"]	Dobutamine	C0012963
Asthma	C0004096	IS_TREATED	["35300506_fullText_6","37218346_fullText_1"]	montelukast	C0298130
Cerebrovascular accident	C0038454	IS_TREATED	["37218346_fullText_2"]	montelukast	C0298130
Neurodegenerative Disorders	C0524851	IS_TREATED	["34348130_fullText_13"]	PNU-282987	C1567285
Pancreatitis	C0030305	IS_TREATED	["36126221_fullText_12"]	Nicotinic Agonists	C0242948
Myopia	C0027092	IS_TREATED	["34302355_fullText_9"]	Nicotinic Agonists	C0242948
Kidney Failure, Acute	C0022660	IS_TREATED	["35311383_fullText_12"]	Nicotinic Agonists	C0242948
Chronic Obstructive Airway Disease	C0024117	IS_TREATED	["34342835_fullText_1","35385359_fullText_6"]	Budesonide	C0054201
Chronic Obstructive Airway Disease	C0024117	IS_TREATED	["34137664_fullText_1","34137664_fullText_5"]	formoterol	C0060657
Chronic lung disease	C0746102	IS_TREATED	["34334369_fullText_1"]	formoterol	C0060657
Asthma	C0004096	IS_TREATED	["34334369_fullText_1"]	formoterol	C0060657
Cerebrovascular accident	C0038454	IS_TREATED	["35941901_fullText_3"]	formoterol	C0060657
Asthma	C0004096	IS_TREATED	["34334369_fullText_1"]	formoterol	C0060657
Chronic lung disease	C0746102	IS_TREATED	["34334369_fullText_1"]	formoterol	C0060657
Heart failure	C0018801	IS_TREATED	["35999128_fullText_1"]	tocilizumab	C1609165
Chronic heart failure	C0264716	IS_TREATED	["33874876_fullText_1"]	Diuretics	C0012798
Heart failure	C0018801	IS_TREATED	["34779371_fullText_12"]	Diuretics	C0012798
Cardiovascular Diseases	C0007222	IS_TREATED	["36017016_fullText_1"]	Diuretics	C0012798
Hypertensive disease	C0020538	IS_TREATED	["36017016_fullText_1","34118232_fullText_2","34779371_fullText_9"]	Diuretics	C0012798
Glaucoma	C0017601	IS_TREATED	["36097849_fullText_3"]	Carteolol	C0007299
Syndrome	C0039082	IS_TREATED	["34340527_fullText_3"]	Pisum sativum (pea) extract	C3257529
Neuromuscular Diseases	C0027868	IS_TREATED	["21919378_fullText_3"]	Rocuronium	C0209337
Dystrophia myotonica 1	C2931688	IS_TREATED	["22154451_fullText_1"]	Rocuronium	C0209337
Muscular Dystrophy, Facioscapulohumeral	C0238288	IS_TREATED	["23835682_fullText_5","20091552_fullText_4","15674918_fullText_11"]	Albuterol	C0001927
Acute colitis	C2118460	IS_TREATED	["35767902_fullText_15"]	Albuterol	C0001927
airway disease	C0699949	IS_TREATED	["35767902_fullText_2"]	Albuterol	C0001927
Myasthenic Syndromes, Congenital	C0751882	IS_TREATED	["23790237_fullText_1"]	Albuterol	C0001927
Myasthenia Gravis	C0026896	IS_TREATED	["23790237_fullText_1"]	Albuterol	C0001927
Asthma	C0004096	IS_TREATED	["34334369_fullText_1"]	Albuterol	C0001927
Chronic lung disease	C0746102	IS_TREATED	["34334369_fullText_1"]	Albuterol	C0001927
Chronic lung disease	C0746102	IS_TREATED	["34334369_fullText_1"]	Albuterol	C0001927
Asthma	C0004096	IS_TREATED	["34334369_fullText_1"]	Albuterol	C0001927
Chronic Obstructive Airway Disease	C0024117	IS_TREATED	["34530132_fullText_6"]	Albuterol	C0001927
Myasthenic Syndromes, Congenital	C0751882	IS_TREATED	["26552645_fullText_3","23219351_fullText_4"]	Albuterol	C0001927
Severe malnutrition	C0311276	IS_TREATED	["26296515_fullText_7"]	Albuterol	C0001927
Chronic Obstructive Airway Disease	C0024117	IS_TREATED	["34449512_fullText_10"]	Theophylline	C0039771
Thin basement membrane disease	C0403440	IS_TREATED	["33932990_fullText_4"]	Theophylline	C0039771
Heart failure	C0018801	IS_TREATED	["34375046_fullText_2"]	Theophylline	C0039771
Sialorrhea	C0037036	IS_TREATED	["35989107_fullText_5"]	Clozapine	C0009079
Migraine Disorders	C0149931	IS_TREATED	["33797074_fullText_1","33797074_fullText_2","33797074_fullText_9"]	Prochlorperazine	C0033229
Cirrhosis	C1623038	IS_TREATED	["36897563_fullText_9","35661713_fullText_7"]	carvedilol	C0054836
Heart failure	C0018801	IS_TREATED	["34561298_fullText_3"]	carvedilol	C0054836
Chronic Obstructive Airway Disease	C0024117	IS_TREATED	["34279195_fullText_6"]	carvedilol	C0054836
Heart Diseases	C0018799	IS_TREATED	["34561298_fullText_14"]	carvedilol	C0054836
Liver Cirrhosis	C0023890	IS_TREATED	["36826975_fullText_11"]	carvedilol	C0054836
Hypertensive disease	C0020538	IS_TREATED	["34561298_fullText_3"]	carvedilol	C0054836
Hypertension, Portal	C0020541	IS_TREATED	["33838852_fullText_4"]	Non-selective beta-blocking agent	C0304515
Hypertensive disease	C0020538	IS_TREATED	["36040016_fullText_1"]	Non-selective beta-blocking agent	C0304515
Restless Legs Syndrome	C0035258	IS_TREATED	["37008995_fullText_10","35605349_fullText_8"]	gabapentin	C0060926
Myopathy	C0026848	IS_TREATED	["12298310_fullText_5"]	Lidocaine	C0023660
Myotonic Dystrophy	C0027126	IS_TREATED	["31027145_fullText_5"]	Opioids	C0242402
Restless Legs Syndrome	C0035258	IS_TREATED	["37990163_fullText_4","36697248_fullText_4","36697248_fullText_11"]	Opioids	C0242402
Recurrent seizures	C0748607	IS_TREATED	["18094870_fullText_1"]	Anticonvulsants	C0003286
Epilepsy	C0014544	IS_TREATED	["27977873_fullText_74"]	Anticonvulsants	C0003286
Chronic Insomnia	C0751249	IS_TREATED	["34553844_fullText_3","35022783_fullText_2"]	Suvorexant	C3179535
Syndrome	C0039082	IS_TREATED	["32895905_fullText_3"]	Pyridostigmine	C0034261
Neurodegenerative Disorders	C0524851	IS_TREATED	["37092053_fullText_4","33946788_fullText_7"]	ethyl acetate	C0059747
Liver Cirrhosis	C0023890	IS_TREATED	["35445132_fullText_7"]	Somatostatin	C0037659
Painful Bladder Syndrome	C1720830	IS_TREATED	["32183225_fullText_48","23326493_fullText_28","34106226_fullText_133","34106226_fullText_150","20959636_fullText_173","28588248_fullText_57"]	paraform	C0070066
Mastocytosis	C0024899	IS_TREATED	["33806685_fullText_9"]	H2 receptor blockers	C1979715
Alzheimer's Disease	C0002395	IS_TREATED	["36432070_fullText_9"]	Quercetin	C0034392
Phenylketonurias	C0031485	IS_TREATED	["34819582_fullText_2"]	cinnamic acid	C0055753
Phenylketonurias	C0031485	IS_TREATED	["29941359_fullText_4","6743769_fullText_8"]	cinnamic acid	C0055753
Phenylketonurias	C0031485	IS_TREATED	["3291200_fullText_5"]	Aspartame	C0003999
Chronic Kidney Insufficiency	C0403447	IS_TREATED	["36880102_fullText_6"]	Hypnotics and Sedatives	C0020592
Critical Illness	C0010340	IS_TREATED	["36418766_fullText_3"]	Hypnotics and Sedatives	C0020592
Pulmonary Hypertension, Primary, 1, With Hereditary Hemorrhagic Telangiectasia	C3714844	IS_TREATED	["36849413_fullText_11"]	Hypnotics and Sedatives	C0020592
Kidney Failure	C0035078	IS_TREATED	["34112223_fullText_9"]	Atenolol	C0004147
Hypertensive disease	C0020538	IS_TREATED	["35855505_fullText_4"]	Atenolol	C0004147
Glaucoma, Open-Angle	C0017612	IS_TREATED	["37061271_fullText_3"]	brimonidine	C0525227
Glaucoma	C0017601	IS_TREATED	["37061271_fullText_2"]	brimonidine	C0525227
Ocular Hypertension	C0028840	IS_TREATED	["37061271_fullText_3"]	brimonidine	C0525227
Disorder of eye	C0015397	IS_TREATED	["37061271_fullText_2"]	brimonidine	C0525227
Disorder of eye	C0015397	IS_TREATED	["37061271_fullText_2"]	brimonidine	C0525227
Glaucoma	C0017601	IS_TREATED	["37061271_fullText_2","35835657_fullText_1"]	brimonidine	C0525227
Complex Regional Pain Syndromes	C0458219	IS_TREATED	["34859869_fullText_9"]	ramosetron	C0526950
Severe Acute Respiratory Syndrome	C1175175	IS_TREATED	["34851510_fullText_2"]	Fluvoxamine	C0085228
Neurodegenerative Disorders	C0524851	IS_TREATED	["37628986_fullText_3"]	Anti-Inflammatory Agents	C0003209
CNS disorder	C0007682	IS_TREATED	["34565380_fullText_2"]	Anti-Inflammatory Agents	C0003209
Degenerative brain disorder	C0154671	IS_TREATED	["35762037_fullText_1"]	Enzyme Inhibitors	C0014432
cardiovascular risk factor	C0850624	IS_TREATED	["35468729_fullText_1"]	Triptans	C1567966
Migraine Disorders	C0149931	IS_TREATED	["37817093_fullText_1","35593784_fullText_8"]	Triptans	C1567966
Migraine Disorders	C0149931	IS_TREATED	["33749826_fullText_1","34472095_fullText_1","36739511_fullText_2","35589944_fullText_1","35468729_fullText_1"]	Triptans	C1567966
Parkinson Disease	C0030567	IS_TREATED	["33783470_fullText_4"]	atomoxetine	C0076823
Sleep Apnea, Obstructive	C0520679	IS_TREATED	["35975547_fullText_9"]	atomoxetine	C0076823
Chronic Obstructive Airway Disease	C0024117	IS_TREATED	["34711232_fullText_9"]	umeclidinium / vilanterol	C3709478
Parkinson Disease	C0030567	IS_TREATED	["36894682_fullText_1"]	Agonist drug	C0521879
Neurodegenerative Disorders	C0524851	IS_TREATED	["33946788_fullText_7"]	Methanol	C0001963
Neurodegenerative Disorders	C0524851	IS_TREATED	["37092053_fullText_4"]	Chloroform	C0008238
Movement Disorders	C0026650	IS_TREATED	["36354229_fullText_1"]	Cholinergic Antagonists	C0242897
Asthma	C0004096	IS_TREATED	["37741092_fullText_9"]	Bronchodilator Agents	C0006280
Chronic Obstructive Airway Disease	C0024117	IS_TREATED	["33780994_fullText_1","36065315_fullText_1","33865004_fullText_1","33833507_fullText_2","33829619_fullText_5","34711232_fullText_2","36967224_fullText_1"]	Bronchodilator Agents	C0006280
Chronic Obstructive Airway Disease	C0024117	IS_TREATED	["34620878_fullText_1","34544314_fullText_1","36065315_fullText_5","35427740_fullText_1","37879449_fullText_3","37442289_fullText_3","37197795_fullText_1","35074516_fullText_2","35044875_fullText_1","35527239_fullText_2"]	Bronchodilator Agents	C0006280
Asthma	C0004096	IS_TREATED	["37442289_fullText_3","35527239_fullText_2"]	Bronchodilator Agents	C0006280
Chronic Obstructive Airway Disease	C0024117	IS_TREATED	["37800633_fullText_5"]	salmeterol	C0073992
Asthma	C0004096	IS_TREATED	["34334369_fullText_1"]	salmeterol	C0073992
Chronic lung disease	C0746102	IS_TREATED	["34334369_fullText_1"]	salmeterol	C0073992
Asthma	C0004096	IS_TREATED	["34334369_fullText_1"]	salmeterol	C0073992
Chronic lung disease	C0746102	IS_TREATED	["34334369_fullText_1"]	salmeterol	C0073992
Observation of Neuromuscular Block	C0700323	IS_TREATED	["35016451_fullText_5"]	Antidote	C0003295
Hypertensive disease	C0020538	IS_TREATED	["36171560_fullText_6"]	Doxazosin	C0114873
Liver Cirrhosis	C0023890	IS_TREATED	["36826975_fullText_11"]	Doxazosin	C0114873
Gout	C0018099	IS_TREATED	["34964888_fullText_4"]	Adrenergic alpha-1 Receptor Antagonists	C0304512
Alzheimer's Disease	C0002395	IS_TREATED	["33776997_fullText_3","35662286_fullText_5","35883449_fullText_2"]	Galantamine	C0016967
Heart failure	C0018801	IS_TREATED	["34106365_fullText_1"]	nebivolol	C0068475
Hypertensive disease	C0020538	IS_TREATED	["35855505_fullText_4"]	nebivolol	C0068475
succinic semialdehyde dehydrogenase deficiency	C0268631	IS_TREATED	["34015244_fullText_1"]	GABA-B Receptor Antagonists	C2936802
Phenylketonurias	C0031485	IS_TREATED	["30720885_fullText_1","25660215_fullText_4","22388642_fullText_1","19026037_fullText_3","38673342_fullText_8"]	Sapropterin dihydrochloride	C1996349
Classical phenylketonuria	C0751434	IS_TREATED	["25497838_fullText_1"]	Sapropterin dihydrochloride	C1996349
Phenylketonurias	C0031485	IS_TREATED	["23436109_fullText_4"]	Sapropterin dihydrochloride	C1996349
Phenylketonurias	C0031485	IS_TREATED	["30268140_fullText_1","25812600_fullText_5","25724073_fullText_1","23235653_fullText_5","22391997_fullText_1","18036498_fullText_8"]	Sapropterin dihydrochloride	C1996349
Hyperphenylalaninaemia	C0751435	IS_TREATED	["33485801_fullText_1","25497838_fullText_1"]	Sapropterin dihydrochloride	C1996349
Gastrointestinal dysfunction	C0679407	IS_TREATED	["35253917_fullText_1"]	Serotonin Agonists	C0162757
Migraine Disorders	C0149931	IS_TREATED	["33730977_fullText_1","36627414_fullText_2"]	Serotonin Agonists	C0162757
Neurodegenerative Disorders	C0524851	IS_TREATED	["34047146_fullText_2"]	Monoamine Oxidase Inhibitors	C0026457
Chronic Obstructive Airway Disease	C0024117	IS_TREATED	["35039513_fullText_2"]	Ally	C1098293
Cerebrovascular accident	C0038454	IS_TREATED	["34727752_fullText_3"]	Nootropic Agents	C0242913
Colitis	C0009319	IS_TREATED	["37827341_fullText_8"]	Citicoline	C0010725
Myotonic Dystrophy	C0027126	IS_TREATED	["3927876_fullText_7"]	Testosterone	C0039601
Neuromuscular Diseases	C0027868	IS_TREATED	["3927876_fullText_7"]	Testosterone	C0039601
Hypogonadism	C0020619	IS_TREATED	["18525423_fullText_2"]	Testosterone	C0039601
Myasthenia Gravis	C0026896	IS_TREATED	["37114698_fullText_7"]	Pyridostigmine Bromide	C0034262
Recurrent disease	C0277556	IS_TREATED	["36109351_fullText_4"]	omalizumab	C0966225
Chronic urticaria	C0263338	IS_TREATED	["34695599_fullText_7"]	omalizumab	C0966225
Urticaria	C0042109	IS_TREATED	["36468733_fullText_3"]	omalizumab	C0966225
Urticaria	C0042109	IS_TREATED	["34921427_fullText_1"]	Histamine-1 Receptor Inhibitor [EPC]	C2919009
Urticaria	C0042109	IS_TREATED	["34921427_fullText_1"]	Histamine-1 Receptor Inhibitor [EPC]	C2919009
Asthma	C0004096	IS_TREATED	["34688426_fullText_3"]	Azithromycin	C0052796
Parkinson Disease	C0030567	IS_TREATED	["35107654_fullText_1","35107654_fullText_7"]	MAO B Inhibitors, dopaminergic anti-parkinson drugs	C3653412
Chronic pain	C0150055	IS_TREATED	["36626471_fullText_2","35080922_fullText_2"]	Medical Marijuana	C0813973
Chronic nonmalignant pain	C3662064	IS_TREATED	["36897501_fullText_2"]	Medical Marijuana	C0813973
Arteriosclerosis	C0003850	IS_TREATED	["33758122_fullText_1"]	Antiplatelet Agents	C0085826
Acute Coronary Syndrome	C0948089	IS_TREATED	["33758122_fullText_1"]	Antiplatelet Agents	C0085826
Epilepsy	C0014544	IS_TREATED	["35094259_fullText_3"]	lorcaserin	C2350948
Hypertensive disease	C0020538	IS_TREATED	["34779371_fullText_6"]	Terazosin	C0076107
Ureterolithiasis	C0041952	IS_TREATED	["36629069_fullText_10"]	naftopidil	C0083701
Ureterolithiasis	C0041952	IS_TREATED	["34003612_fullText_6"]	silodosin	C1870115
Urologic Diseases	C0042075	IS_TREATED	["36051157_fullText_3","36051157_fullText_4","36051157_fullText_9"]	silodosin	C1870115
Alzheimer's Disease	C0002395	IS_TREATED	["34299581_fullText_2"]	Amylases	C0002712
Diabetes	C0011847	IS_TREATED	["34299581_fullText_2"]	Amylases	C0002712
Chronic Obstructive Airway Disease	C0024117	IS_TREATED	["36198721_fullText_9","35536261_fullText_2"]	tiotropium	C0213771
Asthma	C0004096	IS_TREATED	["37428619_fullText_1"]	tiotropium	C0213771
Chronic Obstructive Airway Disease	C0024117	IS_TREATED	["34140019_fullText_4","34489206_fullText_1"]	tiotropium	C0213771
Diabetes	C0011847	IS_TREATED	["35486279_fullText_3"]	Antidiabetics	C0935929
Glaucoma	C0017601	IS_TREATED	["36144638_fullText_9"]	Antidiabetics	C0935929
Epilepsy	C0014544	IS_TREATED	["35955863_fullText_86"]	Acetazolamide	C0000981
Macular Edema, Cystoid	C0024440	IS_TREATED	["36293220_fullText_104"]	Acetazolamide	C0000981
Cerebellar Diseases	C0007760	IS_TREATED	["30873657_fullText_3","30873657_fullText_10","31636082_fullText_142","35955863_fullText_82","31640729_fullText_102"]	Acetazolamide	C0000981
Dermatitis, Atopic	C0011615	IS_TREATED	["34560549_fullText_10"]	Antipruritics	C0003417
Chronic heart failure	C0264716	IS_TREATED	["36318859_fullText_4"]	Bisoprolol	C0053799
Syndrome	C0039082	IS_TREATED	["36318859_fullText_4","36318859_fullText_6"]	Bisoprolol	C0053799
Heart failure	C0018801	IS_TREATED	["34106365_fullText_1"]	Bisoprolol	C0053799
Chronic Obstructive Airway Disease	C0024117	IS_TREATED	["35422024_fullText_4"]	Bisoprolol	C0053799
Hypertensive disease	C0020538	IS_TREATED	["35855505_fullText_4"]	Bisoprolol	C0053799
Hypertensive disease	C0020538	IS_TREATED	["36602061_fullText_6"]	Anti-platelet drugs	C2963157
Acute Coronary Syndrome	C0948089	IS_TREATED	["34115343_fullText_1"]	Anti-platelet drugs	C2963157
Allergic condition	C0851444	IS_TREATED	["34850647_fullText_2"]	Histamine H1 Antagonists, Non-Sedating	C1136312
Allergic condition	C0851444	IS_TREATED	["34622396_fullText_2"]	Histamine H1 Antagonists, Non-Sedating	C1136312
Epilepsy	C0014544	IS_TREATED	["32980745_fullText_3"]	Pyridoxal Phosphate	C0034266
EPILEPSY, PYRIDOXINE-DEPENDENT	C1849508	IS_TREATED	["7915028_fullText_4"]	Pyridoxal Phosphate	C0034266
Hypophosphatasia	C0020630	IS_TREATED	["26893260_fullText_5"]	Pyridoxal Phosphate	C0034266
SVEINSSON CHORIORETINAL ATROPHY	C1862382	IS_TREATED	["34802041_fullText_7"]	rimonabant	C1142933
endothelial dysfunction	C0856169	IS_TREATED	["35861684_fullText_1"]	Pentoxifylline	C0030899
Severe malnutrition	C0311276	IS_TREATED	["26296515_fullText_7"]	Ephedrine	C0014479
Myasthenic Syndromes, Congenital	C0751882	IS_TREATED	["26552645_fullText_3"]	Ephedrine	C0014479
Obesity	C0028754	IS_TREATED	["34533553_fullText_1"]	Plant alkaloid	C0301258
Chronic Obstructive Airway Disease	C0024117	IS_TREATED	["35290649_fullText_1"]	aclidinium bromide	C2699758
Chronic Obstructive Airway Disease	C0024117	IS_TREATED	["34686204_fullText_2"]	aclidinium	C2699757
Chronic Obstructive Airway Disease	C0024117	IS_TREATED	["34489206_fullText_1"]	aclidinium	C2699757
Sjogren's Syndrome	C1527336	IS_TREATED	["35765109_fullText_2"]	cevimeline	C0093437
Tonic - clonic seizures	C0494475	IS_TREATED	["31640729_fullText_42"]	Phenobarbital	C0031412
Hypertensive disease	C0020538	IS_TREATED	["36196467_fullText_6"]	Aldosterone	C0002006
Neurodegenerative Disorders	C0524851	IS_TREATED	["33861265_fullText_7"]	fucoidan	C0060794
Sleep Apnea, Obstructive	C0520679	IS_TREATED	["35975547_fullText_3"]	oxybutynin	C0069805
LONG QT SYNDROME 3	C1859062	IS_TREATED	["34427958_fullText_1"]	Sodium Channel Blockers	C0872271
Non dystrophic myotonia	C1828221	IS_TREATED	["30805745_fullText_10"]	ranolazine	C0073633
Narcolepsy	C0027404	IS_TREATED	["37446929_fullText_6","12798791_fullText_3"]	modafinil	C0066677
Cataplexy	C0007384	IS_TREATED	["37233887_fullText_3"]	pitolisant	C3529928
Narcolepsy	C0027404	IS_TREATED	["37233887_fullText_3","36758348_fullText_5"]	pitolisant	C3529928
Glaucoma	C0017601	IS_TREATED	["36001461_fullText_1"]	Timolol Maleate	C0087093
Hyperprolactinemia	C0020514	IS_TREATED	["2128051_fullText_5"]	Bromocriptine	C0006230
Parkinsonian Disorders	C0242422	IS_TREATED	["34702339_fullText_1"]	Bromocriptine	C0006230
Hyperprolactinemia	C0020514	IS_TREATED	["34702339_fullText_1"]	Bromocriptine	C0006230
Hyperglycemia	C0020456	IS_TREATED	["34702339_fullText_1"]	Bromocriptine	C0006230
Galactorrhea	C3665358	IS_TREATED	["34137053_fullText_10"]	Bromocriptine	C0006230
Hyperprolactinemia	C0020514	IS_TREATED	["34261980_fullText_1"]	Bromocriptine	C0006230
Infantile Refsum Disease (disorder)	C0282527	PRODUCES	["7686919_fullText_1"]	Prostaglandins	C0033554
Phenylketonurias	C0031485	IS_TREATED	["24560888_fullText_11"]	Caseins	C0007332
Asthma	C0004096	IS_TREATED	["37218346_fullText_1"]	Leukotriene Antagonists	C0595726
Parkinson Disease	C0030567	IS_TREATED	["33744514_fullText_2"]	Benserazide	C0005014
Sexual Dysfunction	C0549622	IS_TREATED	["37329592_fullText_3"]	vortioxetine	C3661282
Chylous effusion	C0013691	IS_TREATED	["34187907_fullText_4"]	Octreotide	C0028833
Virus Diseases	C0042769	IS_TREATED	["22327749_fullText_51"]	Amiodarone	C0002598
Epilepsy	C0014544	IS_TREATED	["34796981_fullText_2"]	Amiodarone	C0002598
Sustained ventricular tachycardia	C0750197	IS_TREATED	["22327749_fullText_44"]	Amiodarone	C0002598
Intraoperative floppy iris syndrome	C1688637	IS_TREATED	["34652535_fullText_6"]	Anti-Inflammatory Agents, Non-Steroidal	C0003211
Juvenile arthritis	C3495559	IS_TREATED	["33722205_fullText_4"]	Anti-Inflammatory Agents, Non-Steroidal	C0003211
Migraine Disorders	C0149931	IS_TREATED	["37584847_fullText_3"]	Anti-Inflammatory Agents, Non-Steroidal	C0003211
Septicemia	C0036690	IS_TREATED	["37864722_fullText_1"]	landiolol	C0905464
Acute heart failure	C0264714	IS_TREATED	["37864722_fullText_1"]	landiolol	C0905464
Critical Illness	C0010340	IS_TREATED	["37864722_fullText_1"]	landiolol	C0905464
Supraventricular tachycardia	C0039240	IS_TREATED	["35979562_fullText_2"]	landiolol	C0905464
Inappropriate sinus tachycardia	C1881170	IS_TREATED	["35979562_fullText_2"]	landiolol	C0905464
Glaucoma	C0017601	IS_TREATED	["33844617_fullText_1"]	Brimonidine tartrate	C0077768
Ocular hyperemia	C0155169	IS_TREATED	["35951740_fullText_7"]	Brimonidine tartrate	C0077768
Sleep Apnea, Obstructive	C0520679	IS_TREATED	["35709641_fullText_8"]	Drug Combinations	C0013162
Asthma	C0004096	IS_TREATED	["34936532_fullText_1"]	Drug Combinations	C0013162
Heart failure	C0018801	IS_TREATED	["37940331_fullText_1"]	Drug Combinations	C0013162
Phenylketonurias	C0031485	IS_TREATED	["2360545_fullText_1"]	Zinc	C0043481
Endometriosis	C0014175	IS_TREATED	["31027145_fullText_33"]	Leuprolide	C0085272
Pituitary Diseases	C0032002	PRODUCES	["787856_fullText_4"]	Gonadotropins	C0018061
Toxic Shock Syndrome	C0600327	IS_TREATED	["35593100_fullText_7"]	bilastine	C1101148
Hypoplastic enamel-onycholysis-hypohidrosis syndrome	C0406735	IS_TREATED	["35593100_fullText_7"]	bilastine	C1101148
Movement Disorders	C0026650	IS_TREATED	["21431622_fullText_354"]	Amantadine	C0002403
Parkinson Disease	C0030567	IS_TREATED	["37973769_fullText_18"]	zonisamide	C0078844
Chronic Obstructive Airway Disease	C0024117	IS_TREATED	["34140019_fullText_4","35948844_fullText_4"]	olodaterol	C2934193
Advanced cirrhosis	C1263666	IS_TREATED	["35616800_fullText_4"]	Albumin Human, USP	C0304925
Restless Legs Syndrome	C0035258	IS_TREATED	["34137476_fullText_2"]	Dipyridamole	C0012582
Restless Legs Syndrome	C0035258	IS_TREATED	["34137476_fullText_12"]	Dipyridamole	C0012582
Endometriosis	C0014175	IS_TREATED	["35163699_fullText_12"]	quinagolide	C0256089
Akathisia, Tardive	C0162549	IS_TREATED	["36522124_fullText_8"]	Acetaminophen	C0000970
Neuropathy	C0442874	IS_TREATED	["35754070_fullText_12"]	Acetaminophen	C0000970
Gastroparesis	C0152020	IS_TREATED	["36749528_fullText_6"]	Domperidone	C0013015
Neurodegenerative Disorders	C0524851	IS_TREATED	["33806197_fullText_10"]	Butylated Hydroxytoluene	C0006507
Acute myocardial infarction	C0155626	IS_TREATED	["35621210_fullText_3"]	cangrelor	C1121991
Chronic kidney disease stage 5	C2316810	IS_TREATED	["31985336_abstract_8"]	Allopurinol	C0002144
Kidney Failure, Acute	C0022660	IS_TREATED	["34029971_fullText_4"]	acetamide	C0050423
Migraine Disorders	C0149931	IS_TREATED	["34304734_fullText_3"]	Sumatriptan	C0075632
Glaucoma	C0017601	IS_TREATED	["36097849_fullText_3"]	Timolol	C0040233
Ocular Hypertension	C0028840	IS_TREATED	["35278294_fullText_1"]	Timolol	C0040233
Dermatologic disorders	C0037274	IS_TREATED	["34798680_fullText_2"]	Timolol	C0040233
Pyogenic granuloma	C0085653	IS_TREATED	["34672473_fullText_4"]	Timolol	C0040233
Glaucoma, Primary Open Angle	C0339573	IS_TREATED	["35278294_fullText_1"]	Timolol	C0040233
Phenylketonurias	C0031485	IS_TREATED	["31102715_fullText_7"]	Amprenavir	C0754188
Phenylketonurias	C0031485	IS_TREATED	["30037505_fullText_4"]	Amprenavir	C0754188
Painful Bladder Syndrome	C1720830	IS_TREATED	["21795378_fullText_23","26708183_fullText_61"]	Acetone	C0001002
Painful Bladder Syndrome	C1720830	IS_TREATED	["26908607_fullText_197"]	DAPI	C0057142
Pulmonary Hypertension, Primary, 1, With Hereditary Hemorrhagic Telangiectasia	C3714844	IS_TREATED	["34890517_fullText_2"]	Topical agent	C1644713
Acute heart failure	C0264714	IS_TREATED	["33739204_fullText_1"]	Levosimendan	C0246904
Heart failure	C0018801	IS_TREATED	["34384564_fullText_9"]	Metformin	C0025598
Diabetes	C0011847	IS_TREATED	["34384564_fullText_9"]	Metformin	C0025598
Hyperinsulinism	C0020459	IS_TREATED	["34615619_fullText_5"]	Metformin	C0025598
Hyperglycemia	C0020456	IS_TREATED	["15717887_fullText_10"]	Metformin	C0025598
Myotonic Dystrophy	C0027126	IS_TREATED	["19506327_fullText_5"]	Metformin	C0025598
Diabetes Mellitus, Non-Insulin-Dependent	C0011860	IS_TREATED	["19506327_fullText_5"]	Metformin	C0025598
Chronic urticaria	C0263338	IS_TREATED	["37067147_fullText_4"]	levocetirizine	C1174893
Urticaria	C0042109	IS_TREATED	["37067147_fullText_14"]	levocetirizine	C1174893
Urticaria	C0042109	IS_TREATED	["37067147_fullText_3"]	levocetirizine	C1174893
Migraine Disorders	C0149931	IS_TREATED	["36902177_fullText_2"]	Ergotamine	C0014710
Atrial Fibrillation	C0004238	IS_TREATED	["37229640_fullText_2"]	Anti-Arrhythmia Agents	C0003195
idiopathic hypercalciuria	C0543800	IS_TREATED	["34779371_fullText_11"]	Thiazides	C0541746
Hypertensive disease	C0020538	IS_TREATED	["37439548_fullText_12","34779371_fullText_9"]	Thiazides	C0541746
Nephrolithiasis	C0392525	IS_TREATED	["34779371_fullText_11"]	Thiazides	C0541746
Atrial Fibrillation	C0004238	IS_TREATED	["33826497_fullText_1"]	Warfarin	C0043031
Phenylketonurias	C0031485	IS_TREATED	["26456498_fullText_9"]	Phosphonoacetic Acid	C0031681
Hyperphenylalaninaemia	C0751435	IS_TREATED	["1209606_fullText_8"]	Phosphonoacetic Acid	C0031681
Parkinson Disease	C0030567	IS_TREATED	["37029952_fullText_3","37741697_fullText_7"]	istradefylline	C0673470
Severe visual impairment	C1301509	IS_TREATED	["35143834_fullText_7"]	Raloxifene	C0244404
Acute urticaria	C0234935	IS_TREATED	["34862952_fullText_3"]	Cetirizine	C0055147
Irritable Bowel Syndrome	C0022104	IS_TREATED	["35123085_fullText_7"]	tegaserod	C0537147
Arteriosclerosis	C0003850	IS_TREATED	["35489334_fullText_9"]	Genistein	C0061202
Overactive Bladder	C0878773	IS_TREATED	["34056686_fullText_1","37713027_fullText_3"]	beta3-Adrenergic Agonist [EPC]	C3485978
Chronic Obstructive Airway Disease	C0024117	IS_TREATED	["37800633_fullText_5"]	umeclidinium	C3661274
Chronic Obstructive Airway Disease	C0024117	IS_TREATED	["34489206_fullText_1"]	umeclidinium	C3661274
Asthma	C0004096	IS_TREATED	["37428619_fullText_1"]	umeclidinium	C3661274
Irritable Bowel Syndrome	C0022104	IS_TREATED	["34941040_fullText_7"]	Buspirone	C0006462
Anorexia	C0003123	IS_TREATED	["32357546_fullText_27"]	Buspirone	C0006462
Irritable Bowel Syndrome	C0022104	IS_TREATED	["34941040_fullText_7","34941040_fullText_8"]	Buspirone	C0006462
Chronic Obstructive Airway Disease	C0024117	IS_TREATED	["35915771_fullText_4"]	Roflumilast	C0965618
Chronic Obstructive Airway Disease	C0024117	IS_TREATED	["35915771_fullText_1"]	Roflumilast	C0965618
Asthma	C0004096	IS_TREATED	["35395239_fullText_1"]	Purinergic P1 Receptor Antagonists	C2936829
Chronic Obstructive Airway Disease	C0024117	IS_TREATED	["35395239_fullText_1"]	Purinergic P1 Receptor Antagonists	C2936829
Phenylketonurias	C0031485	IS_TREATED	["17644019_fullText_1"]	whey protein	C0078479
Myotonic Dystrophy	C0027126	IS_TREATED	["8099979_fullText_5","15549982_fullText_3"]	Vecuronium	C0242531
Phenylketonurias	C0031485	IS_TREATED	["37170672_fullText_6"]	nitrate and nitrite	C0883264
Gastrointestinal Diseases	C0017178	IS_TREATED	["37834122_fullText_2"]	flower allergenic extracts	C3540799
Helminthiasis	C0018889	IS_TREATED	["34698395_fullText_4"]	FRUIT EXTRACTS	C0772257
diabetic ulcer	C0743150	IS_TREATED	["37070438_fullText_3","37070438_abstract_3"]	linezolid	C0663241
Neuropathy	C0442874	IS_TREATED	["35227682_fullText_1","35227682_fullText_6"]	tizanidine	C0146011
Phenylketonurias	C0031485	IS_TREATED	["34420302_fullText_4"]	Oleic Acid	C0028928
Painful Bladder Syndrome	C1720830	IS_TREATED	["28916769_fullText_99","9382874_fullText_59"]	Tweens	C0041420
Nocturia	C0028734	IS_TREATED	["36067995_fullText_5"]	desmopressin	C0011701
Nocturia	C0028734	IS_TREATED	["36585172_fullText_4"]	desmopressin	C0011701
Nocturia	C0028734	IS_TREATED	["36067995_fullText_2","36067995_fullText_3","36585172_fullText_4"]	desmopressin	C0011701
Urologic Diseases	C0042075	IS_TREATED	["36059204_fullText_2"]	urapidil	C0077857
Overactive Bladder	C0878773	IS_TREATED	["34191827_fullText_4"]	Cardiovascular Agents	C0007220
Cardiovascular Diseases	C0007222	IS_TREATED	["34779371_fullText_14"]	Cardiovascular Agents	C0007220
Phenylketonurias	C0031485	IS_TREATED	["17644019_fullText_3","3985660_fullText_2"]	Amino Acids, Essential	C0002525
Parasitic Diseases	C0030499	IS_TREATED	["36057136_fullText_1"]	amitraz	C0051692
Obesity	C0028754	IS_TREATED	["35069450_fullText_1"]	GLP-1 Receptor Agonist [EPC]	C2917359
CNS disorder	C0007682	IS_TREATED	["36903593_fullText_4"]	Histamine H3 Agonists	C0162813
Glaucoma	C0017601	IS_TREATED	["34433550_fullText_1","34433550_fullText_4"]	carboxyamido-triazole	C0064494
Glaucoma	C0017601	IS_TREATED	["34433550_fullText_3"]	Prostaglandins, Synthetic	C0033568
Myotonic Dystrophy	C0027126	IS_TREATED	["839494_fullText_1"]	Immunoglobulin G	C0020852
Hypertensive disease	C0020538	IS_TREATED	["37506033_fullText_7"]	darifenacin	C0529351
Myotonic Dystrophy	C0027126	IS_TREATED	["16192734_fullText_12"]	beta adrenergic agent	C0178503
Myotonic Dystrophy	C0027126	IS_TREATED	["18441730_fullText_9"]	Indomethacin	C0021246
Obesity	C0028754	IS_TREATED	["35069450_fullText_1"]	liraglutide	C1456408
Myotonic Disorders	C0553604	IS_TREATED	["1455983_fullText_1"]	Disopyramide	C0012702
Heart failure	C0018801	IS_TREATED	["34779371_fullText_12","36096950_fullText_1"]	Spironolactone	C0037982
Kidney Failure	C0035078	IS_TREATED	["34112223_fullText_9"]	Sotalol	C0037707
Hypertensive disease	C0020538	IS_TREATED	["35855505_fullText_4"]	Sotalol	C0037707
Heart failure	C0018801	IS_TREATED	["37229640_fullText_5"]	Sotalol	C0037707
Alzheimer's Disease	C0002395	IS_TREATED	["35305483_fullText_5"]	Monoamine oxidase B inhibitor	C0595265
nervous system disorder	C0027765	IS_TREATED	["37630420_fullText_9"]	Monoamine oxidase B inhibitor	C0595265
Intestinal Diseases	C0021831	IS_TREATED	["19101627_fullText_6"]	Heparin	C0019134
Anorexia	C0003123	IS_TREATED	["37194534_fullText_6"]	Tranquilizing Agents	C0040614
Respiratory Distress Syndrome, Adult	C0035222	IS_TREATED	["33860730_fullText_6"]	GTS 21	C0258259
Diabetes Mellitus, Non-Insulin-Dependent	C0011860	IS_TREATED	["35293666_fullText_7"]	sitagliptin	C1565750
Parkinson Disease	C0030567	IS_TREATED	["37973769_fullText_18"]	safinamide	C1098261
STUVE-WIEDEMANN SYNDROME	C0796176	IS_TREATED	["35288510_fullText_7"]	AM 2389	C2976633
Diabetes Mellitus, Non-Insulin-Dependent	C0011860	IS_TREATED	["36359767_fullText_1"]	empagliflozin	C3490348
Chronic Obstructive Airway Disease	C0024117	IS_TREATED	["34464242_fullText_8"]	fluticasone	C0082607
Acute Cerebrovascular Accidents	C0751956	IS_TREATED	["34217067_fullText_7"]	Labetalol	C0022860
Hypertensive disease	C0020538	IS_TREATED	["35855505_fullText_4"]	Labetalol	C0022860
Glutaric aciduria, type 1	C0268595	IS_TREATED	["26607633_fullText_7"]	Quinine	C0034417
Hypertensive emergency	C0745136	IS_TREATED	["35389593_fullText_3"]	loteprednol etabonate	C0126177
Thyrotoxicosis	C0040156	IS_TREATED	["36518043_fullText_4"]	ivabradine	C0257190
Stable angina	C0340288	IS_TREATED	["35842897_fullText_3"]	ivabradine	C0257190
Heart failure	C0018801	IS_TREATED	["36941812_fullText_5","36941812_fullText_9"]	ivabradine	C0257190
Syndrome	C0039082	IS_TREATED	["36941812_fullText_5","36941812_fullText_9"]	ivabradine	C0257190
Neurodegenerative Disorders	C0524851	IS_TREATED	["35584767_fullText_4"]	Xanthine derivatives, psychostimulants, agents used for ADHD and nootropics	C3541953
Macular Edema, Cystoid	C0024440	IS_TREATED	["36293220_fullText_104"]	brinzolamide	C0673966
Congenital disorder of glycosylation type 1B	C1865145	IS_TREATED	["11701646_fullText_4"]	Mannose	C0024742
Blood Coagulation Disorders	C0005779	IS_TREATED	["29112118_fullText_75"]	Mannose	C0024742
Protein-Losing Enteropathies	C0033680	IS_TREATED	["29112118_fullText_75"]	Mannose	C0024742
Myotonic Dystrophy	C0027126	IS_TREATED	["32904905_fullText_11"]	Local Anesthetics	C0002934
Migraine Disorders	C0149931	IS_TREATED	["34275352_fullText_5"]	naratriptan	C0540623
Obesity	C0028754	IS_TREATED	["34279823_fullText_1"]	clobenzorex	C0055894
Myotonic Dystrophy	C0027126	IS_TREATED	["839494_fullText_1"]	Immunoglobulin A, Human	C2825347
Phenylketonurias	C0031485	IS_TREATED	["27137821_fullText_5"]	Folic Acid	C0016410
Lysosomal Storage Diseases	C0085078	IS_TREATED	["24299452_fullText_29"]	Glycosaminoglycans	C0017973
Syndrome	C0039082	IS_TREATED	["8525657_fullText_5"]	Laxatives	C0282090
endothelial dysfunction	C0856169	IS_TREATED	["35861684_fullText_1"]	Phosphodiesterase Inhibitors	C0031638
Panhypopituitarism	C0242343	IS_TREATED	["31705726_fullText_52"]	Growth Hormone	C0037663
Diabetes Mellitus	C0011849	IS_TREATED	["33704864_fullText_11"]	phthalocyanine	C0070971
Alzheimer's Disease	C0002395	IS_TREATED	["33704864_fullText_11"]	phthalocyanine	C0070971
Hepatic Encephalopathy	C0019151	IS_TREATED	["37467180_fullText_13"]	rifaximin	C0073374
Hepatic Encephalopathy	C0019151	IS_TREATED	["37467180_fullText_4"]	rifaximin	C0073374
Hyperphenylalaninaemia	C0751435	IS_TREATED	["140710_fullText_1"]	Fenclonine	C0030135
Leigh Disease	C0023264	IS_TREATED	["39385390_fullText_126"]	sildenafil	C0529793
Erectile dysfunction	C0242350	IS_TREATED	["34779371_fullText_5"]	sildenafil	C0529793
Pulmonary Embolism	C0034065	IS_TREATED	["30838353_fullText_24"]	N(4)-oleylcytosine arabinoside	C0642228
Acute heart failure	C0264714	IS_TREATED	["33879733_fullText_6"]	valsartan	C0216784
Heart failure	C0018801	IS_TREATED	["33879733_fullText_1"]	valsartan	C0216784
Schistosomiasis	C0036323	IS_TREATED	["34736899_fullText_3"]	Praziquantel	C0032911
Hypertensive disease	C0020538	IS_TREATED	["35855505_fullText_4"]	Amlodipine	C0051696
Chronic Kidney Diseases	C1561643	IS_TREATED	["34471171_fullText_6"]	Losartan	C0126174
Cardiomyopathies	C0878544	IS_TREATED	["34471171_fullText_4"]	Losartan	C0126174
Phenylketonurias	C0031485	IS_TREATED	["26243390_fullText_8"]	Protein Hydrolysates	C0033631
Epilepsy	C0014544	IS_TREATED	["36083632_fullText_2"]	sennosides, USP	C0074332
Dyskinetic syndrome	C0013384	IS_TREATED	["37122156_fullText_4"]	eltoprazine	C0082384
Acute Cerebrovascular Accidents	C0751956	IS_TREATED	["34217067_fullText_7"]	Nicardipine	C0028005
Neurodegenerative Disorders	C0524851	IS_TREATED	["34201404_fullText_9"]	Purinergic P2Y Receptor Agonists	C2936563
Obesity	C0028754	IS_TREATED	["36928851_fullText_3"]	Serotonin-2c Receptor Agonist [EPC]	C3485986
Hypertensive disease	C0020538	IS_TREATED	["34779371_fullText_4"]	Minoxidil	C0026196
Painful Bladder Syndrome	C1720830	IS_TREATED	["30422384_fullText_101"]	Tromethamine	C0041175
Dermatitis, Atopic	C0011615	IS_TREATED	["33894061_fullText_3"]	Dimethindene	C0012390
Phenylketonurias	C0031485	IS_TREATED	["29433755_fullText_4","11293470_fullText_6"]	Ferritin	C0015879
Hypercholesterolemia	C0020443	IS_TREATED	["34110719_fullText_6"]	tempol	C0045283
Coronavirus Infections	C0206750	IS_TREATED	["34071034_fullText_9"]	tramiprosate	C0062961
Diabetes Mellitus, Non-Insulin-Dependent	C0011860	IS_TREATED	["35069450_fullText_1"]	hyperglycemic agent	C1321567
Cirrhosis	C1623038	IS_TREATED	["36811400_fullText_3"]	4-(3-chlorophenylsulfanyl)piperidine hydrochloride	C0765956
Varicosity	C0042345	IS_TREATED	["36064306_fullText_7"]	4-(3-chlorophenylsulfanyl)piperidine hydrochloride	C0765956
Peroxisomal Disorders	C0282528	IS_TREATED	["10590918_fullText_4"]	Docosahexaenoic Acids	C0012968
Liver diseases	C0023895	IS_TREATED	["29139025_fullText_6"]	Rebalance	C3497399
Restless Legs Syndrome	C0035258	IS_TREATED	["35609673_fullText_3"]	gabapentin enacarbil	C2700226
Overactive Bladder	C0878773	IS_TREATED	["36879156_fullText_8"]	onabotulinumtoxinA	C2719767
Peroxisomal Disorders	C0282528	IS_TREATED	["10590918_fullText_4"]	Lovastatin	C0024027
Adrenoleukodystrophy	C0162309	IS_TREATED	["37189159_fullText_14"]	Lovastatin	C0024027
Nance-Horan syndrome	C0796085	IS_TREATED	["36284319_fullText_2"]	Medicament	C0456386
Phenylketonurias	C0031485	IS_TREATED	["32482081_fullText_2","12879091_fullText_4","12879091_fullText_6"]	Vitamin B 12	C0042845
Cystathionine beta-Synthase Deficiency Disease	C0751202	IS_TREATED	["37571294_fullText_5"]	Vitamin B 12	C0042845
Migraine Disorders	C0149931	IS_TREATED	["36627414_fullText_2"]	Almotriptan malate	C0937898
Phenylketonurias	C0031485	IS_TREATED	["29433755_fullText_5","21895448_fullText_5"]	Vitamin A	C0042839
Stable angina	C0340288	IS_TREATED	["33709106_fullText_3"]	Vitamin A	C0042839
Obesity	C0028754	IS_TREATED	["34242511_fullText_6"]	Marijuana derivative	C0304395
Epilepsy	C0014544	IS_TREATED	["36577449_fullText_2","33113107_fullText_3","30668673_fullText_9"]	pyridoxine	C0034272
Status Epilepticus	C0038220	IS_TREATED	["23022904_fullText_6","16225819_fullText_5"]	pyridoxine	C0034272
Convulsions in the newborn	C0159020	IS_TREATED	["35211704_fullText_5"]	pyridoxine	C0034272
Gastroesophageal reflux disease	C0017168	IS_TREATED	["37843943_fullText_4"]	Calcium Carbonate	C0006681
Cataract, congenital, with microcornea or slight microphthalmia	C2930878	IS_TREATED	["37515745_fullText_6"]	Versed	C0042553
Hypertensive disease	C0020538	IS_TREATED	["37436689_fullText_3"]	Centrally acting hypotensive agent	C0304523
Hypertensive disease	C0020538	IS_TREATED	["36902110_fullText_10"]	Vitamin D	C0042866
Premenstrual syndrome	C0033046	IS_TREATED	["35534402_fullText_5"]	Gonadotropin-Releasing Hormone Analog	C1268900
HIV Infections	C0019693	IS_TREATED	["18580663_fullText_2"]	Anti-Retroviral Agents	C0599685
Chronic urticaria	C0263338	IS_TREATED	["37067147_fullText_4"]	bepotastine besilate	C1723019
Coffin-Siris syndrome	C0265338	IS_TREATED	["37067043_fullText_4"]	Korean ginseng preparation	C0873137
Disorder of vein	C0235522	IS_TREATED	["30362618_fullText_10"]	diosmetin	C0114217
Cobalamin C disease	C0342723	IS_TREATED	["32160317_fullText_152"]	Hydroxocobalamin	C0020316
Zellweger Syndrome	C0043459	PRODUCES	["2079713_fullText_3"]	Cholesterol Esters	C0008387
Myotonic Disorders	C0553604	IS_TREATED	["1455983_fullText_1"]	Phenytoin	C0031507
Vitamin D Deficiency	C0042870	IS_TREATED	["23754696_fullText_10"]	Cholecalciferol	C0008318
Urticaria	C0042109	IS_TREATED	["36226796_fullText_2"]	tofacitinib	C2930696
Helminthiasis	C0018889	IS_TREATED	["31615832_fullText_44"]	bortezomib	C1176309
Phenylketonurias	C0031485	IS_TREATED	["21895448_fullText_6"]	alpha Tocopherol	C0969677
Phenylketonurias	C0031485	IS_TREATED	["19067227_fullText_1"]	Drugs, Orphan	C0013232
Phenylketonurias	C0031485	IS_TREATED	["17968763_fullText_2"]	Drugs, Orphan	C0013232
Epilepsy	C0014544	IS_TREATED	["32980745_fullText_3"]	Pyridoxal	C0034263
Cirrhosis	C1623038	IS_TREATED	["34191185_fullText_1"]	satavaptan	C2607958
Hypertensive disease	C0020538	IS_TREATED	["35855505_fullText_4"]	lercanidipine	C0526399
Stable angina	C0340288	IS_TREATED	["35842897_fullText_4"]	ANTIANGINALS	C3537168
Hypertensive disease	C0020538	IS_TREATED	["35775356_fullText_1"]	Alpha-adrenoreceptor antagonists, peripherally acting	C3539938
Phenylketonurias	C0031485	IS_TREATED	["19615874_fullText_6"]	Fish Oils	C0016157
Phenylketonurias	C0031485	IS_TREATED	["31284588_fullText_8","19214054_fullText_1"]	doconexent	C2348308
Peroxisomal Disorders	C0282528	IS_TREATED	["11478381_fullText_12"]	doconexent	C2348308
Phenylketonurias	C0031485	IS_TREATED	["21305356_fullText_3"]	doconexent	C2348308
Painful Bladder Syndrome	C1720830	IS_TREATED	["27763639_fullText_161"]	Ferric Carboxymaltose Solution	C2984024
Heart failure	C0018801	IS_TREATED	["36883446_fullText_5"]	Phosphodiesterase 3 Inhibitors	C2267032
Diabetes	C0011847	IS_TREATED	["36838726_fullText_12"]	Propolis	C0033488
Glutaric aciduria, type 1	C0268595	IS_TREATED	["27397597_fullText_2"]	hydroxyethyl starch 130-0.4	C3495434
Hay fever	C0018621	IS_TREATED	["37655364_fullText_1"]	Fexofenadine hydrochloride	C0771752
Chronic idiopathic urticaria	C0578870	IS_TREATED	["37655364_fullText_1"]	Fexofenadine hydrochloride	C0771752
Common Cold	C0009443	IS_TREATED	["35060618_fullText_17"]	Decongestant Antihistamine	C0718581
Heart failure	C0018801	IS_TREATED	["34375046_fullText_2"]	Mercuric chloride	C0025417
Epilepsy	C0014544	IS_TREATED	["20887371_fullText_4"]	Traumeel S	C0968917
Epilepsy	C0014544	IS_TREATED	["32681751_fullText_9"]	clobazam	C0055891
Congenital Disorders	C0242354	IS_TREATED	["34652821_fullText_1"]	epalrestat	C0095278
Diabetic Neuropathies	C0011882	IS_TREATED	["31636082_fullText_10","31636082_fullText_113"]	epalrestat	C0095278
Peripheral Neuropathy	C0031117	IS_TREATED	["31636082_fullText_154","31636082_fullText_160"]	epalrestat	C0095278
Diabetic peripheral neuropathy	C0740447	IS_TREATED	["31454904_fullText_32"]	epalrestat	C0095278
Neuropathy	C0442874	IS_TREATED	["35955863_fullText_100"]	epalrestat	C0095278
Helminthiasis	C0018889	IS_TREATED	["31636082_fullText_151","31636082_fullText_152"]	epalrestat	C0095278
Diabetic Neuropathies	C0011882	IS_TREATED	["37858231_fullText_71"]	Aldose Reductase Inhibitor	C2348243
Diabetic peripheral neuropathy	C0740447	IS_TREATED	["31454904_fullText_32"]	Aldose Reductase Inhibitor	C2348243
Epilepsy	C0014544	IS_TREATED	["32681751_fullText_9"]	felbamate	C0060135
Congenital Disorders	C0242354	IS_TREATED	["17049852_fullText_1"]	inorganic phosphate	C0031603
Zellweger Syndrome	C0043459	IS_TREATED	["17418516_fullText_4"]	Lorenzo's oil	C0212874
Adrenoleukodystrophy	C0162309	IS_TREATED	["37189159_fullText_14"]	Lorenzo's oil	C0212874
Peroxisomal Disorders	C0282528	IS_TREATED	["10590918_fullText_4"]	phenyl butyrate	C3848590
Painful Bladder Syndrome	C1720830	IS_TREATED	["35792828_fullText_192","32183225_fullText_48","29601977_fullText_77","27390132_fullText_140","24305089_fullText_68","21795378_fullText_30","25303993_fullText_70","28698297_fullText_142","28129118_fullText_315"]	Triton X-100	C0146951
Myotonic Dystrophy	C0027126	IS_TREATED	["11103182_fullText_2"]	Atracurium	C0004234
Myotonic Dystrophy	C0027126	IS_TREATED	["6840139_fullText_1"]	Dantrolene Sodium	C0010977
Myotonic Disorders	C0553604	IS_TREATED	["1455983_fullText_1"]	Tocainide	C0085237
Syndrome	C0039082	IS_TREATED	["8525657_fullText_5"]	Cisapride	C0072916
Myotonic Dystrophy	C0027126	IS_TREATED	["7488498_fullText_1"]	mivacurium	C0066621
Muscular Dystrophy	C0026850	IS_TREATED	["1441389_fullText_2"]	bemethyl	C0053083
Neuromuscular Diseases	C0027868	IS_TREATED	["1664607_fullText_1"]	bemethyl	C0053083
Neuromuscular Diseases	C0027868	IS_TREATED	["1664607_fullText_3"]	bemethyl	C0053083
Congenital ichthyosis	C0020758	IS_TREATED	["32147747_fullText_41"]	cholesteryl sulfate	C0055565
Phenylketonurias	C0031485	IS_TREATED	["31295388_fullText_6","29353259_fullText_2"]	trans-dichlorobis(azomycin)platinum II	C0146413
Pulmonary Hypertension, Primary, 1, With Hereditary Hemorrhagic Telangiectasia	C3714844	IS_TREATED	["31295388_fullText_1"]	trans-dichlorobis(azomycin)platinum II	C0146413
Phenylketonurias	C0031485	IS_TREATED	["15922970_fullText_4"]	Polyethylene Glycol 400	C0032478
Atrial Fibrillation	C0004238	IS_TREATED	["29770366_fullText_5"]	dabigatran etexilate	C1571583
Myotonic Dystrophy	C0027126	IS_TREATED	["19506327_fullText_5"]	glimepiride	C0061323
Diabetes Mellitus, Non-Insulin-Dependent	C0011860	IS_TREATED	["19506327_fullText_5"]	glimepiride	C0061323
Myotonic Dystrophy	C0027126	IS_TREATED	["12718910_fullText_8"]	Gene Therapy Agent	C1517496
Juvenile-Onset Vitelliform Macular Dystrophy	C2745945	IS_TREATED	["29441734_fullText_50"]	glycocyamine	C0061626
Myasthenic Syndromes, Congenital	C0751882	IS_TREATED	["26296515_fullText_1"]	DIAMINOPYRIDINE	C2345912
Lambert-Eaton Myasthenic Syndrome	C0022972	IS_TREATED	["19593127_fullText_3"]	DIAMINOPYRIDINE	C2345912
Ptosis	C0033377	IS_TREATED	["34565654_fullText_5"]	Edrophonium Chloride	C0013617
Epidermolysis Bullosa Simplex Superficialis	C1843477	IS_TREATED	["35157847_fullText_223"]	Phenolsulfonphthalein	C0031430
Painful Bladder Syndrome	C1720830	IS_TREATED	["21795378_fullText_30"]	MILK FAT	C0991850
Adrenoleukodystrophy	C0162309	IS_TREATED	["31978407_abstract_1"]	carnitines	C0682742
Glutaric aciduria, type 1	C0268595	IS_TREATED	["32992790_fullText_14"]	Amino acid supplement	C0556082
Cerebrovascular accident	C0038454	IS_TREATED	["38459834_fullText_38"]	ethane sulfonate	C0206794
Generalized dystonia	C1848954	IS_TREATED	["21431622_fullText_357"]	Lioresal Intrathecal	C0721369
Hepatitis	C0019158	IS_TREATED	["32630370_fullText_32"]	Hepatitis B Surface Antigens	C0019168
Painful Bladder Syndrome	C1720830	IS_TREATED	["29773809_fullText_100","28698297_fullText_143"]	Octoxynol-9	C0133689
Phenylketonurias	C0031485	IS_TREATED	["38474766_fullText_10"]	Protein supplement	C0770246
Phenylketonurias	C0031485	IS_TREATED	["36503822_fullText_10","23910161_fullText_3","21083061_fullText_15"]	Kuvan	C1995652
Phenylketonurias	C0031485	IS_TREATED	["27246528_fullText_3"]	Plant Preparations	C0949854
Phenylketonurias	C0031485	IS_TREATED	["39368841_fullText_14"]	coagulation factor IX, human	C0724584
Relapsing Fever	C0035021	IS_TREATED	["37578023_fullText_3","37578023_abstract_3"]	canakinumab	C2718773
Heart Diseases	C0018799	IS_TREATED	["37629768_fullText_4"]	migalastat	C2698220
Fabry Disease	C0002986	IS_TREATED	["37627292_fullText_7"]	migalastat	C2698220
Kidney Diseases	C0022658	IS_TREATED	["37629768_fullText_4"]	migalastat	C2698220
Phenylketonurias	C0031485	IS_TREATED	["38522180_fullText_7"]	pegvaliase	C4519229
Classical phenylketonuria	C0751434	IS_TREATED	["38367583_fullText_4"]	pegvaliase	C4519229
Tyrosinemia, Type I	C0268490	IS_TREATED	["33046095_abstract_1"]	nitisinone	C0173083
Phenylketonurias	C0031485	IS_TREATED	["15977040_fullText_3","15977040_fullText_6"]	therapeutic enzyme	C0872370
Phenylketonurias	C0031485	IS_TREATED	["29941359_fullText_4","16006165_fullText_13","15922970_fullText_3"]	Phenylalanine Ammonia-Lyase	C0031454
Fish-Eye Disease	C0342895	IS_TREATED	["30922814_fullText_8"]	sepiapterin	C0074349
Phenylketonurias	C0031485	IS_TREATED	["2079839_fullText_7"]	trace element supplement	C0556113
Phenylketonurias	C0031485	IS_TREATED	["29111886_fullText_6"]	stevioside	C0075246
Phenylketonurias	C0031485	IS_TREATED	["27832415_fullText_5"]	oleyloxyethylphosphorylcholine	C0645102
Phenylketonurias	C0031485	IS_TREATED	["27832415_fullText_5"]	oleyloxyethylphosphorylcholine	C0645102
Phenylketonurias	C0031485	IS_TREATED	["6101846_fullText_4"]	Enzyme agent	C0360722
Classical phenylketonuria	C0751434	IS_TREATED	["2742800_fullText_10"]	Ethionine	C0015023
Epilepsy	C0014544	IS_TREATED	["5006284_fullText_3"]	6-bromo-2-naphthyl sulfate	C0099085
CNS disorder	C0007682	IS_TREATED	["39231983_fullText_193"]	leriglitazone	C5139806
LUSCAN-LUMISH SYNDROME	C4085873	IS_TREATED	["38848614_fullText_8"]	corticotropin, human	C3818725
Leigh Disease	C0023264	IS_TREATED	["39385390_fullText_127"]	Talarozole	C2606129
Leigh Disease	C0023264	IS_TREATED	["39385390_fullText_127"]	sertaconazole	C0074391
Deuteranomaly	C3887938	IS_TREATED	["39231983_fullText_52"]	Glypromate	C4520812
