Gene	Gene_id	RELATION	PROVENANCE	Disease	Disease_id
ZIC1 gene	C1421581	ASSOCIATED_WITH		Craniosynostosis	C0010278
ZIC1 gene	C1421581	ASSOCIATED_WITH		Dandy-Walker Syndrome	C0010964
ATXN3 gene	C1538301	CAUSES	["36729871_fullText_36"]	DYSFUNCTION - SKIN DISORDERS	C3887505
ATXN3 gene	C1538301	CAUSES	["15537899_fullText_1"]	Hereditary Neurodegenerative Disorder	C3273225
ATXN3 gene	C1538301	CAUSES	["18502140_fullText_9"]	Cerebellar Diseases	C0007760
ATXN3 gene	C1538301	CAUSES	["17362987_fullText_2"]	Machado-Joseph Disease Type III	C0751670
ATXN3 gene	C1538301	CAUSES	["32867861_fullText_2"]	Hereditary Diseases	C0019247
ATXN3 gene	C1538301	CAUSES	["37865002_fullText_1","23382880_fullText_2","22451301_fullText_1","21047555_fullText_1","17632007_fullText_1","15504352_fullText_10"]	Neurodegenerative Disorders	C0524851
ATXN3 gene	C1538301	CAUSES	["35034258_fullText_2","35406787_fullText_4","34273111_fullText_2","33065068_fullText_3","31960910_fullText_1","31378764_fullText_2","24548080_fullText_2","23820820_fullText_7","22843411_fullText_2","22451301_fullText_1","21780213_fullText_2","20940148_fullText_8","19783548_fullText_2","19660550_fullText_6","17632007_fullText_1","32357546_fullText_97","31625269_fullText_0"]	Machado-Joseph Disease	C0024408
ATXN3 gene	C1538301	AFFECTS	["15140190_fullText_7","10732811_fullText_11"]	Machado-Joseph Disease	C0024408
ATXN3 gene	C1538301	AFFECTS	["30036587_fullText_1"]	Neurodegenerative Disorders	C0524851
ATXN3 gene	C1538301	PREDISPOSES	["25689313_fullText_4","14575237_fullText_8"]	Machado-Joseph Disease	C0024408
ATXN3 gene	C1538301	CAUSES__SPEC__	["23382880_fullText_2","21047555_fullText_1"]	Machado-Joseph Disease	C0024408
ATXN3 gene	C1538301	ASSOCIATED_WITH		PARKINSON DISEASE, LATE-ONSET	C3160718
ATXN3 gene	C1538301	ASSOCIATED_WITH	["38233440_fullText_92"]	nervous system disorder	C0027765
ATXN3 gene	C1538301	ASSOCIATED_WITH	["33477953_fullText_97"]	Irritable Bowel Syndrome	C0022104
ATXN3 gene	C1538301	ASSOCIATED_WITH	["34785590_fullText_7","33106888_fullText_2","32285347_fullText_3","29661116_fullText_2","28334907_fullText_1","21536589_fullText_1","20865150_fullText_1","20308049_fullText_2","19542537_fullText_4","18841197_fullText_5","10915768_fullText_9","10556285_fullText_4","9506544_fullText_4","8640226_fullText_1"]	Machado-Joseph Disease	C0024408
ATXN3 gene	C1538301	ASSOCIATED_WITH	["32285347_fullText_3"]	Spinocerebellar Ataxia Type 6 (disorder)	C0752124
ATXN3 gene	C1538301	ASSOCIATED_WITH	["29802126_fullText_2","20943656_fullText_2","39014518_fullText_1","38443995_fullText_12"]	Neurodegenerative Disorders	C0524851
ATXN3 gene	C1538301	ASSOCIATED_WITH	["31127937_fullText_1"]	Heredodegenerative Disorders, Nervous System	C0751870
ATXN3 gene	C1538301	ASSOCIATED_WITH	["32285347_fullText_3"]	Spinocerebellar Ataxia Type 1	C0752120
ATXN3 gene	C1538301	AUGMENTS	["29802126_fullText_8"]	Virus Diseases	C0042769
ATXN3 gene	C1538301	DISRUPTS	["24817574_fullText_7"]	Cerebellar degeneration	C0262404
ATXN3 gene	C1538301	DISRUPTS	["20308049_fullText_4"]	Machado-Joseph Disease	C0024408
ATXN3 gene	C1538301	ASSOCIATED_WITH__INFER__	["38376240_fullText_13"]	Hereditary Diseases	C0019247
ATXN3 gene	C1538301	ASSOCIATED_WITH__INFER__	["38227368_fullText_32","38227368_fullText_33"]	DYSFUNCTION - SKIN DISORDERS	C3887505
ATXN3 gene	C1538301	ASSOCIATED_WITH__INFER__	["39293559_fullText_1"]	Huntington Disease	C0020179
ATXN3 gene	C1538301	ASSOCIATED_WITH__INFER__	["34432315_fullText_4","39293559_fullText_1"]	Machado-Joseph Disease	C0024408
ATXN3 gene	C1538301	ASSOCIATED_WITH__SPEC__	["31127937_fullText_1"]	Machado-Joseph Disease	C0024408
ATXN3 gene	C1538301	COMPLICATES	["32357546_fullText_133"]	Acute Cerebrovascular Accidents	C0751956
ATXN3 gene	C1538301	COMPLICATES	["32357546_fullText_133"]	Ischemic stroke	C0948008
PCSK5 gene	C1418391	ASSOCIATED_WITH		VATER Association	C0220708
PCSK5 gene	C1418391	ASSOCIATED_WITH		Currarino triad	C1531773
CEL gene	C1413336	ASSOCIATED_WITH		Lipomatosis	C0023801
CEL gene	C1413336	ASSOCIATED_WITH		Thyroiditis	C0040147
CEL gene	C1413336	ASSOCIATED_WITH		Gastritis	C0017152
CEL gene	C1413336	ASSOCIATED_WITH		Glomerulonephritis	C0017658
CEL gene	C1413336	ASSOCIATED_WITH		Chronic Kidney Diseases	C1561643
CEL gene	C1413336	ASSOCIATED_WITH		Pancreatitis, Chronic	C0149521
CEL gene	C1413336	ASSOCIATED_WITH		Diabetes Mellitus	C0011849
CEL gene	C1413336	ASSOCIATED_WITH		Diabetes Mellitus, Non-Insulin-Dependent	C0011860
CEL gene	C1413336	ASSOCIATED_WITH		Diabetes Mellitus, Insulin-Dependent	C0011854
NEFL gene	C1417668	PREDISPOSES	["33636389_fullText_1"]	Cerebral atrophy	C0235946
NEFL gene	C1417668	PREDISPOSES	["33047897_abstract_1","33047897_abstract_6"]	spinal cord degeneration	C0748901
NEFL gene	C1417668	ASSOCIATED_WITH		Auditory neuropathy	C1852271
NEFL gene	C1417668	ASSOCIATED_WITH		Dejerine-Sottas Disease (disorder)	C0011195
NEFL gene	C1417668	ASSOCIATED_WITH		Roussy-Levy Syndrome (disorder)	C0205713
NEFL gene	C1417668	ASSOCIATED_WITH		Hereditary Motor and Sensory Neuropathies	C0027888
NEFL gene	C1417668	ASSOCIATED_WITH		Peripheral Neuropathy	C0031117
NEFL gene	C1417668	ASSOCIATED_WITH		Amyotrophic Lateral Sclerosis	C0002736
NEFL gene	C1417668	ASSOCIATED_WITH		Charcot-Marie-Tooth Disease	C0007959
NEFL gene	C1417668	ASSOCIATED_WITH	["33636389_fullText_2","33636389_fullText_6","33636389_fullText_7"]	Cardiac Arrest	C0018790
NEFL gene	C1417668	ASSOCIATED_WITH	["35478426_fullText_1","32510847_fullText_2"]	Machado-Joseph Disease	C0024408
NEFL gene	C1417668	ASSOCIATED_WITH	["33047897_abstract_6"]	Adrenoleukodystrophy	C0162309
NEFL gene	C1417668	AUGMENTS	["32510847_fullText_6"]	Machado-Joseph Disease	C0024408
ITPR2 gene	C1416518	ASSOCIATED_WITH		Amyotrophic Lateral Sclerosis	C0002736
ITPR2 gene	C1416518	AFFECTS	["37445783_fullText_9"]	Machado-Joseph Disease	C0024408
BCL2 gene	C0376515	ASSOCIATED_WITH		Azoospermia	C0004509
BCL2 gene	C0376515	ASSOCIATED_WITH		Fetal Alcohol Spectrum Disorders	C2985290
BCL2 gene	C0376515	ASSOCIATED_WITH		Fetal Alcohol Syndrome	C0015923
BCL2 gene	C0376515	ASSOCIATED_WITH		Hypertensive disease	C0020538
BCL2 gene	C0376515	ASSOCIATED_WITH		Asthma	C0004096
BCL2 gene	C0376515	ASSOCIATED_WITH		Retinal Degeneration	C0035304
BCL2 gene	C0376515	ASSOCIATED_WITH		Myocardial Infarction	C0027051
BCL2 gene	C0376515	ASSOCIATED_WITH		Erectile dysfunction	C0242350
BCL2 gene	C0376515	ASSOCIATED_WITH		Polycystic Ovary Syndrome	C0032460
BCL2 gene	C0376515	ASSOCIATED_WITH		Alzheimer's Disease	C0002395
BCL2 gene	C0376515	ASSOCIATED_WITH		Diabetes Mellitus, Non-Insulin-Dependent	C0011860
BAX gene	C0812198	ASSOCIATED_WITH		HIV Infections	C0019693
BAX gene	C0812198	ASSOCIATED_WITH		Ataxia Telangiectasia	C0004135
BAX gene	C0812198	ASSOCIATED_WITH		Diabetes Mellitus, Non-Insulin-Dependent	C0011860
BAX gene	C0812198	ASSOCIATED_WITH		Myocardial Infarction	C0027051
BAX gene	C0812198	ASSOCIATED_WITH		Kidney Failure, Acute	C0022660
BAX gene	C0812198	ASSOCIATED_WITH		Polycystic Ovary Syndrome	C0032460
BAX gene	C0812198	ASSOCIATED_WITH		Alzheimer's Disease	C0002395
DCN gene	C1413930	ASSOCIATED_WITH		Myocardial Ischemia	C0151744
Wild Type	C1883559	ASSOCIATED_WITH	["15936235_fullText_6","14649732_fullText_5"]	Phenylketonurias	C0031485
C7orf49 gene	C1824234	ASSOCIATED_WITH	["16447793_fullText_1"]	Hyperphenylalaninaemia	C0751435
C7orf49 gene	C1824234	ASSOCIATED_WITH	["17245558_fullText_8","16447793_fullText_1"]	Phenylketonurias	C0031485
C7orf49 gene	C1824234	ASSOCIATED_WITH	["32367276_fullText_2","25370748_fullText_2","19934555_fullText_1"]	Machado-Joseph Disease	C0024408
C7orf49 gene	C1824234	ASSOCIATED_WITH	["32367276_fullText_2"]	Spinocerebellar Ataxia 10	C1963674
Retinoic Acid Response Element	C1514917	CAUSES	["21792031_fullText_5"]	Phenylketonurias	C0031485
Retinoic Acid Response Element	C1514917	ASSOCIATED_WITH	["24433453_fullText_77"]	Glaucoma	C0017601
Retinoic Acid Response Element	C1514917	ASSOCIATED_WITH	["24433453_fullText_77","32147747_fullText_103"]	Syndrome	C0039082
Retinoic Acid Response Element	C1514917	ASSOCIATED_WITH	["17895983_fullText_12"]	Mitochondrial Encephalomyopathies	C0162666
Retinoic Acid Response Element	C1514917	ASSOCIATED_WITH	["31996241_fullText_169"]	Mendelian disorders	C1285355
Retinoic Acid Response Element	C1514917	ASSOCIATED_WITH	["11384587_fullText_8"]	Disorder of macula of retina	C0730362
Retinoic Acid Response Element	C1514917	ASSOCIATED_WITH	["11384587_fullText_8"]	External Ophthalmoplegia	C0162292
ABCA1 gene	C1412058	ASSOCIATED_WITH		Hyperlipoproteinemia Type IIa	C0745103
ABCA1 gene	C1412058	ASSOCIATED_WITH		Peripheral Neuropathy	C0031117
ABCA1 gene	C1412058	ASSOCIATED_WITH		Hypercholesterolemia, Familial	C0020445
ABCA1 gene	C1412058	ASSOCIATED_WITH		Myocardial Ischemia	C0151744
ABCA1 gene	C1412058	ASSOCIATED_WITH		Coronary heart disease	C0010068
ABCA1 gene	C1412058	ASSOCIATED_WITH		Hypercholesterolemia	C0020443
ABCA1 gene	C1412058	ASSOCIATED_WITH		Obesity	C0028754
ABCA1 gene	C1412058	ASSOCIATED_WITH		Coronary Arteriosclerosis	C0010054
ABCA1 gene	C1412058	ASSOCIATED_WITH		Alzheimer's Disease	C0002395
ABCA1 gene	C1412058	ASSOCIATED_WITH		Diabetes Mellitus, Non-Insulin-Dependent	C0011860
ABCA1 gene	C1412058	ASSOCIATED_WITH		Atherosclerosis	C0004153
ABCA1 gene	C1412058	ASSOCIATED_WITH		Tangier Disease	C0039292
ABCA1 gene	C1412058	ASSOCIATED_WITH		Hypoalphalipoproteinemia, Familial	C1704429
CCDC88C gene	C1426569	ASSOCIATED_WITH		Ataxia, Spinocerebellar	C0087012
CCDC88C gene	C1426569	ASSOCIATED_WITH		Hydrocephalus	C0020255
SH2B1 gene	C1822703	ASSOCIATED_WITH		Obesity	C0028754
LTBP4 gene	C1416930	ASSOCIATED_WITH		Muscular Dystrophy, Duchenne	C0013264
LTBP4 gene	C1416930	ASSOCIATED_WITH		Cutis Laxa	C0010495
LTBP4 gene	C1416930	ASSOCIATED_WITH		Cutis Laxa With Severe Pulmonary, Gastrointestinal, And Urinary Abnormalities	C2750804
MEG3 gene	C1422767	PREDISPOSES	["37071051_fullText_8"]	Machado-Joseph Disease	C0024408
PVRL1 gene	C1419142	ASSOCIATED_WITH		Herpes simplex infection	C0019348
PVRL1 gene	C1419142	ASSOCIATED_WITH		Cleft Palate	C0008925
PVRL1 gene	C1419142	ASSOCIATED_WITH		Ectodermal Dysplasia	C0013575
PVRL1 gene	C1419142	PREDISPOSES	["37067186_fullText_3"]	Disorder of ejaculation	C0235969
SAR1A gene	C1419815	ASSOCIATED_WITH	["37428409_fullText_9"]	Cardiac Arrest	C0018790
SAR1A gene	C1419815	ASSOCIATED_WITH	["28401494_fullText_8"]	Spinocerebellar Ataxia 10	C1963674
SAR1A gene	C1419815	ASSOCIATED_WITH	["21832228_fullText_3"]	Spinocerebellar Ataxia Type 1	C0752120
SAR1A gene	C1419815	ASSOCIATED_WITH	["25370748_fullText_7"]	Machado-Joseph Disease	C0024408
SAR1A gene	C1419815	ASSOCIATED_WITH	["23413156_fullText_4"]	Parkinson Disease	C0030567
SAR1A gene	C1419815	AUGMENTS	["21832228_fullText_2"]	Spinocerebellar Ataxia Type 6 (disorder)	C0752124
SAR1A gene	C1419815	ASSOCIATED_WITH__INFER__	["38923784_fullText_67"]	Machado-Joseph Disease	C0024408
HDAC3 gene	C1366355	ASSOCIATED_WITH		Heart Diseases	C0018799
IMPACT gene	C1825598	AFFECTS	["37740225_fullText_10","31782540_fullText_1","26084935_fullText_8","26084935_fullText_10"]	Phenylketonurias	C0031485
IMPACT gene	C1825598	AFFECTS	["36231095_fullText_2"]	Neurodegenerative Disorders	C0524851
IMPACT gene	C1825598	ASSOCIATED_WITH	["34842989_fullText_4","34497359_fullText_4","24373161_fullText_2","23357515_fullText_3","20123472_fullText_8","16435174_fullText_3"]	Phenylketonurias	C0031485
IMPACT gene	C1825598	ASSOCIATED_WITH	["22131273_fullText_185"]	Dystrophia myotonica 1	C2931688
IMPACT gene	C1825598	ASSOCIATED_WITH	["35211808_fullText_16"]	Congenital Disorders	C0242354
IMPACT gene	C1825598	ASSOCIATED_WITH	["37770252_fullText_23"]	Mitochondrial Diseases	C0751651
IMPACT gene	C1825598	ASSOCIATED_WITH	["34849584_fullText_225"]	Optic Atrophy, Hereditary, Leber	C0917796
IMPACT gene	C1825598	ASSOCIATED_WITH	["36093993_fullText_124"]	Rare Diseases	C0678236
IMPACT gene	C1825598	ASSOCIATED_WITH	["25156766_fullText_5"]	Restrictive lung disease	C0085581
IMPACT gene	C1825598	ASSOCIATED_WITH	["33907393_fullText_2","37348121_fullText_1"]	Chronic Obstructive Airway Disease	C0024117
IMPACT gene	C1825598	ASSOCIATED_WITH	["37482222_fullText_15"]	Cirrhosis	C1623038
IMPACT gene	C1825598	ASSOCIATED_WITH	["35445777_fullText_1"]	Gastroesophageal reflux disease	C0017168
IMPACT gene	C1825598	ASSOCIATED_WITH	["34967659_fullText_1"]	Restless Legs Syndrome	C0035258
IMPACT gene	C1825598	ASSOCIATED_WITH	["32955441_fullText_9","26757259_fullText_6","18506570_fullText_1"]	Machado-Joseph Disease	C0024408
IMPACT gene	C1825598	ASSOCIATED_WITH	["34933094_fullText_5","27390132_fullText_233"]	Leigh Disease	C0023264
IMPACT gene	C1825598	DISRUPTS	["28456629_fullText_34"]	Lipofuscinosis	C0268279
IMPACT gene	C1825598	ASSOCIATED_WITH__INFER__	["28484315_fullText_10"]	Neuromuscular Diseases	C0027868
IMPACT gene	C1825598	ASSOCIATED_WITH__INFER__	["36523650_fullText_1"]	Primary biliary cirrhosis	C0008312
IMPACT gene	C1825598	ASSOCIATED_WITH__INFER__	["37452262_fullText_1"]	Syndrome	C0039082
ATXN1 gene	C1538298	ASSOCIATED_WITH		Neurodegenerative Disorders	C0524851
ATXN1 gene	C1538298	ASSOCIATED_WITH		Ataxia, Spinocerebellar	C0087012
ATXN1 gene	C1538298	ASSOCIATED_WITH	["32285347_fullText_3"]	Machado-Joseph Disease	C0024408
ATXN1 gene	C1538298	ASSOCIATED_WITH	["32285347_fullText_3"]	Spinocerebellar Ataxia Type 6 (disorder)	C0752124
ATXN1 gene	C1538298	ASSOCIATED_WITH	["32285347_fullText_3"]	Spinocerebellar Ataxia Type 1	C0752120
RAB3D gene	C1419208	ASSOCIATED_WITH	["37031010_fullText_2"]	Parkinsonian Disorders	C0242422
ATXN2 gene	C1538299	ASSOCIATED_WITH		Ataxia, Spinocerebellar	C0087012
ATXN2 gene	C1538299	ASSOCIATED_WITH		Amyotrophic Lateral Sclerosis	C0002736
ATXN2 gene	C1538299	ASSOCIATED_WITH		Spinocerebellar Ataxia Type 2	C0752121
ATXN2 gene	C1538299	ASSOCIATED_WITH		PARKINSON DISEASE, LATE-ONSET	C3160718
ATXN2 gene	C1538299	ASSOCIATED_WITH	["30337442_fullText_11"]	Machado-Joseph Disease	C0024408
ATXN2 gene	C1538299	CAUSES	["23889603_fullText_3"]	Spinocerebellar Ataxia Type 2	C0752121
RASA1 gene	C1419277	ASSOCIATED_WITH		Hydrops Fetalis	C0020305
RASA1 gene	C1419277	ASSOCIATED_WITH		Hereditary hemorrhagic telangiectasia	C0039445
RASA1 gene	C1419277	ASSOCIATED_WITH		Klippel-Trenaunay-Weber Syndrome	C0022739
RBMS3 gene	C1421986	ASSOCIATED_WITH		Exfoliation Syndrome	C0206368
LY6E gene	C1334353	ASSOCIATED_WITH	["21880333_fullText_2","18685131_fullText_5"]	Machado-Joseph Disease	C0024408
LY6E gene	C1334353	ASSOCIATED_WITH	["33306823_fullText_2"]	Cardiac Arrest	C0018790
LY6E gene	C1334353	ASSOCIATED_WITH	["23219306_fullText_9","21880333_fullText_2","21832228_fullText_3","18028243_fullText_4"]	Spinocerebellar Ataxia Type 1	C0752120
LY6E gene	C1334353	ASSOCIATED_WITH__INFER__	["30616057_fullText_3","26362908_fullText_2","17468965_fullText_2"]	Machado-Joseph Disease	C0024408
LY6E gene	C1334353	ASSOCIATED_WITH__INFER__	["30616057_fullText_3","17468965_fullText_2"]	Spinocerebellar Ataxia Type 6 (disorder)	C0752124
LY6E gene	C1334353	ASSOCIATED_WITH__INFER__	["30616057_fullText_3"]	Spinocerebellar Ataxia Type 7	C0752125
SLC14A2 gene	C1420099	AUGMENTS	["24039817_fullText_96"]	Myotonic Dystrophy	C0027126
RENBP gene	C1419339	ASSOCIATED_WITH		Cardiomyopathy, Dilated	C0007193
RENBP gene	C1419339	AFFECTS	["10556089_fullText_4"]	Myotonic Dystrophy	C0027126
Alleles	C0002085	AFFECTS	["36321795_fullText_3"]	Urologic Diseases	C0042075
Alleles	C0002085	PREDISPOSES	["3702929_fullText_5"]	Phenylketonurias	C0031485
Alleles	C0002085	PREDISPOSES	["3702929_fullText_5"]	Hyperphenylalaninaemia	C0751435
Alleles	C0002085	PREDISPOSES	["35175489_fullText_5"]	Epilepsy	C0014544
Alleles	C0002085	ASSOCIATED_WITH	["39125643_fullText_7"]	early disease onset	C0814120
Alleles	C0002085	ASSOCIATED_WITH	["21890392_fullText_3"]	Pulmonary Hypertension, Primary, 1, With Hereditary Hemorrhagic Telangiectasia	C3714844
Alleles	C0002085	ASSOCIATED_WITH	["16917891_fullText_1"]	Hyperphenylalaninaemia	C0751435
Alleles	C0002085	ASSOCIATED_WITH	["35355500_fullText_6","35355500_fullText_8","16917891_fullText_1","7766955_fullText_6"]	Phenylketonurias	C0031485
Alleles	C0002085	ASSOCIATED_WITH	["15103717_fullText_7"]	Myotonic Dystrophy	C0027126
Alleles	C0002085	ASSOCIATED_WITH	["9059523_fullText_10"]	Myotonic Disorders	C0553604
Alleles	C0002085	ASSOCIATED_WITH	["18685131_fullText_2","8815156_fullText_6","8815156_fullText_8"]	Spinocerebellar Ataxia Type 1	C0752120
Alleles	C0002085	ASSOCIATED_WITH	["24746364_fullText_6","10204858_fullText_1","9048937_fullText_3","8815156_fullText_6","8528200_fullText_3"]	Machado-Joseph Disease	C0024408
Alleles	C0002085	ASSOCIATED_WITH	["10441343_fullText_5"]	Congenital chromosomal disease	C0008626
Alleles	C0002085	DISRUPTS	["10720436_fullText_3"]	Pulmonary Hypertension, Primary, 1, With Hereditary Hemorrhagic Telangiectasia	C3714844
Alleles	C0002085	ASSOCIATED_WITH__INFER__	["24503136_fullText_4"]	Sensory deficit	C0748618
Alleles	C0002085	ASSOCIATED_WITH__INFER__	["24503136_fullText_4"]	Failure to Thrive	C0015544
Alleles	C0002085	ASSOCIATED_WITH__INFER__	["28699106_fullText_7"]	Machado-Joseph Disease	C0024408
STMN1 gene	C1416797	ASSOCIATED_WITH__INFER__	["25338975_fullText_5"]	Phenylketonurias	C0031485
WASF1 gene	C1421479	ASSOCIATED_WITH	["25014052_fullText_3"]	Tonic - clonic seizures	C0494475
WASF1 gene	C1421479	ASSOCIATED_WITH	["36244162_fullText_7"]	Machado-Joseph Disease	C0024408
TP53 gene	C0079419	ASSOCIATED_WITH		Kidney Failure, Acute	C0022660
TP53 gene	C0079419	ASSOCIATED_WITH	["25590633_fullText_7"]	Machado-Joseph Disease	C0024408
SOD1 gene	C1420306	ASSOCIATED_WITH		Retinitis Pigmentosa	C0035334
SOD1 gene	C1420306	ASSOCIATED_WITH		Hepatitis, Chronic	C0019189
SOD1 gene	C1420306	ASSOCIATED_WITH		Chronic progressive external ophthalmoplegia	C0162674
SOD1 gene	C1420306	ASSOCIATED_WITH		MELAS Syndrome	C0162671
SOD1 gene	C1420306	ASSOCIATED_WITH		Brain Ischemia	C0007786
SOD1 gene	C1420306	ASSOCIATED_WITH		Nephrosis	C0027720
SOD1 gene	C1420306	ASSOCIATED_WITH		Pulmonary Fibrosis	C0034069
SOD1 gene	C1420306	ASSOCIATED_WITH		Retinal Degeneration	C0035304
SOD1 gene	C1420306	ASSOCIATED_WITH		Contact Dermatitis	C0011616
SOD1 gene	C1420306	ASSOCIATED_WITH		Muscular Atrophy	C0026846
SOD1 gene	C1420306	ASSOCIATED_WITH		Transient Ischemic Attack	C0007787
SOD1 gene	C1420306	ASSOCIATED_WITH		Deficiency Diseases	C0011156
SOD1 gene	C1420306	ASSOCIATED_WITH		Prion Diseases	C0162534
SOD1 gene	C1420306	ASSOCIATED_WITH		Hyperthyroidism	C0020550
SOD1 gene	C1420306	ASSOCIATED_WITH		Congestive heart failure	C0018802
SOD1 gene	C1420306	ASSOCIATED_WITH		Kidney Failure, Acute	C0022660
SOD1 gene	C1420306	ASSOCIATED_WITH		Amyotrophic Lateral Sclerosis, Sporadic	C1862941
SOD1 gene	C1420306	ASSOCIATED_WITH		Amyotrophic Lateral Sclerosis	C0002736
SOD1 gene	C1420306	ASSOCIATED_WITH		AMYOTROPHIC LATERAL SCLEROSIS 1	C1862939
SOD1 gene	C1420306	ASSOCIATED_WITH		Motor Neuron Disease	C0085084
SOD1 gene	C1420306	ASSOCIATED_WITH		Diabetes Mellitus	C0011849
SOD1 gene	C1420306	ASSOCIATED_WITH		Diabetes Mellitus, Non-Insulin-Dependent	C0011860
SOD1 gene	C1420306	ASSOCIATED_WITH		Hypertensive disease	C0020538
SOD1 gene	C1420306	ASSOCIATED_WITH		Parkinson Disease	C0030567
SOD1 gene	C1420306	ASSOCIATED_WITH		Down Syndrome	C0013080
SOD1 gene	C1420306	ASSOCIATED_WITH		Myocardial Infarction	C0027051
SOD1 gene	C1420306	ASSOCIATED_WITH		Diabetic Retinopathy	C0011884
SOD1 gene	C1420306	ASSOCIATED_WITH		Obesity	C0028754
SOD1 gene	C1420306	ASSOCIATED_WITH		Diabetes Mellitus, Insulin-Dependent	C0011854
SOD1 gene	C1420306	ASSOCIATED_WITH		Hyperglycemia	C0020456
SOD1 gene	C1420306	ASSOCIATED_WITH		Atherosclerosis	C0004153
SOD1 gene	C1420306	ASSOCIATED_WITH		Asthma	C0004096
SOD1 gene	C1420306	ASSOCIATED_WITH		Cerebrovascular accident	C0038454
SOD1 gene	C1420306	ASSOCIATED_WITH		nervous system disorder	C0027765
SOD1 gene	C1420306	ASSOCIATED_WITH		Fatty Liver	C0015695
SOD1 gene	C1420306	ASSOCIATED_WITH		Heart failure	C0018801
SOD1 gene	C1420306	ASSOCIATED_WITH		Liver diseases	C0023895
LRP2 wt Allele	C3811119	ASSOCIATED_WITH__INFER__	["31311714_fullText_3"]	CONGENITAL DISORDER OF DEGLYCOSYLATION	C3808991
KPNB1 gene	C1416705	CAUSES	["35794401_fullText_4"]	Machado-Joseph Disease	C0024408
KPNB1 gene	C1416705	DISRUPTS	["35794401_fullText_10"]	Machado-Joseph Disease	C0024408
CLPP gene	C1413504	ASSOCIATED_WITH		Gonadal dysgenesis XX type deafness	C0685838
TBATA gene	C1428114	CAUSES	["34233602_fullText_5"]	Migraine Disorders	C0149931
PARK2 gene	C1418270	ASSOCIATED_WITH		PARKINSON DISEASE, LATE-ONSET	C3160718
PARK2 gene	C1418270	ASSOCIATED_WITH		Parkinsonism, Juvenile	C0752105
PARK2 gene	C1418270	ASSOCIATED_WITH		Parkinsonian Disorders	C0242422
PARK2 gene	C1418270	ASSOCIATED_WITH		PARKINSON DISEASE 2, AUTOSOMAL RECESSIVE JUVENILE	C1868675
PARK2 gene	C1418270	ASSOCIATED_WITH		Parkinson Disease	C0030567
PARK2 gene	C1418270	CAUSES	["30059502_fullText_15"]	Parkinson Disease	C0030567
PARK2 gene	C1418270	ASSOCIATED_WITH	["21116127_fullText_5","21116127_fullText_6"]	Machado-Joseph Disease	C0024408
VDAC1 gene	C1336930	ASSOCIATED_WITH		Myocardial Infarction	C0027051
ATN1 gene	C1540211	ASSOCIATED_WITH		Myoclonic Epilepsies, Progressive	C0751778
ATN1 gene	C1540211	ASSOCIATED_WITH		Dentatorubral-Pallidoluysian Atrophy	C0751781
ATN1 gene	C1540211	CAUSES	["7999979_fullText_4"]	nervous system disorder	C0027765
ATN1 gene	C1540211	ASSOCIATED_WITH__INFER__	["35607730_fullText_2","8780110_fullText_1"]	Machado-Joseph Disease	C0024408
ATN1 gene	C1540211	ASSOCIATED_WITH	["35607730_fullText_3","10204858_fullText_1"]	Machado-Joseph Disease	C0024408
KIDINS220 gene	C2681631	ASSOCIATED_WITH		Cerebral Palsy	C0007789
AKR1A1 wt Allele	C3715044	ASSOCIATED_WITH	["38917675_fullText_6"]	Congenital Disorders	C0242354
CA8 gene	C1413051	ASSOCIATED_WITH		Dysequilibrium syndrome	C0394006
CA8 gene	C1413051	ASSOCIATED_WITH	["35488942_fullText_4"]	Machado-Joseph Disease	C0024408
SLC2A3 gene	C1420173	ASSOCIATED_WITH		Huntington Disease	C0020179
UCHL1 gene	C1421309	ASSOCIATED_WITH		Peripheral Neuropathy	C0031117
UCHL1 gene	C1421309	ASSOCIATED_WITH		Parkinson Disease	C0030567
UCHL1 gene	C1421309	ASSOCIATED_WITH		Alzheimer's Disease	C0002395
UCHL1 gene	C1421309	ASSOCIATED_WITH	["35478426_fullText_1"]	Machado-Joseph Disease	C0024408
GFAP gene	C1415042	ASSOCIATED_WITH		Late-Infantile Neuronal Ceroid Lipofuscinosis	C0022340
GFAP gene	C1415042	ASSOCIATED_WITH		Neuronal Ceroid-Lipofuscinoses	C0027877
GFAP gene	C1415042	ASSOCIATED_WITH		Peripheral Neuropathy	C0031117
GFAP gene	C1415042	ASSOCIATED_WITH		Lewy Body Disease	C0752347
GFAP gene	C1415042	ASSOCIATED_WITH		Motor Neuron Disease	C0085084
GFAP gene	C1415042	ASSOCIATED_WITH		Neuromyelitis Optica	C0027873
GFAP gene	C1415042	ASSOCIATED_WITH		Amyotrophic Lateral Sclerosis	C0002736
GFAP gene	C1415042	ASSOCIATED_WITH		nervous system disorder	C0027765
GFAP gene	C1415042	ASSOCIATED_WITH		Parkinson Disease	C0030567
GFAP gene	C1415042	ASSOCIATED_WITH		Epilepsy	C0014544
GFAP gene	C1415042	ASSOCIATED_WITH		Alexander Disease	C0270726
CD5 gene	C1413227	ASSOCIATED_WITH		Rheumatoid Arthritis	C0003873
HTT gene	C1415504	CAUSES	["31217022_fullText_8"]	Alzheimer's Disease	C0002395
HTT gene	C1415504	CAUSES	["31217022_fullText_8"]	Huntington Disease	C0020179
HTT gene	C1415504	ASSOCIATED_WITH		Juvenile Huntington Disease	C0751208
HTT gene	C1415504	ASSOCIATED_WITH		Movement Disorders	C0026650
HTT gene	C1415504	ASSOCIATED_WITH		Parkinson Disease	C0030567
HTT gene	C1415504	ASSOCIATED_WITH		Huntington Disease	C0020179
Genome	C0017428	ASSOCIATED_WITH	["8589677_fullText_3"]	Leigh Disease	C0023264
Locus	C1708726	ASSOCIATED_WITH	["8444221_fullText_8"]	Pulmonary Hypertension, Primary, 1, With Hereditary Hemorrhagic Telangiectasia	C3714844
Locus	C1708726	ASSOCIATED_WITH	["2198475_fullText_3"]	Myotonic Dystrophy	C0027126
FOXD3 gene	C1414672	ASSOCIATED_WITH		Vitiligo	C0042900
FOXD3 gene	C1414672	ASSOCIATED_WITH	["33982650_fullText_1"]	Complex nervous system disease or syndrome	C0541441
FOXD3 gene	C1414672	ASSOCIATED_WITH	["33982650_fullText_1"]	multiple pathologies	C0679225
GTF2I gene	C1415347	ASSOCIATED_WITH		Sjogren's Syndrome	C1527336
GTF2I gene	C1415347	ASSOCIATED_WITH		Williams Syndrome	C0175702
GTF2I gene	C1415347	ASSOCIATED_WITH	["35224825_fullText_6"]	Machado-Joseph Disease	C0024408
MTR gene	C1417453	ASSOCIATED_WITH		IGA Glomerulonephritis	C0017661
MTR gene	C1417453	ASSOCIATED_WITH		Aortic Aneurysm, Abdominal	C0162871
MTR gene	C1417453	ASSOCIATED_WITH		Heart Diseases	C0018799
MTR gene	C1417453	ASSOCIATED_WITH		Cleft Palate	C0008925
MTR gene	C1417453	ASSOCIATED_WITH		Epilepsy	C0014544
MTR gene	C1417453	ASSOCIATED_WITH		Hypertensive disease	C0020538
MTR gene	C1417453	ASSOCIATED_WITH		Male infertility	C0021364
MTR gene	C1417453	ASSOCIATED_WITH		Homocystinuria	C0019880
MTR gene	C1417453	ASSOCIATED_WITH		Hyperhomocysteinemia	C0598608
MTR gene	C1417453	ASSOCIATED_WITH	["35224825_fullText_7"]	Machado-Joseph Disease	C0024408
PARP1 gene	C1538577	ASSOCIATED_WITH		Cardiomyopathies	C0878544
PARP1 gene	C1538577	ASSOCIATED_WITH		Brain Ischemia	C0007786
PARP1 gene	C1538577	ASSOCIATED_WITH		Aortic Aneurysm, Abdominal	C0162871
PARP1 gene	C1538577	ASSOCIATED_WITH		Pulmonary Edema	C0034063
PARP1 gene	C1538577	ASSOCIATED_WITH		Parkinsonian Disorders	C0242422
PARP1 gene	C1538577	ASSOCIATED_WITH		Anemia	C0002871
PARP1 gene	C1538577	ASSOCIATED_WITH		Dermatitis	C0011603
PARP1 gene	C1538577	ASSOCIATED_WITH		Pneumonia	C0032285
PARP1 gene	C1538577	ASSOCIATED_WITH		Kidney Diseases	C0022658
PARP1 gene	C1538577	ASSOCIATED_WITH		Obesity	C0028754
PARP1 gene	C1538577	ASSOCIATED_WITH		Arthritis	C0003864
PARP1 gene	C1538577	ASSOCIATED_WITH		Nephritis	C0027697
PARP1 gene	C1538577	ASSOCIATED_WITH		Pulmonary Fibrosis	C0034069
PARP1 gene	C1538577	ASSOCIATED_WITH		Atherosclerosis	C0004153
PARP1 gene	C1538577	ASSOCIATED_WITH		Asthma	C0004096
PARP1 gene	C1538577	ASSOCIATED_WITH		Parkinson Disease	C0030567
PARP1 gene	C1538577	ASSOCIATED_WITH		Alzheimer's Disease	C0002395
CAPN2 gene	C1413112	ASSOCIATED_WITH		Hypoplastic Left Heart Syndrome	C0152101
MAL gene	C1416989	CAUSES	["35148383_fullText_52"]	Leigh Disease	C0023264
MAL gene	C1416989	AFFECTS	["38685873_fullText_8"]	Leigh Disease	C0023264
MAL gene	C1416989	ASSOCIATED_WITH		Leukodystrophy, Metachromatic	C0023522
MAL gene	C1416989	ASSOCIATED_WITH	["8523034_fullText_2"]	Machado-Joseph Disease	C0024408
GRAP2 gene	C1415284	ASSOCIATED_WITH		Hepatitis C	C0019196
GCLC wt Allele	C1704697	ASSOCIATED_WITH	["34636993_fullText_6"]	Phenylketonurias	C0031485
PARD3 gene	C1423939	ASSOCIATED_WITH	["34871736_fullText_8"]	Machado-Joseph Disease	C0024408
NFKB1 gene	C1417708	ASSOCIATED_WITH		Hyperoxaluria	C0020500
NFKB1 gene	C1417708	ASSOCIATED_WITH		Tropical Spastic Paraparesis	C0030481
NFKB1 gene	C1417708	ASSOCIATED_WITH		Brain Ischemia	C0007786
NFKB1 gene	C1417708	ASSOCIATED_WITH		Kidney Failure, Chronic	C0022661
NFKB1 gene	C1417708	ASSOCIATED_WITH		Kidney Failure, Acute	C0022660
NFKB1 gene	C1417708	ASSOCIATED_WITH		Primary biliary cirrhosis	C0008312
NFKB1 gene	C1417708	ASSOCIATED_WITH		Diabetes Mellitus, Non-Insulin-Dependent	C0011860
NFKB1 gene	C1417708	ASSOCIATED_WITH		Common Variable Immunodeficiency	C0009447
NFKB1 gene	C1417708	ASSOCIATED_WITH		Liver diseases	C0023895
NFKB1 gene	C1417708	ASSOCIATED_WITH	["34871736_fullText_8"]	Machado-Joseph Disease	C0024408
ACTG1 gene	C1412149	ASSOCIATED_WITH		Sensorineural hearing loss, bilateral	C0452138
ACTG1 gene	C1412149	ASSOCIATED_WITH		Acute Coronary Syndrome	C0948089
ACTG1 gene	C1412149	ASSOCIATED_WITH	["34871736_fullText_8"]	Machado-Joseph Disease	C0024408
DLGAP2 gene	C1414068	ASSOCIATED_WITH	["34871736_fullText_8"]	Machado-Joseph Disease	C0024408
ITGB1 gene	C1416496	ASSOCIATED_WITH		Cardiomyopathy, Dilated	C0007193
ITGB1 gene	C1416496	ASSOCIATED_WITH		Heart failure	C0018801
ITGB1 gene	C1416496	ASSOCIATED_WITH		Congestive heart failure	C0018802
ITGB1 gene	C1416496	ASSOCIATED_WITH		Endometriosis	C0014175
ITGB1 gene	C1416496	ASSOCIATED_WITH		Cardiomyopathies	C0878544
ITGB1 gene	C1416496	ASSOCIATED_WITH	["34871736_fullText_8"]	Machado-Joseph Disease	C0024408
DIDO1 gene	C1824935	ASSOCIATED_WITH	["34871736_fullText_8"]	Machado-Joseph Disease	C0024408
CERS4 gene	C3469890	ASSOCIATED_WITH	["34871736_fullText_8"]	Machado-Joseph Disease	C0024408
APOE gene	C1412481	AFFECTS	["24746364_fullText_6"]	Machado-Joseph Disease	C0024408
APOE gene	C1412481	ASSOCIATED_WITH		Familial Cerebral Amyloid Angiopathy	C0268393
APOE gene	C1412481	ASSOCIATED_WITH		Keratitis, Herpetic	C0019357
APOE gene	C1412481	ASSOCIATED_WITH		Cerebral Amyloid Angiopathy, Hereditary	C1510489
APOE gene	C1412481	ASSOCIATED_WITH		Multiple Sclerosis, Relapsing-Remitting	C0751967
APOE gene	C1412481	ASSOCIATED_WITH		Carotid Stenosis	C0007282
APOE gene	C1412481	ASSOCIATED_WITH		Carotid Artery Diseases	C0007273
APOE gene	C1412481	ASSOCIATED_WITH		Sensorineural Hearing Loss (disorder)	C0018784
APOE gene	C1412481	ASSOCIATED_WITH		Glaucoma, Open-Angle	C0017612
APOE gene	C1412481	ASSOCIATED_WITH		Herpes simplex infection	C0019348
APOE gene	C1412481	ASSOCIATED_WITH		Angle Closure Glaucoma	C0017605
APOE gene	C1412481	ASSOCIATED_WITH		Hepatolenticular Degeneration	C0019202
APOE gene	C1412481	ASSOCIATED_WITH		Exudative age-related macular degeneration	C0271084
APOE gene	C1412481	ASSOCIATED_WITH		Kidney Failure	C0035078
APOE gene	C1412481	ASSOCIATED_WITH		Diabetic Retinopathy	C0011884
APOE gene	C1412481	ASSOCIATED_WITH		Congestive heart failure	C0018802
APOE gene	C1412481	ASSOCIATED_WITH		Hyperuricemia	C0740394
APOE gene	C1412481	ASSOCIATED_WITH		Cardiomyopathy, Dilated	C0007193
APOE gene	C1412481	ASSOCIATED_WITH		Low Tension Glaucoma	C0152136
APOE gene	C1412481	ASSOCIATED_WITH		Retinal Diseases	C0035309
APOE gene	C1412481	ASSOCIATED_WITH		Malaria	C0024530
APOE gene	C1412481	ASSOCIATED_WITH		Exfoliation Syndrome	C0206368
APOE gene	C1412481	ASSOCIATED_WITH		Psoriasis	C0033860
APOE gene	C1412481	ASSOCIATED_WITH		Arteriosclerosis	C0003850
APOE gene	C1412481	ASSOCIATED_WITH		Heart failure	C0018801
APOE gene	C1412481	ASSOCIATED_WITH		Macular degeneration	C0024437
APOE gene	C1412481	ASSOCIATED_WITH	["24746364_fullText_1"]	Neurodegenerative Disorders	C0524851
APOE gene	C1412481	ASSOCIATED_WITH		ALZHEIMER DISEASE 2	C1863051
APOE gene	C1412481	ASSOCIATED_WITH		Hyperlipoproteinemia Type III	C0020479
APOE gene	C1412481	ASSOCIATED_WITH		Sea-Blue Histiocyte Syndrome	C0036489
APOE gene	C1412481	ASSOCIATED_WITH		Alzheimer disease, familial, type 3	C1843013
APOE gene	C1412481	ASSOCIATED_WITH		Alzheimer's Disease	C0002395
APOE gene	C1412481	ASSOCIATED_WITH		Atherosclerosis	C0004153
APOE gene	C1412481	ASSOCIATED_WITH		Cardiovascular Diseases	C0007222
APOE gene	C1412481	ASSOCIATED_WITH		Diabetes Mellitus	C0011849
APOE gene	C1412481	ASSOCIATED_WITH		Coronary heart disease	C0010068
APOE gene	C1412481	ASSOCIATED_WITH		Hypercholesterolemia	C0020443
APOE gene	C1412481	ASSOCIATED_WITH		Hypertensive disease	C0020538
APOE gene	C1412481	ASSOCIATED_WITH		Obesity	C0028754
APOE gene	C1412481	ASSOCIATED_WITH		Dyslipidemias	C0242339
APOE gene	C1412481	ASSOCIATED_WITH		Hyperlipoproteinemias	C0020476
APOE gene	C1412481	ASSOCIATED_WITH		Myocardial Infarction	C0027051
APOE gene	C1412481	ASSOCIATED_WITH		Coronary Arteriosclerosis	C0010054
APOE gene	C1412481	ASSOCIATED_WITH		Hyperlipidemia	C0020473
APOE gene	C1412481	ASSOCIATED_WITH		Myocardial Ischemia	C0151744
APOE gene	C1412481	ASSOCIATED_WITH		Hypercholesterolemia, Familial	C0020445
APOE gene	C1412481	ASSOCIATED_WITH		Aortic Aneurysm, Abdominal	C0162871
APOE gene	C1412481	ASSOCIATED_WITH		Amyloidosis	C0002726
APOE gene	C1412481	ASSOCIATED_WITH		Cerebral Infarction	C0007785
APOE gene	C1412481	ASSOCIATED_WITH		Fatty Liver	C0015695
APOE gene	C1412481	ASSOCIATED_WITH		Multiple Sclerosis	C0026769
APOE gene	C1412481	ASSOCIATED_WITH		Amyotrophic Lateral Sclerosis	C0002736
APOE gene	C1412481	ASSOCIATED_WITH		Glaucoma, Primary Open Angle	C0339573
APOE gene	C1412481	ASSOCIATED_WITH		Hyperlipidemia, Familial Combined	C0020474
VCP gene	C1421437	ASSOCIATED_WITH		Spastic Paraplegia	C0037772
VCP gene	C1421437	ASSOCIATED_WITH		Alzheimer's Disease	C0002395
VCP gene	C1421437	ASSOCIATED_WITH		Lewy Body Disease	C0752347
VCP gene	C1421437	ASSOCIATED_WITH		Charcot-Marie-Tooth Disease	C0007959
VCP gene	C1421437	ASSOCIATED_WITH		Inclusion Body Myositis (disorder)	C0238190
VCP gene	C1421437	ASSOCIATED_WITH		Amyotrophic Lateral Sclerosis	C0002736
VCP gene	C1421437	ASSOCIATED_WITH		Osteitis Deformans	C0029401
VCP gene	C1421437	ASSOCIATED_WITH	["11997064_fullText_5"]	Spinocerebellar Ataxia Type 1	C0752120
VCP gene	C1421437	ASSOCIATED_WITH	["11997064_fullText_5"]	Cardiac Arrest	C0018790
IVNS1ABP gene	C1424660	AFFECTS	["34783886_fullText_6"]	Machado-Joseph Disease	C0024408
GALC gene	C1414946	ASSOCIATED_WITH		Fabry Disease	C0002986
GALC gene	C1414946	ASSOCIATED_WITH		Late-Onset Globoid Cell Leukodystrophy	C0268252
GALC gene	C1414946	ASSOCIATED_WITH		Infantile Globoid Cell Leukodystrophy	C0751273
GALC gene	C1414946	ASSOCIATED_WITH		Leukodystrophy	C0023520
GALC gene	C1414946	ASSOCIATED_WITH		Globoid cell leukodystrophy	C0023521
ENO3 gene	C1414405	ASSOCIATED_WITH	["3084971_fullText_5"]	Myotonic Dystrophy	C0027126
Homologous Gene	C1334043	CAUSES	["11782424_fullText_2"]	Leigh Disease	C0023264
Homologous Gene	C1334043	ASSOCIATED_WITH	["31767637_fullText_13"]	Mendelian disorders	C1285355
Homologous Gene	C1334043	ASSOCIATED_WITH	["9382874_fullText_197"]	Miller Dieker syndrome	C0265219
Homologous Gene	C1334043	ASSOCIATED_WITH	["30135079_fullText_3"]	Inflammatory disorder	C1290884
Homologous Gene	C1334043	ASSOCIATED_WITH	["11423010_fullText_4"]	Friedreich Ataxia	C0016719
Homologous Gene	C1334043	ASSOCIATED_WITH	["11423010_fullText_4"]	Spastic Paraplegia, Hereditary	C0037773
CTRL gene	C1413809	ASSOCIATED_WITH__INFER__	["38227368_fullText_57"]	Machado-Joseph Disease	C0024408
OGT gene	C1417945	ASSOCIATED_WITH	["32080367_fullText_97"]	Congenital Disorders	C0242354
OGT gene	C1417945	ASSOCIATED_WITH	["34785590_fullText_4","34785590_fullText_7"]	Machado-Joseph Disease	C0024408
SIRT1 gene	C1423062	ASSOCIATED_WITH		HIV Infections	C0019693
SIRT1 gene	C1423062	ASSOCIATED_WITH		Systemic Scleroderma	C0036421
SIRT1 gene	C1423062	ASSOCIATED_WITH		Heart Diseases	C0018799
SIRT1 gene	C1423062	ASSOCIATED_WITH		Pneumonia	C0032285
SIRT1 gene	C1423062	ASSOCIATED_WITH		Degenerative disorder	C1285162
SIRT1 gene	C1423062	ASSOCIATED_WITH		Retinal Diseases	C0035309
SIRT1 gene	C1423062	ASSOCIATED_WITH		Fatty Liver, Alcoholic	C0015696
SIRT1 gene	C1423062	ASSOCIATED_WITH		Atrial Fibrillation	C0004238
SIRT1 gene	C1423062	ASSOCIATED_WITH		Impaired glucose tolerance	C0271650
SIRT1 gene	C1423062	ASSOCIATED_WITH		Kidney Failure, Acute	C0022660
SIRT1 gene	C1423062	ASSOCIATED_WITH		Nonalcoholic Steatohepatitis	C3241937
SIRT1 gene	C1423062	ASSOCIATED_WITH		Diabetic Retinopathy	C0011884
SIRT1 gene	C1423062	ASSOCIATED_WITH		Heart failure	C0018801
SIRT1 gene	C1423062	ASSOCIATED_WITH		Congestive heart failure	C0018802
SIRT1 gene	C1423062	ASSOCIATED_WITH		Neurodegenerative Disorders	C0524851
SIRT1 gene	C1423062	ASSOCIATED_WITH		Non-alcoholic Fatty Liver Disease	C0400966
SIRT1 gene	C1423062	ASSOCIATED_WITH		Huntington Disease	C0020179
SIRT1 gene	C1423062	ASSOCIATED_WITH		Fatty Liver	C0015695
SIRT1 gene	C1423062	ASSOCIATED_WITH		Metabolic Syndrome X	C0524620
SIRT1 gene	C1423062	ASSOCIATED_WITH		Colitis	C0009319
SIRT1 gene	C1423062	ASSOCIATED_WITH		Diabetes Mellitus, Non-Insulin-Dependent	C0011860
SIRT1 gene	C1423062	ASSOCIATED_WITH		Atherosclerosis	C0004153
SIRT1 gene	C1423062	ASSOCIATED_WITH		Diabetes Mellitus	C0011849
SIRT1 gene	C1423062	ASSOCIATED_WITH		Obesity	C0028754
SIRT1 gene	C1423062	ASSOCIATED_WITH	["27165717_fullText_13","27165717_fullText_51","27165717_fullText_69","27165717_fullText_72"]	Machado-Joseph Disease	C0024408
SIRT1 gene	C1423062	ASSOCIATED_WITH__SPEC__	["27165717_fullText_10"]	Ataxia, Spinocerebellar	C0087012
CAST gene	C1413137	ASSOCIATED_WITH		Lupus Erythematosus, Systemic	C0024141
CAST gene	C1413137	ASSOCIATED_WITH		Psoriasis	C0033860
CAST gene	C1413137	ASSOCIATED_WITH		Rheumatoid Arthritis	C0003873
CAST gene	C1413137	ASSOCIATED_WITH		Parkinson Disease	C0030567
CAST gene	C1413137	ASSOCIATED_WITH	["34191270_fullText_2"]	Machado-Joseph Disease	C0024408
PJA1 gene	C1424463	ASSOCIATED_WITH		Craniofrontonasal dysplasia	C0220767
KLF4 gene	C1416660	ASSOCIATED_WITH		Myocardial Ischemia	C0151744
INA gene	C1416431	ASSOCIATED_WITH		Motor Neuron Disease	C0085084
INA gene	C1416431	ASSOCIATED_WITH	["18685131_fullText_2"]	Spinocerebellar Ataxia Type 1	C0752120
TTR gene	C1421224	ASSOCIATED_WITH		Charcot-Marie-Tooth Disease	C0007959
TTR gene	C1421224	ASSOCIATED_WITH		Cardiomyopathy, Hypertrophic, Familial	C0949658
TTR gene	C1421224	ASSOCIATED_WITH		Kidney Failure, Acute	C0022660
TTR gene	C1421224	ASSOCIATED_WITH		Anemia	C0002871
TTR gene	C1421224	ASSOCIATED_WITH		Familial Amyloid Neuropathy, Portuguese Type	C0268384
TTR gene	C1421224	ASSOCIATED_WITH		Alzheimer's Disease	C0002395
TTR gene	C1421224	ASSOCIATED_WITH		Amyloid Neuropathies, Familial	C0206245
TTR gene	C1421224	ASSOCIATED_WITH		Amyloidosis, Familial	C0740340
TTR gene	C1421224	ASSOCIATED_WITH		Cardiomyopathies	C0878544
TTR gene	C1421224	ASSOCIATED_WITH		Amyloidosis	C0002726
TTR gene	C1421224	ASSOCIATED_WITH		Carpal Tunnel Syndrome	C0007286
MTCP1 gene	C1334535	CAUSES	["28330959_fullText_34"]	Muscular Dystrophy	C0026850
MTCP1 gene	C1334535	CAUSES	["28330959_fullText_34"]	Myopathy	C0026848
SLC6A4 gene	C1420214	ASSOCIATED_WITH		Congestive heart failure	C0018802
SLC6A4 gene	C1420214	ASSOCIATED_WITH		Heart failure	C0018801
SLC6A4 gene	C1420214	ASSOCIATED_WITH		Heart Diseases	C0018799
SLC6A4 gene	C1420214	ASSOCIATED_WITH		Asthma	C0004096
SLC6A4 gene	C1420214	ASSOCIATED_WITH		Chronic Fatigue Syndrome	C0015674
SLC6A4 gene	C1420214	ASSOCIATED_WITH		Sleep Apnea, Obstructive	C0520679
SLC6A4 gene	C1420214	ASSOCIATED_WITH		Chronic Obstructive Airway Disease	C0024117
SLC6A4 gene	C1420214	ASSOCIATED_WITH		Sudden infant death syndrome	C0038644
SLC6A4 gene	C1420214	ASSOCIATED_WITH		Pulmonary Hypertension	C0020542
Orthologous Gene	C1335144	CAUSES	["29370694_fullText_43"]	Retinal Dystrophies	C0854723
Orthologous Gene	C1335144	CAUSES	["29370694_fullText_43"]	Leukoencephalopathies	C0270612
ELF4 gene	C1414377	ASSOCIATED_WITH	["21737679_fullText_176"]	Hyperostosis, Diffuse Idiopathic Skeletal	C0020498
Genetic Loci	C0678933	ASSOCIATED_WITH	["9579395_fullText_1"]	Myotonic Dystrophy	C0027126
Genes, Mitochondrial	C1563761	CAUSES	["16023078_fullText_3","27977873_fullText_70","24957181_fullText_3"]	Leigh Disease	C0023264
Genes, Mitochondrial	C1563761	ASSOCIATED_WITH	["36335839_fullText_5","23813926_fullText_1","14764913_fullText_9"]	Leigh Disease	C0023264
Genes, Mitochondrial	C1563761	ASSOCIATED_WITH	["23813926_fullText_1"]	nervous system disorder	C0027765
Genes, Mitochondrial	C1563761	ASSOCIATED_WITH__SPEC__	["23813926_fullText_1"]	Leigh Disease	C0023264
Genes, Mitochondrial	C1563761	ASSOCIATED_WITH__SPEC__	["23813926_fullText_1"]	nervous system disorder	C0027765
HTR6 gene	C1415815	ASSOCIATED_WITH		Alzheimer's Disease	C0002395
GEN1 gene	C2239486	ASSOCIATED_WITH__INFER__	["33468086_fullText_4"]	Machado-Joseph Disease	C0024408
GEN1 gene	C2239486	ASSOCIATED_WITH	["33215370_fullText_1"]	Machado-Joseph Disease	C0024408
ELANE wt Allele	C3538705	ASSOCIATED_WITH	["33438269_fullText_9"]	Machado-Joseph Disease	C0024408
FOXG1 gene	C0812297	ASSOCIATED_WITH		Strabismus	C0038379
FOXG1 gene	C0812297	ASSOCIATED_WITH		Epilepsy	C0014544
FOXG1 gene	C0812297	ASSOCIATED_WITH		Rett Syndrome	C0035372
Transgenes	C0282641	CAUSES	["21283659_fullText_6"]	Myotonic Dystrophy	C0027126
Transgenes	C0282641	ASSOCIATED_WITH	["28623239_fullText_15"]	Muscular Atrophy	C0026846
Transgenes	C0282641	ASSOCIATED_WITH__INFER__	["24039817_fullText_50"]	Epiphyseal dysplasia, multiple, 1	C1838280
Human gene	C0314604	ASSOCIATED_WITH	["15833424_fullText_1"]	Muscular Dystrophy, Congenital, Type 1D	C1837229
TSPO gene	C1823521	ASSOCIATED_WITH__INFER__	["32867861_fullText_46"]	Machado-Joseph Disease	C0024408
AR wt Allele	C1705240	ASSOCIATED_WITH	["1589758_fullText_1"]	Hereditary Diseases	C0019247
AR wt Allele	C1705240	CAUSES	["7999979_fullText_4"]	nervous system disorder	C0027765
AR wt Allele	C1705240	ASSOCIATED_WITH	["19526244_fullText_2"]	Neurodegenerative Disorders	C0524851
AR wt Allele	C1705240	ASSOCIATED_WITH	["33170804_fullText_9"]	Machado-Joseph Disease	C0024408
AR wt Allele	C1705240	ASSOCIATED_WITH	["33170804_fullText_9"]	Huntington Disease	C0020179
C9orf72 gene	C1428691	ASSOCIATED_WITH		Amyotrophic Lateral Sclerosis	C0002736
C9orf72 gene	C1428691	ASSOCIATED_WITH	["26083476_fullText_7"]	Machado-Joseph Disease	C0024408
TBP wt Allele	C1705304	ASSOCIATED_WITH	["33306823_fullText_2"]	Cardiac Arrest	C0018790
TBP wt Allele	C1705304	CAUSES	["21334959_fullText_9"]	Parkinsonian Disorders	C0242422
mutant gene	C0678941	CAUSES	["35205402_fullText_71"]	Retinal Dystrophies	C0854723
mutant gene	C0678941	CAUSES	["33196459_fullText_1"]	Cardiac Arrest	C0018790
mutant gene	C0678941	CAUSES	["36221165_fullText_1"]	Rare Diseases	C0678236
mutant gene	C0678941	CAUSES	["30397276_fullText_7"]	Myopathy	C0026848
mutant gene	C0678941	CAUSES__SPEC__	["38154976_fullText_1","38154976_fullText_5"]	Zellweger Spectrum	C3658299
mutant gene	C0678941	CAUSES__SPEC__	["36221165_fullText_1"]	Glutaric aciduria, type 1	C0268595
mutant gene	C0678941	ASSOCIATED_WITH__INFER__	["33511646_fullText_1"]	Leigh Disease	C0023264
mutant gene	C0678941	ASSOCIATED_WITH__INFER__	["34645217_fullText_4"]	Epilepsy	C0014544
HSPA8 gene	C1415764	ASSOCIATED_WITH		SPINOCEREBELLAR ATAXIA 17	C1846707
HSPA8 gene	C1415764	ASSOCIATED_WITH		Parkinson Disease	C0030567
HSPA4 gene	C1415760	ASSOCIATED_WITH		Chagas Disease	C0041234
UBQLN2 gene	C1421305	ASSOCIATED_WITH		Amyotrophic Lateral Sclerosis	C0002736
UBQLN2 gene	C1421305	ASSOCIATED_WITH	["26141599_fullText_3"]	Neurodegenerative Disorders	C0524851
Gene Feature	C1517495	ASSOCIATED_WITH__INFER__	["37532500_fullText_1"]	Phenylketonurias	C0031485
Gene Feature	C1517495	ASSOCIATED_WITH__INFER__	["37532500_fullText_1"]	CARDIOMYOPATHY, FAMILIAL RESTRICTIVE, 1 (disorder)	C1861861
Gene Feature	C1517495	ASSOCIATED_WITH__INFER__	["32643267_fullText_7"]	Machado-Joseph Disease	C0024408
Gene Feature	C1517495	ASSOCIATED_WITH__INFER__	["28273704_fullText_1"]	Leigh Disease	C0023264
Gene Feature	C1517495	ASSOCIATED_WITH__INFER__	["28139241_fullText_1"]	Congenital Disorders	C0242354
MBP gene	C1417057	ASSOCIATED_WITH		Neuromyelitis Optica	C0027873
MBP gene	C1417057	ASSOCIATED_WITH		Demyelinating Diseases	C0011303
MBP gene	C1417057	ASSOCIATED_WITH		Multiple Sclerosis	C0026769
CACNA1A gene	C1456413	ASSOCIATED_WITH		Lennox-Gastaut syndrome	C0238111
CACNA1A gene	C1456413	ASSOCIATED_WITH		Congenital neurologic anomalies	C0497552
CACNA1A gene	C1456413	ASSOCIATED_WITH		Chorea	C0008489
CACNA1A gene	C1456413	ASSOCIATED_WITH		Amyotrophic Lateral Sclerosis	C0002736
CACNA1A gene	C1456413	ASSOCIATED_WITH		Exfoliation Syndrome	C0206368
CACNA1A gene	C1456413	ASSOCIATED_WITH		Epileptic encephalopathy	C0543888
CACNA1A gene	C1456413	ASSOCIATED_WITH		Hemiplegic migraine	C0270862
CACNA1A gene	C1456413	ASSOCIATED_WITH		Atrophy of cerebellum	C0740279
CACNA1A gene	C1456413	ASSOCIATED_WITH		Absence Epilepsy	C0014553
CACNA1A gene	C1456413	ASSOCIATED_WITH		Ataxia, Spinocerebellar	C0087012
CACNA1A gene	C1456413	ASSOCIATED_WITH		Episodic Ataxia	C1720189
CACNA1A gene	C1456413	ASSOCIATED_WITH		Migraine with Aura	C0154723
CACNA1A gene	C1456413	ASSOCIATED_WITH		Migraine Disorders	C0149931
CACNA1A gene	C1456413	ASSOCIATED_WITH		Episodic ataxia type 2 (disorder)	C1720416
CACNA1A gene	C1456413	PREDISPOSES	["37428409_fullText_88"]	Cardiac Arrest	C0018790
CACNA1A gene	C1456413	ASSOCIATED_WITH	["32285347_fullText_3"]	Spinocerebellar Ataxia Type 1	C0752120
CACNA1A gene	C1456413	ASSOCIATED_WITH	["32285347_fullText_3"]	Spinocerebellar Ataxia Type 6 (disorder)	C0752124
CACNA1A gene	C1456413	ASSOCIATED_WITH	["32285347_fullText_3"]	Machado-Joseph Disease	C0024408
DNAJB6 gene	C1423027	ASSOCIATED_WITH		Muscular Dystrophy	C0026850
DNAJB6 gene	C1423027	ASSOCIATED_WITH		Myofibrillar Myopathy	C2678065
DNAJB6 gene	C1423027	ASSOCIATED_WITH		Muscular Dystrophies, Limb-Girdle	C0686353
MT-TA gene	C1537998	CAUSES	["17895983_fullText_91"]	Mitochondrial Diseases	C0751651
MT-TA gene	C1537998	ASSOCIATED_WITH	["11799391_fullText_4"]	Hereditary Diseases	C0019247
PNKP gene	C1418707	CAUSES	["25633985_fullText_83"]	Machado-Joseph Disease	C0024408
PNKP gene	C1418707	ASSOCIATED_WITH	["25633985_fullText_67"]	nervous system disorder	C0027765
Genome, Mitochondrial	C1819716	CAUSES	["39231983_fullText_0"]	Mitochondrial Dysfunction	C4021734
Genome, Mitochondrial	C1819716	ASSOCIATED_WITH	["32087274_fullText_9"]	Machado-Joseph Disease	C0024408
Genome, Mitochondrial	C1819716	ASSOCIATED_WITH	["27671926_fullText_3"]	Leigh Disease	C0023264
Genome, Mitochondrial	C1819716	ASSOCIATED_WITH__INFER__	["17895983_fullText_54"]	Encephalopathies	C0085584
Genome, Mitochondrial	C1819716	ASSOCIATED_WITH__INFER__	["32087274_fullText_2"]	Machado-Joseph Disease	C0024408
Genome, Mitochondrial	C1819716	ASSOCIATED_WITH__INFER__	["22364517_fullText_6"]	Leigh Disease	C0023264
Candidate Disease Gene	C1332838	CAUSES	["25630614_fullText_125"]	Cardiomyopathies	C0878544
Candidate Disease Gene	C1332838	CAUSES	["25630614_fullText_125"]	Myopathy	C0026848
MC3R gene	C1417063	ASSOCIATED_WITH		Obesity	C0028754
ENPP2 gene	C1414408	PREDISPOSES	["31933517_abstract_11"]	Hepatic Encephalopathy	C0019151
FAN1 gene	C3147283	ASSOCIATED_WITH	["31587151_fullText_4"]	Huntington Disease	C0020179
ABCA4 gene	C1412063	ASSOCIATED_WITH		RETINITIS PIGMENTOSA 1	C0220701
ABCA4 gene	C1412063	ASSOCIATED_WITH		Cone dystrophy	C0730290
ABCA4 gene	C1412063	ASSOCIATED_WITH		Leber Congenital Amaurosis	C0339527
ABCA4 gene	C1412063	ASSOCIATED_WITH		Atrophic retina	C0521694
ABCA4 gene	C1412063	ASSOCIATED_WITH		Retinal Diseases	C0035309
ABCA4 gene	C1412063	ASSOCIATED_WITH		Retinal Degeneration	C0035304
ABCA4 gene	C1412063	ASSOCIATED_WITH		Cone-Rod Dystrophies	C4085590
ABCA4 gene	C1412063	ASSOCIATED_WITH		Retinal Dystrophies	C0854723
ABCA4 gene	C1412063	ASSOCIATED_WITH		Stargardt Disease 1	C1855465
ABCA4 gene	C1412063	ASSOCIATED_WITH		Macular degeneration	C0024437
ABCA4 gene	C1412063	ASSOCIATED_WITH		Retinitis Pigmentosa	C0035334
ABCA4 gene	C1412063	ASSOCIATED_WITH		Juvenile macular degeneration	C4282180
ELAVL2 gene	C1414372	CAUSES	["31691128_fullText_3"]	Machado-Joseph Disease	C0024408
ELAVL2 gene	C1414372	ASSOCIATED_WITH	["38236359_fullText_6","38236359_abstract_6"]	Fibrosis, Liver	C0239946
PPIB gene	C1418795	ASSOCIATED_WITH		HIV Infections	C0019693
PPIB gene	C1418795	ASSOCIATED_WITH		Osteogenesis Imperfecta	C0029434
B2M gene	C1412709	ASSOCIATED_WITH		Heart Diseases	C0018799
B2M gene	C1412709	ASSOCIATED_WITH		Inflammatory Bowel Diseases	C0021390
B2M gene	C1412709	ASSOCIATED_WITH		Arthritis	C0003864
B2M gene	C1412709	ASSOCIATED_WITH		Kidney Failure, Acute	C0022660
B2M gene	C1412709	ASSOCIATED_WITH		Kidney Diseases	C0022658
B2M gene	C1412709	ASSOCIATED_WITH		Hypoproteinemia, Hypercatabolic	C1855796
NEFH gene	C1417666	ASSOCIATED_WITH		AMYOTROPHIC LATERAL SCLEROSIS 1	C1862939
NEFH gene	C1417666	ASSOCIATED_WITH		Peripheral Neuropathy	C0031117
NEFH gene	C1417666	ASSOCIATED_WITH		Motor Neuron Disease	C0085084
NEFH gene	C1417666	ASSOCIATED_WITH		Amyotrophic Lateral Sclerosis	C0002736
NEFH gene	C1417666	ASSOCIATED_WITH		Amyotrophic Lateral Sclerosis, Sporadic	C1862941
STX1B gene	C1420499	ASSOCIATED_WITH		Epileptic encephalopathy	C0543888
STX1B gene	C1420499	ASSOCIATED_WITH		Febrile Convulsions	C0009952
STX1B gene	C1420499	ASSOCIATED_WITH		Epilepsy	C0014544
ITPR1 gene	C1334148	ASSOCIATED_WITH		Anterior segment mesenchymal dysgenesis	C1862839
ITPR1 gene	C1334148	ASSOCIATED_WITH		Autosomal dominant cerebellar ataxia	C4087347
ITPR1 gene	C1334148	ASSOCIATED_WITH		Gillespie syndrome	C0431401
NOTCH1 gene	C1334889	ASSOCIATED_WITH		nervous system disorder	C0027765
NOTCH1 gene	C1334889	ASSOCIATED_WITH		Aortic Aneurysm, Thoracic	C0162872
NOTCH1 gene	C1334889	ASSOCIATED_WITH		Hypoplastic Left Heart Syndrome	C0152101
NOTCH1 gene	C1334889	ASSOCIATED_WITH		Pulmonary arterial hypertension	C2973725
NOTCH1 gene	C1334889	ASSOCIATED_WITH		Adams Oliver syndrome	C0265268
NOTCH1 gene	C1334889	ASSOCIATED_WITH		Aortic valve disorder	C1260873
MKI67 gene	C1334508	ASSOCIATED_WITH		Peripheral Neuropathy	C0031117
MKI67 gene	C1334508	ASSOCIATED_WITH		Graft-vs-Host Disease	C0018133
MKI67 gene	C1334508	ASSOCIATED_WITH		Hepatitis, Chronic	C0019189
MKI67 gene	C1334508	ASSOCIATED_WITH		HIV Infections	C0019693
MKI67 gene	C1334508	ASSOCIATED_WITH		Psoriasis	C0033860
DISC1 gene	C1414054	ASSOCIATED_WITH		Chronic Fatigue Syndrome	C0015674
CHM gene	C1413394	ASSOCIATED_WITH		Retinitis Pigmentosa	C0035334
CHM gene	C1413394	ASSOCIATED_WITH		Chorioretinal atrophy	C4048273
CHM gene	C1413394	ASSOCIATED_WITH		Retinal Dystrophies	C0854723
CHM gene	C1413394	ASSOCIATED_WITH		Choroideremia	C0008525
BTBD9 gene	C1427432	ASSOCIATED_WITH		Restless Legs Syndrome	C0035258
RBFOX3 gene	C3146324	ASSOCIATED_WITH		Epilepsy, Rolandic	C0376532
RBFOX3 gene	C3146324	ASSOCIATED_WITH	["20635090_fullText_9"]	Machado-Joseph Disease	C0024408
DNMT3A gene	C1414123	ASSOCIATED_WITH		Dwarfism	C0013336
DNMT3A gene	C1414123	ASSOCIATED_WITH		Obesity	C0028754
OMD gene	C1417948	ASSOCIATED_WITH	["30616057_fullText_3"]	Machado-Joseph Disease	C0024408
MYC gene	C0086661	ASSOCIATED_WITH		Ovarian Failure, Premature	C0085215
MYC gene	C0086661	ASSOCIATED_WITH		Hypertrophic Cardiomyopathy	C0007194
MYC gene	C0086661	ASSOCIATED_WITH		Fatty Liver	C0015695
MYC gene	C0086661	ASSOCIATED_WITH		Polycystic Kidney Diseases	C0022680
BECN1 gene	C1412785	ASSOCIATED_WITH		Lewy Body Disease	C0752347
BECN1 gene	C1412785	ASSOCIATED_WITH		Myocardial Infarction	C0027051
BECN1 gene	C1412785	ASSOCIATED_WITH	["23801739_fullText_3"]	multiple pathologies	C0679225
BECN1 gene	C1412785	AFFECTS	["21478185_fullText_5"]	Machado-Joseph Disease	C0024408
BECN1 gene	C1412785	ASSOCIATED_WITH	["28699106_fullText_2"]	Machado-Joseph Disease	C0024408
MT-ND1 gene	C1537989	ASSOCIATED_WITH	["34928236_fullText_69"]	Diabetes	C0011847
MT-ND1 gene	C1537989	ASSOCIATED_WITH	["35217561_fullText_13"]	Leigh Disease	C0023264
DNAJB1 gene	C1415791	ASSOCIATED_WITH__INFER__	["32357546_fullText_147"]	Machado-Joseph Disease	C0024408
DNAJB1 gene	C1415791	ASSOCIATED_WITH__SPEC__	["30086154_fullText_7"]	Machado-Joseph Disease	C0024408
DNAJB1 gene	C1415791	ASSOCIATED_WITH	["10575031_fullText_3"]	Machado-Joseph Disease	C0024408
BLOC1S3 gene	C1538326	ASSOCIATED_WITH		Hermanski-Pudlak Syndrome	C0079504
CA2 gene	C1413043	ASSOCIATED_WITH		Osteoporosis	C0029456
CA2 gene	C1413043	ASSOCIATED_WITH		Osteopetrosis	C0029454
CHDH gene	C1538452	ASSOCIATED_WITH		Heart failure	C0018801
CHDH gene	C1538452	ASSOCIATED_WITH		Congestive heart failure	C0018802
RYR1 gene	C1419778	AFFECTS	["37149124_fullText_11"]	POLYCYSTIC KIDNEY DISEASE 1	C3149841
RYR1 gene	C1419778	ASSOCIATED_WITH		Congenital Structural Myopathy	C0752282
RYR1 gene	C1419778	ASSOCIATED_WITH		Arrhythmogenic Right Ventricular Dysplasia	C0349788
RYR1 gene	C1419778	ASSOCIATED_WITH		Hydrops Fetalis	C0020305
RYR1 gene	C1419778	ASSOCIATED_WITH		MULTIPLE PTERYGIUM SYNDROME, LETHAL TYPE	C1854678
RYR1 gene	C1419778	ASSOCIATED_WITH		Arthrogryposis multiplex congenita	C5779613
RYR1 gene	C1419778	ASSOCIATED_WITH		Long QT Syndrome	C0023976
RYR1 gene	C1419778	ASSOCIATED_WITH		Malignant hyperpyrexia due to anesthesia	C0024591
RYR1 gene	C1419778	ASSOCIATED_WITH		Central Core Myopathy (disorder)	C0751951
RYR1 gene	C1419778	ASSOCIATED_WITH		Myopathy	C0026848
RYR1 gene	C1419778	ASSOCIATED_WITH		Heart failure	C0018801
RYR1 gene	C1419778	ASSOCIATED_WITH		Neuromuscular Diseases	C0027868
RYR1 gene	C1419778	ASSOCIATED_WITH		Centronuclear myopathy	C0175709
RYR1 gene	C1419778	ASSOCIATED_WITH		Congestive heart failure	C0018802
RYR1 gene	C1419778	ASSOCIATED_WITH		Pena-Shokeir syndrome type I	C1276035
KPNA3 gene	C1416701	CAUSES	["29476013_fullText_7"]	Machado-Joseph Disease	C0024408
RAB7A gene	C1826758	ASSOCIATED_WITH		Charcot-Marie-Tooth Disease	C0007959
CAMP gene	C1413106	ASSOCIATED_WITH		Rosacea	C0035854
HFE gene	C1384665	ASSOCIATED_WITH		Variegate Porphyria	C0162532
HFE gene	C1384665	ASSOCIATED_WITH		Hepatic Veno-Occlusive Disease	C0019156
HFE gene	C1384665	ASSOCIATED_WITH		Aphthous Stomatitis	C0038363
HFE gene	C1384665	ASSOCIATED_WITH		Obesity	C0028754
HFE gene	C1384665	ASSOCIATED_WITH		Osteoarthritis of hip	C0029410
HFE gene	C1384665	ASSOCIATED_WITH		Peripheral Neuropathy	C0031117
HFE gene	C1384665	ASSOCIATED_WITH		Rheumatoid Arthritis	C0003873
HFE gene	C1384665	ASSOCIATED_WITH		Myocardial Infarction	C0027051
HFE gene	C1384665	ASSOCIATED_WITH		Cardiomyopathies	C0878544
HFE gene	C1384665	ASSOCIATED_WITH		Cystic Fibrosis	C0010674
HFE gene	C1384665	ASSOCIATED_WITH		Nonalcoholic Steatohepatitis	C3241937
HFE gene	C1384665	ASSOCIATED_WITH		Parkinson Disease	C0030567
HFE gene	C1384665	ASSOCIATED_WITH		Diabetes Mellitus, Non-Insulin-Dependent	C0011860
HFE gene	C1384665	ASSOCIATED_WITH		Hepatitis C	C0019196
HFE gene	C1384665	ASSOCIATED_WITH		beta Thalassemia	C0005283
HFE gene	C1384665	ASSOCIATED_WITH		Diabetes Mellitus	C0011849
HFE gene	C1384665	ASSOCIATED_WITH		Non-alcoholic Fatty Liver Disease	C0400966
HFE gene	C1384665	ASSOCIATED_WITH		Liver Cirrhosis	C0023890
HFE gene	C1384665	ASSOCIATED_WITH		Porphyria Cutanea Tarda	C0162566
HFE gene	C1384665	ASSOCIATED_WITH		Alzheimer's Disease	C0002395
HFE gene	C1384665	ASSOCIATED_WITH		Liver diseases	C0023895
HFE gene	C1384665	ASSOCIATED_WITH		Hereditary hemochromatosis	C0392514
HFE gene	C1384665	ASSOCIATED_WITH		Iron Metabolism Disorders	C0012715
HFE gene	C1384665	ASSOCIATED_WITH		Hemochromatosis	C0018995
HFE gene	C1384665	ASSOCIATED_WITH	["16182582_fullText_2"]	Liver Failure	C0085605
TNFRSF13C gene	C1425064	ASSOCIATED_WITH		Common Variable Immunodeficiency	C0009447
NMS gene	C1744687	ASSOCIATED_WITH	["28589261_fullText_1"]	Neurodegenerative Disorders	C0524851
NMS gene	C1744687	ASSOCIATED_WITH	["28589261_fullText_10"]	Machado-Joseph Disease	C0024408
FAAH gene	C1414512	ASSOCIATED_WITH		Huntington Disease	C0020179
FAAH gene	C1414512	ASSOCIATED_WITH		Obesity	C0028754
IL1A gene	C1334111	ASSOCIATED_WITH		Brain Ischemia	C0007786
IL1A gene	C1334111	ASSOCIATED_WITH		Myocardial Ischemia	C0151744
IL1A gene	C1334111	ASSOCIATED_WITH		Anthracosis	C0003165
IL1A gene	C1334111	ASSOCIATED_WITH		Cardiomyopathies, Primary	C0033141
IL1A gene	C1334111	ASSOCIATED_WITH		Hemolytic-Uremic Syndrome	C0019061
IL1A gene	C1334111	ASSOCIATED_WITH		Fabry Disease	C0002986
IL1A gene	C1334111	ASSOCIATED_WITH		Vitiligo	C0042900
IL1A gene	C1334111	ASSOCIATED_WITH		Cardiomyopathies	C0878544
IL1A gene	C1334111	ASSOCIATED_WITH		Dermatomyositis	C0011633
IL1A gene	C1334111	ASSOCIATED_WITH		Polymyositis	C0085655
IL1A gene	C1334111	ASSOCIATED_WITH		Nonalcoholic Steatohepatitis	C3241937
IL1A gene	C1334111	ASSOCIATED_WITH		Immune thrombocytopenic purpura	C0398650
IL1A gene	C1334111	ASSOCIATED_WITH		Dermatitis, Allergic Contact	C0162820
IL1A gene	C1334111	ASSOCIATED_WITH		Keratoconus	C0022578
IL1A gene	C1334111	ASSOCIATED_WITH		Graft-vs-Host Disease	C0018133
IL1A gene	C1334111	ASSOCIATED_WITH		Non-alcoholic Fatty Liver Disease	C0400966
IL1A gene	C1334111	ASSOCIATED_WITH		Lung Diseases, Interstitial	C0206062
IL1A gene	C1334111	ASSOCIATED_WITH		Osteoporosis	C0029456
IL1A gene	C1334111	ASSOCIATED_WITH		Schnitzler Syndrome	C0524988
IL1A gene	C1334111	ASSOCIATED_WITH		Pulmonary Fibrosis	C0034069
IL1A gene	C1334111	ASSOCIATED_WITH		Kidney Failure, Chronic	C0022661
IL1A gene	C1334111	ASSOCIATED_WITH		Dermatologic disorders	C0037274
IL1A gene	C1334111	ASSOCIATED_WITH		Diabetes Mellitus, Insulin-Dependent	C0011854
IL1A gene	C1334111	ASSOCIATED_WITH		Asthma	C0004096
IL1A gene	C1334111	ASSOCIATED_WITH		Alzheimer's Disease	C0002395
IL1A gene	C1334111	ASSOCIATED_WITH		Rheumatoid Arthritis	C0003873
IL6 gene	C1334122	ASSOCIATED_WITH		Cardiomyopathies	C0878544
IL6 gene	C1334122	ASSOCIATED_WITH		Sjogren's Syndrome	C1527336
IL6 gene	C1334122	ASSOCIATED_WITH		Hypercalcemia	C0020437
IL6 gene	C1334122	ASSOCIATED_WITH		Keratitis	C0022568
IL6 gene	C1334122	ASSOCIATED_WITH		Otitis Media	C0029882
IL6 gene	C1334122	ASSOCIATED_WITH		Dermatologic disorders	C0037274
IL6 gene	C1334122	ASSOCIATED_WITH		Periodontitis, Juvenile	C0031106
IL6 gene	C1334122	ASSOCIATED_WITH		Nonalcoholic Steatohepatitis	C3241937
IL6 gene	C1334122	ASSOCIATED_WITH		Kidney Failure, Acute	C0022660
IL6 gene	C1334122	ASSOCIATED_WITH		Huntington Disease	C0020179
IL6 gene	C1334122	ASSOCIATED_WITH		Myocarditis	C0027059
IL6 gene	C1334122	ASSOCIATED_WITH		Celiac Disease	C0007570
IL6 gene	C1334122	ASSOCIATED_WITH		Intracranial Aneurysm	C0007766
IL6 gene	C1334122	ASSOCIATED_WITH		Neurodegenerative Disorders	C0524851
IL6 gene	C1334122	ASSOCIATED_WITH		Osteoporosis, Postmenopausal	C0029458
IL6 gene	C1334122	ASSOCIATED_WITH		Dermatitis, Atopic	C0011615
IL6 gene	C1334122	ASSOCIATED_WITH		Subarachnoid Hemorrhage	C0038525
IL6 gene	C1334122	ASSOCIATED_WITH		Hepatitis C	C0019196
IL6 gene	C1334122	ASSOCIATED_WITH		Hepatitis B	C0019163
IL6 gene	C1334122	ASSOCIATED_WITH		Kidney Failure, Chronic	C0022661
IL6 gene	C1334122	ASSOCIATED_WITH		Parkinson Disease	C0030567
IL6 gene	C1334122	ASSOCIATED_WITH		Liver Cirrhosis	C0023890
IL6 gene	C1334122	ASSOCIATED_WITH		Acute Coronary Syndrome	C0948089
IL6 gene	C1334122	ASSOCIATED_WITH		Colitis	C0009319
IL6 gene	C1334122	ASSOCIATED_WITH		Pneumonia	C0032285
IL6 gene	C1334122	ASSOCIATED_WITH		Osteoporosis	C0029456
IL6 gene	C1334122	ASSOCIATED_WITH		Psoriasis	C0033860
IL6 gene	C1334122	ASSOCIATED_WITH		Prediabetes syndrome	C0362046
IL6 gene	C1334122	ASSOCIATED_WITH		Dry Eye Syndromes	C0013238
IL6 gene	C1334122	ASSOCIATED_WITH		Hashimoto Disease	C0677607
IL6 gene	C1334122	ASSOCIATED_WITH		Pulmonary Fibrosis	C0034069
IL6 gene	C1334122	ASSOCIATED_WITH		Uveitis	C0042164
IL6 gene	C1334122	ASSOCIATED_WITH		Myocardial Ischemia	C0151744
IL6 gene	C1334122	ASSOCIATED_WITH		Graves Disease	C0018213
IL6 gene	C1334122	ASSOCIATED_WITH		Hyperinsulinism	C0020459
IL6 gene	C1334122	ASSOCIATED_WITH		Diabetic Retinopathy	C0011884
IL6 gene	C1334122	ASSOCIATED_WITH		Crohn Disease	C0010346
IL6 gene	C1334122	ASSOCIATED_WITH		Rheumatoid Arthritis, Systemic Juvenile	C1858558
IL6 gene	C1334122	ASSOCIATED_WITH		COVID-19 Virus Disease	C5203670
IL6 gene	C1334122	ASSOCIATED_WITH		Obesity	C0028754
IL6 gene	C1334122	ASSOCIATED_WITH		Diabetes Mellitus	C0011849
IL6 gene	C1334122	ASSOCIATED_WITH		Diabetes Mellitus, Non-Insulin-Dependent	C0011860
IL6 gene	C1334122	ASSOCIATED_WITH		Sepsis	C0243026
IL6 gene	C1334122	ASSOCIATED_WITH		Asthma	C0004096
IL6 gene	C1334122	ASSOCIATED_WITH		Chronic Obstructive Airway Disease	C0024117
IL6 gene	C1334122	ASSOCIATED_WITH		Hypertensive disease	C0020538
IL6 gene	C1334122	ASSOCIATED_WITH		Cerebrovascular accident	C0038454
IL6 gene	C1334122	ASSOCIATED_WITH		Inflammatory Bowel Diseases	C0021390
IL6 gene	C1334122	ASSOCIATED_WITH		Hyperglycemia	C0020456
IL6 gene	C1334122	ASSOCIATED_WITH		Rheumatoid Arthritis	C0003873
IL6 gene	C1334122	ASSOCIATED_WITH		Metabolic Syndrome X	C0524620
IL6 gene	C1334122	ASSOCIATED_WITH		Lupus Erythematosus, Systemic	C0024141
IL6 gene	C1334122	ASSOCIATED_WITH		Atherosclerosis	C0004153
IL6 gene	C1334122	ASSOCIATED_WITH		Myocardial Infarction	C0027051
IL6 gene	C1334122	ASSOCIATED_WITH		Diabetes Mellitus, Insulin-Dependent	C0011854
IL6 gene	C1334122	ASSOCIATED_WITH		Congestive heart failure	C0018802
IL6 gene	C1334122	ASSOCIATED_WITH		Heart failure	C0018801
IL6 gene	C1334122	ASSOCIATED_WITH		Multiple Sclerosis	C0026769
IL6 gene	C1334122	ASSOCIATED_WITH		Periodontitis	C0031099
IL6 gene	C1334122	ASSOCIATED_WITH		Non-alcoholic Fatty Liver Disease	C0400966
IL6 gene	C1334122	ASSOCIATED_WITH		Gestational Diabetes	C0085207
IL6 gene	C1334122	ASSOCIATED_WITH		Periodontal Diseases	C0031090
IFNA1 gene	C1415900	ASSOCIATED_WITH	["30135079_fullText_67"]	Inflammatory disorder	C1290884
IL2RA gene	C1334114	ASSOCIATED_WITH		Pleural effusion disorder	C0032227
IL2RA gene	C1334114	ASSOCIATED_WITH		Dermatitis, Allergic Contact	C0162820
IL2RA gene	C1334114	ASSOCIATED_WITH		Lymphopenia	C0024312
IL2RA gene	C1334114	ASSOCIATED_WITH		Alopecia Areata	C0002171
IL2RA gene	C1334114	ASSOCIATED_WITH		HIV Infections	C0019693
IL2RA gene	C1334114	ASSOCIATED_WITH		COVID-19 Virus Disease	C5203670
IL2RA gene	C1334114	ASSOCIATED_WITH		Rheumatoid Arthritis	C0003873
IL2RA gene	C1334114	ASSOCIATED_WITH		Diabetes Mellitus, Insulin-Dependent	C0011854
IL2RA gene	C1334114	ASSOCIATED_WITH		Multiple Sclerosis	C0026769
CXCL9 gene	C1332821	ASSOCIATED_WITH		Celiac Disease	C0007570
CXCL9 gene	C1332821	ASSOCIATED_WITH		Alopecia Areata	C0002171
CXCL9 gene	C1332821	ASSOCIATED_WITH		Interstitial Cystitis	C0282488
CXCL9 gene	C1332821	ASSOCIATED_WITH		Endometriosis	C0014175
CXCL9 gene	C1332821	ASSOCIATED_WITH		Primary biliary cirrhosis	C0008312
CXCL9 gene	C1332821	ASSOCIATED_WITH		Pneumonia	C0032285
CCL11 gene	C1332676	ASSOCIATED_WITH		Hyperglycemia	C0020456
CCL11 gene	C1332676	ASSOCIATED_WITH		HIV Infections	C0019693
CCL11 gene	C1332676	ASSOCIATED_WITH		Pulmonary Fibrosis	C0034069
CCL11 gene	C1332676	ASSOCIATED_WITH		Pneumonia	C0032285
CCL11 gene	C1332676	ASSOCIATED_WITH		Endometriosis	C0014175
CCL11 gene	C1332676	ASSOCIATED_WITH		Dermatitis, Atopic	C0011615
CCL11 gene	C1332676	ASSOCIATED_WITH		Asthma	C0004096
MT-ND3 gene	C1537991	CAUSES	["38437941_fullText_3"]	Leigh Disease	C0023264
MT-ND3 gene	C1537991	CAUSES	["38437941_fullText_3"]	MITOCHONDRIAL COMPLEX I DEFICIENCY	C1838979
MT-ND3 gene	C1537991	CAUSES	["20202874_fullText_10"]	Maternally Inherited Leigh Syndrome	C2931092
MT-ND3 gene	C1537991	ASSOCIATED_WITH__SPEC__	["14764913_fullText_9"]	Leigh Disease	C0023264
VANGL2 gene	C1423541	ASSOCIATED_WITH	["31705726_fullText_54"]	trisomy 8 mosaic	C1096527
VANGL2 gene	C1423541	ASSOCIATED_WITH	["34625039_fullText_2"]	Congenital disorder of glycosylation, type 2G	C2931011
VANGL2 gene	C1423541	ASSOCIATED_WITH	["11134235_fullText_1"]	Congenital disorder of glycosylation type 1A	C0349653
MYOT gene	C1826332	ASSOCIATED_WITH		Peripheral Neuropathy	C0031117
MYOT gene	C1826332	ASSOCIATED_WITH		Cardiomyopathies	C0878544
MYOT gene	C1826332	ASSOCIATED_WITH		Muscular Dystrophy	C0026850
MYOT gene	C1826332	ASSOCIATED_WITH		Muscular Dystrophies, Limb-Girdle	C0686353
MYOT gene	C1826332	ASSOCIATED_WITH		Myofibrillar Myopathy	C2678065
MBNL1 gene	C1417055	CAUSES	["22492623_fullText_3"]	Autosomal dominant hereditary disorder	C0265385
MBNL1 gene	C1417055	CAUSES	["28698297_fullText_12"]	Myotonia Congenita	C0027127
MBNL1 gene	C1417055	CAUSES	["27484195_fullText_1"]	Cardiomyopathy, Dilated	C0007193
MBNL1 gene	C1417055	CAUSES	["36555788_fullText_2","24341895_fullText_1"]	Neuromuscular Diseases	C0027868
MBNL1 gene	C1417055	CAUSES	["19095965_fullText_10"]	Myotonic Dystrophy	C0027126
MBNL1 gene	C1417055	CAUSES	["22846424_fullText_7","23949219_fullText_5"]	Myopathy	C0026848
MBNL1 gene	C1417055	CAUSES	["26414664_fullText_5"]	Dystrophia myotonica 1	C2931688
MBNL1 gene	C1417055	CAUSES	["22427994_fullText_1"]	Systemic disease	C0442893
MBNL1 gene	C1417055	AFFECTS	["37296096_fullText_2"]	Myotonic Dystrophy	C0027126
MBNL1 gene	C1417055	PREDISPOSES	["26092529_fullText_8"]	muscle degeneration	C0234958
MBNL1 gene	C1417055	CAUSES__SPEC__	["22492623_fullText_1"]	Muscular Atrophy	C0026846
MBNL1 gene	C1417055	ASSOCIATED_WITH		MYOTONIC DYSTROPHY 1	C3250443
MBNL1 gene	C1417055	ASSOCIATED_WITH	["29789616_fullText_17"]	Dystrophia myotonica 2	C2931689
MBNL1 gene	C1417055	ASSOCIATED_WITH	["29309648_fullText_178"]	Neuromuscular Diseases	C0027868
MBNL1 gene	C1417055	ASSOCIATED_WITH	["26501102_fullText_140","26501102_fullText_141"]	IMMUNODEFICIENCY 13	C3809768
MBNL1 gene	C1417055	ASSOCIATED_WITH	["33269537_fullText_10"]	Myopathy	C0026848
MBNL1 gene	C1417055	ASSOCIATED_WITH	["22892953_fullText_3","29789616_fullText_161"]	Myotonic Dystrophy	C0027126
MBNL1 gene	C1417055	DISRUPTS	["24293317_fullText_4"]	Heart Block	C0018794
ATXN8OS gene	C1825850	ASSOCIATED_WITH		SPINOCEREBELLAR ATAXIA 8	C1837454
ATXN8OS gene	C1825850	ASSOCIATED_WITH	["22581592_fullText_5"]	Unverricht-Lundborg Syndrome	C0751785
GOLGA2 gene	C1415174	ASSOCIATED_WITH		Neuromuscular Diseases	C0027868
TNFSF14 gene	C1420817	ASSOCIATED_WITH		Rheumatoid Arthritis	C0003873
TNFSF14 gene	C1420817	ASSOCIATED_WITH		Multiple Sclerosis	C0026769
NGF gene	C1417719	ASSOCIATED_WITH		Lewy Body Disease	C0752347
NGF gene	C1417719	ASSOCIATED_WITH		Parkinsonian Disorders	C0242422
NGF gene	C1417719	ASSOCIATED_WITH		IGA Glomerulonephritis	C0017661
NGF gene	C1417719	ASSOCIATED_WITH		Tonic-Clonic Epilepsy	C0014549
NGF gene	C1417719	ASSOCIATED_WITH		Corneal Ulcer	C0010043
NGF gene	C1417719	ASSOCIATED_WITH		Sensory Neuropathy, Hereditary	C0699739
NGF gene	C1417719	ASSOCIATED_WITH		Status Epilepticus	C0038220
NGF gene	C1417719	ASSOCIATED_WITH		Glomerulonephritis	C0017658
NGF gene	C1417719	ASSOCIATED_WITH		Kidney Failure, Chronic	C0022661
NGF gene	C1417719	ASSOCIATED_WITH		Alcohol withdrawal syndrome	C0236663
NGF gene	C1417719	ASSOCIATED_WITH		nervous system disorder	C0027765
NGF gene	C1417719	ASSOCIATED_WITH		Hereditary Sensory and Autonomic Neuropathies	C0027889
NGF gene	C1417719	ASSOCIATED_WITH	["25635421_fullText_3"]	Neurodegenerative Disorders	C0524851
NGF gene	C1417719	ASSOCIATED_WITH		Hereditary Sensory Autonomic Neuropathy, Type 5	C0020075
NGF gene	C1417719	ASSOCIATED_WITH		Overactive Bladder	C0878773
NGF gene	C1417719	ASSOCIATED_WITH		Interstitial Cystitis	C0282488
NGF gene	C1417719	ASSOCIATED_WITH		Cystitis	C0010692
NGF gene	C1417719	ASSOCIATED_WITH		Parkinson Disease	C0030567
NGF gene	C1417719	ASSOCIATED_WITH		Asthma	C0004096
NGF gene	C1417719	ASSOCIATED_WITH		Peripheral Neuropathy	C0031117
NGF gene	C1417719	ASSOCIATED_WITH		Myocardial Infarction	C0027051
NGF gene	C1417719	ASSOCIATED_WITH		HSAN Type IV	C0020074
NGF gene	C1417719	ASSOCIATED_WITH		Congenital Pain Insensitivity	C0002768
ATG7 gene	C1825498	ASSOCIATED_WITH		Ovarian Failure, Premature	C0085215
TBP gene	C1337106	ASSOCIATED_WITH		Diabetes Mellitus, Insulin-Dependent	C0011854
TBP gene	C1337106	ASSOCIATED_WITH		SPINOCEREBELLAR ATAXIA 17	C1846707
TBP gene	C1337106	ASSOCIATED_WITH		PARKINSON DISEASE, LATE-ONSET	C3160718
ERCC6 gene	C1366757	ASSOCIATED_WITH		De Sanctis-Cacchione syndrome	C0265201
ERCC6 gene	C1366757	ASSOCIATED_WITH		Premature aging syndrome	C0231341
ERCC6 gene	C1366757	ASSOCIATED_WITH		Cockayne Syndrome, Type I	C0751039
ERCC6 gene	C1366757	ASSOCIATED_WITH		Cockayne Syndrome	C0009207
ERCC6 gene	C1366757	ASSOCIATED_WITH		Cockayne Syndrome, Type II	C0751038
ERCC2 gene	C1333356	ASSOCIATED_WITH		Macular degeneration	C0024437
ERCC2 gene	C1333356	ASSOCIATED_WITH		Skin Diseases, Genetic	C0037277
ERCC2 gene	C1333356	ASSOCIATED_WITH		Dermatologic disorders	C0037274
ERCC2 gene	C1333356	ASSOCIATED_WITH		Coronary heart disease	C0010068
ERCC2 gene	C1333356	ASSOCIATED_WITH		Coronary Arteriosclerosis	C0010054
ERCC2 gene	C1333356	ASSOCIATED_WITH		Xeroderma pigmentosum and Cockayne syndrome complex	C4304411
ERCC2 gene	C1333356	ASSOCIATED_WITH		Trichothiodystrophy Syndromes	C1955934
ERCC2 gene	C1333356	ASSOCIATED_WITH		Photosensitive Trichothiodystrophy	C1866504
PPARGC1A gene	C1418779	ASSOCIATED_WITH		Lewy Body Disease	C0752347
PPARGC1A gene	C1418779	ASSOCIATED_WITH		Myocardial Infarction	C0027051
PPARGC1A gene	C1418779	ASSOCIATED_WITH		Nonalcoholic Steatohepatitis	C3241937
PPARGC1A gene	C1418779	ASSOCIATED_WITH		Cardiovascular Diseases	C0007222
PPARGC1A gene	C1418779	ASSOCIATED_WITH		Congestive heart failure	C0018802
PPARGC1A gene	C1418779	ASSOCIATED_WITH		Parkinson Disease	C0030567
PPARGC1A gene	C1418779	ASSOCIATED_WITH		Non-alcoholic Fatty Liver Disease	C0400966
PPARGC1A gene	C1418779	ASSOCIATED_WITH		Heart failure	C0018801
PPARGC1A gene	C1418779	ASSOCIATED_WITH		Huntington Disease	C0020179
PPARGC1A gene	C1418779	ASSOCIATED_WITH		Amyotrophic Lateral Sclerosis	C0002736
PPARGC1A gene	C1418779	ASSOCIATED_WITH		Diabetes Mellitus, Non-Insulin-Dependent	C0011860
PPARGC1A gene	C1418779	ASSOCIATED_WITH	["17050673_fullText_7"]	Leigh syndrome , French Canadian type	C1857355
PPARGC1A gene	C1418779	AUGMENTS	["28367954_fullText_59"]	Myopathy	C0026848
CYCS gene	C1426584	ASSOCIATED_WITH		Brain Ischemia	C0007786
CYCS gene	C1426584	ASSOCIATED_WITH		Fatty Liver	C0015695
CYCS gene	C1426584	ASSOCIATED_WITH		Obesity	C0028754
GCLC gene	C1415097	ASSOCIATED_WITH		Myocardial Ischemia	C0151744
GCLC gene	C1415097	ASSOCIATED_WITH		Myocardial Infarction	C0027051
GCLC gene	C1415097	ASSOCIATED_WITH		Cystic Fibrosis	C0010674
GCLC gene	C1415097	ASSOCIATED_WITH		Gamma-Glutamylcysteine Synthetase Deficiency, Hemolytic Anemia due to	C1856603
GCLC gene	C1415097	ASSOCIATED_WITH		Anemia, Hemolytic	C0002878
GCLC gene	C1415097	ASSOCIATED_WITH		Diabetes Mellitus, Non-Insulin-Dependent	C0011860
SLC6A3 wt Allele	C3813713	AFFECTS	["35487304_fullText_6"]	Ileitis	C0020877
SLC6A3 wt Allele	C3813713	ASSOCIATED_WITH	["23137414_fullText_5"]	Machado-Joseph Disease	C0024408
CDK5 gene	C1332735	ASSOCIATED_WITH		Tauopathies	C0949664
CDK5 gene	C1332735	ASSOCIATED_WITH		Alzheimer's Disease	C0002395
FXYD1 gene	C1414874	ASSOCIATED_WITH	["36692194_fullText_1"]	Restless Legs Syndrome	C0035258
HSP90AA1 gene	C1825534	ASSOCIATED_WITH		HIV Infections	C0019693
HSP90AA1 gene	C1825534	ASSOCIATED_WITH		Cocaine withdrawal	C0009178
HSP90AA1 gene	C1825534	DISRUPTS	["24477711_fullText_8"]	Machado-Joseph Disease	C0024408
TARDBP gene	C1420588	ASSOCIATED_WITH		Degenerative disorder	C1285162
TARDBP gene	C1420588	ASSOCIATED_WITH		AMYOTROPHIC LATERAL SCLEROSIS 1	C1862939
TARDBP gene	C1420588	ASSOCIATED_WITH		Parkinson Disease	C0030567
TARDBP gene	C1420588	ASSOCIATED_WITH		Frontotemporal dementia	C0338451
TARDBP gene	C1420588	ASSOCIATED_WITH		Motor Neuron Disease	C0085084
TARDBP gene	C1420588	ASSOCIATED_WITH		Amyotrophic Lateral Sclerosis	C0002736
TARDBP gene	C1420588	ASSOCIATED_WITH	["19526244_fullText_2"]	Neurodegenerative Disorders	C0524851
TARDBP gene	C1420588	ASSOCIATED_WITH	["23889603_fullText_1"]	GRN-related frontotemporal dementia	C3811918
DRG1 gene	C1414151	CAUSES	["23617879_fullText_3"]	Neuropathy	C0442874
TGM6 gene	C1539956	ASSOCIATED_WITH		Parkinsonian Disorders	C0242422
TGM6 gene	C1539956	ASSOCIATED_WITH		Ataxia, Spinocerebellar	C0087012
TGM6 gene	C1539956	ASSOCIATED_WITH	["25253745_fullText_10"]	cerebellar function	C0742034
SPAST gene	C1539809	ASSOCIATED_WITH		Spastic Paraplegia	C0037772
SPAST gene	C1539809	ASSOCIATED_WITH		Hereditary Autosomal Dominant Spastic Paraplegia	C0751602
SPAST gene	C1539809	ASSOCIATED_WITH		Spastic Paraplegia, Hereditary	C0037773
SPAST gene	C1539809	ASSOCIATED_WITH		Spastic paraplegia 4, autosomal dominant	C1866855
ADC gene	C1826409	ASSOCIATED_WITH__INFER__	["25202952_fullText_2","25202952_fullText_4","25202952_fullText_5"]	Machado-Joseph Disease	C0024408
ASL gene	C1412582	ASSOCIATED_WITH		Amino Acid Metabolism, Inborn Errors	C0002514
ASL gene	C1412582	ASSOCIATED_WITH		Argininosuccinic Aciduria	C0268547
ASL gene	C1412582	ASSOCIATED_WITH	["25172988_fullText_3"]	Machado-Joseph Disease	C0024408
MYO5A gene	C1417565	ASSOCIATED_WITH		Peripheral Neuropathy	C0031117
PDYN gene	C1418447	ASSOCIATED_WITH		Autosomal dominant cerebellar ataxia	C4087347
PDYN gene	C1418447	ASSOCIATED_WITH		Movement Disorders	C0026650
PDYN gene	C1418447	ASSOCIATED_WITH		Parkinsonian Disorders	C0242422
PDYN gene	C1418447	ASSOCIATED_WITH		Dyskinetic syndrome	C0013384
PDYN gene	C1418447	ASSOCIATED_WITH		Epilepsy, Temporal Lobe	C0014556
Genes, Dominant	C0017342	CAUSES	["3889562_fullText_6"]	Myotonic Dystrophy	C0027126
AGO2 gene	C1414333	ASSOCIATED_WITH	["23772060_fullText_7"]	Leigh Disease	C0023264
Genes, Essential	C0600449	ASSOCIATED_WITH	["23801739_fullText_3"]	multiple pathologies	C0679225
SLC6A3 gene	C1420213	ASSOCIATED_WITH		Alcohol Withdrawal Seizures	C0586323
SLC6A3 gene	C1420213	ASSOCIATED_WITH		Alcohol Withdrawal Delirium	C0001957
SLC6A3 gene	C1420213	ASSOCIATED_WITH		nervous system disorder	C0027765
SLC6A3 gene	C1420213	ASSOCIATED_WITH		Obesity	C0028754
SLC6A3 gene	C1420213	ASSOCIATED_WITH		Hyperkinesia	C3887506
SLC6A3 gene	C1420213	ASSOCIATED_WITH		Parkinson Disease	C0030567
SLC6A3 gene	C1420213	ASSOCIATED_WITH		Parkinsonism-Dystonia, Infantile	C2751067
SUMO1 gene	C1539895	ASSOCIATED_WITH		Cleft Palate	C0008925
GBA gene	C1414998	ASSOCIATED_WITH		PARKINSON DISEASE, LATE-ONSET	C3160718
GBA gene	C1414998	ASSOCIATED_WITH		Movement Disorders	C0026650
GBA gene	C1414998	ASSOCIATED_WITH		Parkinsonian Disorders	C0242422
GBA gene	C1414998	ASSOCIATED_WITH		Gaucher Disease, Type 2	C0268250
GBA gene	C1414998	ASSOCIATED_WITH		Gaucher Disease, Type 3 (disorder)	C0268251
GBA gene	C1414998	ASSOCIATED_WITH		Lewy Body Disease	C0752347
GBA gene	C1414998	ASSOCIATED_WITH		Gaucher Disease, Type 1	C1961835
GBA gene	C1414998	ASSOCIATED_WITH		Gaucher Disease	C0017205
GBA gene	C1414998	CAUSES	["32034799_abstract_1"]	Lysosomal Storage Diseases	C0085078
GBA gene	C1414998	ASSOCIATED_WITH	["22001711_fullText_2"]	Parkinson Disease	C0030567
CLOCK gene	C1413503	ASSOCIATED_WITH		Alcohol Withdrawal Delirium	C0001957
CLOCK gene	C1413503	ASSOCIATED_WITH		Alzheimer's Disease	C0002395
ASIC1 gene	C1412115	ASSOCIATED_WITH		Brain Ischemia	C0007786
UBB gene	C1421262	ASSOCIATED_WITH		Amyotrophic Lateral Sclerosis	C0002736
GMDS gene	C1415129	ASSOCIATED_WITH		Glaucoma, Open-Angle	C0017612
GMDS gene	C1415129	CAUSES	["35050903_fullText_0"]	Metabolic Diseases	C0025517
LRRK2 gene	C1425650	ASSOCIATED_WITH		Ataxia, Spinocerebellar	C0087012
LRRK2 gene	C1425650	ASSOCIATED_WITH		Frontotemporal dementia	C0338451
LRRK2 gene	C1425650	ASSOCIATED_WITH		Parkinsonian Disorders	C0242422
LRRK2 gene	C1425650	ASSOCIATED_WITH		Parkinson Disease	C0030567
PINK1 gene	C1422771	ASSOCIATED_WITH		PARKINSON DISEASE, LATE-ONSET	C3160718
PINK1 gene	C1422771	ASSOCIATED_WITH		Parkinsonian Disorders	C0242422
PINK1 gene	C1422771	ASSOCIATED_WITH		Parkinson Disease	C0030567
PINK1 gene	C1422771	CAUSES	["30059502_fullText_15"]	Parkinson Disease	C0030567
PARK7 gene	C1424222	ASSOCIATED_WITH		PARKINSON DISEASE, LATE-ONSET	C3160718
PARK7 gene	C1424222	ASSOCIATED_WITH		Motor Neuron Disease	C0085084
PARK7 gene	C1424222	ASSOCIATED_WITH		Cerebral Infarction	C0007785
PARK7 gene	C1424222	ASSOCIATED_WITH		Parkinsonian Disorders	C0242422
PARK7 gene	C1424222	ASSOCIATED_WITH		Parkinson Disease	C0030567
SNCA gene	C1420276	ASSOCIATED_WITH		Secondary Parkinson Disease	C0030569
SNCA gene	C1420276	ASSOCIATED_WITH		Dementia, Vascular	C0011269
SNCA gene	C1420276	ASSOCIATED_WITH		Degenerative disorder	C1285162
SNCA gene	C1420276	ASSOCIATED_WITH		Gaucher Disease	C0017205
SNCA gene	C1420276	ASSOCIATED_WITH		Neurodegenerative Disorders	C0524851
SNCA gene	C1420276	ASSOCIATED_WITH		Synucleinopathies	C5191670
SNCA gene	C1420276	ASSOCIATED_WITH		Parkinsonian Disorders	C0242422
SNCA gene	C1420276	ASSOCIATED_WITH		Alzheimer's Disease	C0002395
SNCA gene	C1420276	ASSOCIATED_WITH		Parkinson Disease	C0030567
SNCA gene	C1420276	ASSOCIATED_WITH		Lewy Body Disease	C0752347
MAPT gene	C1446659	ASSOCIATED_WITH		Supranuclear Palsy, Progressive, 1	C4551863
MAPT gene	C1446659	ASSOCIATED_WITH		Atrial Fibrillation	C0004238
MAPT gene	C1446659	ASSOCIATED_WITH		Degenerative disorder	C1285162
MAPT gene	C1446659	ASSOCIATED_WITH		Epilepsy, Temporal Lobe	C0014556
MAPT gene	C1446659	ASSOCIATED_WITH		Multiple System Atrophy	C0393571
MAPT gene	C1446659	ASSOCIATED_WITH		Neurodegenerative Disorders	C0524851
MAPT gene	C1446659	ASSOCIATED_WITH		Parkinsonian Disorders	C0242422
MAPT gene	C1446659	ASSOCIATED_WITH		Parkinson Disease	C0030567
MAPT gene	C1446659	ASSOCIATED_WITH		Pick Disease of the Brain	C0236642
MAPT gene	C1446659	ASSOCIATED_WITH		Frontotemporal dementia	C0338451
MAPT gene	C1446659	ASSOCIATED_WITH		Tauopathies	C0949664
MAPT gene	C1446659	ASSOCIATED_WITH		Alzheimer's Disease	C0002395
MAPT gene	C1446659	ASSOCIATED_WITH		PARKINSON DISEASE, LATE-ONSET	C3160718
MAPT gene	C1446659	ASSOCIATED_WITH		Progressive supranuclear palsy	C0038868
MAPT gene	C1446659	ASSOCIATED_WITH		Pallidopontonigral degeneration	C0520716
KCNC1 gene	C1416556	ASSOCIATED_WITH		Myoclonic Epilepsies, Progressive	C0751778
KCNC1 gene	C1416556	ASSOCIATED_WITH		Progressive myoclonic epilepsy type 7	C4015420
ENO2 gene	C1414404	ASSOCIATED_WITH		Parkinson Disease	C0030567
ENO2 gene	C1414404	ASSOCIATED_WITH		Lewy Body Disease	C0752347
S100B gene	C1419790	ASSOCIATED_WITH		Vasospasm, Intracranial	C0751895
S100B gene	C1419790	ASSOCIATED_WITH		Aspergillosis	C0004030
S100B gene	C1419790	ASSOCIATED_WITH		Hepatic Encephalopathy	C0019151
S100B gene	C1419790	ASSOCIATED_WITH		Down Syndrome	C0013080
S100B gene	C1419790	ASSOCIATED_WITH		Myocardial Infarction	C0027051
S100B gene	C1419790	ASSOCIATED_WITH		Parkinson Disease	C0030567
S100B gene	C1419790	ASSOCIATED_WITH		Alzheimer's Disease	C0002395
PRPF3 gene	C1424921	ASSOCIATED_WITH		RETINITIS PIGMENTOSA 1	C0220701
PRPF3 gene	C1424921	ASSOCIATED_WITH		Retinitis Pigmentosa 18	C1832378
PRPF3 gene	C1424921	ASSOCIATED_WITH		Retinitis Pigmentosa	C0035334
HSPB1 gene	C1333928	ASSOCIATED_WITH		Hereditary Motor and Sensory-Neuropathy Type II	C0270914
HSPB1 gene	C1333928	ASSOCIATED_WITH		Congestive heart failure	C0018802
HSPB1 gene	C1333928	ASSOCIATED_WITH		Heart failure	C0018801
HSPB1 gene	C1333928	ASSOCIATED_WITH		Status Epilepticus	C0038220
HSPB1 gene	C1333928	ASSOCIATED_WITH		Distal Spinal Muscular Atrophy	C0393541
HSPB1 gene	C1333928	ASSOCIATED_WITH		Charcot-Marie-Tooth Disease	C0007959
NES gene	C1417679	ASSOCIATED_WITH		Nephrosis	C0027720
MMP10 gene	C1417200	ASSOCIATED_WITH		Essential Tremor	C0270736
MMP10 gene	C1417200	ASSOCIATED_WITH		Rheumatoid Arthritis	C0003873
MMP10 gene	C1417200	ASSOCIATED_WITH		Asthma	C0004096
DMPK gene	C1414085	CAUSES	["23180777_fullText_72"]	Respiratory Failure	C1145670
DMPK gene	C1414085	CAUSES	["27010216_fullText_7"]	Dystrophia myotonica 1	C2931688
DMPK gene	C1414085	ASSOCIATED_WITH		Noonan Syndrome	C0028326
DMPK gene	C1414085	ASSOCIATED_WITH		Myotonic Disorders	C0553604
DMPK gene	C1414085	ASSOCIATED_WITH		MYOTONIC DYSTROPHY 1	C3250443
DMPK gene	C1414085	ASSOCIATED_WITH	["31395669_fullText_1"]	Dystrophia myotonica 1	C2931688
DMPK gene	C1414085	ASSOCIATED_WITH	["10021468_fullText_9","9811941_fullText_2","9811941_fullText_8","26756355_fullText_1"]	Myotonic Dystrophy	C0027126
DMPK gene	C1414085	DISRUPTS	["12630069_fullText_4"]	Hypogonadism	C0020619
DMPK gene	C1414085	DISRUPTS	["12630069_fullText_4"]	Dyslipidemias	C0242339
DMPK gene	C1414085	DISRUPTS	["12630069_fullText_4"]	Erectile dysfunction	C0242350
DMPK gene	C1414085	ASSOCIATED_WITH__INFER__	["7626046_fullText_2"]	Myotonic Dystrophy	C0027126
ATL1 gene	C1420348	ASSOCIATED_WITH		Congenital neurologic anomalies	C0497552
ATL1 gene	C1420348	ASSOCIATED_WITH		Hereditary Autosomal Dominant Spastic Paraplegia	C0751602
ATL1 gene	C1420348	ASSOCIATED_WITH		Spastic Paraplegia	C0037772
ATL1 gene	C1420348	ASSOCIATED_WITH		Spastic Paraplegia, Hereditary	C0037773
SCN8A gene	C1419866	ASSOCIATED_WITH		Early infantile epileptic encephalopathy with suppression bursts	C0393706
SCN8A gene	C1419866	ASSOCIATED_WITH		Epilepsy	C0014544
NEUROD1 gene	C1417683	ASSOCIATED_WITH		Impaired glucose tolerance	C0271650
NEUROD1 gene	C1417683	ASSOCIATED_WITH		Hyperglycemia	C0020456
NEUROD1 gene	C1417683	ASSOCIATED_WITH		Diabetes Mellitus, Insulin-Dependent	C0011854
NEUROD1 gene	C1417683	ASSOCIATED_WITH		Diabetes Mellitus, Non-Insulin-Dependent	C0011860
TGM2 gene	C1420714	ASSOCIATED_WITH		Hypertensive disease	C0020538
TGM2 gene	C1420714	ASSOCIATED_WITH		Celiac Disease	C0007570
SLC18A2 gene	C1420115	ASSOCIATED_WITH		PARKINSONISM-DYSTONIA 2, INFANTILE-ONSET	C4747991
SLC18A2 gene	C1420115	ASSOCIATED_WITH		Parkinsonian Disorders	C0242422
SLC18A2 gene	C1420115	ASSOCIATED_WITH		Parkinson Disease	C0030567
SLC18A2 gene	C1420115	CAUSES	["34078222_fullText_2"]	Brain Diseases	C0006111
PRPF6 gene	C1826706	ASSOCIATED_WITH		Retinal Dystrophies	C0854723
PRPF6 gene	C1826706	ASSOCIATED_WITH		Retinitis Pigmentosa	C0035334
PRPF6 gene	C1826706	AUGMENTS	["28367954_fullText_16"]	Muscular dystrophy congenital, merosin negative	C1263858
IL1B gene	C1334112	ASSOCIATED_WITH		Leishmaniasis, Visceral	C0023290
IL1B gene	C1334112	ASSOCIATED_WITH		Disorder of eye	C0015397
IL1B gene	C1334112	ASSOCIATED_WITH		Thrombocytosis	C0836924
IL1B gene	C1334112	ASSOCIATED_WITH		Brain Ischemia	C0007786
IL1B gene	C1334112	ASSOCIATED_WITH		Hemolytic-Uremic Syndrome	C0019061
IL1B gene	C1334112	ASSOCIATED_WITH		Lymphopenia	C0024312
IL1B gene	C1334112	ASSOCIATED_WITH		Polymyositis	C0085655
IL1B gene	C1334112	ASSOCIATED_WITH		Leishmaniasis, Cutaneous	C0023283
IL1B gene	C1334112	ASSOCIATED_WITH		Gastric ulcer	C0038358
IL1B gene	C1334112	ASSOCIATED_WITH		Nephrotic Syndrome	C0027726
IL1B gene	C1334112	ASSOCIATED_WITH		Peptic Ulcer	C0030920
IL1B gene	C1334112	ASSOCIATED_WITH		Silicosis	C0037116
IL1B gene	C1334112	ASSOCIATED_WITH		Dermatomyositis	C0011633
IL1B gene	C1334112	ASSOCIATED_WITH		Dental caries	C0011334
IL1B gene	C1334112	ASSOCIATED_WITH		Trigeminal Neuralgia	C0040997
IL1B gene	C1334112	ASSOCIATED_WITH		Hypoglycemia	C0020615
IL1B gene	C1334112	ASSOCIATED_WITH		Essential Hypertension	C0085580
IL1B gene	C1334112	ASSOCIATED_WITH		Cardiomyopathies	C0878544
IL1B gene	C1334112	ASSOCIATED_WITH		Osteoporosis, Postmenopausal	C0029458
IL1B gene	C1334112	ASSOCIATED_WITH		Dermatologic disorders	C0037274
IL1B gene	C1334112	ASSOCIATED_WITH		IGA Glomerulonephritis	C0017661
IL1B gene	C1334112	ASSOCIATED_WITH		Tuberculosis, Pulmonary	C0041327
IL1B gene	C1334112	ASSOCIATED_WITH		Graves Disease	C0018213
IL1B gene	C1334112	ASSOCIATED_WITH		Congestive heart failure	C0018802
IL1B gene	C1334112	ASSOCIATED_WITH		Myocardial Ischemia	C0151744
IL1B gene	C1334112	ASSOCIATED_WITH		Anorexia	C0003123
IL1B gene	C1334112	ASSOCIATED_WITH		Uveitis	C0042164
IL1B gene	C1334112	ASSOCIATED_WITH		Arthritis, Gouty	C0003868
IL1B gene	C1334112	ASSOCIATED_WITH		Gastritis, Atrophic	C0017154
IL1B gene	C1334112	ASSOCIATED_WITH		Subarachnoid Hemorrhage	C0038525
IL1B gene	C1334112	ASSOCIATED_WITH		Dermatitis, Atopic	C0011615
IL1B gene	C1334112	ASSOCIATED_WITH		Heart failure	C0018801
IL1B gene	C1334112	ASSOCIATED_WITH		Gout	C0018099
IL1B gene	C1334112	ASSOCIATED_WITH		Cerebrovascular accident	C0038454
IL1B gene	C1334112	ASSOCIATED_WITH		Endometriosis	C0014175
IL1B gene	C1334112	ASSOCIATED_WITH		Psoriasis	C0033860
IL1B gene	C1334112	ASSOCIATED_WITH		Nonalcoholic Steatohepatitis	C3241937
IL1B gene	C1334112	ASSOCIATED_WITH		Keratoconus	C0022578
IL1B gene	C1334112	ASSOCIATED_WITH		Bronchopulmonary Dysplasia	C0006287
IL1B gene	C1334112	ASSOCIATED_WITH		Dry Eye Syndromes	C0013238
IL1B gene	C1334112	ASSOCIATED_WITH		Rheumatoid Arthritis	C0003873
IL1B gene	C1334112	ASSOCIATED_WITH		Alzheimer's Disease	C0002395
IL1B gene	C1334112	ASSOCIATED_WITH		Diabetes Mellitus, Non-Insulin-Dependent	C0011860
IL1B gene	C1334112	ASSOCIATED_WITH		Sepsis	C0243026
IL1B gene	C1334112	ASSOCIATED_WITH		Asthma	C0004096
IL1B gene	C1334112	ASSOCIATED_WITH		Non-alcoholic Fatty Liver Disease	C0400966
IL1B gene	C1334112	ASSOCIATED_WITH		COVID-19 Virus Disease	C5203670
IL1B gene	C1334112	ASSOCIATED_WITH		Diabetes Mellitus, Insulin-Dependent	C0011854
IL1B gene	C1334112	ASSOCIATED_WITH		Chronic Obstructive Airway Disease	C0024117
IL1B gene	C1334112	ASSOCIATED_WITH		Lupus Erythematosus, Systemic	C0024141
IL1B gene	C1334112	ASSOCIATED_WITH		Ulcerative Colitis	C0009324
IL1B gene	C1334112	ASSOCIATED_WITH		Multiple Sclerosis	C0026769
IL1B gene	C1334112	ASSOCIATED_WITH		Parkinson Disease	C0030567
IL1B gene	C1334112	ASSOCIATED_WITH		Pneumonia	C0032285
IL1B gene	C1334112	ASSOCIATED_WITH		Myocardial Infarction	C0027051
IL1B gene	C1334112	ASSOCIATED_WITH		Colitis	C0009319
IL1B gene	C1334112	ASSOCIATED_WITH		Hypertensive disease	C0020538
IL1B gene	C1334112	ASSOCIATED_WITH		Cystic Fibrosis	C0010674
IL1B gene	C1334112	ASSOCIATED_WITH		Systemic Scleroderma	C0036421
IL1B gene	C1334112	ASSOCIATED_WITH		Kidney Failure, Chronic	C0022661
IL1B gene	C1334112	ASSOCIATED_WITH		Lung diseases	C0024115
IL1B gene	C1334112	ASSOCIATED_WITH		Glomerulonephritis	C0017658
IL1B gene	C1334112	ASSOCIATED_WITH		Pulmonary Fibrosis	C0034069
TRIM63 gene	C1540067	ASSOCIATED_WITH		Hypertrophic Cardiomyopathy	C0007194
TRIM63 gene	C1540067	ASSOCIATED_WITH		Muscular Atrophy	C0026846
EIF4E wt Allele	C3539643	ASSOCIATED_WITH	["16456924_fullText_7"]	Machado-Joseph Disease	C0024408
PMCH gene	C1418669	ASSOCIATED_WITH		Obesity	C0028754
EP300 gene	C1333336	ASSOCIATED_WITH		Obesity	C0028754
EP300 gene	C1333336	ASSOCIATED_WITH		Rubinstein-Taybi Syndrome	C0035934
MTSS1 gene	C1426941	CAUSES	["37858231_fullText_47"]	Hereditary Multiple Exostoses	C0015306
TOR1A gene	C1540039	ASSOCIATED_WITH		Idiopathic familial dystonia	C0393598
TOR1A gene	C1540039	ASSOCIATED_WITH		Dystonia Disorders	C0393593
TOR1A gene	C1540039	ASSOCIATED_WITH		Dystonia Musculorum Deformans	C0013423
TOR1A gene	C1540039	ASSOCIATED_WITH		DYSTONIA 1, TORSION, AUTOSOMAL DOMINANT	C1851945
ATXN7 gene	C1538303	ASSOCIATED_WITH		Ataxia, Spinocerebellar	C0087012
ATXN7 gene	C1538303	ASSOCIATED_WITH		Spinocerebellar Ataxia Type 7	C0752125
ATXN7 gene	C1538303	ASSOCIATED_WITH		Autosomal dominant cerebellar ataxia type 2	C5848204
SCA2 gene	C1419834	DISRUPTS	["12614315_fullText_2"]	Machado-Joseph Disease	C0024408
AR gene	C1367578	ASSOCIATED_WITH		Genital Diseases, Male	C0017412
AR gene	C1367578	ASSOCIATED_WITH		Alcohol withdrawal syndrome	C0236663
AR gene	C1367578	ASSOCIATED_WITH		Spinal Muscular Atrophy	C0026847
AR gene	C1367578	ASSOCIATED_WITH		Hypertensive disease	C0020538
AR gene	C1367578	ASSOCIATED_WITH		Obesity	C0028754
AR gene	C1367578	ASSOCIATED_WITH		Male infertility	C0021364
AR gene	C1367578	ASSOCIATED_WITH		Testicular Feminization	C0936016
AR gene	C1367578	ASSOCIATED_WITH		Androgen-Insensitivity Syndrome	C0039585
AR gene	C1367578	ASSOCIATED_WITH		Bulbo-Spinal Atrophy, X-Linked	C1839259
AR gene	C1367578	ASSOCIATED_WITH		Reifenstein Syndrome	C0268301
IL1R1 gene	C1416395	ASSOCIATED_WITH		Dermatologic disorders	C0037274
IL1R1 gene	C1416395	ASSOCIATED_WITH		Pneumonia	C0032285
IL1R1 gene	C1416395	ASSOCIATED_WITH		Endometriosis	C0014175
IL1R1 gene	C1416395	ASSOCIATED_WITH		Systemic Scleroderma	C0036421
IL1R1 gene	C1416395	ASSOCIATED_WITH		Diabetes Mellitus, Insulin-Dependent	C0011854
IL1R1 gene	C1416395	ASSOCIATED_WITH		Chronic multifocal osteomyelitis	C0410422
MMP2 gene	C1334522	ASSOCIATED_WITH		Bone Diseases	C0005940
MMP2 gene	C1334522	ASSOCIATED_WITH		Carotid Artery Diseases	C0007273
MMP2 gene	C1334522	ASSOCIATED_WITH		Liver Cirrhosis, Alcoholic	C0023891
MMP2 gene	C1334522	ASSOCIATED_WITH		Oral Submucous Fibrosis	C0029172
MMP2 gene	C1334522	ASSOCIATED_WITH		Lupus Nephritis	C0024143
MMP2 gene	C1334522	ASSOCIATED_WITH		Giant Cell Arteritis	C0039483
MMP2 gene	C1334522	ASSOCIATED_WITH		Hypertensive disease	C0020538
MMP2 gene	C1334522	ASSOCIATED_WITH		Myocardial Infarction	C0027051
MMP2 gene	C1334522	ASSOCIATED_WITH		Myopia	C0027092
MMP2 gene	C1334522	ASSOCIATED_WITH		Rheumatoid Arthritis	C0003873
MMP2 gene	C1334522	ASSOCIATED_WITH		Pulmonary Fibrosis	C0034069
MMP2 gene	C1334522	ASSOCIATED_WITH		Liver Cirrhosis	C0023890
MMP2 gene	C1334522	ASSOCIATED_WITH		Cerebral Infarction	C0007785
MMP2 gene	C1334522	ASSOCIATED_WITH		Intracranial Aneurysm	C0007766
MMP2 gene	C1334522	ASSOCIATED_WITH		Aortic Aneurysm, Thoracic	C0162872
MMP2 gene	C1334522	ASSOCIATED_WITH		Diabetic Retinopathy	C0011884
MMP2 gene	C1334522	ASSOCIATED_WITH		Marfan Syndrome	C0024796
MMP2 gene	C1334522	ASSOCIATED_WITH		Pterygium	C0033999
MMP2 gene	C1334522	ASSOCIATED_WITH		Macular degeneration	C0024437
MMP2 gene	C1334522	ASSOCIATED_WITH		Pseudoxanthoma Elasticum	C0033847
MMP2 gene	C1334522	ASSOCIATED_WITH		Retinal Vein Occlusion	C0035328
MMP2 gene	C1334522	ASSOCIATED_WITH		Diabetic Neuropathies	C0011882
CXCL12 gene	C1332817	ASSOCIATED_WITH		Nephrosclerosis	C0027719
CXCL12 gene	C1332817	ASSOCIATED_WITH		Diabetic Angiopathies	C0011875
CXCL12 gene	C1332817	ASSOCIATED_WITH		Dermatitis	C0011603
CXCL12 gene	C1332817	ASSOCIATED_WITH		Coronary heart disease	C0010068
CXCL12 gene	C1332817	ASSOCIATED_WITH		Myocardial Ischemia	C0151744
CXCL12 gene	C1332817	ASSOCIATED_WITH		Coronary Arteriosclerosis	C0010054
CXCL12 gene	C1332817	ASSOCIATED_WITH		Diabetes Mellitus, Insulin-Dependent	C0011854
CXCL12 gene	C1332817	ASSOCIATED_WITH		HIV Infections	C0019693
HCRT gene	C1415500	ASSOCIATED_WITH		Narcolepsy 1	C1834372
HCRT gene	C1415500	ASSOCIATED_WITH		Neurodegenerative Disorders	C0524851
HCRT gene	C1415500	ASSOCIATED_WITH		Obesity	C0028754
HCRT gene	C1415500	ASSOCIATED_WITH		Narcolepsy	C0027404
HCRT gene	C1415500	ASSOCIATED_WITH	["16006155_fullText_12"]	Parkinson Disease	C0030567
HCRT gene	C1415500	ASSOCIATED_WITH	["16006155_fullText_13"]	Cataplexy	C0007384
HCRT gene	C1415500	ASSOCIATED_WITH	["16006155_fullText_12"]	Thalamic infarction	C1611171
GAA gene	C1414899	ASSOCIATED_WITH		Muscular Dystrophy	C0026850
GAA gene	C1414899	ASSOCIATED_WITH		Membranous glomerulonephritis	C0017665
GAA gene	C1414899	ASSOCIATED_WITH		Left Ventricular Hypertrophy	C0149721
GAA gene	C1414899	ASSOCIATED_WITH		Glycogen Storage Disease Type II, Infantile	C0751173
GAA gene	C1414899	ASSOCIATED_WITH		Hypertrophic Cardiomyopathy	C0007194
GAA gene	C1414899	ASSOCIATED_WITH		Myopathy	C0026848
GAA gene	C1414899	ASSOCIATED_WITH		Glycogen Storage Disease	C0017919
GAA gene	C1414899	ASSOCIATED_WITH		Glycogen storage disease type II	C0017921
GAA gene	C1414899	ASSOCIATED_WITH	["30805745_fullText_9"]	Dystrophia myotonica 1	C2931688
PHF5A gene	C1425228	ASSOCIATED_WITH	["10942424_fullText_2"]	Muscular Dystrophy, Oculopharyngeal	C0270952
PROS1 gene	C1418948	ASSOCIATED_WITH		Sagittal Sinus Thrombosis	C0338575
PROS1 gene	C1418948	ASSOCIATED_WITH		Cerebral Infarction	C0007785
PROS1 gene	C1418948	ASSOCIATED_WITH		Deep Vein Thrombosis	C0149871
PROS1 gene	C1418948	ASSOCIATED_WITH		Thromboembolism	C0040038
PROS1 gene	C1418948	ASSOCIATED_WITH		Protein S Deficiency	C0242666
PROS1 gene	C1418948	ASSOCIATED_WITH		THROMBOPHILIA DUE TO PROTEIN S DEFICIENCY, AUTOSOMAL RECESSIVE	C3281092
PROS1 gene	C1418948	ASSOCIATED_WITH		THROMBOPHILIA DUE TO PROTEIN S DEFICIENCY, AUTOSOMAL DOMINANT	C3278211
AICDA wt Allele	C3540469	ASSOCIATED_WITH	["11423010_fullText_4"]	Optic Atrophy, Hereditary, Leber	C0917796
SLC1A3 gene	C1420121	ASSOCIATED_WITH		Episodic Ataxia	C1720189
SLC1A3 gene	C1420121	ASSOCIATED_WITH		Epilepsy	C0014544
BCL2L1 gene	C1332397	ASSOCIATED_WITH		Motor Neuron Disease	C0085084
BCL2L1 gene	C1332397	ASSOCIATED_WITH		Myocardial Infarction	C0027051
BCL2L1 gene	C1332397	ASSOCIATED_WITH		Erectile dysfunction	C0242350
BCL2L1 gene	C1332397	ASSOCIATED_WITH		Diabetes Mellitus, Non-Insulin-Dependent	C0011860
BCL2L1 gene	C1332397	ASSOCIATED_WITH		Liver diseases	C0023895
CDKN1A gene	C0249197	ASSOCIATED_WITH		Kidney Diseases	C0022658
CDKN1A gene	C0249197	ASSOCIATED_WITH		Ocular Hypertension	C0028840
CDKN1A gene	C0249197	ASSOCIATED_WITH		Atrial Fibrillation	C0004238
CDKN1A gene	C0249197	ASSOCIATED_WITH		HIV Infections	C0019693
CDKN1A gene	C0249197	ASSOCIATED_WITH		Chronic Obstructive Airway Disease	C0024117
CDKN1A gene	C0249197	ASSOCIATED_WITH		Glaucoma, Primary Open Angle	C0339573
CDKN1A gene	C0249197	ASSOCIATED_WITH		Diabetic Nephropathy	C0011881
TYR gene	C1421250	ASSOCIATED_WITH		Nystagmus	C0028738
TYR gene	C1421250	ASSOCIATED_WITH		Retinoschisis	C0152439
TYR gene	C1421250	ASSOCIATED_WITH		Hypopigmentation disorder	C0162835
TYR gene	C1421250	ASSOCIATED_WITH		Vitiligo	C0042900
TYR gene	C1421250	ASSOCIATED_WITH		ALBINISM, OCULOCUTANEOUS, TYPE IB (disorder)	C1847024
TYR gene	C1421250	ASSOCIATED_WITH		Oculocutaneous albinism type 1	C0268494
TYR gene	C1421250	ASSOCIATED_WITH__INFER__	["28724394_fullText_7"]	Phenylketonurias	C0031485
TYR gene	C1421250	ASSOCIATED_WITH__INFER__	["28724394_fullText_7"]	Maple Syrup Urine Disease	C0024776
PML gene	C1366903	ASSOCIATED_WITH		Osteitis Deformans	C0029401
CST7 gene	C1413776	ASSOCIATED_WITH	["10071104_fullText_5"]	Machado-Joseph Disease	C0024408
PAX3 gene	C1335192	ASSOCIATED_WITH		Craniofacial deafness hand syndrome	C1852510
PAX3 gene	C1335192	ASSOCIATED_WITH		Waardenburg Syndrome Type 1	C1847800
PAX3 gene	C1335192	ASSOCIATED_WITH		Waardenburg Syndrome	C3266898
PAX3 gene	C1335192	ASSOCIATED_WITH		Klein's Syndrome	C0079661
PAX3 gene	C1335192	CAUSES	["9021013_fullText_4"]	Waardenburg Syndrome	C3266898
PMP22 gene	C1418677	ASSOCIATED_WITH		Guillain-Barre Syndrome, Familial	C4083008
PMP22 gene	C1418677	ASSOCIATED_WITH		Demyelinating Diseases	C0011303
PMP22 gene	C1418677	ASSOCIATED_WITH		Guillain-Barre Syndrome	C0018378
PMP22 gene	C1418677	ASSOCIATED_WITH		Roussy-Levy Syndrome (disorder)	C0205713
PMP22 gene	C1418677	ASSOCIATED_WITH		Hereditary Motor and Sensory Neuropathy Type I	C0751036
PMP22 gene	C1418677	ASSOCIATED_WITH		Peripheral Neuropathy	C0031117
PMP22 gene	C1418677	ASSOCIATED_WITH		Hereditary Motor and Sensory Neuropathies	C0027888
PMP22 gene	C1418677	ASSOCIATED_WITH		Charcot-Marie-Tooth Disease	C0007959
PMP22 gene	C1418677	ASSOCIATED_WITH		Hereditary liability to pressure palsies	C0393814
PMP22 gene	C1418677	ASSOCIATED_WITH		Dejerine-Sottas Disease (disorder)	C0011195
PMP22 gene	C1418677	ASSOCIATED_WITH		Charcot-Marie-Tooth Disease, Type Ia (disorder)	C0270911
PMP22 gene	C1418677	ASSOCIATED_WITH		Acute Inflammatory Demyelinating Polyneuropathy	C4551910
FBN1 gene	C1414542	ASSOCIATED_WITH		Left ventricular diastolic dysfunction	C1273070
FBN1 gene	C1414542	ASSOCIATED_WITH		Myopathy	C0026848
FBN1 gene	C1414542	ASSOCIATED_WITH		Severe myopia	C0271183
FBN1 gene	C1414542	ASSOCIATED_WITH		Hyperinsulinism	C0020459
FBN1 gene	C1414542	ASSOCIATED_WITH		acute aortic dissection	C0241868
FBN1 gene	C1414542	ASSOCIATED_WITH		Lens Subluxation	C0023316
FBN1 gene	C1414542	ASSOCIATED_WITH		Familial ectopia lentis	C2746069
FBN1 gene	C1414542	ASSOCIATED_WITH		Ischemic stroke	C0948008
FBN1 gene	C1414542	ASSOCIATED_WITH		Cardiomyopathy, Dilated	C0007193
FBN1 gene	C1414542	ASSOCIATED_WITH		Aortic Valve Insufficiency	C0003504
FBN1 gene	C1414542	ASSOCIATED_WITH		Myopia	C0027092
FBN1 gene	C1414542	ASSOCIATED_WITH		Craniosynostosis	C0010278
FBN1 gene	C1414542	ASSOCIATED_WITH		Heart Diseases	C0018799
FBN1 gene	C1414542	ASSOCIATED_WITH		Loeys-Dietz Syndrome	C2697932
FBN1 gene	C1414542	ASSOCIATED_WITH		Aneurysm	C0002940
FBN1 gene	C1414542	ASSOCIATED_WITH		Ectopia lentis isolated	C1851286
FBN1 gene	C1414542	ASSOCIATED_WITH		Dissection of aorta	C0340643
FBN1 gene	C1414542	ASSOCIATED_WITH		Aortic Aneurysm, Thoracic	C0162872
FBN1 gene	C1414542	ASSOCIATED_WITH		Systemic Scleroderma	C0036421
FBN1 gene	C1414542	ASSOCIATED_WITH		Arachnodactyly	C0003706
FBN1 gene	C1414542	ASSOCIATED_WITH		Connective Tissue Diseases	C0009782
FBN1 gene	C1414542	ASSOCIATED_WITH		Stiff Skin Syndrome	C1861456
FBN1 gene	C1414542	ASSOCIATED_WITH		Mitral Valve Prolapse Syndrome	C0026267
FBN1 gene	C1414542	ASSOCIATED_WITH		Aortic Aneurysm	C0003486
FBN1 gene	C1414542	ASSOCIATED_WITH		Marfan Syndrome	C0024796
FBN1 gene	C1414542	ASSOCIATED_WITH		Weill-Marchesani Syndrome, Autosomal Dominant	C1869115
FBN1 gene	C1414542	ASSOCIATED_WITH		Marfan Syndrome, Type I	C4721845
SERPINA3 gene	C1412050	ASSOCIATED_WITH		AMYOTROPHIC LATERAL SCLEROSIS 1	C1862939
SERPINA3 gene	C1412050	ASSOCIATED_WITH		Cystic Fibrosis	C0010674
SERPINA3 gene	C1412050	ASSOCIATED_WITH		Chronic Obstructive Airway Disease	C0024117
ATP2B3 wt Allele	C3811222	ASSOCIATED_WITH__INFER__	["8174328_fullText_5"]	Machado-Joseph Disease	C0024408
ATP2B3 wt Allele	C3811222	ASSOCIATED_WITH__INFER__	["8174328_fullText_5"]	Dentatorubral-Pallidoluysian Atrophy	C0751781
TAC1 gene	C1420563	ASSOCIATED_WITH		Common Migraine	C0338480
TAC1 gene	C1420563	ASSOCIATED_WITH		Bronchial Hyperreactivity	C0085129
TAC1 gene	C1420563	ASSOCIATED_WITH		Sialorrhea	C0037036
TAC1 gene	C1420563	ASSOCIATED_WITH		Anorexia	C0003123
PAH gene	C1418251	CAUSES	["11161839_fullText_2"]	Hyperphenylalaninaemia	C0751435
PAH gene	C1418251	CAUSES	["35987969_fullText_2"]	Pulmonary Hypertension, Primary, 1, With Hereditary Hemorrhagic Telangiectasia	C3714844
PAH gene	C1418251	CAUSES	["34747549_fullText_1","31102715_fullText_1","29473999_fullText_2","23457044_fullText_2","18985011_fullText_1","16165390_fullText_1","14681498_fullText_10","11214902_fullText_7","10407053_fullText_1","9101291_fullText_3","1769645_fullText_2","1959535_fullText_1","2569049_fullText_1"]	Phenylketonurias	C0031485
PAH gene	C1418251	PREDISPOSES	["18937293_fullText_1"]	Phenylketonurias	C0031485
PAH gene	C1418251	CAUSES__SPEC__	["35405047_fullText_1"]	Phenylketonurias	C0031485
PAH gene	C1418251	ASSOCIATED_WITH		Phenylketonuria, Maternal	C0085547
PAH gene	C1418251	ASSOCIATED_WITH		Hyperphenylalaninemia, Non-Pku Mild	C2678416
PAH gene	C1418251	ASSOCIATED_WITH	["25596310_fullText_2","17443661_fullText_6","8807319_fullText_1","7707686_fullText_3","8081944_fullText_1"]	Phenylketonurias	C0031485
PAH gene	C1418251	ASSOCIATED_WITH	["24705691_fullText_4"]	Pulmonary Hypertension, Primary, 1, With Hereditary Hemorrhagic Telangiectasia	C3714844
PAH gene	C1418251	ASSOCIATED_WITH	["8807319_fullText_1","8081944_fullText_1"]	Hyperphenylalaninaemia	C0751435
PAH gene	C1418251	ASSOCIATED_WITH	["29473999_fullText_5"]	Classical phenylketonuria	C0751434
PAH gene	C1418251	AUGMENTS	["9949232_fullText_1"]	Phenylketonurias	C0031485
PAH gene	C1418251	ASSOCIATED_WITH__INFER__	["33970801_fullText_3","25449068_fullText_1","21154324_fullText_3","11139255_fullText_1","8528673_fullText_1","7833927_fullText_1","1349576_fullText_1","2071149_fullText_1","1998345_fullText_1","1672294_fullText_1","1971144_fullText_1"]	Phenylketonurias	C0031485
PPARA gene	C1418776	ASSOCIATED_WITH		Kidney Tubular Necrosis, Acute	C0022672
PPARA gene	C1418776	ASSOCIATED_WITH		Lipid Metabolism, Inborn Errors	C0023772
PPARA gene	C1418776	ASSOCIATED_WITH		Hypoglycemia	C0020615
PPARA gene	C1418776	ASSOCIATED_WITH		Myopathy	C0026848
PPARA gene	C1418776	ASSOCIATED_WITH		Kidney Failure, Chronic	C0022661
PPARA gene	C1418776	ASSOCIATED_WITH		Kidney Diseases	C0022658
PPARA gene	C1418776	ASSOCIATED_WITH		Dermatitis, Atopic	C0011615
PPARA gene	C1418776	ASSOCIATED_WITH		Myocardial Ischemia	C0151744
PPARA gene	C1418776	ASSOCIATED_WITH		Myocardial Infarction	C0027051
PPARA gene	C1418776	ASSOCIATED_WITH		Coronary heart disease	C0010068
PPARA gene	C1418776	ASSOCIATED_WITH		Fatty Liver, Alcoholic	C0015696
PPARA gene	C1418776	ASSOCIATED_WITH		Hyperlipidemia	C0020473
PPARA gene	C1418776	ASSOCIATED_WITH		Nonalcoholic Steatohepatitis	C3241937
PPARA gene	C1418776	ASSOCIATED_WITH		Dyslipidemias	C0242339
PPARA gene	C1418776	ASSOCIATED_WITH		Coronary Arteriosclerosis	C0010054
PPARA gene	C1418776	ASSOCIATED_WITH		Hypertensive disease	C0020538
PPARA gene	C1418776	ASSOCIATED_WITH		Alzheimer's Disease	C0002395
PPARA gene	C1418776	ASSOCIATED_WITH		Fatty Liver	C0015695
PPARA gene	C1418776	ASSOCIATED_WITH		Non-alcoholic Fatty Liver Disease	C0400966
PPARA gene	C1418776	ASSOCIATED_WITH		Obesity	C0028754
PPARA gene	C1418776	ASSOCIATED_WITH		Diabetes Mellitus, Non-Insulin-Dependent	C0011860
NDUFS4 gene	C1417647	CAUSES	["37770252_fullText_7"]	Leigh Disease	C0023264
NDUFS4 gene	C1417647	CAUSES	["35872650_fullText_108"]	Heart failure	C0018801
NDUFS4 gene	C1417647	CAUSES	["30520688_fullText_55"]	Pneumonia	C0032285
NDUFS4 gene	C1417647	ASSOCIATED_WITH		Encephalopathies	C0085584
NDUFS4 gene	C1417647	ASSOCIATED_WITH		MITOCHONDRIAL COMPLEX I DEFICIENCY	C1838979
NDUFS4 gene	C1417647	ASSOCIATED_WITH	["38177503_fullText_13"]	nervous system disorder	C0027765
NDUFS4 gene	C1417647	ASSOCIATED_WITH	["30520688_fullText_115"]	Acidosis, Lactic	C0001125
NDUFS4 gene	C1417647	ASSOCIATED_WITH	["34849584_fullText_6"]	Mitochondrial Diseases	C0751651
NDUFS4 gene	C1417647	ASSOCIATED_WITH	["35770802_fullText_2","34849584_fullText_52","34849584_fullText_55"]	Leigh Disease	C0023264
NDUFS4 gene	C1417647	AUGMENTS	["37770252_fullText_65"]	Mitochondrial Diseases	C0751651
NDUFS4 gene	C1417647	DISRUPTS	["37770252_fullText_91"]	cns lesion	C0742468
NDUFS4 gene	C1417647	ASSOCIATED_WITH__INFER__	["34849584_fullText_294"]	Mitochondrial Diseases	C0751651
GUCY2D gene	C1415364	ASSOCIATED_WITH		Hereditary retinal dystrophy	C0154860
GUCY2D gene	C1415364	ASSOCIATED_WITH		Oguchi disease	C1306122
GUCY2D gene	C1415364	ASSOCIATED_WITH		RETINITIS PIGMENTOSA 1	C0220701
GUCY2D gene	C1415364	ASSOCIATED_WITH		Nystagmus	C0028738
GUCY2D gene	C1415364	ASSOCIATED_WITH		Cone dystrophy	C0730290
GUCY2D gene	C1415364	ASSOCIATED_WITH		Retinal Dystrophies	C0854723
GUCY2D gene	C1415364	ASSOCIATED_WITH		Leber Congenital Amaurosis	C0339527
GUCY2D gene	C1415364	ASSOCIATED_WITH		Cone-Rod Dystrophies	C4085590
GUCY2D gene	C1415364	ASSOCIATED_WITH		Retinitis Pigmentosa	C0035334
GUCY2D gene	C1415364	ASSOCIATED_WITH		Amaurosis congenita of Leber, type 1	C2931258
NMNAT1 gene	C1425150	ASSOCIATED_WITH		Hereditary retinal dystrophy	C0154860
NMNAT1 gene	C1425150	ASSOCIATED_WITH		Optic Atrophy	C0029124
NMNAT1 gene	C1425150	ASSOCIATED_WITH		Retinal Dystrophies	C0854723
NMNAT1 gene	C1425150	ASSOCIATED_WITH		Cone-Rod Dystrophies	C4085590
NMNAT1 gene	C1425150	ASSOCIATED_WITH		Retinal Degeneration	C0035304
NMNAT1 gene	C1425150	ASSOCIATED_WITH		Leber Congenital Amaurosis	C0339527
NMNAT1 gene	C1425150	ASSOCIATED_WITH__INFER__	["32165824_fullText_104"]	Macular degeneration	C0024437
CEP290 gene	C1824725	ASSOCIATED_WITH		Congenital neurologic anomalies	C0497552
CEP290 gene	C1824725	ASSOCIATED_WITH		Polycystic Kidney Diseases	C0022680
CEP290 gene	C1824725	ASSOCIATED_WITH		Rod-Cone Dystrophy	C4551714
CEP290 gene	C1824725	ASSOCIATED_WITH		Cone-Rod Dystrophies	C4085590
CEP290 gene	C1824725	ASSOCIATED_WITH		Retinal Diseases	C0035309
CEP290 gene	C1824725	ASSOCIATED_WITH		Retinal Dystrophies	C0854723
CEP290 gene	C1824725	ASSOCIATED_WITH		Retinitis Pigmentosa	C0035334
CEP290 gene	C1824725	ASSOCIATED_WITH		Cystic Kidney Diseases	C1691228
CEP290 gene	C1824725	ASSOCIATED_WITH		Nephronophthisis	C0687120
CEP290 gene	C1824725	ASSOCIATED_WITH		Bardet-Biedl Syndrome	C0752166
CEP290 gene	C1824725	ASSOCIATED_WITH		Kidney Diseases	C0022658
CEP290 gene	C1824725	ASSOCIATED_WITH		Renal dysplasia and retinal aplasia (disorder)	C0403553
CEP290 gene	C1824725	ASSOCIATED_WITH		Leber Congenital Amaurosis	C0339527
CEP290 gene	C1824725	ASSOCIATED_WITH		Meckel-Gruber syndrome	C0265215
CEP290 gene	C1824725	ASSOCIATED_WITH	["32165824_fullText_57"]	Familial aplasia of the vermis	C0431399
RPE65 gene	C1419622	ASSOCIATED_WITH		RETINITIS PIGMENTOSA 1	C0220701
RPE65 gene	C1419622	ASSOCIATED_WITH		Cone-Rod Dystrophies	C4085590
RPE65 gene	C1419622	ASSOCIATED_WITH		Optic Atrophy, Hereditary, Leber	C0917796
RPE65 gene	C1419622	ASSOCIATED_WITH		Nystagmus	C0028738
RPE65 gene	C1419622	ASSOCIATED_WITH		Rod-Cone Dystrophy	C4551714
RPE65 gene	C1419622	ASSOCIATED_WITH		Hereditary retinal dystrophy	C0154860
RPE65 gene	C1419622	ASSOCIATED_WITH		Retinal Dystrophies	C0854723
RPE65 gene	C1419622	ASSOCIATED_WITH		Retinal Degeneration	C0035304
RPE65 gene	C1419622	ASSOCIATED_WITH		Leber Congenital Amaurosis	C0339527
RPE65 gene	C1419622	ASSOCIATED_WITH		Retinitis Pigmentosa	C0035334
WDR19 gene	C1425459	ASSOCIATED_WITH		Bardet-Biedl Syndrome	C0752166
WDR19 gene	C1425459	ASSOCIATED_WITH		Short rib-polydactyly syndrome, Beemer type	C0432198
WDR19 gene	C1425459	ASSOCIATED_WITH		Retinal Dystrophies	C0854723
WDR19 gene	C1425459	ASSOCIATED_WITH		Caroli Disease	C0162510
WDR19 gene	C1425459	ASSOCIATED_WITH		Renal dysplasia and retinal aplasia (disorder)	C0403553
WDR19 gene	C1425459	ASSOCIATED_WITH		Retinitis Pigmentosa	C0035334
MT-ATP6 gene	C1537983	CAUSES	["34638685_fullText_17"]	MILS	C0872216
MT-ATP6 gene	C1537983	CAUSES	["22435634_fullText_4"]	Neuropathy	C0442874
MT-ATP6 gene	C1537983	CAUSES	["31500933_fullText_2"]	nervous system disorder	C0027765
MT-ATP6 gene	C1537983	ASSOCIATED_WITH	["29116603_fullText_62"]	Neuropathy	C0442874
MT-ATP6 gene	C1537983	ASSOCIATED_WITH	["32000367_fullText_26","32000367_fullText_61"]	Complex V deficiency	C0342779
MT-ATP6 gene	C1537983	ASSOCIATED_WITH	["22819295_fullText_3"]	MILS	C0872216
MT-ATP6 gene	C1537983	ASSOCIATED_WITH	["34176718_fullText_4","29101127_fullText_5"]	Leigh Disease	C0023264
MT-ND5 gene	C1537994	ASSOCIATED_WITH	["14520659_fullText_2"]	Nicotinamide adenine dinucleotide coenzyme Q reductase deficiency	C0342776
MT-ND5 gene	C1537994	ASSOCIATED_WITH	["29390978_fullText_2"]	Mitochondrial Encephalomyopathies	C0162666
MT-ND6 gene	C1537995	CAUSES	["32162843_fullText_15"]	Leigh Disease	C0023264
MT-ND6 gene	C1537995	ASSOCIATED_WITH	["28122886_fullText_1","32059522_fullText_102"]	Leigh Disease	C0023264
MT-ND6 gene	C1537995	ASSOCIATED_WITH	["36557887_fullText_101"]	Diabetes Mellitus	C0011849
MT-ND6 gene	C1537995	ASSOCIATED_WITH__SPEC__	["23813926_fullText_1"]	nervous system disorder	C0027765
MT-ND6 gene	C1537995	ASSOCIATED_WITH__SPEC__	["23813926_fullText_1"]	Leigh Disease	C0023264
MT-TK gene	C1538006	ASSOCIATED_WITH	["31996241_fullText_76"]	Epilepsies, Myoclonic	C0014550
NDUFS1 gene	C1417644	ASSOCIATED_WITH		Leigh Disease	C0023264
NDUFS1 gene	C1417644	ASSOCIATED_WITH		MITOCHONDRIAL COMPLEX I DEFICIENCY	C1838979
NDUFV1 gene	C1417652	CAUSES	["23631824_fullText_3"]	MITOCHONDRIAL COMPLEX I DEFICIENCY	C1838979
NDUFV1 gene	C1417652	CAUSES	["33182419_fullText_5"]	Leukoencephalopathies	C0270612
NDUFV1 gene	C1417652	CAUSES	["33182419_fullText_5"]	Epilepsies, Myoclonic	C0014550
NDUFV1 gene	C1417652	CAUSES	["33182419_fullText_5"]	Leukodystrophy	C0023520
NDUFV1 gene	C1417652	CAUSES	["33182419_fullText_14","33182419_fullText_63"]	Mitochondrial Diseases	C0751651
NDUFV1 gene	C1417652	ASSOCIATED_WITH		Leigh Disease	C0023264
NDUFV1 gene	C1417652	ASSOCIATED_WITH		MITOCHONDRIAL COMPLEX I DEFICIENCY	C1838979
NDUFV1 gene	C1417652	ASSOCIATED_WITH	["33182419_fullText_7","33182419_fullText_14","33182419_fullText_90"]	Leukoencephalopathy with Brainstem and Spinal Cord Involvement and Lactate Elevation	C1970180
NDUFAF6 gene	C1824247	ASSOCIATED_WITH		De Toni-Debre-Fanconi Syndrome	C1857395
NDUFAF6 gene	C1824247	ASSOCIATED_WITH		Leigh Disease	C0023264
NDUFAF6 gene	C1824247	ASSOCIATED_WITH	["38459834_fullText_111"]	Xeroderma pigmentosum and Cockayne syndrome complex	C4304411
NDUFAF6 gene	C1824247	AFFECTS	["19542079_fullText_88","34964562_fullText_10"]	Leigh Disease	C0023264
NDUFAF6 gene	C1824247	ASSOCIATED_WITH	["29531337_fullText_1"]	MITOCHONDRIAL COMPLEX I DEFICIENCY	C1838979
NDUFAF6 gene	C1824247	CAUSES	["23509070_fullText_5"]	Leigh Disease	C0023264
SURF1 gene	C1420527	CAUSES	["33771987_fullText_1"]	Severe malnutrition	C0311276
SURF1 gene	C1420527	CAUSES	["29715184_fullText_10","19791729_fullText_3","16542579_fullText_17","16225813_fullText_1","16222681_fullText_4","23829769_fullText_64","34716721_fullText_112"]	Leigh Disease	C0023264
SURF1 gene	C1420527	CAUSES	["11804207_fullText_7","25164807_fullText_3","33771987_fullText_87","29601977_fullText_16","29601977_fullText_182"]	Cytochrome-c Oxidase Deficiency	C0268237
SURF1 gene	C1420527	CAUSES	["22435634_fullText_4"]	Neuropathy	C0442874
SURF1 gene	C1420527	CAUSES	["16222681_fullText_4"]	Hypertrichosis	C0020555
SURF1 gene	C1420527	CAUSES	["9843204_fullText_6"]	Neurodegenerative Disorders	C0524851
SURF1 gene	C1420527	AFFECTS	["39066889_fullText_5"]	Leigh Disease	C0023264
SURF1 gene	C1420527	ASSOCIATED_WITH		Charcot-Marie-Tooth Disease	C0007959
SURF1 gene	C1420527	ASSOCIATED_WITH		Mitochondrial Diseases	C0751651
SURF1 gene	C1420527	ASSOCIATED_WITH		MITOCHONDRIAL COMPLEX IV DEFICIENCY, NUCLEAR TYPE 1	C5435656
SURF1 gene	C1420527	ASSOCIATED_WITH	["28367954_fullText_20"]	Muscular dystrophy congenital, merosin negative	C1263858
SURF1 gene	C1420527	ASSOCIATED_WITH	["24262866_fullText_1","17323145_fullText_12","16542579_fullText_13","16542579_fullText_16","11279059_fullText_10","10622737_fullText_1","32000367_fullText_29"]	Cytochrome-c Oxidase Deficiency	C0268237
SURF1 gene	C1420527	ASSOCIATED_WITH	["24262866_fullText_1","19625251_fullText_2","12812953_fullText_1"]	Leigh Disease	C0023264
SURF1 gene	C1420527	ASSOCIATED_WITH__INFER__	["11804207_fullText_8","34716721_fullText_116"]	Leigh Disease	C0023264
SLC19A3 gene	C1424138	CAUSES	["24957181_fullText_6","23469184_fullText_93"]	Encephalopathies	C0085584
SLC19A3 gene	C1424138	CAUSES	["24957181_fullText_3"]	Leigh Disease	C0023264
SLC19A3 gene	C1424138	CAUSES	["34308912_fullText_36"]	Basal ganglia disease, biotin-responsive	C1843807
SLC19A3 gene	C1424138	ASSOCIATED_WITH		Basal Ganglia Diseases	C0004782
SLC19A3 gene	C1424138	ASSOCIATED_WITH		Leigh Disease	C0023264
SLC19A3 gene	C1424138	ASSOCIATED_WITH	["31996241_fullText_116"]	Thiamine Deficiency	C0039841
SLC19A3 gene	C1424138	ASSOCIATED_WITH	["32679198_fullText_8"]	Basal ganglia disease, biotin-responsive	C1843807
SLC19A3 gene	C1424138	ASSOCIATED_WITH__INFER__	["24957181_fullText_1"]	Basal ganglia disease, biotin-responsive	C1843807
SLC19A3 gene	C1424138	ASSOCIATED_WITH__INFER__	["24957181_fullText_1"]	Leigh Disease	C0023264
SLC19A3 gene	C1424138	ASSOCIATED_WITH__INFER__	["24957181_fullText_67"]	Acute encephalopathy	C1306587
SLC19A3 gene	C1424138	ASSOCIATED_WITH__INFER__	["24957181_fullText_67"]	Generalized dystonia	C1848954
ECHS1 gene	C1414247	CAUSES	["35856138_fullText_5"]	Mitochondrial Respiratory Chain Deficiencies	C0949857
ECHS1 gene	C1414247	CAUSES	["35856138_fullText_3","32013919_fullText_54","32013919_fullText_68"]	Mitochondrial encephalopathy	C1852373
ECHS1 gene	C1414247	AFFECTS__SPEC__	["35206276_fullText_159"]	Virus Diseases	C0042769
ECHS1 gene	C1414247	ASSOCIATED_WITH	["30029642_fullText_56"]	Neurodegenerative Disorders	C0524851
ECHS1 gene	C1414247	ASSOCIATED_WITH	["35206276_fullText_134"]	Acidosis, Lactic	C0001125
ECHS1 gene	C1414247	ASSOCIATED_WITH	["30029642_fullText_56"]	MEGALENCEPHALIC LEUKOENCEPHALOPATHY WITH SUBCORTICAL CYSTS	C1858854
ECHS1 gene	C1414247	ASSOCIATED_WITH	["32677093_fullText_6"]	Cyst	C0010709
ECHS1 gene	C1414247	ASSOCIATED_WITH	["32677908_fullText_7","35856138_fullText_4","32677908_fullText_19"]	Leigh Disease	C0023264
ECHS1 gene	C1414247	ASSOCIATED_WITH	["35856138_fullText_1"]	Mitochondrial Diseases	C0751651
ECHS1 gene	C1414247	ASSOCIATED_WITH__INFER__	["25393721_fullText_2"]	Leigh Disease	C0023264
PNPT1 gene	C1427960	ASSOCIATED_WITH		Leigh Disease	C0023264
PNPT1 gene	C1427960	ASSOCIATED_WITH__INFER__	["33199448_fullText_4"]	Leigh Disease	C0023264
PNPT1 gene	C1427960	CAUSES	["33199448_fullText_1"]	Mitochondrial Diseases	C0751651
IARS2 gene	C1825559	ASSOCIATED_WITH		Peripheral Neuropathy	C0031117
IARS2 gene	C1825559	ASSOCIATED_WITH		Cataract, growth hormone deficiency, sensory neuropathy, sensorineural hearing loss, skeletal dysplasia syndrome	C4014942
IARS2 gene	C1825559	CAUSES	["39169373_fullText_110","39169373_fullText_114","39169373_fullText_115","39169373_fullText_123","39169373_fullText_125","39169373_fullText_152","39169373_fullText_155"]	Mitochondrial Dysfunction	C4021734
IARS2 gene	C1825559	ASSOCIATED_WITH__INFER__	["39169373_fullText_143"]	Cataract, growth hormone deficiency, sensory neuropathy, sensorineural hearing loss, skeletal dysplasia syndrome	C4014942
IARS2 gene	C1825559	ASSOCIATED_WITH	["25807530_fullText_11","30419932_fullText_162"]	Leigh Disease	C0023264
IARS2 gene	C1825559	CAUSES	["30041933_fullText_2"]	Leigh Disease	C0023264
NARS2 gene	C1826350	ASSOCIATED_WITH		Sensorineural Hearing Loss (disorder)	C0018784
NARS2 gene	C1826350	ASSOCIATED_WITH		Mitochondrial Diseases	C0751651
NARS2 gene	C1826350	ASSOCIATED_WITH		Leigh Disease	C0023264
NARS2 gene	C1826350	ASSOCIATED_WITH	["25807530_fullText_5"]	Epilepsy	C0014544
NARS2 gene	C1826350	ASSOCIATED_WITH	["25807530_fullText_5"]	Myopathy	C0026848
NARS2 gene	C1826350	CAUSES	["25807530_fullText_8"]	Leigh Disease	C0023264
NARS2 gene	C1826350	CAUSES	["25807530_fullText_8"]	Nonsyndromic Deafness	C3711374
VPS13D gene	C1428143	ASSOCIATED_WITH		Leigh Disease	C0023264
VPS13D gene	C1428143	ASSOCIATED_WITH		Spinocerebellar Ataxia Type 4	C0752122
VPS13D gene	C1428143	ASSOCIATED_WITH		Ataxia, Spinocerebellar	C0087012
Oxidoreductase Gene	C1335186	CAUSES	["35217561_fullText_2"]	Leigh Disease	C0023264
PTGS2 gene	C1367485	ASSOCIATED_WITH		Hydronephrosis	C0020295
PTGS2 gene	C1367485	ASSOCIATED_WITH		Arteriosclerosis	C0003850
PTGS2 gene	C1367485	ASSOCIATED_WITH		Thyroid associated opthalmopathies	C0339143
PTGS2 gene	C1367485	ASSOCIATED_WITH		Myocardial Ischemia	C0151744
PTGS2 gene	C1367485	ASSOCIATED_WITH		Lupus Erythematosus, Systemic	C0024141
PTGS2 gene	C1367485	ASSOCIATED_WITH		Coronary heart disease	C0010068
PTGS2 gene	C1367485	ASSOCIATED_WITH		Gastroesophageal reflux disease	C0017168
PTGS2 gene	C1367485	ASSOCIATED_WITH		Oral Submucous Fibrosis	C0029172
PTGS2 gene	C1367485	ASSOCIATED_WITH		Aortic Aneurysm, Abdominal	C0162871
PTGS2 gene	C1367485	ASSOCIATED_WITH		Heart failure	C0018801
PTGS2 gene	C1367485	ASSOCIATED_WITH		nervous system disorder	C0027765
PTGS2 gene	C1367485	ASSOCIATED_WITH		Lung diseases	C0024115
PTGS2 gene	C1367485	ASSOCIATED_WITH		Kidney Failure, Chronic	C0022661
PTGS2 gene	C1367485	ASSOCIATED_WITH		Congestive heart failure	C0018802
PTGS2 gene	C1367485	ASSOCIATED_WITH		Pancreatitis	C0030305
PTGS2 gene	C1367485	ASSOCIATED_WITH		Hyperglycemia	C0020456
PTGS2 gene	C1367485	ASSOCIATED_WITH		Colitis	C0009319
PTGS2 gene	C1367485	ASSOCIATED_WITH		Status Epilepticus	C0038220
PTGS2 gene	C1367485	ASSOCIATED_WITH		Sarcoidosis	C0036202
PTGS2 gene	C1367485	ASSOCIATED_WITH		Idiopathic Pulmonary Fibrosis	C1800706
PTGS2 gene	C1367485	ASSOCIATED_WITH		Gastric ulcer	C0038358
PTGS2 gene	C1367485	ASSOCIATED_WITH		Coronary Arteriosclerosis	C0010054
PTGS2 gene	C1367485	ASSOCIATED_WITH		Esophagitis	C0014868
PTGS2 gene	C1367485	ASSOCIATED_WITH		Kidney Diseases	C0022658
PTGS2 gene	C1367485	ASSOCIATED_WITH		Liver Cirrhosis	C0023890
PTGS2 gene	C1367485	ASSOCIATED_WITH		Inflammatory Bowel Diseases	C0021390
PTGS2 gene	C1367485	ASSOCIATED_WITH		Cardiovascular Diseases	C0007222
PTGS2 gene	C1367485	ASSOCIATED_WITH		Asthma	C0004096
PTGS2 gene	C1367485	ASSOCIATED_WITH		Obesity	C0028754
PTGS2 gene	C1367485	ASSOCIATED_WITH		Rheumatoid Arthritis	C0003873
PTGS2 gene	C1367485	ASSOCIATED_WITH		Barrett Esophagus	C0004763
PTGS2 gene	C1367485	ASSOCIATED_WITH		Endometriosis	C0014175
PTGS2 gene	C1367485	ASSOCIATED_WITH		Diabetes Mellitus	C0011849
PTGS2 gene	C1367485	ASSOCIATED_WITH		Hypertensive disease	C0020538
PTGS2 gene	C1367485	ASSOCIATED_WITH		Cerebrovascular accident	C0038454
PTGS2 gene	C1367485	ASSOCIATED_WITH		Myocardial Infarction	C0027051
PTGS2 gene	C1367485	ASSOCIATED_WITH		Chronic Obstructive Airway Disease	C0024117
PTGS2 gene	C1367485	ASSOCIATED_WITH		Amyotrophic Lateral Sclerosis	C0002736
PTGS2 gene	C1367485	ASSOCIATED_WITH		Pulmonary Fibrosis	C0034069
PTGS2 gene	C1367485	ASSOCIATED_WITH		Cystic Fibrosis	C0010674
PTGS2 gene	C1367485	ASSOCIATED_WITH		Atherosclerosis	C0004153
NDUFA12 gene	C1826391	ASSOCIATED_WITH		Leigh Disease	C0023264
NDUFA12 gene	C1826391	CAUSES	["21617257_fullText_6"]	Nicotinamide adenine dinucleotide coenzyme Q reductase deficiency	C0342776
NDUFAF2 gene	C1826392	ASSOCIATED_WITH		Mitochondrial Diseases	C0751651
NDUFAF2 gene	C1826392	ASSOCIATED_WITH		MITOCHONDRIAL COMPLEX I DEFICIENCY	C1838979
NDUFAF2 gene	C1826392	CAUSES	["38419071_fullText_91"]	Syndrome	C0039082
NDUFAF2 gene	C1826392	ASSOCIATED_WITH	["38949024_fullText_2","38419071_fullText_116"]	Leigh Disease	C0023264
NDUFS7 gene	C1417650	CAUSES	["38478578_fullText_59"]	Leigh Disease	C0023264
NDUFS7 gene	C1417650	ASSOCIATED_WITH		MITOCHONDRIAL COMPLEX I DEFICIENCY	C1838979
NDUFS7 gene	C1417650	ASSOCIATED_WITH		Leigh Disease	C0023264
COX15 gene	C1413632	ASSOCIATED_WITH		Mitochondrial Diseases	C0751651
COX15 gene	C1413632	ASSOCIATED_WITH		Cardiomyopathies	C0878544
COX15 gene	C1413632	ASSOCIATED_WITH		Hypertrophic Cardiomyopathy	C0007194
COX15 gene	C1413632	ASSOCIATED_WITH		Leigh Disease	C0023264
COX15 gene	C1413632	ASSOCIATED_WITH	["26940873_fullText_9"]	Infantile cardiomyopathy	C1854776
COX15 gene	C1413632	ASSOCIATED_WITH	["26940873_fullText_9"]	nervous system disorder	C0027765
LRPPRC gene	C1423677	CAUSES	["24731534_fullText_111"]	Cytochrome-c Oxidase Deficiency	C0268237
LRPPRC gene	C1423677	CAUSES	["24731534_fullText_111"]	Nicotinamide adenine dinucleotide coenzyme Q reductase deficiency	C0342776
LRPPRC gene	C1423677	CAUSES	["20220140_fullText_54"]	Leigh syndrome , French Canadian type	C1857355
LRPPRC gene	C1423677	CAUSES	["22045337_fullText_4"]	Mitochondrial cardiomyopathy	C3532239
LRPPRC gene	C1423677	CAUSES	["32972427_fullText_12"]	Brain Diseases, Metabolic	C0006112
LRPPRC gene	C1423677	ASSOCIATED_WITH	["17050673_fullText_3"]	Acidosis, Lactic	C0001125
LRPPRC gene	C1423677	ASSOCIATED_WITH	["17050673_fullText_3"]	Cytochrome-c Oxidase Deficiency	C0268237
LRPPRC gene	C1423677	ASSOCIATED_WITH	["20220140_fullText_3"]	Leigh Disease	C0023264
LRPPRC gene	C1423677	ASSOCIATED_WITH	["32203162_fullText_1","30995105_fullText_7","20200222_fullText_1","17050673_fullText_7"]	Leigh syndrome , French Canadian type	C1857355
HDAC6 gene	C1333895	ASSOCIATED_WITH		Cardiomyopathy, Dilated	C0007193
MELAS gene	C1417109	CAUSES	["19054921_fullText_1"]	Mitochondrial encephalopathy	C1852373
MELAS gene	C1417109	CAUSES	["17106447_fullText_1"]	Mitochondrial Encephalomyopathies	C0162666
MELAS gene	C1417109	ASSOCIATED_WITH	["31386302_fullText_42"]	Diabetes Mellitus	C0011849
MELAS gene	C1417109	ASSOCIATED_WITH__INFER__	["10420700_fullText_7"]	MERRF Syndrome	C0162672
MELAS gene	C1417109	ASSOCIATED_WITH__INFER__	["10420700_fullText_7"]	Chronic progressive external ophthalmoplegia	C0162674
DNAJC30 gene	C2681419	ASSOCIATED_WITH		Williams Syndrome	C0175702
DNAJC30 gene	C2681419	ASSOCIATED_WITH		Optic Atrophy, Hereditary, Leber	C0917796
LHON gene	C1416849	ASSOCIATED_WITH	["17895983_fullText_90"]	Leigh Disease	C0023264
LHON gene	C1416849	ASSOCIATED_WITH	["17895983_fullText_90"]	Severe malnutrition	C0311276
LHON gene	C1416849	ASSOCIATED_WITH	["17895983_fullText_10"]	Mitochondrial Diseases	C0751651
LHON gene	C1416849	ASSOCIATED_WITH__INFER__	["21414825_fullText_2"]	Leigh Disease	C0023264
TACO1 gene	C1824568	ASSOCIATED_WITH		Cytochrome-c Oxidase Deficiency	C0268237
TACO1 gene	C1824568	ASSOCIATED_WITH		Leigh Disease	C0023264
TACO1 gene	C1824568	ASSOCIATED_WITH		MITOCHONDRIAL COMPLEX IV DEFICIENCY, NUCLEAR TYPE 8	C5436689
TACO1 gene	C1824568	CAUSES	["20727754_fullText_6"]	Leigh Disease	C0023264
TACO1 gene	C1824568	CAUSES	["20727754_fullText_1"]	Cytochrome-c Oxidase Deficiency	C0268237
MT-CO1 gene	C1537985	ASSOCIATED_WITH	["39460813_fullText_2"]	Overlap syndrome	C0410000
RANBP2 gene	C1419259	ASSOCIATED_WITH		Encephalopathies	C0085584
DLD gene	C1414063	ASSOCIATED_WITH		Pyruvate Dehydrogenase Complex Deficiency Disease	C0034345
DLD gene	C1414063	ASSOCIATED_WITH		NADH cytochrome B5 reductase deficiency	C0268193
DLD gene	C1414063	ASSOCIATED_WITH		Maple Syrup Urine Disease	C0024776
DLD gene	C1414063	ASSOCIATED_WITH		Leigh Disease	C0023264
GDF15 gene	C1335222	ASSOCIATED_WITH		Chronic myocardial ischemia	C0264694
GDF15 gene	C1335222	ASSOCIATED_WITH		Left Ventricular Hypertrophy	C0149721
GDF15 gene	C1335222	ASSOCIATED_WITH		Coronary heart disease	C0010068
GDF15 gene	C1335222	ASSOCIATED_WITH		Myocardial Ischemia	C0151744
GDF15 gene	C1335222	ASSOCIATED_WITH		Coronary Arteriosclerosis	C0010054
GDF15 gene	C1335222	ASSOCIATED_WITH		Congestive heart failure	C0018802
GDF15 gene	C1335222	ASSOCIATED_WITH		Heart failure	C0018801
GDF15 gene	C1335222	PREDISPOSES	["38870029_fullText_27"]	Mitochondrial Diseases	C0751651
NDUFAF5 gene	C1423817	ASSOCIATED_WITH		Mitochondrial Diseases	C0751651
NDUFAF5 gene	C1423817	ASSOCIATED_WITH		MITOCHONDRIAL COMPLEX I DEFICIENCY	C1838979
NDUFAF5 gene	C1423817	ASSOCIATED_WITH		Leigh Disease	C0023264
NDUFAF5 gene	C1423817	AFFECTS	["34964562_fullText_10"]	Leigh Disease	C0023264
NDUFAF5 gene	C1423817	CAUSES	["19542079_fullText_103"]	Leigh Disease	C0023264
NDUFAF5 gene	C1423817	CAUSES	["34964562_fullText_112"]	Mitochondrial Diseases	C0751651
NDUFAF5 gene	C1423817	CAUSES	["34964562_fullText_102"]	Gastroesophageal reflux disease	C0017168
NDUFAF5 gene	C1423817	CAUSES	["34797029_fullText_2"]	Nicotinamide adenine dinucleotide coenzyme Q reductase deficiency	C0342776
PDHA1 gene	C1418437	ASSOCIATED_WITH		Leigh Disease	C0023264
PDHA1 gene	C1418437	ASSOCIATED_WITH		Acidosis, Lactic	C0001125
PDHA1 gene	C1418437	ASSOCIATED_WITH		Pyruvate Dehydrogenase Complex Deficiency Disease	C0034345
PDHA1 gene	C1418437	ASSOCIATED_WITH		Ataxia with Lactic Acidosis, Type I	C0751597
PDHA1 gene	C1418437	AFFECTS	["28367954_fullText_16"]	Muscular dystrophy congenital, merosin negative	C1263858
PDHA1 gene	C1418437	CAUSES	["17582259_fullText_2"]	Leigh Disease	C0023264
SUCLG1 gene	C1420511	ASSOCIATED_WITH		Depletion of mitochondrial DNA	C0342782
ALDH5A1 gene	C1412339	ASSOCIATED_WITH		Dystonia Disorders	C0393593
ALDH5A1 gene	C1412339	ASSOCIATED_WITH		succinic semialdehyde dehydrogenase deficiency	C0268631
PYROXD2 gene	C1428119	PREDISPOSES	["35055180_fullText_162"]	Mitochondrial Diseases	C0751651
POLG gene	C1418731	CAUSES	["22435634_fullText_5"]	Sensory neuropathy	C0151313
POLG gene	C1418731	ASSOCIATED_WITH		Mitochondrial Hepatopathy	C1328348
POLG gene	C1418731	ASSOCIATED_WITH	["31996241_fullText_78"]	Liver Failure	C0085605
POLG gene	C1418731	ASSOCIATED_WITH	["31996241_fullText_78"]	Encephalopathies	C0085584
POLG gene	C1418731	ASSOCIATED_WITH		Alpers Syndrome (disorder)	C0205710
POLG gene	C1418731	ASSOCIATED_WITH		Sensory ataxic neuropathy, dysarthria, and ophthalmoparesis	C1843851
POLG gene	C1418731	ASSOCIATED_WITH		Chronic progressive external ophthalmoplegia	C0162674
POLG gene	C1418731	ASSOCIATED_WITH		Epilepsy	C0014544
POLG gene	C1418731	ASSOCIATED_WITH		MITOCHONDRIAL NEUROGASTROINTESTINAL ENCEPHALOPATHY SYNDROME	C0872218
POLG gene	C1418731	ASSOCIATED_WITH		Mitochondrial Diseases	C0751651
POLG gene	C1418731	ASSOCIATED_WITH		Parkinsonian Disorders	C0242422
POLG gene	C1418731	ASSOCIATED_WITH		Parkinson Disease	C0030567
POLG gene	C1418731	ASSOCIATED_WITH		Depletion of mitochondrial DNA	C0342782
POLG gene	C1418731	ASSOCIATED_WITH		Premature Menopause	C0025322
POLG gene	C1418731	ASSOCIATED_WITH		Ovarian Failure, Premature	C0085215
POLG gene	C1418731	ASSOCIATED_WITH		Male infertility	C0021364
POLG gene	C1418731	ASSOCIATED_WITH		Cardiomyopathies	C0878544
POLG gene	C1418731	ASSOCIATED_WITH		Leigh Disease	C0023264
POLG gene	C1418731	ASSOCIATED_WITH		PROGRESSIVE EXTERNAL OPHTHALMOPLEGIA WITH MITOCHONDRIAL DNA DELETIONS, AUTOSOMAL RECESSIVE	C1850303
POLG gene	C1418731	ASSOCIATED_WITH		Multiple Sclerosis	C0026769
POLG gene	C1418731	ASSOCIATED_WITH		Ataxia, Spinocerebellar	C0087012
POLG gene	C1418731	ASSOCIATED_WITH		MELAS Syndrome	C0162671
POLG gene	C1418731	ASSOCIATED_WITH		Charcot-Marie-Tooth Disease	C0007959
POLG gene	C1418731	ASSOCIATED_WITH		Epileptic encephalopathy	C0543888
POLG gene	C1418731	ASSOCIATED_WITH		Polyneuropathy	C0152025
POLG gene	C1418731	ASSOCIATED_WITH		Mitochondrial Encephalomyopathies	C0162666
KSS gene	C1416765	ASSOCIATED_WITH__INFER__	["30419932_fullText_189"]	Adrenal gland hypofunction	C0001623
KSS gene	C1416765	ASSOCIATED_WITH__INFER__	["10420700_fullText_7"]	Chronic progressive external ophthalmoplegia	C0162674
KSS gene	C1416765	ASSOCIATED_WITH__INFER__	["10420700_fullText_7"]	MERRF Syndrome	C0162672
KSS gene	C1416765	ASSOCIATED_WITH	["8078794_fullText_1"]	Kearns-Sayre syndrome	C0022541
KSS gene	C1416765	ASSOCIATED_WITH	["34928236_fullText_3"]	Mitochondrial Diseases	C0751651
KSS gene	C1416765	ASSOCIATED_WITH	["8078794_fullText_1"]	Syndrome	C0039082
RNASET2 gene	C1427695	ASSOCIATED_WITH		Graves Disease	C0018213
MCAT gene	C1825950	ASSOCIATED_WITH		Optic Atrophy	C0029124
SLC39A8 gene	C1427169	ASSOCIATED_WITH		Leigh Disease	C0023264
SLC39A8 gene	C1427169	ASSOCIATED_WITH	["34246313_fullText_1"]	Congenital Disorders	C0242354
MT-CYB gene	C1537988	ASSOCIATED_WITH__INFER__	["34091428_fullText_3"]	Leigh Disease	C0023264
SLCO2A1 gene	C1420129	ASSOCIATED_WITH		Osteoarthropathy, Primary Hypertrophic	C0029411
SLCO2A1 gene	C1420129	ASSOCIATED_WITH	["32630370_fullText_14"]	Congenital disorder of glycosylation type 1A	C0349653
ATF4 gene	C1412617	ASSOCIATED_WITH		Fatty Liver	C0015695
ATF4 gene	C1412617	PREDISPOSES	["38870029_fullText_27"]	Mitochondrial Diseases	C0751651
FDXR gene	C1414575	ASSOCIATED_WITH		Auditory neuropathy	C1852271
SDHAF1 gene	C2748512	ASSOCIATED_WITH		Leigh Disease	C0023264
SDHAF1 gene	C2748512	ASSOCIATED_WITH		Mitochondrial Diseases	C0751651
FBXL4 gene	C1422095	ASSOCIATED_WITH		Mitochondrial Encephalomyopathies	C0162666
FBXL4 gene	C1422095	ASSOCIATED_WITH		Depletion of mitochondrial DNA	C0342782
GLRX5 gene	C1825372	ASSOCIATED_WITH		Sideroblastic anemia	C0002896
C19orf12 gene	C1428487	ASSOCIATED_WITH		Hallervorden-Spatz Syndrome	C0018523
C19orf12 gene	C1428487	ASSOCIATED_WITH		Spastic Paraplegia, Hereditary	C0037773
C19orf12 gene	C1428487	ASSOCIATED_WITH		Neurodegeneration with brain iron accumulation (NBIA)	C2931845
DARS2 gene	C1824885	ASSOCIATED_WITH		Mitochondrial Diseases	C0751651
DARS2 gene	C1824885	ASSOCIATED_WITH		Spastic Ataxia	C1849156
DARS2 gene	C1824885	ASSOCIATED_WITH		Leukoencephalopathy with Brainstem and Spinal Cord Involvement and Lactate Elevation	C1970180
SCO1 gene	C1419872	ASSOCIATED_WITH		Liver diseases	C0023895
SCO1 gene	C1419872	ASSOCIATED_WITH		Encephalopathies	C0085584
SCO1 gene	C1419872	ASSOCIATED_WITH		Leigh Disease	C0023264
SCO1 gene	C1419872	ASSOCIATED_WITH		Cytochrome-c Oxidase Deficiency	C0268237
SCO1 gene	C1419872	ASSOCIATED_WITH		Mitochondrial Diseases	C0751651
SCO1 gene	C1419872	ASSOCIATED_WITH		MITOCHONDRIAL COMPLEX IV DEFICIENCY, NUCLEAR TYPE 4	C5436683
HIBCH gene	C1415543	ASSOCIATED_WITH		Mitochondrial Diseases	C0751651
HIBCH gene	C1415543	ASSOCIATED_WITH		Leigh Disease	C0023264
HIBCH gene	C1415543	ASSOCIATED_WITH		Beta-Hydroxyisobutyryl CoA Deacylase Deficiency	C0342738
ETFA gene	C1414471	ASSOCIATED_WITH		Multiple Acyl Coenzyme A Dehydrogenase Deficiency	C0268596
TRMU gene	C1823502	ASSOCIATED_WITH		Leigh Disease	C0023264
TRMU gene	C1823502	ASSOCIATED_WITH	["33485800_fullText_2"]	Liver Failure	C0085605
TUFM gene	C1421238	ASSOCIATED_WITH		Mitochondrial Diseases	C0751651
NDUFS6 gene	C1417649	ASSOCIATED_WITH		MITOCHONDRIAL COMPLEX I DEFICIENCY	C1838979
WWOX gene	C1421525	ASSOCIATED_WITH		Infantile spasms	C0037769
WWOX gene	C1421525	ASSOCIATED_WITH		Ataxia, Spinocerebellar	C0087012
WWOX gene	C1421525	ASSOCIATED_WITH		Early infantile epileptic encephalopathy with suppression bursts	C0393706
WWOX gene	C1421525	ASSOCIATED_WITH		Alzheimer's Disease	C0002395
WWOX gene	C1421525	ASSOCIATED_WITH		Epileptic encephalopathy	C0543888
WWOX gene	C1421525	ASSOCIATED_WITH		Epilepsy	C0014544
TREX1 gene	C1336670	ASSOCIATED_WITH		Encephalopathies	C0085584
TREX1 gene	C1336670	ASSOCIATED_WITH		Dementia, Vascular	C0011269
TREX1 gene	C1336670	ASSOCIATED_WITH		AICARDI-GOUTIERES SYNDROME 6	C3539013
TREX1 gene	C1336670	ASSOCIATED_WITH		CADASIL Syndrome	C0751587
TREX1 gene	C1336670	ASSOCIATED_WITH		AICARDI-GOUTIERES SYNDROME 1	C0796126
TREX1 gene	C1336670	ASSOCIATED_WITH		Lupus Erythematosus, Systemic	C0024141
TREX1 gene	C1336670	ASSOCIATED_WITH		Vasculopathy, Retinal, With Cerebral Leukodystrophy	C1860518
TREX1 gene	C1336670	ASSOCIATED_WITH		AICARDI-GOUTIERES SYNDROME	C0393591
VAC14 gene	C1540172	ASSOCIATED_WITH		Striatonigral Degeneration	C0270733
VAC14 gene	C1540172	ASSOCIATED_WITH		Yunis Varon syndrome	C1857663
PLA2G6 gene	C1418624	ASSOCIATED_WITH		Congenital neurologic anomalies	C0497552
PLA2G6 gene	C1418624	ASSOCIATED_WITH		Hallervorden-Spatz Syndrome	C0018523
PLA2G6 gene	C1418624	ASSOCIATED_WITH		Parkinson Disease	C0030567
PLA2G6 gene	C1418624	ASSOCIATED_WITH		Neurodegeneration with brain iron accumulation (NBIA)	C2931845
PLA2G6 gene	C1418624	ASSOCIATED_WITH		Neuroaxonal Dystrophies	C0338473
PLA2G6 gene	C1418624	ASSOCIATED_WITH		Infantile Neuroaxonal Dystrophy	C0270724
TPRKB gene	C1823469	ASSOCIATED_WITH		Galloway Mowat syndrome	C0795949
PEX13 gene	C1418474	CAUSES	["19449432_fullText_4"]	Peroxisome biogenesis disorders	C1832200
PEX13 gene	C1418474	ASSOCIATED_WITH		Adrenoleukodystrophy, Neonatal	C0282525
PEX13 gene	C1418474	ASSOCIATED_WITH		Zellweger Syndrome	C0043459
PEX13 gene	C1418474	ASSOCIATED_WITH		Peroxisome biogenesis disorders	C1832200
PEX13 gene	C1418474	ASSOCIATED_WITH		Peroxisome Biogenesis Disorder, Complementation Group 13	C1866259
IGHMBP2 gene	C1415994	ASSOCIATED_WITH		Peripheral Neuropathy	C0031117
IGHMBP2 gene	C1415994	ASSOCIATED_WITH		Charcot-Marie-Tooth Disease	C0007959
IGHMBP2 gene	C1415994	ASSOCIATED_WITH		Distal Spinal Muscular Atrophy	C0393541
IGHMBP2 gene	C1415994	ASSOCIATED_WITH		Motor Neuron Disease	C0085084
IGHMBP2 gene	C1415994	ASSOCIATED_WITH		Spinal Muscular Atrophy	C0026847
LAMB2 gene	C1416781	CAUSES	["23723427_fullText_4"]	Kidney Failure	C0035078
LAMB2 gene	C1416781	CAUSES	["23723427_fullText_8"]	Pierson syndrome	C1836876
LAMB2 gene	C1416781	CAUSES	["27925579_fullText_3"]	Steroid-resistant nephrotic syndrome	C0403397
LAMB2 gene	C1416781	ASSOCIATED_WITH		Focal glomerulosclerosis	C0017668
LAMB2 gene	C1416781	ASSOCIATED_WITH		Nephrotic Syndrome	C0027726
LAMB2 gene	C1416781	ASSOCIATED_WITH	["28188379_fullText_7","21876163_fullText_1","29094445_fullText_4"]	Pierson syndrome	C1836876
LAMB2 gene	C1416781	ASSOCIATED_WITH	["33749661_fullText_4"]	Kidney Diseases	C0022658
GFPT1 gene	C1415046	CAUSES	["28712002_fullText_2"]	Pentalogy of Cantrell	C0559483
GFPT1 gene	C1415046	CAUSES	["22742743_fullText_12"]	Myasthenic Syndromes, Congenital	C0751882
GFPT1 gene	C1415046	ASSOCIATED_WITH		Obesity	C0028754
GFPT1 gene	C1415046	ASSOCIATED_WITH		Myopathy	C0026848
GFPT1 gene	C1415046	ASSOCIATED_WITH		Myasthenic Syndromes, Congenital	C0751882
CLN5 gene	C1413497	ASSOCIATED_WITH		Adult Neuronal Ceroid Lipofuscinosis	C0022797
CLN5 gene	C1413497	ASSOCIATED_WITH		Late-Infantile Neuronal Ceroid Lipofuscinosis	C0022340
CLN5 gene	C1413497	ASSOCIATED_WITH		Juvenile Neuronal Ceroid Lipofuscinosis	C0751383
CLN5 gene	C1413497	ASSOCIATED_WITH		Neuronal Ceroid-Lipofuscinoses	C0027877
DOLK gene	C1428074	ASSOCIATED_WITH		Cardiomyopathy, Dilated	C0007193
DOLK gene	C1428074	ASSOCIATED_WITH		Congenital Disorder Of Glycosylation, Type Im	C1835849
IVD gene	C1416523	ASSOCIATED_WITH		Isovaleryl-CoA dehydrogenase deficiency	C0268575
GCDH gene	C1415009	CAUSES	["32556492_fullText_5"]	Galactosemias	C0016952
GCDH gene	C1415009	CAUSES	["36906724_fullText_2","36906724_fullText_6","7490088_fullText_2"]	Glutaric aciduria, type 1	C0268595
GCDH gene	C1415009	CAUSES	["36913764_fullText_1"]	Organic aciduria	C0241775
GCDH gene	C1415009	AFFECTS	["24594605_fullText_97"]	Glutaric aciduria, type 1	C0268595
GCDH gene	C1415009	ASSOCIATED_WITH	["29779173_fullText_9","10649503_fullText_2"]	Glutaric aciduria, type 1	C0268595
GCDH gene	C1415009	ASSOCIATED_WITH	["28762469_fullText_6"]	Congenital neurologic anomalies	C0497552
GCDH gene	C1415009	AUGMENTS	["35157847_fullText_35"]	Amino Acid Metabolism, Inborn Errors	C0002514
GCDH gene	C1415009	ASSOCIATED_WITH__INFER__	["11854167_fullText_10"]	Glutaric aciduria, type 1	C0268595
NLRP1 wt Allele	C3538756	ASSOCIATED_WITH	["35307331_fullText_1"]	Chronic pain	C0150055
RAPH1 gene	C1422646	ASSOCIATED_WITH	["34524592_fullText_1","28656971_fullText_3"]	Phenylketonurias	C0031485
USMG5 gene	C1429011	ASSOCIATED_WITH		Leigh Disease	C0023264
PRRT2 wt Allele	C3539645	CAUSES	["34884552_fullText_6"]	Chronic Fatigue Syndrome	C0015674
NDUFC2 gene	C1417643	ASSOCIATED_WITH		Leigh Disease	C0023264
NDUFC2 gene	C1417643	ASSOCIATED_WITH		Mitochondrial Diseases	C0751651
NDUFS3 gene	C1417646	ASSOCIATED_WITH		Optic Atrophy	C0029124
NDUFS3 gene	C1417646	ASSOCIATED_WITH		MITOCHONDRIAL COMPLEX I DEFICIENCY	C1838979
NDUFS3 gene	C1417646	ASSOCIATED_WITH	["38459834_fullText_111"]	Xeroderma pigmentosum and Cockayne syndrome complex	C4304411
NDUFS3 gene	C1417646	ASSOCIATED_WITH	["30140060_fullText_5"]	Leigh Disease	C0023264
NDUFS3 gene	C1417646	CAUSES	["14729820_fullText_6"]	Leigh Disease	C0023264
MRC1 wt Allele	C3538741	ASSOCIATED_WITH__INFER__	["33085679_fullText_84"]	Leigh syndrome , French Canadian type	C1857355
LCT gene	C1416808	ASSOCIATED_WITH		Lactose Intolerance	C0022951
LCT gene	C1416808	ASSOCIATED_WITH		Lactase Deficiency, Congenital	C0268179
NDUFA13 gene	C1826393	ASSOCIATED_WITH		Leigh Disease	C0023264
SLC25A19 gene	C1422628	ASSOCIATED_WITH		Leigh Disease	C0023264
SLC25A19 gene	C1422628	ASSOCIATED_WITH		THIAMINE METABOLISM DYSFUNCTION SYNDROME 4 (BILATERAL STRIATAL DEGENERATION AND PROGRESSIVE POLYNEUROPATHY TYPE)	C3150973
SLC19A2 gene	C1420118	ASSOCIATED_WITH		Anemia, Megaloblastic	C0002888
SLC19A2 gene	C1420118	ASSOCIATED_WITH		Diabetes Mellitus	C0011849
TPK1 gene	C1424931	ASSOCIATED_WITH		Inborn Errors of Metabolism	C0025521
TPK1 gene	C1424931	ASSOCIATED_WITH		Leigh Disease	C0023264
TPK1 gene	C1424931	ASSOCIATED_WITH		THIAMINE METABOLISM DYSFUNCTION SYNDROME 5 (EPISODIC ENCEPHALOPATHY TYPE)	C3280866
FOXRED1 gene	C1825311	ASSOCIATED_WITH		Mitochondrial Diseases	C0751651
FOXRED1 gene	C1825311	ASSOCIATED_WITH		Mitochondrial encephalopathy	C1852373
FOXRED1 gene	C1825311	ASSOCIATED_WITH		MITOCHONDRIAL COMPLEX I DEFICIENCY	C1838979
FOXRED1 gene	C1825311	ASSOCIATED_WITH		Leigh Disease	C0023264
FOXRED1 gene	C1825311	AFFECTS	["34964562_fullText_10"]	Leigh Disease	C0023264
FOXRED1 gene	C1825311	AFFECTS	["31273716_fullText_9"]	Neurodegenerative Disorders	C0524851
C10orf2 gene	C1418458	ASSOCIATED_WITH		Mitochondrial Hepatopathy	C1328348
C10orf2 gene	C1418458	ASSOCIATED_WITH		Auditory neuropathy	C1852271
C10orf2 gene	C1418458	ASSOCIATED_WITH		Sensory ataxic neuropathy, dysarthria, and ophthalmoparesis	C1843851
C10orf2 gene	C1418458	ASSOCIATED_WITH		Depletion of mitochondrial DNA	C0342782
C10orf2 gene	C1418458	ASSOCIATED_WITH		Gonadal dysgenesis XX type deafness	C0685838
C10orf2 gene	C1418458	ASSOCIATED_WITH		Mitochondrial Diseases	C0751651
C10orf2 gene	C1418458	ASSOCIATED_WITH		Chronic progressive external ophthalmoplegia	C0162674
C10orf2 gene	C1418458	ASSOCIATED_WITH__INFER__	["7625555_fullText_1"]	Mitochondrial Encephalomyopathies	C0162666
INVS gene	C1425144	ASSOCIATED_WITH		Hypertensive disease	C0020538
INVS gene	C1425144	ASSOCIATED_WITH		Renal dysplasia and retinal aplasia (disorder)	C0403553
INVS gene	C1425144	ASSOCIATED_WITH		Kidney Diseases	C0022658
INVS gene	C1425144	ASSOCIATED_WITH		Nephronophthisis	C0687120
SLC33A1 gene	C1412113	ASSOCIATED_WITH		Spastic Paraplegia	C0037772
SLC33A1 gene	C1412113	ASSOCIATED_WITH		Spastic Paraplegia, Hereditary	C0037773
GCK gene	C1415014	ASSOCIATED_WITH		Coronary heart disease	C0010068
GCK gene	C1415014	ASSOCIATED_WITH		Coronary Arteriosclerosis	C0010054
GCK gene	C1415014	ASSOCIATED_WITH		Hypertensive disease	C0020538
GCK gene	C1415014	ASSOCIATED_WITH		Neonatal diabetes mellitus	C0158981
GCK gene	C1415014	ASSOCIATED_WITH		Hypoglycemia	C0020615
GCK gene	C1415014	ASSOCIATED_WITH		Congenital Hyperinsulinism	C3888018
GCK gene	C1415014	ASSOCIATED_WITH		Gestational Diabetes	C0085207
GCK gene	C1415014	ASSOCIATED_WITH		Hyperinsulinism	C0020459
GCK gene	C1415014	ASSOCIATED_WITH		Hyperglycemia	C0020456
GCK gene	C1415014	ASSOCIATED_WITH		Diabetes Mellitus	C0011849
GCK gene	C1415014	ASSOCIATED_WITH		Diabetes Mellitus, Non-Insulin-Dependent	C0011860
ATPase Gene	C1706675	CAUSES	["11198506_fullText_2"]	Leigh Disease	C0023264
KIAA1279 gene	C1428077	ASSOCIATED_WITH		Peripheral Neuropathy	C0031117
KIAA1279 gene	C1428077	ASSOCIATED_WITH		Goldberg-Shprintzen megacolon syndrome	C1836123
GAD2 gene	C1414926	ASSOCIATED_WITH		Diabetic Retinopathy	C0011884
GAD2 gene	C1414926	ASSOCIATED_WITH		Gestational Diabetes	C0085207
GAD2 gene	C1414926	ASSOCIATED_WITH		Diabetes Mellitus, Insulin-Dependent	C0011854
CCL21 gene	C1332684	ASSOCIATED_WITH		Rheumatoid Arthritis	C0003873
LSS gene	C1416926	ASSOCIATED_WITH		Other cataract	C0029531
LSS gene	C1416926	ASSOCIATED_WITH		Hypotrichosis simplex	C1854310
LSS gene	C1416926	CAUSES	["38478578_fullText_11"]	Systemic disease	C0442893
MOG gene	C1417228	ASSOCIATED_WITH		Narcolepsy	C0027404
MOG gene	C1417228	ASSOCIATED_WITH		Demyelinating Diseases	C0011303
MOG gene	C1417228	ASSOCIATED_WITH		Optic Neuritis	C0029134
MOG gene	C1417228	ASSOCIATED_WITH		Multiple Sclerosis	C0026769
AQP4 gene	C1412494	ASSOCIATED_WITH		MEGALENCEPHALIC LEUKOENCEPHALOPATHY WITH SUBCORTICAL CYSTS	C1858854
AQP4 gene	C1412494	ASSOCIATED_WITH		Status Epilepticus	C0038220
AQP4 gene	C1412494	ASSOCIATED_WITH		Meniere Disease	C0025281
AQP4 gene	C1412494	ASSOCIATED_WITH		Epilepsy, Temporal Lobe	C0014556
AQP4 gene	C1412494	ASSOCIATED_WITH		Myelitis, Transverse	C0026976
AQP4 gene	C1412494	ASSOCIATED_WITH		Optic Neuritis	C0029134
AQP4 gene	C1412494	ASSOCIATED_WITH		Neuromyelitis Optica	C0027873
MRPL39 gene	C1422361	ASSOCIATED_WITH		Mitochondrial Diseases	C0751651
MORC2 gene	C1826266	ASSOCIATED_WITH		Distal Spinal Muscular Atrophy	C0393541
MORC2 gene	C1826266	ASSOCIATED_WITH		Leigh Disease	C0023264
MORC2 gene	C1826266	ASSOCIATED_WITH		Charcot-Marie-Tooth Disease	C0007959
SCO2 gene	C1419873	ASSOCIATED_WITH		Myopia	C0027092
SCO2 gene	C1419873	ASSOCIATED_WITH		Leigh Disease	C0023264
SCO2 gene	C1419873	ASSOCIATED_WITH		Hypertrophic Cardiomyopathy	C0007194
SCO2 gene	C1419873	ASSOCIATED_WITH		Cytochrome-c Oxidase Deficiency	C0268237
SCO2 gene	C1419873	ASSOCIATED_WITH__INFER__	["10805329_fullText_6"]	Cytochrome-c Oxidase Deficiency	C0268237
SCO2 gene	C1419873	ASSOCIATED_WITH__INFER__	["10805329_fullText_4"]	Hypertrophic Cardiomyopathy	C0007194
SCO2 gene	C1419873	ASSOCIATED_WITH__INFER__	["10805329_fullText_4"]	Encephalopathies	C0085584
NDUFS2 gene	C1417645	CAUSES	["14729820_fullText_6"]	Cardiomyopathies	C0878544
NDUFS2 gene	C1417645	ASSOCIATED_WITH		Cardiomyopathies	C0878544
NDUFS2 gene	C1417645	ASSOCIATED_WITH		Optic Atrophy, Hereditary, Leber	C0917796
NDUFS2 gene	C1417645	ASSOCIATED_WITH		MITOCHONDRIAL COMPLEX I DEFICIENCY	C1838979
NDUFS2 gene	C1417645	ASSOCIATED_WITH		Leigh Disease	C0023264
NDUFS2 gene	C1417645	ASSOCIATED_WITH	["20819849_fullText_138"]	Hypertrophic Cardiomyopathy	C0007194
NDUFS2 gene	C1417645	ASSOCIATED_WITH	["20819849_fullText_138"]	Encephalopathies	C0085584
NDUFS8 gene	C1417651	AFFECTS	["36557887_fullText_148"]	Hereditary Diseases	C0019247
NDUFS8 gene	C1417651	PREDISPOSES	["36557887_fullText_149"]	Metabolic Diseases	C0025517
NDUFS8 gene	C1417651	ASSOCIATED_WITH		MITOCHONDRIAL COMPLEX I DEFICIENCY	C1838979
NDUFS8 gene	C1417651	ASSOCIATED_WITH	["36557887_fullText_4"]	Leigh Disease	C0023264
NDUFS8 gene	C1417651	ASSOCIATED_WITH	["36557887_fullText_108"]	Septicemia	C0036690
NDUFS8 gene	C1417651	ASSOCIATED_WITH	["36557887_fullText_145"]	Diabetes	C0011847
NDUFS8 gene	C1417651	ASSOCIATED_WITH	["36557887_fullText_118"]	Parkinson Disease	C0030567
NDUFA10 gene	C1417621	ASSOCIATED_WITH		MITOCHONDRIAL COMPLEX I DEFICIENCY	C1838979
NDUFA10 gene	C1417621	ASSOCIATED_WITH		Leigh Disease	C0023264
GFM2 gene	C1539561	ASSOCIATED_WITH		Mitochondrial Diseases	C0751651
GFM2 gene	C1539561	ASSOCIATED_WITH		Leigh Disease	C0023264
GFM2 gene	C1539561	CAUSES	["26016410_fullText_9"]	Leigh Disease	C0023264
COX10 gene	C1413629	ASSOCIATED_WITH		Mitochondrial Diseases	C0751651
COX10 gene	C1413629	ASSOCIATED_WITH		Leigh Disease	C0023264
COX10 gene	C1413629	ASSOCIATED_WITH		MITOCHONDRIAL COMPLEX IV DEFICIENCY, NUCLEAR TYPE 3	C5436682
PDHB gene	C1418439	ASSOCIATED_WITH		Leigh Disease	C0023264
PDHB gene	C1418439	ASSOCIATED_WITH		Pyruvate Dehydrogenase Complex Deficiency Disease	C0034345
TMEM126B gene	C1823385	ASSOCIATED_WITH		Mitochondrial Diseases	C0751651
TMEM126B gene	C1823385	ASSOCIATED_WITH		MITOCHONDRIAL COMPLEX I DEFICIENCY	C1838979
PTCD3 gene	C1826731	ASSOCIATED_WITH	["36450274_fullText_3","36450274_fullText_14"]	Leigh Disease	C0023264
ETHE1 gene	C1428025	ASSOCIATED_WITH		Ethylmalonic encephalopathy	C1865349
SCN5A gene	C1419864	ASSOCIATED_WITH		Left ventricular noncompaction cardiomyopathy	C4021133
SCN5A gene	C1419864	ASSOCIATED_WITH		Migraine Disorders	C0149931
SCN5A gene	C1419864	ASSOCIATED_WITH		Long Qt Syndrome 2	C3150943
SCN5A gene	C1419864	ASSOCIATED_WITH		Short Qt Syndrome	C2348199
SCN5A gene	C1419864	ASSOCIATED_WITH		Cardiomyopathy, Familial Idiopathic	C1449563
SCN5A gene	C1419864	ASSOCIATED_WITH		Familial dilated cardiomyopathy	C0340427
SCN5A gene	C1419864	ASSOCIATED_WITH		Hypertrophic Cardiomyopathy	C0007194
SCN5A gene	C1419864	ASSOCIATED_WITH		VENTRICULAR TACHYCARDIA, CATECHOLAMINERGIC POLYMORPHIC, 1 (disorder)	C1631597
SCN5A gene	C1419864	ASSOCIATED_WITH		Arrhythmogenic Right Ventricular Dysplasia	C0349788
SCN5A gene	C1419864	ASSOCIATED_WITH		Cardiac Arrest	C0018790
SCN5A gene	C1419864	ASSOCIATED_WITH		Paroxysmal familial ventricular fibrillation	C0340493
SCN5A gene	C1419864	ASSOCIATED_WITH		Cardiomyopathies	C0878544
SCN5A gene	C1419864	ASSOCIATED_WITH		Brugada Syndrome 1	C4551804
SCN5A gene	C1419864	ASSOCIATED_WITH		Torsades de Pointes	C0040479
SCN5A gene	C1419864	ASSOCIATED_WITH		Congenital long QT syndrome	C1141890
SCN5A gene	C1419864	ASSOCIATED_WITH		Tachycardia, Ventricular	C0042514
SCN5A gene	C1419864	ASSOCIATED_WITH		Sinus Node Dysfunction (disorder)	C0428908
SCN5A gene	C1419864	ASSOCIATED_WITH		Sick Sinus Syndrome	C0037052
SCN5A gene	C1419864	ASSOCIATED_WITH		Atrial Fibrillation	C0004238
SCN5A gene	C1419864	ASSOCIATED_WITH		Cardiomyopathy, Dilated	C0007193
SCN5A gene	C1419864	ASSOCIATED_WITH		LONG QT SYNDROME 3	C1859062
SCN5A gene	C1419864	ASSOCIATED_WITH		Long QT Syndrome	C0023976
SCN5A gene	C1419864	ASSOCIATED_WITH		Sudden infant death syndrome	C0038644
SCN5A gene	C1419864	ASSOCIATED_WITH		Hereditary bundle branch system defect	C1879286
SCN5A gene	C1419864	ASSOCIATED_WITH		Brugada Syndrome (disorder)	C1142166
SCN5A gene	C1419864	ASSOCIATED_WITH	["27063795_fullText_6"]	Myotonic Dystrophy	C0027126
SCN5A gene	C1419864	ASSOCIATED_WITH__INFER__	["32063450_fullText_4"]	Deglutition Disorders	C0011168
NDUFB3 gene	C1417635	ASSOCIATED_WITH		Mitochondrial Diseases	C0751651
NDUFB3 gene	C1417635	ASSOCIATED_WITH		MITOCHONDRIAL COMPLEX I DEFICIENCY	C1838979
SERAC1 gene	C1427283	ASSOCIATED_WITH		Dystonia Disorders	C0393593
SERAC1 gene	C1427283	ASSOCIATED_WITH	["23918762_fullText_5","31996241_fullText_72"]	Syndrome	C0039082
SGCA gene	C1420005	ASSOCIATED_WITH		Muscular Dystrophy	C0026850
SGCA gene	C1420005	ASSOCIATED_WITH	["33619652_fullText_103"]	Cerebellar Diseases	C0007760
CRAT gene	C1413700	ASSOCIATED_WITH		Carnitine Acetyltransferase Deficiency	C1443228
CRAT gene	C1413700	ASSOCIATED_WITH		Neurodegeneration with brain iron accumulation (NBIA)	C2931845
SSBP1 gene	C1420424	ASSOCIATED_WITH		Leigh Disease	C0023264
SSBP1 gene	C1420424	ASSOCIATED_WITH		Optic Atrophy	C0029124
UROD wt Allele	C2987231	ASSOCIATED_WITH	["31454184_fullText_60"]	Widespread Disease	C0849867
UROD wt Allele	C2987231	CAUSES	["35205402_fullText_2","35205402_fullText_11","35205402_fullText_6","35205402_fullText_40","35205402_fullText_51","35205402_fullText_54","35205402_fullText_84","35205402_fullText_89","35205402_fullText_95","35205402_fullText_98"]	Retinal Dystrophies	C0854723
AGL gene	C1412279	ASSOCIATED_WITH		Glycogen Storage Disease IIIB	C1968740
AGL gene	C1412279	ASSOCIATED_WITH		Glycogen Storage Disease	C0017919
AGL gene	C1412279	ASSOCIATED_WITH		Glycogen Storage Disease Type III	C0017922
AGL gene	C1412279	ASSOCIATED_WITH		Glycogen Storage Disease IIIA	C1968739
Protein coding gene	C3839127	ASSOCIATED_WITH	["32969598_fullText_16"]	Mitochondrial Diseases	C0751651
COX4I1 gene	C1413634	ASSOCIATED_WITH		Leigh Disease	C0023264
COX4I1 gene	C1413634	ASSOCIATED_WITH		MITOCHONDRIAL COMPLEX IV DEFICIENCY, NUCLEAR TYPE 16	C5436714
NDUFB8 gene	C1417640	CAUSES	["29429571_fullText_9"]	Nicotinamide adenine dinucleotide coenzyme Q reductase deficiency	C0342776
NDUFB8 gene	C1417640	ASSOCIATED_WITH	["29429571_fullText_10"]	Mitochondrial Diseases	C0751651
PKLR gene	C1418609	ASSOCIATED_WITH		Gaucher Disease	C0017205
PKLR gene	C1418609	ASSOCIATED_WITH		Anemia, Hemolytic, Congenital Nonspherocytic	C0002882
PKLR gene	C1418609	ASSOCIATED_WITH		Diabetes Mellitus, Non-Insulin-Dependent	C0011860
PKLR gene	C1418609	ASSOCIATED_WITH		Malaria	C0024530
PKLR gene	C1418609	ASSOCIATED_WITH		Anemia, Hemolytic	C0002878
PDHX gene	C1427500	ASSOCIATED_WITH		Leigh Disease	C0023264
PDHX gene	C1427500	ASSOCIATED_WITH		Pyruvate Dehydrogenase Complex Deficiency Disease	C0034345
TIMMDC1 gene	C3469994	ASSOCIATED_WITH		MITOCHONDRIAL COMPLEX I DEFICIENCY	C1838979
TIMMDC1 gene	C3469994	ASSOCIATED_WITH		Leigh Disease	C0023264
MTFMT gene	C1826321	ASSOCIATED_WITH		Leigh Disease	C0023264
COQ4 gene	C1426339	ASSOCIATED_WITH		Mitochondrial Diseases	C0751651
HM13 gene	C1424276	CAUSES	["37666030_fullText_1"]	Mycoses	C0026946
PARL gene	C1425398	ASSOCIATED_WITH		Coronary Arteriosclerosis	C0010054
PARL gene	C1425398	ASSOCIATED_WITH		Hyperinsulinism	C0020459
PARL gene	C1425398	ASSOCIATED_WITH		Optic Atrophy, Hereditary, Leber	C0917796
PARL gene	C1425398	ASSOCIATED_WITH		Diabetes Mellitus, Non-Insulin-Dependent	C0011860
TTC19 gene	C1540115	ASSOCIATED_WITH		nervous system disorder	C0027765
TTC19 gene	C1540115	ASSOCIATED_WITH		Mitochondrial Diseases	C0751651
TTC19 gene	C1540115	ASSOCIATED_WITH		Neurodegenerative Disorders	C0524851
TTC19 gene	C1540115	ASSOCIATED_WITH		MITOCHONDRIAL COMPLEX III DEFICIENCY (disorder)	C1852372
LIPT1 gene	C1428876	ASSOCIATED_WITH		Leigh Disease	C0023264
COQ9 gene	C1824778	ASSOCIATED_WITH		Mitochondrial Diseases	C0751651
COQ9 gene	C1824778	ASSOCIATED_WITH		COENZYME Q10 DEFICIENCY	C1843920
VPS13A gene	C1413372	ASSOCIATED_WITH		Benign Hereditary Chorea	C0393584
VPS13A gene	C1413372	ASSOCIATED_WITH		Chorea	C0008489
VPS13A gene	C1413372	ASSOCIATED_WITH		Chorea Acanthocytosis Syndrome	C0393576
VPS13C gene	C1428142	ASSOCIATED_WITH		Parkinson Disease	C0030567
VPS13C gene	C1428142	ASSOCIATED_WITH	["29518281_fullText_1"]	Movement Disorders	C0026650
LONP1 gene	C1825868	ASSOCIATED_WITH		Leigh Disease	C0023264
LONP1 gene	C1825868	ASSOCIATED_WITH		CODAS syndrome	C1838180
LONP1 gene	C1825868	CAUSES	["29518248_fullText_145"]	Depletion of mitochondrial DNA	C0342782
NDUFA1 gene	C1417620	ASSOCIATED_WITH		Leigh Disease	C0023264
NDUFA1 gene	C1417620	ASSOCIATED_WITH		MITOCHONDRIAL COMPLEX I DEFICIENCY	C1838979
NDUFA1 gene	C1417620	CAUSES	["33182419_fullText_89"]	spinal cord involvement	C0748903
NDUFA1 gene	C1417620	CAUSES	["11286378_fullText_3"]	Nicotinamide adenine dinucleotide coenzyme Q reductase deficiency	C0342776
C21orf2 gene	C1412946	ASSOCIATED_WITH		Retinal Dystrophies	C0854723
C21orf2 gene	C1412946	ASSOCIATED_WITH		Retinitis Pigmentosa	C0035334
C21orf2 gene	C1412946	ASSOCIATED_WITH		Cone-Rod Dystrophies	C4085590
C21orf2 gene	C1412946	ASSOCIATED_WITH		Amyotrophic Lateral Sclerosis	C0002736
SDHA gene	C1419906	ASSOCIATED_WITH		Cardiomyopathy, Dilated	C0007193
SDHA gene	C1419906	ASSOCIATED_WITH	["29070651_fullText_2"]	Leigh Disease	C0023264
SDHB gene	C1419907	ASSOCIATED_WITH		Mitochondrial Diseases	C0751651
SDHB gene	C1419907	ASSOCIATED_WITH		Von Hippel-Lindau Syndrome	C0019562
SDHC gene	C1419908	ASSOCIATED_WITH		Mitochondrial Diseases	C0751651
SDHD gene	C1419909	ASSOCIATED_WITH		Mitochondrial Diseases	C0751651
NDUFA2 gene	C1417622	ASSOCIATED_WITH		MITOCHONDRIAL COMPLEX I DEFICIENCY	C1838979
NDUFA2 gene	C1417622	ASSOCIATED_WITH		Leigh Disease	C0023264
SLC22A5 gene	C1420140	ASSOCIATED_WITH		Short Qt Syndrome	C2348199
SLC22A5 gene	C1420140	ASSOCIATED_WITH		Inborn Errors of Metabolism	C0025521
SLC22A5 gene	C1420140	ASSOCIATED_WITH		Severe myopia	C0271183
SLC22A5 gene	C1420140	ASSOCIATED_WITH		Cardiomyopathies	C0878544
SLC22A5 gene	C1420140	ASSOCIATED_WITH		Renal carnitine transport defect	C0342788
NDUFAF4 gene	C1427260	ASSOCIATED_WITH		Leigh Disease	C0023264
NDUFAF4 gene	C1427260	ASSOCIATED_WITH		Mitochondrial Diseases	C0751651
NDUFAF4 gene	C1427260	ASSOCIATED_WITH		MITOCHONDRIAL COMPLEX I DEFICIENCY	C1838979
NDUFAF4 gene	C1427260	AFFECTS	["34964562_fullText_10"]	Leigh Disease	C0023264
MRPS34 gene	C1424441	ASSOCIATED_WITH		Leigh Disease	C0023264
MRPS22 gene	C1422713	ASSOCIATED_WITH		Ovarian Failure, Premature	C0085215
MRPS22 gene	C1422713	ASSOCIATED_WITH		Mitochondrial Diseases	C0751651
ATP7A gene	C1412688	ASSOCIATED_WITH		Charcot-Marie-Tooth Disease	C0007959
ATP7A gene	C1412688	ASSOCIATED_WITH		Hirschsprung Disease	C0019569
ATP7A gene	C1412688	ASSOCIATED_WITH		Pulmonary Hypertension	C0020542
ATP7A gene	C1412688	ASSOCIATED_WITH		Cutis Laxa	C0010495
ATP7A gene	C1412688	ASSOCIATED_WITH		Ehlers-Danlos Syndrome	C0013720
ATP7A gene	C1412688	ASSOCIATED_WITH		Spinal Muscular Atrophy, Distal, X-Linked 3	C1845359
ATP7A gene	C1412688	ASSOCIATED_WITH		Menkes Kinky Hair Syndrome	C0022716
COG7 gene	C1425654	ASSOCIATED_WITH		Congenital Disorders of Glycosylation	C0282577
COG7 gene	C1425654	ASSOCIATED_WITH		Congenital disorder of glycosylation type 2E	C2931010
RIN2 gene	C1425756	ASSOCIATED_WITH		Macrocephaly, Alopecia, Cutis Laxa, and Scoliosis	C2751321
TALDO1 gene	C1420580	ASSOCIATED_WITH		Transaldolase Deficiency	C1291329
GORAB gene	C1822658	ASSOCIATED_WITH		Geroderma osteodysplastica	C0432255
PTPN11 gene	C1335280	ASSOCIATED_WITH		Maffucci Syndrome	C0024454
PTPN11 gene	C1335280	ASSOCIATED_WITH		Hereditary Multiple Exostoses	C0015306
PTPN11 gene	C1335280	ASSOCIATED_WITH		Gastritis, Atrophic	C0017154
PTPN11 gene	C1335280	ASSOCIATED_WITH		Hypertrophic Cardiomyopathy	C0007194
PTPN11 gene	C1335280	ASSOCIATED_WITH		Noonan Syndrome 1	C4551602
PTPN11 gene	C1335280	ASSOCIATED_WITH		Metachondromatosis	C0410530
PTPN11 gene	C1335280	ASSOCIATED_WITH		Noonan Syndrome	C0028326
PTPN11 gene	C1335280	ASSOCIATED_WITH		Turner Syndrome, Male	C0041409
PTPN11 gene	C1335280	ASSOCIATED_WITH		LEOPARD Syndrome	C0175704
BRAF gene	C0812241	ASSOCIATED_WITH		Pulmonary Stenosis	C1956257
BRAF gene	C0812241	ASSOCIATED_WITH		Pituitary-dependent Cushing's disease	C0221406
BRAF gene	C0812241	ASSOCIATED_WITH		Hypertrophic Cardiomyopathy	C0007194
BRAF gene	C0812241	ASSOCIATED_WITH		Noonan Syndrome	C0028326
BRAF gene	C0812241	ASSOCIATED_WITH		Ataxia Telangiectasia	C0004135
BRAF gene	C0812241	ASSOCIATED_WITH		LEOPARD Syndrome	C0175704
SOS2 gene	C1420315	ASSOCIATED_WITH		Noonan Syndrome	C0028326
SHOC2 gene	C1423500	ASSOCIATED_WITH		Noonan Syndrome	C0028326
LAMA2 gene	C1416776	CAUSES	["27854224_fullText_102"]	Myopathy	C0026848
LAMA2 gene	C1416776	ASSOCIATED_WITH		Polymicrogyria	C0266464
LAMA2 gene	C1416776	ASSOCIATED_WITH		Cardiomyopathy, Dilated	C0007193
LAMA2 gene	C1416776	ASSOCIATED_WITH		Myopia	C0027092
LAMA2 gene	C1416776	ASSOCIATED_WITH		Myopathy	C0026848
LAMA2 gene	C1416776	ASSOCIATED_WITH		Muscular Dystrophy	C0026850
LAMA2 gene	C1416776	ASSOCIATED_WITH		Muscular dystrophy congenital, merosin negative	C1263858
LAMA2 gene	C1416776	ASSOCIATED_WITH	["8795845_fullText_2"]	Myotonic Dystrophy	C0027126
NDUFAF3 gene	C1824156	ASSOCIATED_WITH		MITOCHONDRIAL COMPLEX I DEFICIENCY	C1838979
NDUFAF3 gene	C1824156	ASSOCIATED_WITH		Mitochondrial Diseases	C0751651
NDUFAF3 gene	C1824156	AFFECTS	["34964562_fullText_10"]	Leigh Disease	C0023264
NDUFAF3 gene	C1824156	CAUSES	["27986404_fullText_2"]	Mitochondrial Diseases	C0751651
ADAR gene	C1412215	ASSOCIATED_WITH		Liver Cirrhosis	C0023890
ADAR gene	C1412215	ASSOCIATED_WITH		Leigh Disease	C0023264
ADAR gene	C1412215	ASSOCIATED_WITH		AICARDI-GOUTIERES SYNDROME 1	C0796126
ADAR gene	C1412215	ASSOCIATED_WITH		AICARDI-GOUTIERES SYNDROME	C0393591
ADAR gene	C1412215	ASSOCIATED_WITH		Symmetrical dyschromatosis of extremities	C0406775
ADAR gene	C1412215	ASSOCIATED_WITH		AICARDI-GOUTIERES SYNDROME 6	C3539013
ADAR gene	C1412215	CAUSES	["28139822_fullText_1"]	Rare Diseases	C0678236
MFN1 gene	C1425402	ASSOCIATED_WITH		Amyotrophic Lateral Sclerosis	C0002736
SLC25A46 gene	C1822755	ASSOCIATED_WITH		Charcot-Marie-Tooth Disease	C0007959
SLC25A46 gene	C1822755	ASSOCIATED_WITH		Optic Atrophy	C0029124
SLC25A46 gene	C1822755	ASSOCIATED_WITH	["27390132_fullText_5"]	Leigh Disease	C0023264
SLC25A46 gene	C1822755	CAUSES	["27390132_fullText_58"]	Leigh Disease	C0023264
SLC25A46 gene	C1822755	ASSOCIATED_WITH	["27390132_fullText_8"]	early disease onset	C0814120
MFN2 gene	C1424611	ASSOCIATED_WITH		Roussy-Levy Syndrome (disorder)	C0205713
MFN2 gene	C1424611	ASSOCIATED_WITH		Dejerine-Sottas Disease (disorder)	C0011195
MFN2 gene	C1424611	ASSOCIATED_WITH		Hereditary Motor and Sensory Neuropathy Type I	C0751036
MFN2 gene	C1424611	ASSOCIATED_WITH		Diabetic Nephropathy	C0011881
MFN2 gene	C1424611	ASSOCIATED_WITH		Amyotrophic Lateral Sclerosis	C0002736
MFN2 gene	C1424611	ASSOCIATED_WITH		Hereditary Motor and Sensory-Neuropathy Type II	C0270914
MFN2 gene	C1424611	ASSOCIATED_WITH		Peripheral axonal neuropathy	C1263857
MFN2 gene	C1424611	ASSOCIATED_WITH		Hereditary Motor and Sensory Neuropathies	C0027888
MFN2 gene	C1424611	ASSOCIATED_WITH		Peripheral Neuropathy	C0031117
MFN2 gene	C1424611	ASSOCIATED_WITH		Charcot-Marie-Tooth Disease	C0007959
MFN2 gene	C1424611	ASSOCIATED_WITH		Lipomatosis, Multiple Symmetrical	C0023804
ACADVL gene	C1412110	ASSOCIATED_WITH		Myopathy	C0026848
ACADVL gene	C1412110	ASSOCIATED_WITH		Very long chain acyl-CoA dehydrogenase deficiency	C3887523
CPT1A gene	C1413688	ASSOCIATED_WITH		Kidney Failure, Chronic	C0022661
CPT1A gene	C1413688	ASSOCIATED_WITH		Nonalcoholic Steatohepatitis	C3241937
CPT1A gene	C1413688	ASSOCIATED_WITH		Diabetes Mellitus	C0011849
CPT1A gene	C1413688	ASSOCIATED_WITH		Non-alcoholic Fatty Liver Disease	C0400966
CPT1A gene	C1413688	ASSOCIATED_WITH		Metabolic Diseases	C0025517
CPT1A gene	C1413688	ASSOCIATED_WITH		Diabetes Mellitus, Non-Insulin-Dependent	C0011860
ARHGEF1 gene	C1332110	ASSOCIATED_WITH		IMMUNODEFICIENCY 62	C5193109
COX8A gene	C1413661	ASSOCIATED_WITH		MITOCHONDRIAL COMPLEX IV DEFICIENCY, NUCLEAR TYPE 15	C5436712
COX8A gene	C1413661	ASSOCIATED_WITH	["26685157_fullText_5"]	Cytochrome-c Oxidase Deficiency	C0268237
ACAD9 gene	C1427586	ASSOCIATED_WITH		MITOCHONDRIAL COMPLEX I DEFICIENCY	C1838979
ACAD9 gene	C1427586	ASSOCIATED_WITH		Acyl-CoA Dehydrogenase Family, Member 9, Deficiency of	C1970173
ELANE gene	C1414369	ASSOCIATED_WITH		Agranulocytosis	C0001824
ELANE gene	C1414369	ASSOCIATED_WITH		Periodontitis	C0031099
ELANE gene	C1414369	ASSOCIATED_WITH		Neutropenia	C0027947
ELANE gene	C1414369	ASSOCIATED_WITH		Cyclic neutropenia	C0221023
C12orf65 gene	C2240303	ASSOCIATED_WITH		Spastic Paraplegia, Hereditary	C0037773
C12orf65 gene	C2240303	ASSOCIATED_WITH		Leigh Disease	C0023264
C12orf65 gene	C2240303	ASSOCIATED_WITH		Spastic Paraplegia	C0037772
C12orf65 gene	C2240303	ASSOCIATED_WITH		COMBINED OXIDATIVE PHOSPHORYLATION DEFICIENCY 7	C3150801
SUCLA2 gene	C1420510	ASSOCIATED_WITH		Obesity	C0028754
SUCLA2 gene	C1420510	ASSOCIATED_WITH		Depletion of mitochondrial DNA	C0342782
MRRF gene	C1417252	ASSOCIATED_WITH	["2598536_fullText_1"]	Mitochondrial Myopathies	C0162670
NDUFV2 gene	C1417653	ASSOCIATED_WITH		Cardiomyopathies	C0878544
NDUFV2 gene	C1417653	ASSOCIATED_WITH		Leigh Disease	C0023264
NDUFV2 gene	C1417653	ASSOCIATED_WITH		Parkinson Disease	C0030567
NDUFV2 gene	C1417653	ASSOCIATED_WITH		MITOCHONDRIAL COMPLEX I DEFICIENCY	C1838979
NDUFV2 gene	C1417653	CAUSES	["14729820_fullText_6"]	Cardiomyopathies	C0878544
LIAS gene	C1424272	ASSOCIATED_WITH		Leigh Disease	C0023264
LIAS gene	C1424272	ASSOCIATED_WITH		Pulmonary Fibrosis	C0034069
NFU1 gene	C1826399	ASSOCIATED_WITH		Mitochondrial Diseases	C0751651
NFU1 gene	C1826399	ASSOCIATED_WITH		Multiple Mitochondrial Dysfunctions Syndrome	C3502075
NFU1 gene	C1826399	ASSOCIATED_WITH		MULTIPLE MITOCHONDRIAL DYSFUNCTIONS SYNDROME 1	C3276432
IBA57 gene	C1823215	ASSOCIATED_WITH		Multiple Mitochondrial Dysfunctions Syndrome	C3502075
IBA57 gene	C1823215	ASSOCIATED_WITH		Mitochondrial Diseases	C0751651
DFNB94 gene	C3147084	CAUSES	["25807530_fullText_2"]	Mitochondrial Respiratory Chain Deficiencies	C0949857
DFNB94 gene	C3147084	CAUSES	["25807530_fullText_2"]	Leigh Disease	C0023264
SLIRP gene	C1539044	ASSOCIATED_WITH		Mitochondrial Encephalomyopathies	C0162666
TSFM gene	C1421196	ASSOCIATED_WITH		Leigh Disease	C0023264
TSFM gene	C1421196	CAUSES	["25037205_fullText_5"]	Multisystem disorder	C0559758
PET100 gene	C3541664	ASSOCIATED_WITH		Leigh Disease	C0023264
PET100 gene	C3541664	ASSOCIATED_WITH		MITOCHONDRIAL COMPLEX IV DEFICIENCY, NUCLEAR TYPE 12	C5436695
FKTN gene	C1414558	ASSOCIATED_WITH		Familial dilated cardiomyopathy	C0340427
FKTN gene	C1414558	ASSOCIATED_WITH		Muscular Dystrophy-Dystroglycanopathy (Congenital with Brain and Eye Anomalies) Type A, 1	C4284790
FKTN gene	C1414558	ASSOCIATED_WITH		MUSCULAR DYSTROPHY, LIMB-GIRDLE, TYPE 2K	C1836373
FKTN gene	C1414558	ASSOCIATED_WITH		Muscle eye brain disease	C0457133
FKTN gene	C1414558	ASSOCIATED_WITH		Cardiomyopathy, Dilated	C0007193
FKTN gene	C1414558	ASSOCIATED_WITH		alpha-Dystroglycanopathies	C2936406
FKTN gene	C1414558	ASSOCIATED_WITH		Walker-Warburg congenital muscular dystrophy	C0265221
FKTN gene	C1414558	ASSOCIATED_WITH		Fukuyama Type Congenital Muscular Dystrophy	C0410174
FKTN gene	C1414558	ASSOCIATED_WITH	["15833424_fullText_1"]	Muscular Dystrophy	C0026850
AGXT gene	C1412290	ASSOCIATED_WITH		Nephrolithiasis	C0392525
AGXT gene	C1412290	ASSOCIATED_WITH		Nephrocalcinosis	C0027709
AGXT gene	C1412290	ASSOCIATED_WITH		Primary Hyperoxaluria	C0020501
AGXT gene	C1412290	ASSOCIATED_WITH		Hyperoxaluria	C0020500
AGXT gene	C1412290	ASSOCIATED_WITH		Primary hyperoxaluria, type I	C0268164
SERPINE2 gene	C1418552	ASSOCIATED_WITH		Alzheimer's Disease	C0002395
COQ2 gene	C1824776	ASSOCIATED_WITH		COENZYME Q10 DEFICIENCY	C1843920
COQ2 gene	C1824776	ASSOCIATED_WITH		Nephrotic Syndrome	C0027726
COQ2 gene	C1824776	ASSOCIATED_WITH		Kidney Diseases	C0022658
COQ2 gene	C1824776	ASSOCIATED_WITH		Multiple System Atrophy	C0393571
COQ2 gene	C1824776	ASSOCIATED_WITH		Pure Autonomic Failure	C0393911
AHSG gene	C1412296	ASSOCIATED_WITH		Kidney Failure, Acute	C0022660
AHSG gene	C1412296	ASSOCIATED_WITH		Myocardial Ischemia	C0151744
AHSG gene	C1412296	ASSOCIATED_WITH		Coronary heart disease	C0010068
AHSG gene	C1412296	ASSOCIATED_WITH		Coronary Arteriosclerosis	C0010054
AHSG gene	C1412296	ASSOCIATED_WITH		Diabetes Mellitus, Non-Insulin-Dependent	C0011860
NF1 gene	C0085113	ASSOCIATED_WITH		Aneurysm	C0002940
NF1 gene	C0085113	ASSOCIATED_WITH		Cafe-au-lait macules with pulmonary stenosis	C0553586
RASA1 wt Allele	C2984552	ASSOCIATED_WITH	["23361976_fullText_2"]	Graves Disease	C0018213
COX5A gene	C1413636	ASSOCIATED_WITH		MITOCHONDRIAL COMPLEX IV DEFICIENCY, NUCLEAR TYPE 20	C5436726
MPV17 gene	C1417247	ASSOCIATED_WITH		Mitochondrial Diseases	C0751651
MPV17 gene	C1417247	ASSOCIATED_WITH		Depletion of mitochondrial DNA	C0342782
MPV17 gene	C1417247	ASSOCIATED_WITH		Focal glomerulosclerosis	C0017668
MPV17 gene	C1417247	ASSOCIATED_WITH		NAVAJO NEUROHEPATOPATHY	C1850406
MPV17 gene	C1417247	CAUSES	["22422207_fullText_4"]	NAVAJO NEUROHEPATOPATHY	C1850406
MPV17 gene	C1417247	CAUSES	["22422207_fullText_4"]	Glycogen Storage Disease Type V	C0017924
MPV17 gene	C1417247	CAUSES	["22422207_fullText_4"]	Diffuse Cerebral Sclerosis of Schilder	C0007795
NFE2L1 gene	C1417700	AFFECTS	["31615832_fullText_24"]	Helminthiasis	C0018889
NFE2L1 gene	C1417700	ASSOCIATED_WITH	["31615832_fullText_146"]	Helminthiasis	C0018889
OTC gene	C1418193	ASSOCIATED_WITH		Encephalopathies	C0085584
OTC gene	C1418193	ASSOCIATED_WITH		Ornithine carbamoyltransferase deficiency	C0268542
TMEM70 gene	C1823334	ASSOCIATED_WITH		TMEM70 related mitochondrial encephalo-cardio-myopathy	C4273660
TMEM70 gene	C1823334	ASSOCIATED_WITH		Mitochondrial Diseases	C0751651
TMEM70 gene	C1823334	ASSOCIATED_WITH		Isolated ATP synthase deficiency	C4757950
TMEM70 gene	C1823334	ASSOCIATED_WITH		Cardiomyopathies	C0878544
F2 gene	C1414504	ASSOCIATED_WITH		Brain Ischemia	C0007786
F2 gene	C1414504	ASSOCIATED_WITH		Celiac Disease	C0007570
F2 gene	C1414504	ASSOCIATED_WITH		Carotid Stenosis	C0007282
F2 gene	C1414504	ASSOCIATED_WITH		Herpes zoster disease	C0019360
F2 gene	C1414504	ASSOCIATED_WITH		Mesenteric vascular insufficiency	C1412000
F2 gene	C1414504	ASSOCIATED_WITH		Fatty Liver	C0015695
F2 gene	C1414504	ASSOCIATED_WITH		Avascular necrosis of bone	C0027543
F2 gene	C1414504	ASSOCIATED_WITH		Sinus Thrombosis, Intracranial	C0037198
F2 gene	C1414504	ASSOCIATED_WITH		Nephrosis	C0027720
F2 gene	C1414504	ASSOCIATED_WITH		Dengue Fever	C0011311
F2 gene	C1414504	ASSOCIATED_WITH		Glomerulonephritis	C0017658
F2 gene	C1414504	ASSOCIATED_WITH		Nonalcoholic Steatohepatitis	C3241937
F2 gene	C1414504	ASSOCIATED_WITH		Sensorineural Hearing Loss (disorder)	C0018784
F2 gene	C1414504	ASSOCIATED_WITH		Hemophilia B	C0008533
F2 gene	C1414504	ASSOCIATED_WITH		Rheumatoid Arthritis	C0003873
F2 gene	C1414504	ASSOCIATED_WITH		Liver Failure	C0085605
F2 gene	C1414504	ASSOCIATED_WITH		Disorder of eye	C0015397
F2 gene	C1414504	ASSOCIATED_WITH		Non-alcoholic Fatty Liver Disease	C0400966
F2 gene	C1414504	ASSOCIATED_WITH		Hepatitis, Autoimmune	C0241910
F2 gene	C1414504	ASSOCIATED_WITH		Retinal Vein Occlusion	C0035328
F2 gene	C1414504	ASSOCIATED_WITH		Coronary Arteriosclerosis	C0010054
F2 gene	C1414504	ASSOCIATED_WITH		Coronary heart disease	C0010068
F2 gene	C1414504	ASSOCIATED_WITH		Liver Cirrhosis	C0023890
F2 gene	C1414504	ASSOCIATED_WITH		Cerebral Infarction	C0007785
F2 gene	C1414504	ASSOCIATED_WITH		Myocardial Ischemia	C0151744
F2 gene	C1414504	ASSOCIATED_WITH		Alzheimer's Disease	C0002395
F2 gene	C1414504	ASSOCIATED_WITH		Lupus Erythematosus, Systemic	C0024141
F2 gene	C1414504	ASSOCIATED_WITH		Hemophilia A	C0019069
F2 gene	C1414504	ASSOCIATED_WITH		Obesity	C0028754
F2 gene	C1414504	ASSOCIATED_WITH		Disseminated Intravascular Coagulation	C0012739
F2 gene	C1414504	ASSOCIATED_WITH		Pulmonary Embolism	C0034065
F2 gene	C1414504	ASSOCIATED_WITH		Thromboembolism	C0040038
F2 gene	C1414504	ASSOCIATED_WITH		Myocardial Infarction	C0027051
F2 gene	C1414504	ASSOCIATED_WITH		Blood Coagulation Disorders	C0005779
F2 gene	C1414504	ASSOCIATED_WITH		Hereditary factor II deficiency disease	C0272317
F2 gene	C1414504	ASSOCIATED_WITH		Thrombophilia	C0398623
F2 gene	C1414504	ASSOCIATED_WITH		Cerebrovascular accident	C0038454
NDUFAF1 gene	C1425806	ASSOCIATED_WITH		Mitochondrial Diseases	C0751651
NDUFAF1 gene	C1425806	ASSOCIATED_WITH		MITOCHONDRIAL COMPLEX I DEFICIENCY	C1838979
ARX gene	C1425272	ASSOCIATED_WITH		Agenesis of corpus callosum	C0175754
ARX gene	C1425272	ASSOCIATED_WITH		Early infantile epileptic encephalopathy with suppression bursts	C0393706
ARX gene	C1425272	ASSOCIATED_WITH		Infantile spasms	C0037769
ARX gene	C1425272	CAUSES	["20384723_fullText_2"]	Early infantile epileptic encephalopathy with suppression bursts	C0393706
TAZ gene	C1336578	ASSOCIATED_WITH		Cardiomyopathy, Familial Idiopathic	C1449563
TAZ gene	C1336578	ASSOCIATED_WITH		Familial dilated cardiomyopathy	C0340427
TAZ gene	C1336578	ASSOCIATED_WITH		Endocardial Fibroelastosis	C0014117
TAZ gene	C1336578	ASSOCIATED_WITH		Left ventricular noncompaction	C1960469
TAZ gene	C1336578	ASSOCIATED_WITH		Cardiomyopathies	C0878544
TAZ gene	C1336578	ASSOCIATED_WITH		Cardiomyopathy, Dilated	C0007193
TAZ gene	C1336578	ASSOCIATED_WITH		3-Methylglutaconic aciduria type 2	C0574083
COA4 gene	C1824732	AFFECTS	["20624914_fullText_8"]	Central Core Myopathy (disorder)	C0751951
SH2B3 gene	C1822705	ASSOCIATED_WITH		Lupus Erythematosus, Systemic	C0024141
SH2B3 gene	C1822705	ASSOCIATED_WITH		Coronary heart disease	C0010068
SH2B3 gene	C1822705	ASSOCIATED_WITH		Cerebrovascular accident	C0038454
SH2B3 gene	C1822705	ASSOCIATED_WITH		Myocardial Infarction	C0027051
SH2B3 gene	C1822705	ASSOCIATED_WITH		Thrombocytosis	C0836924
SH2B3 gene	C1822705	ASSOCIATED_WITH		Thrombocythemia, Essential	C0040028
SH2B3 gene	C1822705	ASSOCIATED_WITH		Coronary Arteriosclerosis	C0010054
SH2B3 gene	C1822705	ASSOCIATED_WITH		Diabetes Mellitus, Insulin-Dependent	C0011854
CSTB gene	C1332798	ASSOCIATED_WITH		Encephalopathies	C0085584
CSTB gene	C1332798	ASSOCIATED_WITH		Myoclonic Epilepsies, Progressive	C0751778
CSTB gene	C1332798	ASSOCIATED_WITH		Unverricht-Lundborg Syndrome	C0751785
CSTB gene	C1332798	ASSOCIATED_WITH	["33476484_fullText_13"]	Neuropathy ataxia and retinis pigmentosa	C1328349
OPA1 gene	C1417953	ASSOCIATED_WITH		Leigh Disease	C0023264
OPA1 gene	C1417953	ASSOCIATED_WITH		Auditory neuropathy	C1852271
OPA1 gene	C1417953	ASSOCIATED_WITH		Mitochondrial Diseases	C0751651
OPA1 gene	C1417953	ASSOCIATED_WITH		Low Tension Glaucoma	C0152136
OPA1 gene	C1417953	ASSOCIATED_WITH		Behr syndrome	C0221061
OPA1 gene	C1417953	ASSOCIATED_WITH		Optic Atrophy	C0029124
OPA1 gene	C1417953	ASSOCIATED_WITH		Optic Atrophy, Autosomal Dominant	C0338508
OPA1 gene	C1417953	ASSOCIATED_WITH		OPTIC ATROPHY WITH OR WITHOUT DEAFNESS, OPHTHALMOPLEGIA, MYOPATHY, ATAXIA, AND NEUROPATHY	C3276549
PDP1 gene	C1418818	ASSOCIATED_WITH		Obesity	C0028754
PDP1 gene	C1418818	ASSOCIATED_WITH		Pyruvate Dehydrogenase Complex Deficiency Disease	C0034345
TFAM gene	C1420696	CAUSES	["30059502_fullText_68","30059502_fullText_69","30059502_fullText_253","30059502_fullText_254"]	Anemia of prematurity	C0158996
TFAM gene	C1420696	ASSOCIATED_WITH		Premature Menopause	C0025322
TFAM gene	C1420696	ASSOCIATED_WITH		Amyotrophic Lateral Sclerosis	C0002736
TFAM gene	C1420696	ASSOCIATED_WITH		Huntington Disease	C0020179
TFAM gene	C1420696	ASSOCIATED_WITH		Alzheimer's Disease	C0002395
TFAM gene	C1420696	ASSOCIATED_WITH		Parkinson Disease	C0030567
UCP2 gene	C1421314	ASSOCIATED_WITH		Diabetic Neuropathies	C0011882
UCP2 gene	C1421314	ASSOCIATED_WITH		Kidney Failure, Chronic	C0022661
UCP2 gene	C1421314	ASSOCIATED_WITH		Fatty Liver	C0015695
UCP2 gene	C1421314	ASSOCIATED_WITH		Cerebrovascular accident	C0038454
UCP2 gene	C1421314	ASSOCIATED_WITH		Diabetes Mellitus, Non-Insulin-Dependent	C0011860
UCP2 gene	C1421314	ASSOCIATED_WITH		Hypertensive disease	C0020538
UCP2 gene	C1421314	ASSOCIATED_WITH		Obesity	C0028754
NDUFA11 gene	C1426901	ASSOCIATED_WITH		MITOCHONDRIAL COMPLEX I DEFICIENCY	C1838979
HLA-G gene	C1415587	ASSOCIATED_WITH		Hepatitis C	C0019196
HLA-G gene	C1415587	ASSOCIATED_WITH		Asthma	C0004096
PDSS2 gene	C1826561	ASSOCIATED_WITH		Leigh Disease	C0023264
PDSS2 gene	C1826561	ASSOCIATED_WITH		Kidney Diseases	C0022658
PDSS2 gene	C1826561	ASSOCIATED_WITH		COENZYME Q10 DEFICIENCY	C1843920
PDSS2 gene	C1826561	ASSOCIATED_WITH		Nephrotic Syndrome	C0027726
OPA3 gene	C1417955	ASSOCIATED_WITH		Optic Atrophy, Autosomal Dominant	C0338508
OPA3 gene	C1417955	ASSOCIATED_WITH		OPTIC ATROPHY AND CATARACT, AUTOSOMAL DOMINANT	C1833809
OPA3 gene	C1417955	ASSOCIATED_WITH		3-Methylglutaconic aciduria type 3	C0574084
SRSF2 gene	C1419992	ASSOCIATED_WITH		Progressive supranuclear palsy	C0038868
NDUFA8 gene	C1417629	ASSOCIATED_WITH		Mitochondrial Diseases	C0751651
COX11 gene	C1413630	ASSOCIATED_WITH		MITOCHONDRIAL COMPLEX IV DEFICIENCY, NUCLEAR TYPE 23	C5830322
TYMP gene	C1333327	ASSOCIATED_WITH		Mitochondrial Encephalomyopathies	C0162666
TYMP gene	C1333327	ASSOCIATED_WITH		Mitochondrial Diseases	C0751651
TYMP gene	C1333327	ASSOCIATED_WITH		MITOCHONDRIAL NEUROGASTROINTESTINAL ENCEPHALOPATHY SYNDROME	C0872218
CISH gene	C1332762	ASSOCIATED_WITH		Tuberculosis	C0041296
CISH gene	C1332762	ASSOCIATED_WITH		Malaria	C0024530
CISH gene	C1332762	ASSOCIATED_WITH		Bacteremia	C0004610
PRIMA1 gene	C1425446	ASSOCIATED_WITH		Muscular Dystrophy	C0026850
F11 gene	C1414498	ASSOCIATED_WITH		Hypertensive disease	C0020538
F11 gene	C1414498	ASSOCIATED_WITH		Coagulation factor deficiency syndrome	C0272315
F11 gene	C1414498	ASSOCIATED_WITH		Factor XI Deficiency	C0015523
ATP6V0A2 gene	C1425544	ASSOCIATED_WITH		Cutis Laxa	C0010495
ATP6V0A2 gene	C1425544	ASSOCIATED_WITH		Wrinkly skin syndrome	C0406587
ATP6V0A2 gene	C1425544	ASSOCIATED_WITH		Cutis Laxa, Autosomal Recessive, Type IIA	C0268355
CCDC115 gene	C1824644	ASSOCIATED_WITH__INFER__	["31800099_fullText_91"]	Liver diseases	C0023895
CCDC115 gene	C1824644	ASSOCIATED_WITH	["28108845_fullText_7"]	Liver diseases	C0023895
TMEM165 gene	C1823430	CAUSES	["39002685_fullText_4"]	Congenital Disorders	C0242354
TMEM165 gene	C1823430	ASSOCIATED_WITH		Congenital Disorders of Glycosylation	C0282577
TMEM165 gene	C1823430	ASSOCIATED_WITH	["31415112_fullText_1","31351090_fullText_1"]	Rare Diseases	C0678236
TMEM165 gene	C1823430	ASSOCIATED_WITH	["27401145_fullText_7"]	Congenital Disorders	C0242354
TMEM165 gene	C1823430	ASSOCIATED_WITH	["23575229_fullText_1"]	CONGENITAL DISORDER OF GLYCOSYLATION, TYPE Ii	C1842836
TMEM165 gene	C1823430	ASSOCIATED_WITH	["39002685_fullText_10"]	multiple pathologies	C0679225
TMEM165 gene	C1823430	ASSOCIATED_WITH__INFER__	["23928051_fullText_6"]	multiple pathologies	C0679225
SLC35A3 gene	C1420189	ASSOCIATED_WITH		Arthrogryposis multiplex congenita	C5779613
DDAH1 gene	C1413939	ASSOCIATED_WITH		Myocardial Ischemia	C0151744
DDAH1 gene	C1413939	ASSOCIATED_WITH		Coronary heart disease	C0010068
DDAH1 gene	C1413939	ASSOCIATED_WITH		Cardiovascular Diseases	C0007222
DDAH1 gene	C1413939	ASSOCIATED_WITH		Coronary Arteriosclerosis	C0010054
DDAH1 gene	C1413939	ASSOCIATED_WITH		Hypertensive disease	C0020538
SLC1A2 gene	C1420120	ASSOCIATED_WITH		Diabetes Mellitus, Non-Insulin-Dependent	C0011860
SLC1A2 gene	C1420120	ASSOCIATED_WITH		Epilepsy	C0014544
SLC1A2 gene	C1420120	ASSOCIATED_WITH		Amyotrophic Lateral Sclerosis	C0002736
CFP gene	C1418482	ASSOCIATED_WITH		PROPERDIN DEFICIENCY, X-LINKED	C1839454
P2RY12 gene	C1425330	ASSOCIATED_WITH		von Willebrand Disease	C0042974
P2RY12 gene	C1425330	ASSOCIATED_WITH		Asthma	C0004096
P2RY12 gene	C1425330	ASSOCIATED_WITH		Peripheral Arterial Diseases	C1704436
P2RY12 gene	C1425330	ASSOCIATED_WITH		Myocardial Infarction	C0027051
P2RY12 gene	C1425330	ASSOCIATED_WITH	["35000152_fullText_2"]	Diabetes Mellitus, Non-Insulin-Dependent	C0011860
P2RY12 gene	C1425330	ASSOCIATED_WITH	["37267639_fullText_6"]	Chronic pain	C0150055
P2RY12 gene	C1425330	ASSOCIATED_WITH	["34918066_fullText_16"]	Acute Coronary Syndrome	C0948089
P2RY12 gene	C1425330	ASSOCIATED_WITH	["37952830_fullText_3"]	Peripheral Neuropathy	C0031117
P2RY12 gene	C1425330	ASSOCIATED_WITH	["34319489_fullText_3","34319489_fullText_5"]	Inflammatory disorder	C1290884
P2RY12 gene	C1425330	ASSOCIATED_WITH	["34954381_fullText_6"]	Colitis	C0009319
P2RY12 gene	C1425330	ASSOCIATED_WITH	["37952830_fullText_3"]	Cerebrovascular accident	C0038454
P2RY12 gene	C1425330	ASSOCIATED_WITH	["35175489_fullText_2"]	Epilepsy	C0014544
P2RY12 gene	C1425330	ASSOCIATED_WITH__SPEC__	["34319489_fullText_5"]	Septicemia	C0036690
LPAR3 wt Allele	C3812695	ASSOCIATED_WITH	["36351236_fullText_2"]	Malaria	C0024530
LPAR3 wt Allele	C3812695	ASSOCIATED_WITH	["34762657_fullText_15"]	Cestode Infections	C0007894
HCRTR2 gene	C1415502	ASSOCIATED_WITH		Narcolepsy	C0027404
HCRTR2 gene	C1415502	DISRUPTS	["35451800_fullText_5"]	Dyssomnias	C0700201
HCRTR2 gene	C1415502	DISRUPTS	["35839689_fullText_4"]	Heparin-induced thrombocytopenia	C0272285
SLC1A1 gene	C1420119	ASSOCIATED_WITH		Low Tension Glaucoma	C0152136
SLC1A1 gene	C1420119	ASSOCIATED_WITH		Epilepsy, Temporal Lobe	C0014556
SLC1A1 gene	C1420119	ASSOCIATED_WITH		Epilepsy	C0014544
SLC1A1 gene	C1420119	ASSOCIATED_WITH		Dicarboxylicaminoaciduria	C1857253
ADRB1 gene	C1439273	ASSOCIATED_WITH		Low Tension Glaucoma	C0152136
ADRB1 gene	C1439273	ASSOCIATED_WITH		Chronic Obstructive Airway Disease	C0024117
ADRB1 gene	C1439273	ASSOCIATED_WITH		Periodontitis	C0031099
ADRB1 gene	C1439273	ASSOCIATED_WITH		Sleep Apnea, Obstructive	C0520679
ADRB1 gene	C1439273	ASSOCIATED_WITH		Myocardial Ischemia	C0151744
ADRB1 gene	C1439273	ASSOCIATED_WITH		Diabetes Mellitus	C0011849
ADRB1 gene	C1439273	ASSOCIATED_WITH		Obesity	C0028754
ADRB1 gene	C1439273	ASSOCIATED_WITH		Cardiovascular Diseases	C0007222
ADRB1 gene	C1439273	ASSOCIATED_WITH		Cardiomyopathy, Dilated	C0007193
ADRB1 gene	C1439273	ASSOCIATED_WITH		Congestive heart failure	C0018802
ADRB1 gene	C1439273	ASSOCIATED_WITH		Heart failure	C0018801
ADRB1 gene	C1439273	ASSOCIATED_WITH		Hypertensive disease	C0020538
LRP5 gene	C1416917	ASSOCIATED_WITH		Proliferative vitreoretinopathy	C0242852
LRP5 gene	C1416917	ASSOCIATED_WITH		Polycystic Kidney Diseases	C0022680
LRP5 gene	C1416917	ASSOCIATED_WITH		Van Buchem disease	C0432272
LRP5 gene	C1416917	ASSOCIATED_WITH		Polycystic Kidney, Autosomal Dominant	C0085413
LRP5 gene	C1416917	ASSOCIATED_WITH		Idiopathic osteoporosis	C0158447
LRP5 gene	C1416917	ASSOCIATED_WITH		Retinopathy of Prematurity	C0035344
LRP5 gene	C1416917	ASSOCIATED_WITH		Osteosclerosis	C0029464
LRP5 gene	C1416917	ASSOCIATED_WITH		OSTEOPETROSIS, AUTOSOMAL DOMINANT 1	C1843330
LRP5 gene	C1416917	ASSOCIATED_WITH		Osteoporosis with pseudoglioma	C0432252
LRP5 gene	C1416917	ASSOCIATED_WITH		Osteoporosis	C0029456
LRP5 gene	C1416917	ASSOCIATED_WITH		Worth disease	C0432273
NR5A2 gene	C1417839	ASSOCIATED_WITH		Anovulation	C0003128
NR5A2 gene	C1417839	ASSOCIATED_WITH		Non-alcoholic Fatty Liver Disease	C0400966
GAD1 gene	C1414925	ASSOCIATED_WITH		EPILEPSY, PYRIDOXINE-DEPENDENT	C1849508
CYP2D6 gene	C1332830	ASSOCIATED_WITH		Comatose	C0009421
CYP2D6 gene	C1332830	ASSOCIATED_WITH		Asthma	C0004096
CYP2D6 gene	C1332830	ASSOCIATED_WITH		Hepatitis, Autoimmune	C0241910
CYP2D6 gene	C1332830	ASSOCIATED_WITH		Alzheimer's Disease	C0002395
CYP2D6 gene	C1332830	ASSOCIATED_WITH		Parkinson Disease	C0030567
CYP2C19 gene	C1332828	ASSOCIATED_WITH		Malaria, Falciparum	C0024535
CYP2C19 gene	C1332828	ASSOCIATED_WITH		Eosinophilic esophagitis	C0341106
CYP2C19 gene	C1332828	ASSOCIATED_WITH		Kidney Failure, Acute	C0022660
CYP2C19 gene	C1332828	ASSOCIATED_WITH		Kidney Failure, Chronic	C0022661
CYP2C19 gene	C1332828	ASSOCIATED_WITH		Multiple Chemical Sensitivity	C0242992
CYP2C19 gene	C1332828	ASSOCIATED_WITH		Anemia, Sickle Cell	C0002895
CYP2C19 gene	C1332828	ASSOCIATED_WITH		Atrial Fibrillation	C0004238
CYP2C19 gene	C1332828	ASSOCIATED_WITH		Cardiovascular Diseases	C0007222
CYP2C19 gene	C1332828	ASSOCIATED_WITH		Peptic Ulcer	C0030920
CYP2C19 gene	C1332828	ASSOCIATED_WITH		Acute Coronary Syndrome	C0948089
CYP2C19 gene	C1332828	ASSOCIATED_WITH__INFER__	["34708996_fullText_1"]	Ischemic stroke	C0948008
CYP2C19 gene	C1332828	ASSOCIATED_WITH__INFER__	["34708996_fullText_1"]	Transient Ischemic Attack	C0007787
SERPINA1 gene	C1418544	ASSOCIATED_WITH		Other emphysema	C0029607
SERPINA1 gene	C1418544	ASSOCIATED_WITH		Arteriosclerosis	C0003850
SERPINA1 gene	C1418544	ASSOCIATED_WITH		Kidney Failure, Acute	C0022660
SERPINA1 gene	C1418544	ASSOCIATED_WITH		Neurodegenerative Disorders	C0524851
SERPINA1 gene	C1418544	ASSOCIATED_WITH		Asbestosis	C0003949
SERPINA1 gene	C1418544	ASSOCIATED_WITH		Ileitis	C0020877
SERPINA1 gene	C1418544	ASSOCIATED_WITH		Pulmonary Fibrosis	C0034069
SERPINA1 gene	C1418544	ASSOCIATED_WITH		Panniculitis, Nodular Nonsuppurative	C0030328
SERPINA1 gene	C1418544	ASSOCIATED_WITH		Non-alcoholic Fatty Liver Disease	C0400966
SERPINA1 gene	C1418544	ASSOCIATED_WITH		Nonalcoholic Steatohepatitis	C3241937
SERPINA1 gene	C1418544	ASSOCIATED_WITH		Cholestasis	C0008370
SERPINA1 gene	C1418544	ASSOCIATED_WITH		Vasculitis	C0042384
SERPINA1 gene	C1418544	ASSOCIATED_WITH		HIV Infections	C0019693
SERPINA1 gene	C1418544	ASSOCIATED_WITH		Cystic Fibrosis	C0010674
SERPINA1 gene	C1418544	ASSOCIATED_WITH		Bronchiectasis	C0006267
SERPINA1 gene	C1418544	ASSOCIATED_WITH		Lung diseases	C0024115
SERPINA1 gene	C1418544	ASSOCIATED_WITH		Liver Cirrhosis	C0023890
SERPINA1 gene	C1418544	ASSOCIATED_WITH		Chronic Obstructive Airway Disease	C0024117
SERPINA1 gene	C1418544	ASSOCIATED_WITH		Liver diseases	C0023895
SERPINA1 gene	C1418544	ASSOCIATED_WITH		alpha 1-Antitrypsin Deficiency	C0221757
MAP3K5 gene	C1417014	ASSOCIATED_WITH		Diabetes Mellitus	C0011849
MAP3K5 gene	C1417014	ASSOCIATED_WITH		Parkinson Disease	C0030567
MAP3K5 gene	C1417014	ASSOCIATED_WITH		Huntington Disease	C0020179
OPN1SW gene	C1412770	ASSOCIATED_WITH		Color Blindness, Blue	C0155017
SRI gene	C1420401	ASSOCIATED_WITH	["34588611_fullText_6"]	Neonatal Abstinence Syndrome	C0027609
OPRM1 gene	C1417965	ASSOCIATED_WITH		Dyskinetic syndrome	C0013384
OPRM1 gene	C1417965	ASSOCIATED_WITH		Epilepsy	C0014544
OPRM1 gene	C1417965	ASSOCIATED_WITH		Movement Disorders	C0026650
OPRM1 gene	C1417965	ASSOCIATED_WITH		Rheumatoid Arthritis	C0003873
OPRM1 gene	C1417965	ASSOCIATED_WITH		Neonatal Abstinence Syndrome	C0027609
OPRM1 gene	C1417965	ASSOCIATED_WITH		Obesity	C0028754
LAMA1 gene	C1416775	ASSOCIATED_WITH		Nonalcoholic Steatohepatitis	C3241937
LAMA1 gene	C1416775	ASSOCIATED_WITH	["34628125_fullText_4","33926177_fullText_1"]	Chronic Obstructive Airway Disease	C0024117
LAMA1 gene	C1416775	ASSOCIATED_WITH	["34628125_fullText_3","34628125_fullText_4","34219573_fullText_1","37936381_fullText_1","37428619_fullText_7","36629483_fullText_1","35074516_fullText_5","35527239_fullText_2"]	Asthma	C0004096
LAMA1 gene	C1416775	ASSOCIATED_WITH	["37936381_fullText_1"]	Eosinophilia	C0014457
HDAC4 gene	C1333893	ASSOCIATED_WITH		Retinal Degeneration	C0035304
HDAC4 gene	C1333893	ASSOCIATED_WITH		Ataxia Telangiectasia	C0004135
HDAC5 gene	C1333894	ASSOCIATED_WITH		Systemic Scleroderma	C0036421
HDAC1 gene	C1333891	ASSOCIATED_WITH		Endometriosis	C0014175
HDAC1 gene	C1333891	ASSOCIATED_WITH		Rheumatoid Arthritis	C0003873
CNR1 gene	C1413554	AFFECTS	["34802041_fullText_7"]	SVEINSSON CHORIORETINAL ATROPHY	C1862382
CNR1 gene	C1413554	PREDISPOSES	["34305821_fullText_8"]	Renal fibrosis	C0151650
CNR1 gene	C1413554	ASSOCIATED_WITH		Movement Disorders	C0026650
CNR1 gene	C1413554	ASSOCIATED_WITH		Systemic Scleroderma	C0036421
CNR1 gene	C1413554	ASSOCIATED_WITH		Epilepsy, Temporal Lobe	C0014556
CNR1 gene	C1413554	ASSOCIATED_WITH		Liver Cirrhosis	C0023890
CNR1 gene	C1413554	ASSOCIATED_WITH		Cholestasis	C0008370
CNR1 gene	C1413554	ASSOCIATED_WITH		Endometriosis	C0014175
CNR1 gene	C1413554	ASSOCIATED_WITH		Impaired glucose tolerance	C0271650
CNR1 gene	C1413554	ASSOCIATED_WITH		Status Epilepticus	C0038220
CNR1 gene	C1413554	ASSOCIATED_WITH		Multiple Sclerosis	C0026769
CNR1 gene	C1413554	ASSOCIATED_WITH		Huntington Disease	C0020179
CNR1 gene	C1413554	ASSOCIATED_WITH		Diabetes Mellitus, Non-Insulin-Dependent	C0011860
CNR1 gene	C1413554	ASSOCIATED_WITH	["35328343_fullText_1"]	Obesity	C0028754
CNR1 gene	C1413554	DISRUPTS	["34305821_fullText_9"]	Diabetes	C0011847
CNR1 gene	C1413554	DISRUPTS	["34305821_fullText_9"]	Obesity	C0028754
HTR2B gene	C1415810	ASSOCIATED_WITH		Pulmonary Hypertension	C0020542
HTR2B gene	C1415810	ASSOCIATED_WITH		Heart valve disease	C0018824
XCL1 gene	C1363878	ASSOCIATED_WITH	["33784930_fullText_1"]	Migraine Disorders	C0149931
SPRTN gene	C1823744	ASSOCIATED_WITH		Progeria	C0033300
SPRTN gene	C1823744	ASSOCIATED_WITH	["33784930_fullText_1"]	Migraine Disorders	C0149931
TRIM32 gene	C1424232	ASSOCIATED_WITH		Myopathy	C0026848
TRIM32 gene	C1424232	ASSOCIATED_WITH		Muscular Dystrophies, Limb-Girdle	C0686353
TRIM32 gene	C1424232	ASSOCIATED_WITH		Muscular Dystrophy	C0026850
TRIM32 gene	C1424232	ASSOCIATED_WITH		Bardet-Biedl Syndrome	C0752166
ROCK2 gene	C1419598	ASSOCIATED_WITH		Congenital heart disease	C0152021
ROCK2 gene	C1419598	ASSOCIATED_WITH		Heart failure	C0018801
ROCK2 gene	C1419598	ASSOCIATED_WITH		Congestive heart failure	C0018802
RHOA gene	C0812234	ASSOCIATED_WITH		Leukoencephalopathies	C0270612
RHOA gene	C0812234	ASSOCIATED_WITH		Hypopigmentation disorder	C0162835
SLC12A5 gene	C1422213	ASSOCIATED_WITH		Epilepsy, Temporal Lobe	C0014556
SLC12A5 gene	C1422213	ASSOCIATED_WITH		Status Epilepticus	C0038220
SLC12A5 gene	C1422213	ASSOCIATED_WITH		Epilepsy	C0014544
KEAP1 gene	C1427969	ASSOCIATED_WITH		Primary biliary cirrhosis	C0008312
IRS1 gene	C1334140	ASSOCIATED_WITH		Chronic myocardial ischemia	C0264694
IRS1 gene	C1334140	ASSOCIATED_WITH		Hyperlipidemia	C0020473
IRS1 gene	C1334140	ASSOCIATED_WITH		Myocardial Ischemia	C0151744
IRS1 gene	C1334140	ASSOCIATED_WITH		Coronary heart disease	C0010068
IRS1 gene	C1334140	ASSOCIATED_WITH		Coronary Arteriosclerosis	C0010054
IRS1 gene	C1334140	ASSOCIATED_WITH		Hyperinsulinism	C0020459
IRS1 gene	C1334140	ASSOCIATED_WITH		Alzheimer's Disease	C0002395
IRS1 gene	C1334140	ASSOCIATED_WITH		Obesity	C0028754
IRS1 gene	C1334140	ASSOCIATED_WITH		Diabetes Mellitus	C0011849
IRS1 gene	C1334140	ASSOCIATED_WITH		Diabetes Mellitus, Non-Insulin-Dependent	C0011860
CNR2 gene	C1413555	ASSOCIATED_WITH		Liver Cirrhosis	C0023890
CNR2 gene	C1413555	ASSOCIATED_WITH		Systemic Scleroderma	C0036421
CNR2 gene	C1413555	ASSOCIATED_WITH		Atherosclerosis	C0004153
CNR2 gene	C1413555	ASSOCIATED_WITH		Inflammatory Bowel Diseases	C0021390
CNR2 gene	C1413555	ASSOCIATED_WITH	["34486749_fullText_4"]	Neurodegenerative Disorders	C0524851
NLRP3 gene	C1424250	ASSOCIATED_WITH		Asbestosis	C0003949
NLRP3 gene	C1424250	ASSOCIATED_WITH		Pyoderma Gangrenosum	C0085652
NLRP3 gene	C1424250	ASSOCIATED_WITH		Familial Cold Autoinflammatory Syndrome 1	C4551895
NLRP3 gene	C1424250	ASSOCIATED_WITH		Familial cold urticaria	C0343068
NLRP3 gene	C1424250	ASSOCIATED_WITH		Chronic Infantile Neurological, Cutaneous, and Articular Syndrome	C0409818
NLRP3 gene	C1424250	ASSOCIATED_WITH		Muckle-Wells Syndrome	C0268390
NLRP3 gene	C1424250	ASSOCIATED_WITH		Cryopyrin-Associated Periodic Syndromes	C2316212
NLRP3 gene	C1424250	ASSOCIATED_WITH		Kidney Diseases	C0022658
NLRP3 gene	C1424250	ASSOCIATED_WITH		Multiple Sclerosis	C0026769
CD9 gene	C1413246	ASSOCIATED_WITH		Liver Cirrhosis	C0023890
IL13 gene	C1334103	ASSOCIATED_WITH		Acute sinusitis	C0149512
IL13 gene	C1334103	ASSOCIATED_WITH		Atopic rhinitis	C0002103
IL13 gene	C1334103	ASSOCIATED_WITH		Allergy to peanuts	C0559470
IL13 gene	C1334103	ASSOCIATED_WITH		Diffuse Scleroderma	C1258104
IL13 gene	C1334103	ASSOCIATED_WITH		Uveitis	C0042164
IL13 gene	C1334103	ASSOCIATED_WITH		Mastocytosis	C0024899
IL13 gene	C1334103	ASSOCIATED_WITH		Allergic Conjunctivitis	C0009766
IL13 gene	C1334103	ASSOCIATED_WITH		Graves Disease	C0018213
IL13 gene	C1334103	ASSOCIATED_WITH		Lung diseases	C0024115
IL13 gene	C1334103	ASSOCIATED_WITH		Rhinitis	C0035455
IL13 gene	C1334103	ASSOCIATED_WITH		Pulmonary Fibrosis	C0034069
IL13 gene	C1334103	ASSOCIATED_WITH		Bronchial Hyperreactivity	C0085129
IL13 gene	C1334103	ASSOCIATED_WITH		Dermatitis	C0011603
IL13 gene	C1334103	ASSOCIATED_WITH		Arthritis, Psoriatic	C0003872
IL13 gene	C1334103	ASSOCIATED_WITH		Pneumonia	C0032285
IL13 gene	C1334103	ASSOCIATED_WITH		Chronic Obstructive Airway Disease	C0024117
IL13 gene	C1334103	ASSOCIATED_WITH		Psoriasis	C0033860
IL13 gene	C1334103	ASSOCIATED_WITH		Dermatitis, Atopic	C0011615
IL13 gene	C1334103	ASSOCIATED_WITH		Asthma	C0004096
IL13 gene	C1334103	ASSOCIATED_WITH__INFER__	["34602401_fullText_1"]	Gastritis	C0017152
IL13 gene	C1334103	ASSOCIATED_WITH__INFER__	["37192071_fullText_12"]	Asthma	C0004096
IL13 gene	C1334103	ASSOCIATED_WITH__INFER__	["34602401_fullText_1"]	Peptic Ulcer	C0030920
HTR2A gene	C1415809	ASSOCIATED_WITH		Metabolic Diseases	C0025517
HTR2A gene	C1415809	ASSOCIATED_WITH		Asthma	C0004096
HTR2A gene	C1415809	ASSOCIATED_WITH		Hypertensive disease	C0020538
HTR2A gene	C1415809	ASSOCIATED_WITH		Dyskinetic syndrome	C0013384
HTR2A gene	C1415809	ASSOCIATED_WITH		Chronic Obstructive Airway Disease	C0024117
HTR2A gene	C1415809	ASSOCIATED_WITH		Fatty Liver	C0015695
HTR2A gene	C1415809	ASSOCIATED_WITH		Migraine Disorders	C0149931
HTR2A gene	C1415809	ASSOCIATED_WITH		Obesity	C0028754
GRIN2B gene	C1415300	ASSOCIATED_WITH		Chronic Obstructive Airway Disease	C0024117
GRIN2B gene	C1415300	ASSOCIATED_WITH		Cerebral Palsy	C0007789
GRIN2B gene	C1415300	ASSOCIATED_WITH		Alzheimer's Disease	C0002395
GRIN2B gene	C1415300	ASSOCIATED_WITH		Epilepsy	C0014544
GRIN2B gene	C1415300	ASSOCIATED_WITH		Huntington Disease	C0020179
GRIN2B gene	C1415300	ASSOCIATED_WITH		Epileptic encephalopathy	C0543888
GRIN2B gene	C1415300	ASSOCIATED_WITH		Infantile spasms	C0037769
CBR1 gene	C1413154	ASSOCIATED_WITH		Cardiomyopathies	C0878544
CBR1 gene	C1413154	ASSOCIATED_WITH		Kidney Failure, Chronic	C0022661
FST gene	C1414830	ASSOCIATED_WITH		Liver Failure, Acute	C0162557
FST gene	C1414830	ASSOCIATED_WITH		Polycystic Ovary Syndrome	C0032460
GRIN1 gene	C1415298	ASSOCIATED_WITH		Hemimegalencephaly	C0431391
GRIN1 gene	C1415298	ASSOCIATED_WITH		Cerebral Infarction	C0007785
GRIN1 gene	C1415298	ASSOCIATED_WITH		Febrile Convulsions	C0009952
GRIN2A gene	C1415299	ASSOCIATED_WITH		Speech Disorders	C0037822
GRIN2A gene	C1415299	ASSOCIATED_WITH		Epilepsies, Partial	C0014547
GRIN2A gene	C1415299	ASSOCIATED_WITH		Huntington Disease	C0020179
GRIN2A gene	C1415299	ASSOCIATED_WITH		Epilepsy, Rolandic	C0376532
GRIN2A gene	C1415299	ASSOCIATED_WITH		Epileptic encephalopathy	C0543888
GRIN2A gene	C1415299	ASSOCIATED_WITH		Epilepsy	C0014544
HNRNPH1 gene	C1415642	ASSOCIATED_WITH		Sjogren's Syndrome	C1527336
PPP1R1A gene	C1418824	ASSOCIATED_WITH		Congestive heart failure	C0018802
PPP1R1A gene	C1418824	ASSOCIATED_WITH		Heart failure	C0018801
CRH gene	C1366488	ASSOCIATED_WITH		Salaam Seizures	C1527366
CRH gene	C1366488	ASSOCIATED_WITH		Pituitary Apoplexy	C0032001
CRH gene	C1366488	ASSOCIATED_WITH		Infantile spasms	C0037769
CRH gene	C1366488	ASSOCIATED_WITH		Autosomal Dominant Nocturnal Frontal Lobe Epilepsy	C3696898
CRH gene	C1366488	ASSOCIATED_WITH		Epilepsy	C0014544
CRH gene	C1366488	ASSOCIATED_WITH		Anorexia	C0003123
CRH gene	C1366488	ASSOCIATED_WITH		Alzheimer's Disease	C0002395
CRH gene	C1366488	ASSOCIATED_WITH		Cushing Syndrome	C0010481
CRH gene	C1366488	ASSOCIATED_WITH		Obesity	C0028754
CHRM3 gene	C1332759	ASSOCIATED_WITH		Urinary Bladder Diseases	C0005686
CHRM3 gene	C1332759	ASSOCIATED_WITH		Chronic Obstructive Airway Disease	C0024117
STRA13 gene	C1420488	AUGMENTS	["35133644_fullText_9"]	brain dysfunction	C0262405
DRD2 gene	C1333253	CAUSES	["37491763_fullText_9"]	Myopia	C0027092
DRD2 gene	C1333253	AFFECTS	["35487304_fullText_6"]	Ileitis	C0020877
DRD2 gene	C1333253	ASSOCIATED_WITH		Kidney Failure, Chronic	C0022661
DRD2 gene	C1333253	ASSOCIATED_WITH		Hyperkinesia	C3887506
DRD2 gene	C1333253	ASSOCIATED_WITH		Migraine with Aura	C0154723
DRD2 gene	C1333253	ASSOCIATED_WITH		Hypertensive disease	C0020538
DRD2 gene	C1333253	ASSOCIATED_WITH		Dyskinetic syndrome	C0013384
DRD2 gene	C1333253	ASSOCIATED_WITH		Hyperprolactinemia	C0020514
DRD2 gene	C1333253	ASSOCIATED_WITH		Diabetes Mellitus, Non-Insulin-Dependent	C0011860
DRD2 gene	C1333253	ASSOCIATED_WITH		Parkinsonian Disorders	C0242422
DRD2 gene	C1333253	ASSOCIATED_WITH		Movement Disorders	C0026650
DRD2 gene	C1333253	ASSOCIATED_WITH		Obesity	C0028754
DRD2 gene	C1333253	ASSOCIATED_WITH		Parkinson Disease	C0030567
TERT gene	C1367342	ASSOCIATED_WITH		Hamman-Rich syndrome	C0085786
TERT gene	C1367342	ASSOCIATED_WITH		Myocardial Ischemia	C0151744
TERT gene	C1367342	ASSOCIATED_WITH		Immunologic Deficiency Syndromes	C0021051
TERT gene	C1367342	ASSOCIATED_WITH		Idiopathic Pulmonary Fibrosis	C1800706
TERT gene	C1367342	ASSOCIATED_WITH		Aplastic Anemia	C0002874
TERT gene	C1367342	ASSOCIATED_WITH		Dyskeratosis Congenita	C0265965
TERT gene	C1367342	ASSOCIATED_WITH		Pulmonary Fibrosis	C0034069
TERT gene	C1367342	ASSOCIATED_WITH		Lupus Erythematosus, Systemic	C0024141
TERT gene	C1367342	ASSOCIATED_WITH		Chronic Obstructive Airway Disease	C0024117
TERT gene	C1367342	ASSOCIATED_WITH		Coronary heart disease	C0010068
TERT gene	C1367342	ASSOCIATED_WITH		Coronary Arteriosclerosis	C0010054
TERT gene	C1367342	ASSOCIATED_WITH		Cri-du-Chat Syndrome	C0010314
CHAF1A wt Allele	C3812373	CAUSES	["37865952_fullText_1"]	Hyperuricemia	C0740394
PKD2 gene	C1418600	ASSOCIATED_WITH		Aneurysm	C0002940
PKD2 gene	C1418600	ASSOCIATED_WITH		Retinal Degeneration	C0035304
PKD2 gene	C1418600	ASSOCIATED_WITH		Chronic Kidney Diseases	C1561643
PKD2 gene	C1418600	ASSOCIATED_WITH		Hypertensive disease	C0020538
PKD2 gene	C1418600	ASSOCIATED_WITH		Intracranial Aneurysm	C0007766
PKD2 gene	C1418600	ASSOCIATED_WITH		Autosomal Recessive Polycystic Kidney Disease	C0085548
PKD2 gene	C1418600	ASSOCIATED_WITH		POLYCYSTIC KIDNEY DISEASE 1	C3149841
PKD2 gene	C1418600	ASSOCIATED_WITH		Polycystic Kidney Diseases	C0022680
PKD2 gene	C1418600	ASSOCIATED_WITH		Polycystic Kidney, Autosomal Dominant	C0085413
PKD2 gene	C1418600	ASSOCIATED_WITH		Polycystic kidney disease, type 2	C2751306
P2RX1 gene	C1418211	CAUSES	["34354708_fullText_5"]	Colitis	C0009319
UCP1 gene	C1421313	ASSOCIATED_WITH		Congestive heart failure	C0018802
UCP1 gene	C1421313	ASSOCIATED_WITH		Heart failure	C0018801
UCP1 gene	C1421313	ASSOCIATED_WITH		Hypertensive disease	C0020538
UCP1 gene	C1421313	ASSOCIATED_WITH		Diabetes Mellitus, Non-Insulin-Dependent	C0011860
UCP1 gene	C1421313	ASSOCIATED_WITH		Obesity	C0028754
ANLN gene	C1422396	ASSOCIATED_WITH		Focal glomerulosclerosis	C0017668
SCN1A gene	C1419856	ASSOCIATED_WITH		Epilepsy, Rolandic	C0376532
SCN1A gene	C1419856	ASSOCIATED_WITH		Sudden infant death syndrome	C0038644
SCN1A gene	C1419856	ASSOCIATED_WITH		Epilepsy, Generalized	C0014548
SCN1A gene	C1419856	ASSOCIATED_WITH		Acute encephalopathy	C1306587
SCN1A gene	C1419856	ASSOCIATED_WITH		Myoclonic Astatic Epilepsy	C0393702
SCN1A gene	C1419856	ASSOCIATED_WITH		Infantile spasms	C0037769
SCN1A gene	C1419856	ASSOCIATED_WITH		Movement Disorders	C0026650
SCN1A gene	C1419856	ASSOCIATED_WITH		Absence Seizures	C4316903
SCN1A gene	C1419856	ASSOCIATED_WITH		Early infantile epileptic encephalopathy with suppression bursts	C0393706
SCN1A gene	C1419856	ASSOCIATED_WITH		Lennox-Gastaut syndrome	C0238111
SCN1A gene	C1419856	ASSOCIATED_WITH		Epilepsies, Myoclonic	C0014550
SCN1A gene	C1419856	ASSOCIATED_WITH		Hemiplegic migraine	C0270862
SCN1A gene	C1419856	ASSOCIATED_WITH		Tonic - clonic seizures	C0494475
SCN1A gene	C1419856	ASSOCIATED_WITH		Familial Hemiplegic Migraine	C0338484
SCN1A gene	C1419856	ASSOCIATED_WITH		Epileptic encephalopathy	C0543888
SCN1A gene	C1419856	ASSOCIATED_WITH		Febrile Convulsions	C0009952
SCN1A gene	C1419856	ASSOCIATED_WITH		Epilepsy	C0014544
SCN1A gene	C1419856	ASSOCIATED_WITH		Infantile Severe Myoclonic Epilepsy	C0751122
OPRK1 gene	C1417963	ASSOCIATED_WITH		Neonatal Abstinence Syndrome	C0027609
DRD1 gene	C1333250	ASSOCIATED_WITH		Movement Disorders	C0026650
DRD1 gene	C1333250	ASSOCIATED_WITH		Hypertensive disease	C0020538
DRD1 gene	C1333250	ASSOCIATED_WITH		Parkinson Disease	C0030567
DRD1 gene	C1333250	ASSOCIATED_WITH	["33992835_fullText_3"]	heart inflammation	C0744673
CPB2 gene	C1413666	ASSOCIATED_WITH		Kidney Failure, Chronic	C0022661
CPB2 gene	C1413666	ASSOCIATED_WITH		Obesity	C0028754
P2RX2 gene	C1423503	ASSOCIATED_WITH		Epilepsy	C0014544
P2RX2 gene	C1423503	ASSOCIATED_WITH		Sensorineural hearing loss, bilateral	C0452138
STAT3 gene	C1367307	ASSOCIATED_WITH		Chronic left-sided ulcerative colitis	C0375359
STAT3 gene	C1367307	ASSOCIATED_WITH		Crohn's disease of large bowel	C0156147
STAT3 gene	C1367307	ASSOCIATED_WITH		Hepatitis, Chronic	C0019189
STAT3 gene	C1367307	ASSOCIATED_WITH		Behcet Syndrome	C0004943
STAT3 gene	C1367307	ASSOCIATED_WITH		Congestive heart failure	C0018802
STAT3 gene	C1367307	ASSOCIATED_WITH		Heart failure	C0018801
STAT3 gene	C1367307	ASSOCIATED_WITH		Idiopathic Pulmonary Fibrosis	C1800706
STAT3 gene	C1367307	ASSOCIATED_WITH		Arthritis, Psoriatic	C0003872
STAT3 gene	C1367307	ASSOCIATED_WITH		Cardiomyopathies	C0878544
STAT3 gene	C1367307	ASSOCIATED_WITH		Hyper-Immunoglobulin E Syndrome, Autosomal Recessive	C1968689
STAT3 gene	C1367307	ASSOCIATED_WITH		Diabetes Mellitus, Insulin-Dependent	C0011854
STAT3 gene	C1367307	ASSOCIATED_WITH		Pulmonary Fibrosis	C0034069
STAT3 gene	C1367307	ASSOCIATED_WITH		Diabetes Mellitus, Non-Insulin-Dependent	C0011860
STAT3 gene	C1367307	ASSOCIATED_WITH		Atherosclerosis	C0004153
STAT3 gene	C1367307	ASSOCIATED_WITH		Alzheimer's Disease	C0002395
STAT3 gene	C1367307	ASSOCIATED_WITH		Rheumatoid Arthritis	C0003873
STAT3 gene	C1367307	ASSOCIATED_WITH		Psoriasis	C0033860
STAT3 gene	C1367307	ASSOCIATED_WITH		Ulcerative Colitis	C0009324
STAT3 gene	C1367307	ASSOCIATED_WITH		Job Syndrome	C3887645
STAT3 gene	C1367307	ASSOCIATED_WITH		Hyper-Immunoglobulin E Syndrome, Autosomal Dominant	C2936739
REST gene	C1419346	ASSOCIATED_WITH		Fetal Alcohol Syndrome	C0015923
REST gene	C1419346	ASSOCIATED_WITH		Hereditary gingival fibromatosis	C0399440
BDNF gene	C1332408	ASSOCIATED_WITH		Tonic-Clonic Epilepsy	C0014549
BDNF gene	C1332408	ASSOCIATED_WITH		WAGR Syndrome	C0206115
BDNF gene	C1332408	ASSOCIATED_WITH		Parkinsonian Disorders	C0242422
BDNF gene	C1332408	ASSOCIATED_WITH		Brain Ischemia	C0007786
BDNF gene	C1332408	ASSOCIATED_WITH		Obesity, Morbid	C0028756
BDNF gene	C1332408	ASSOCIATED_WITH		Sleep Apnea, Obstructive	C0520679
BDNF gene	C1332408	ASSOCIATED_WITH		nervous system disorder	C0027765
BDNF gene	C1332408	ASSOCIATED_WITH		Status Epilepticus	C0038220
BDNF gene	C1332408	ASSOCIATED_WITH		Dermatitis, Atopic	C0011615
BDNF gene	C1332408	ASSOCIATED_WITH		Asthma	C0004096
BDNF gene	C1332408	ASSOCIATED_WITH		Epilepsy	C0014544
BDNF gene	C1332408	ASSOCIATED_WITH		Glaucoma	C0017601
BDNF gene	C1332408	ASSOCIATED_WITH		Huntington Disease	C0020179
BDNF gene	C1332408	ASSOCIATED_WITH		Obesity	C0028754
BDNF gene	C1332408	ASSOCIATED_WITH		Parkinson Disease	C0030567
BDNF gene	C1332408	ASSOCIATED_WITH		Alzheimer's Disease	C0002395
ACTC1 gene	C1825843	ASSOCIATED_WITH		Cardiomyopathy, Familial Idiopathic	C1449563
ACTC1 gene	C1825843	ASSOCIATED_WITH		Cardiomyopathy, Hypertrophic, Familial	C0949658
ACTC1 gene	C1825843	ASSOCIATED_WITH		Left ventricular noncompaction	C1960469
ACTC1 gene	C1825843	ASSOCIATED_WITH		Cardiomyopathies	C0878544
ACTC1 gene	C1825843	ASSOCIATED_WITH		Hypertrophic Cardiomyopathy	C0007194
ACTC1 gene	C1825843	ASSOCIATED_WITH		Cardiomyopathy, Dilated	C0007193
THEMIS gene	C1427618	ASSOCIATED_WITH		Celiac Disease	C0007570
HMOX1 gene	C1415619	ASSOCIATED_WITH		Other emphysema	C0029607
HMOX1 gene	C1415619	ASSOCIATED_WITH		Contact Dermatitis	C0011616
HMOX1 gene	C1415619	ASSOCIATED_WITH		Chronic myocardial ischemia	C0264694
HMOX1 gene	C1415619	ASSOCIATED_WITH		Degenerative disorder	C1285162
HMOX1 gene	C1415619	ASSOCIATED_WITH		Hepatorenal Syndrome	C0019212
HMOX1 gene	C1415619	ASSOCIATED_WITH		Acute Chest Syndrome	C0742343
HMOX1 gene	C1415619	ASSOCIATED_WITH		Iron Metabolism Disorders	C0012715
HMOX1 gene	C1415619	ASSOCIATED_WITH		Hyperinsulinism	C0020459
HMOX1 gene	C1415619	ASSOCIATED_WITH		Hemophilia A	C0019069
HMOX1 gene	C1415619	ASSOCIATED_WITH		Leishmaniasis, Visceral	C0023290
HMOX1 gene	C1415619	ASSOCIATED_WITH		Retinal Diseases	C0035309
HMOX1 gene	C1415619	ASSOCIATED_WITH		Kidney Failure, Chronic	C0022661
HMOX1 gene	C1415619	ASSOCIATED_WITH		Pulmonary Fibrosis	C0034069
HMOX1 gene	C1415619	ASSOCIATED_WITH		Status Epilepticus	C0038220
HMOX1 gene	C1415619	ASSOCIATED_WITH		Respiratory Distress Syndrome, Adult	C0035222
HMOX1 gene	C1415619	ASSOCIATED_WITH		Cystic Fibrosis	C0010674
HMOX1 gene	C1415619	ASSOCIATED_WITH		Aortic Aneurysm, Abdominal	C0162871
HMOX1 gene	C1415619	ASSOCIATED_WITH		Pulmonary Hypertension	C0020542
HMOX1 gene	C1415619	ASSOCIATED_WITH		Liver diseases	C0023895
HMOX1 gene	C1415619	ASSOCIATED_WITH		Gastroparesis	C0152020
HMOX1 gene	C1415619	ASSOCIATED_WITH		Diabetes Mellitus, Non-Insulin-Dependent	C0011860
HMOX1 gene	C1415619	ASSOCIATED_WITH		Hypertensive disease	C0020538
HMOX1 gene	C1415619	ASSOCIATED_WITH		Coronary Arteriosclerosis	C0010054
HMOX1 gene	C1415619	ASSOCIATED_WITH		Chronic Obstructive Airway Disease	C0024117
HMOX1 gene	C1415619	ASSOCIATED_WITH		Asthma	C0004096
HMOX1 gene	C1415619	ASSOCIATED_WITH		Parkinson Disease	C0030567
HMOX1 gene	C1415619	ASSOCIATED_WITH		Coronary heart disease	C0010068
HMOX1 gene	C1415619	ASSOCIATED_WITH		Myocardial Ischemia	C0151744
HMOX1 gene	C1415619	ASSOCIATED_WITH		Alzheimer's Disease	C0002395
HMOX1 gene	C1415619	ASSOCIATED_WITH		Colitis	C0009319
HMOX1 gene	C1415619	ASSOCIATED_WITH		Obesity	C0028754
HMOX1 gene	C1415619	ASSOCIATED_WITH		Kidney Failure, Acute	C0022660
HMOX1 gene	C1415619	ASSOCIATED_WITH		Neurodegenerative Disorders	C0524851
HMOX1 gene	C1415619	ASSOCIATED_WITH		Congestive heart failure	C0018802
HMOX1 gene	C1415619	ASSOCIATED_WITH		Heart failure	C0018801
HMOX1 gene	C1415619	ASSOCIATED_WITH		Pneumonia	C0032285
LY86 gene	C1424584	CAUSES	["31027145_fullText_60"]	Endometriosis	C0014175
LY86 gene	C1424584	AFFECTS	["30767060_fullText_1"]	Left ventricular systolic dysfunction	C1277187
LY86 gene	C1424584	ASSOCIATED_WITH__INFER__	["22827830_fullText_7"]	Heart failure	C0018801
LY86 gene	C1424584	ASSOCIATED_WITH__INFER__	["21752270_fullText_27"]	Hereditary Diseases	C0019247
LY86 gene	C1424584	ASSOCIATED_WITH__INFER__	["24458731_fullText_9"]	Deglutition Disorders	C0011168
HHEX gene	C1415537	ASSOCIATED_WITH		Diabetes Mellitus, Non-Insulin-Dependent	C0011860
VCAM1 gene	C1421435	ASSOCIATED_WITH		Dermatitis	C0011603
VCAM1 gene	C1421435	ASSOCIATED_WITH		Hemoglobin SC Disease	C0019034
VCAM1 gene	C1421435	ASSOCIATED_WITH		Arteriosclerosis	C0003850
VCAM1 gene	C1421435	ASSOCIATED_WITH		Ulcerative Colitis	C0009324
VCAM1 gene	C1421435	ASSOCIATED_WITH		Hypercholesterolemia	C0020443
VCAM1 gene	C1421435	ASSOCIATED_WITH		Myocardial Ischemia	C0151744
VCAM1 gene	C1421435	ASSOCIATED_WITH		Cardiovascular Diseases	C0007222
VCAM1 gene	C1421435	ASSOCIATED_WITH		Multiple Sclerosis	C0026769
VCAM1 gene	C1421435	ASSOCIATED_WITH		Anemia, Sickle Cell	C0002895
VCAM1 gene	C1421435	ASSOCIATED_WITH		Atherosclerosis	C0004153
VCAM1 gene	C1421435	ASSOCIATED_WITH		Hypertensive disease	C0020538
LTF gene	C1416933	ASSOCIATED_WITH		Dysentery	C0013369
LTF gene	C1416933	ASSOCIATED_WITH		Candidiasis	C0006840
LTF gene	C1416933	ASSOCIATED_WITH		Arthropathy associated with infection	C0157749
LTF gene	C1416933	ASSOCIATED_WITH		Endometriosis	C0014175
LTF gene	C1416933	ASSOCIATED_WITH		Hypertensive disease	C0020538
LTF gene	C1416933	ASSOCIATED_WITH		Osteoporosis	C0029456
LTF gene	C1416933	ASSOCIATED_WITH		Necrotizing Enterocolitis	C0520459
LTF gene	C1416933	ASSOCIATED_WITH		Ulcerative Colitis	C0009324
TJP1 gene	C1420744	ASSOCIATED_WITH		Arrhythmogenic Right Ventricular Dysplasia	C0349788
TJP1 gene	C1420744	ASSOCIATED_WITH		Cardiomyopathy, Dilated	C0007193
UMOD gene	C1421351	ASSOCIATED_WITH		Essential Hypertension	C0085580
UMOD gene	C1421351	ASSOCIATED_WITH		Chronic Kidney Diseases	C1561643
UMOD gene	C1421351	ASSOCIATED_WITH		Hypertensive disease	C0020538
UMOD gene	C1421351	ASSOCIATED_WITH		Kidney Diseases	C0022658
REG3A wt Allele	C3538851	ASSOCIATED_WITH	["20470437_fullText_55"]	Persistent pulmonary hypertension	C1135361
GRIA2 gene	C1415288	ASSOCIATED_WITH		Status Epilepticus	C0038220
PNPLA2 gene	C1538686	ASSOCIATED_WITH		Polycystic Ovary Syndrome	C0032460
PNPLA2 gene	C1538686	ASSOCIATED_WITH		Heart Diseases	C0018799
PNPLA2 gene	C1538686	ASSOCIATED_WITH		Heart failure	C0018801
PNPLA2 gene	C1538686	ASSOCIATED_WITH		Congestive heart failure	C0018802
PNPLA2 gene	C1538686	ASSOCIATED_WITH		Myopathy	C0026848
KCNMA1 gene	C1416602	ASSOCIATED_WITH		Epilepsy, Generalized	C0014548
KCNMA1 gene	C1416602	ASSOCIATED_WITH		Alzheimer's Disease	C0002395
KCNMA1 gene	C1416602	ASSOCIATED_WITH		Status Epilepticus	C0038220
KCNMA1 gene	C1416602	ASSOCIATED_WITH		Obesity	C0028754
KCNMB1 gene	C1416603	ASSOCIATED_WITH		Hypertensive disease	C0020538
DNM1L gene	C1414119	ASSOCIATED_WITH		Myocarditis	C0027059
DNM1L gene	C1414119	ASSOCIATED_WITH		Acidosis, Lactic	C0001125
DNM1L gene	C1414119	ASSOCIATED_WITH		Mitochondrial Diseases	C0751651
DNM1L gene	C1414119	ASSOCIATED_WITH		Obesity	C0028754
DNM1L gene	C1414119	ASSOCIATED_WITH		Optic Atrophy	C0029124
DNM1L gene	C1414119	ASSOCIATED_WITH		Optic Atrophy, Autosomal Dominant	C0338508
DNM1L gene	C1414119	ASSOCIATED_WITH		Parkinson Disease	C0030567
MGAT2 gene	C1417134	ASSOCIATED_WITH		Congenital Disorders of Glycosylation	C0282577
MGAT2 gene	C1417134	ASSOCIATED_WITH		Congenital disorder of glycosylation type 2A	C2931008
IFNG gene	C1334085	ASSOCIATED_WITH		Brain Diseases	C0006111
IFNG gene	C1334085	ASSOCIATED_WITH		Stevens-Johnson Syndrome	C0038325
IFNG gene	C1334085	ASSOCIATED_WITH		Appendicitis	C0003615
IFNG gene	C1334085	ASSOCIATED_WITH		Oral Submucous Fibrosis	C0029172
IFNG gene	C1334085	ASSOCIATED_WITH		Deficiency of glucose-6-phosphate dehydrogenase	C2939465
IFNG gene	C1334085	ASSOCIATED_WITH		Tuberculoma	C0041295
IFNG gene	C1334085	ASSOCIATED_WITH		Sensorineural Hearing Loss (disorder)	C0018784
IFNG gene	C1334085	ASSOCIATED_WITH		Vesico-Ureteral Reflux	C0042580
IFNG gene	C1334085	ASSOCIATED_WITH		Hemophilia A	C0019069
IFNG gene	C1334085	ASSOCIATED_WITH		Arthritis, Infectious	C0003869
IFNG gene	C1334085	ASSOCIATED_WITH		Adrenoleukodystrophy	C0162309
IFNG gene	C1334085	ASSOCIATED_WITH		Drug Eruptions	C0011609
IFNG gene	C1334085	ASSOCIATED_WITH		Bronchiolitis Obliterans	C0006272
IFNG gene	C1334085	ASSOCIATED_WITH		Job Syndrome	C3887645
IFNG gene	C1334085	ASSOCIATED_WITH		Ataxia Telangiectasia	C0004135
IFNG gene	C1334085	ASSOCIATED_WITH		Mucocutaneous leishmaniasis	C1328252
IFNG gene	C1334085	ASSOCIATED_WITH		Congestive heart failure	C0018802
IFNG gene	C1334085	ASSOCIATED_WITH		Eczema Herpeticum	C0936250
IFNG gene	C1334085	ASSOCIATED_WITH		Kidney Failure	C0035078
IFNG gene	C1334085	ASSOCIATED_WITH		Glomerulonephritis	C0017658
IFNG gene	C1334085	ASSOCIATED_WITH		Rheumatoid Arthritis	C0003873
IFNG gene	C1334085	ASSOCIATED_WITH		Multiple Sclerosis	C0026769
IFNG gene	C1334085	ASSOCIATED_WITH		Diabetes Mellitus, Insulin-Dependent	C0011854
IFNG gene	C1334085	ASSOCIATED_WITH		Graft-vs-Host Disease	C0018133
IFNG gene	C1334085	ASSOCIATED_WITH		Graves Disease	C0018213
IFNG gene	C1334085	ASSOCIATED_WITH		Lupus Nephritis	C0024143
IFNG gene	C1334085	ASSOCIATED_WITH		Aplastic Anemia	C0002874
IFNG gene	C1334085	ASSOCIATED_WITH		Dermatitis, Atopic	C0011615
IFNG gene	C1334085	ASSOCIATED_WITH		Diabetes Mellitus, Non-Insulin-Dependent	C0011860
IFNG gene	C1334085	ASSOCIATED_WITH		Hepatitis C	C0019196
IFNG gene	C1334085	ASSOCIATED_WITH		Colitis	C0009319
IFNG gene	C1334085	ASSOCIATED_WITH		Sepsis	C0243026
IFNG gene	C1334085	ASSOCIATED_WITH		Leishmaniasis	C0023281
IFNG gene	C1334085	ASSOCIATED_WITH		Liver Cirrhosis	C0023890
IFNG gene	C1334085	ASSOCIATED_WITH		Chronic granulomatous disease	C0018203
IFNG gene	C1334085	ASSOCIATED_WITH		Vitiligo	C0042900
IFNG gene	C1334085	ASSOCIATED_WITH		Hepatitis B	C0019163
IFNG gene	C1334085	ASSOCIATED_WITH		HIV Infections	C0019693
IFNG gene	C1334085	ASSOCIATED_WITH		Celiac Disease	C0007570
IFNG gene	C1334085	ASSOCIATED_WITH		Atherosclerosis	C0004153
IFNG gene	C1334085	ASSOCIATED_WITH		Leishmaniasis, Cutaneous	C0023283
IFNG gene	C1334085	ASSOCIATED_WITH		Systemic Scleroderma	C0036421
IFNG gene	C1334085	ASSOCIATED_WITH		Pneumonia	C0032285
IFNG gene	C1334085	ASSOCIATED_WITH		Giant Cell Arteritis	C0039483
IFNG gene	C1334085	ASSOCIATED_WITH		Hepatitis, Chronic	C0019189
IFNG gene	C1334085	ASSOCIATED_WITH		Leishmaniasis, Visceral	C0023290
IFNG gene	C1334085	ASSOCIATED_WITH		Dermatitis, Allergic Contact	C0162820
IFNG gene	C1334085	ASSOCIATED_WITH		Hepatitis, Autoimmune	C0241910
IFNG gene	C1334085	ASSOCIATED_WITH		Heart failure	C0018801
IFNG gene	C1334085	ASSOCIATED_WITH		Severe Acute Respiratory Syndrome	C1175175
IFNG gene	C1334085	ASSOCIATED_WITH		Respiratory Syncytial Virus Infections	C0035235
IFNG gene	C1334085	ASSOCIATED_WITH		Acquired Immunodeficiency Syndrome	C0001175
NEB gene	C1417656	ASSOCIATED_WITH		MULTIPLE PTERYGIUM SYNDROME, LETHAL TYPE	C1854678
NEB gene	C1417656	ASSOCIATED_WITH		Nemaline Myopathy, Childhood Onset	C0546125
NEB gene	C1417656	ASSOCIATED_WITH		Muscular Dystrophy	C0026850
NEB gene	C1417656	ASSOCIATED_WITH		Myopathies, Nemaline	C0206157
TRPV4 gene	C1425291	ASSOCIATED_WITH		Bone Diseases	C0005940
TRPV4 gene	C1425291	ASSOCIATED_WITH		Chronic Obstructive Airway Disease	C0024117
TRPV4 gene	C1425291	ASSOCIATED_WITH		Distal Spinal Muscular Atrophy	C0393541
TRPV4 gene	C1425291	ASSOCIATED_WITH		Osteochondrodysplasias	C0029422
TRPV4 gene	C1425291	ASSOCIATED_WITH		Hereditary Motor and Sensory Neuropathies	C0027888
TRPV4 gene	C1425291	ASSOCIATED_WITH		Spinal Muscular Atrophy	C0026847
TRPV4 gene	C1425291	ASSOCIATED_WITH		Neuromuscular Diseases	C0027868
TRPV4 gene	C1425291	ASSOCIATED_WITH		Charcot-Marie-Tooth Disease	C0007959
TRPV4 gene	C1425291	ASSOCIATED_WITH		Skeletal dysplasia	C0410528
TRPV4 gene	C1425291	ASSOCIATED_WITH		Scapuloperoneal Form of Spinal Muscular Atrophy	C0751335
P2RX7 gene	C1418215	ASSOCIATED_WITH		Epilepsy, Temporal Lobe	C0014556
P2RX7 gene	C1418215	ASSOCIATED_WITH		Multiple Sclerosis	C0026769
DNAJC12 gene	C1539297	AFFECTS	["32333439_fullText_5"]	Pulmonary Hypertension, Primary, 1, With Hereditary Hemorrhagic Telangiectasia	C3714844
DNAJC12 gene	C1539297	CAUSES	["37156708_fullText_2"]	Hyperphenylalaninaemia	C0751435
AMD1 wt Allele	C3539530	ASSOCIATED_WITH	["32048023_abstract_8"]	Ketonuria	C0162275
AMD1 wt Allele	C3539530	ASSOCIATED_WITH	["32048023_abstract_8"]	Dehydration	C0011175
S100A10 wt Allele	C3538774	ASSOCIATED_WITH	["34928236_fullText_88"]	Ubiquinone dehydrogenase deficiency	C0342778
CHRNA7 gene	C1413406	ASSOCIATED_WITH		Epilepsy, Generalized	C0014548
CHRNA7 gene	C1413406	ASSOCIATED_WITH		Chronic Obstructive Airway Disease	C0024117
CHRNA7 gene	C1413406	ASSOCIATED_WITH		Alzheimer's Disease	C0002395
CHRNA7 gene	C1413406	ASSOCIATED_WITH		Epilepsy	C0014544
CHRNA7 gene	C1413406	ASSOCIATED_WITH	["33815383_fullText_4"]	Nevi flammei, familial multiple	C2931029
CEACAM6 gene	C1413309	ASSOCIATED_WITH		Parkinson Disease	C0030567
CEACAM6 gene	C1413309	ASSOCIATED_WITH		Cystic Fibrosis	C0010674
SLC12A2 gene	C1420091	ASSOCIATED_WITH		Sensorineural Hearing Loss (disorder)	C0018784
SLC12A2 gene	C1420091	ASSOCIATED_WITH		Epilepsy, Temporal Lobe	C0014556
SLC12A2 gene	C1420091	ASSOCIATED_WITH		Hypertensive disease	C0020538
SLC12A2 gene	C1420091	ASSOCIATED_WITH		Epilepsy	C0014544
UQCRQ gene	C1823602	ASSOCIATED_WITH		MITOCHONDRIAL COMPLEX III DEFICIENCY (disorder)	C1852372
PRKD1 gene	C1538716	ASSOCIATED_WITH		Congenital heart disease	C0152021
TGFB1 gene	C1366557	ASSOCIATED_WITH		Hemophilia A	C0019069
TGFB1 gene	C1366557	ASSOCIATED_WITH		Aortic Valve Insufficiency	C0003504
TGFB1 gene	C1366557	ASSOCIATED_WITH		Osteochondrodysplasias	C0029422
TGFB1 gene	C1366557	ASSOCIATED_WITH		Aphthous Stomatitis	C0038363
TGFB1 gene	C1366557	ASSOCIATED_WITH		Brain Diseases	C0006111
TGFB1 gene	C1366557	ASSOCIATED_WITH		Tracheal Stenosis	C0040583
TGFB1 gene	C1366557	ASSOCIATED_WITH		Nephrosclerosis	C0027719
TGFB1 gene	C1366557	ASSOCIATED_WITH		Dry Eye Syndromes	C0013238
TGFB1 gene	C1366557	ASSOCIATED_WITH		Gout	C0018099
TGFB1 gene	C1366557	ASSOCIATED_WITH		Hyperuricemia	C0740394
TGFB1 gene	C1366557	ASSOCIATED_WITH		Duodenal Ulcer	C0013295
TGFB1 gene	C1366557	ASSOCIATED_WITH		Liver Cirrhosis, Alcoholic	C0023891
TGFB1 gene	C1366557	ASSOCIATED_WITH		Sarcoidosis, Pulmonary	C0036205
TGFB1 gene	C1366557	ASSOCIATED_WITH		Thrombocythemia, Essential	C0040028
TGFB1 gene	C1366557	ASSOCIATED_WITH		Nephrotic Syndrome	C0027726
TGFB1 gene	C1366557	ASSOCIATED_WITH		Graves Disease	C0018213
TGFB1 gene	C1366557	ASSOCIATED_WITH		Aplastic Anemia	C0002874
TGFB1 gene	C1366557	ASSOCIATED_WITH		Primary biliary cirrhosis	C0008312
TGFB1 gene	C1366557	ASSOCIATED_WITH		Diabetic Neuropathies	C0011882
TGFB1 gene	C1366557	ASSOCIATED_WITH		Behcet Syndrome	C0004943
TGFB1 gene	C1366557	ASSOCIATED_WITH		Epilepsy	C0014544
TGFB1 gene	C1366557	ASSOCIATED_WITH		Uveitis	C0042164
TGFB1 gene	C1366557	ASSOCIATED_WITH		Myopathy	C0026848
TGFB1 gene	C1366557	ASSOCIATED_WITH		Kidney Failure, Acute	C0022660
TGFB1 gene	C1366557	ASSOCIATED_WITH		Hepatitis, Autoimmune	C0241910
TGFB1 gene	C1366557	ASSOCIATED_WITH		Encephalopathies	C0085584
TGFB1 gene	C1366557	ASSOCIATED_WITH		Eosinophilic esophagitis	C0341106
TGFB1 gene	C1366557	ASSOCIATED_WITH		Osteoporosis, Postmenopausal	C0029458
TGFB1 gene	C1366557	ASSOCIATED_WITH		Cleft Palate	C0008925
TGFB1 gene	C1366557	ASSOCIATED_WITH		Muscular Dystrophy, Duchenne	C0013264
TGFB1 gene	C1366557	ASSOCIATED_WITH		Peyronie Disease	C0030848
TGFB1 gene	C1366557	ASSOCIATED_WITH		Sarcoidosis	C0036202
TGFB1 gene	C1366557	ASSOCIATED_WITH		Nonalcoholic Steatohepatitis	C3241937
TGFB1 gene	C1366557	ASSOCIATED_WITH		Pulmonary Fibrosis	C0034069
TGFB1 gene	C1366557	ASSOCIATED_WITH		Asthma	C0004096
TGFB1 gene	C1366557	ASSOCIATED_WITH		Diabetic Nephropathy	C0011881
TGFB1 gene	C1366557	ASSOCIATED_WITH		Cystic Fibrosis	C0010674
TGFB1 gene	C1366557	ASSOCIATED_WITH		Myocardial Infarction	C0027051
TGFB1 gene	C1366557	ASSOCIATED_WITH		Chronic Obstructive Airway Disease	C0024117
TGFB1 gene	C1366557	ASSOCIATED_WITH		Liver Cirrhosis	C0023890
TGFB1 gene	C1366557	ASSOCIATED_WITH		Lung diseases	C0024115
TGFB1 gene	C1366557	ASSOCIATED_WITH		Hypertensive disease	C0020538
TGFB1 gene	C1366557	ASSOCIATED_WITH		Inflammatory Bowel Diseases	C0021390
TGFB1 gene	C1366557	ASSOCIATED_WITH		Pneumonia	C0032285
TGFB1 gene	C1366557	ASSOCIATED_WITH		Oral Submucous Fibrosis	C0029172
TGFB1 gene	C1366557	ASSOCIATED_WITH		Dermatitis, Atopic	C0011615
TGFB1 gene	C1366557	ASSOCIATED_WITH		Kidney Diseases	C0022658
TGFB1 gene	C1366557	ASSOCIATED_WITH		Non-alcoholic Fatty Liver Disease	C0400966
TGFB1 gene	C1366557	ASSOCIATED_WITH		Hepatitis, Chronic	C0019189
TGFB1 gene	C1366557	ASSOCIATED_WITH		Cerebrovascular accident	C0038454
TGFB1 gene	C1366557	ASSOCIATED_WITH		Focal glomerulosclerosis	C0017668
TGFB1 gene	C1366557	ASSOCIATED_WITH		Sepsis	C0243026
TGFB1 gene	C1366557	ASSOCIATED_WITH		Kidney Failure, Chronic	C0022661
TGFB1 gene	C1366557	ASSOCIATED_WITH		Osteoporosis	C0029456
TGFB1 gene	C1366557	ASSOCIATED_WITH		IGA Glomerulonephritis	C0017661
TGFB1 gene	C1366557	ASSOCIATED_WITH		Pulmonary Hypertension	C0020542
TGFB1 gene	C1366557	ASSOCIATED_WITH		Peritoneal Fibrosis	C0521607
CBS gene	C1439329	ASSOCIATED_WITH		Connective Tissue Diseases	C0009782
CBS gene	C1439329	ASSOCIATED_WITH		Hypercholesterolemia, Familial	C0020445
CBS gene	C1439329	ASSOCIATED_WITH		Cerebral Infarction	C0007785
CBS gene	C1439329	ASSOCIATED_WITH		Malnutrition	C0162429
CBS gene	C1439329	ASSOCIATED_WITH		Diabetes Mellitus, Non-Insulin-Dependent	C0011860
CBS gene	C1439329	ASSOCIATED_WITH		Coronary heart disease	C0010068
CBS gene	C1439329	ASSOCIATED_WITH		Hypertensive disease	C0020538
CBS gene	C1439329	ASSOCIATED_WITH		Cardiovascular Diseases	C0007222
CBS gene	C1439329	ASSOCIATED_WITH		Coronary Arteriosclerosis	C0010054
CBS gene	C1439329	ASSOCIATED_WITH		Cystathionine beta-Synthase Deficiency Disease	C0751202
CBS gene	C1439329	ASSOCIATED_WITH		Hyperhomocysteinemia	C0598608
CBS gene	C1439329	ASSOCIATED_WITH		Homocystinuria	C0019880
PON2 gene	C1418755	ASSOCIATED_WITH		Dementia, Vascular	C0011269
PON2 gene	C1418755	ASSOCIATED_WITH		Cerebral Infarction	C0007785
PON2 gene	C1418755	ASSOCIATED_WITH		Hypercholesterolemia, Familial	C0020445
PON2 gene	C1418755	ASSOCIATED_WITH		Amyotrophic Lateral Sclerosis	C0002736
PON2 gene	C1418755	ASSOCIATED_WITH		Alzheimer's Disease	C0002395
PON2 gene	C1418755	ASSOCIATED_WITH		Cardiovascular Diseases	C0007222
PON2 gene	C1418755	ASSOCIATED_WITH		Coronary Arteriosclerosis	C0010054
PON2 gene	C1418755	ASSOCIATED_WITH		Coronary heart disease	C0010068
PON2 gene	C1418755	ASSOCIATED_WITH		Diabetes Mellitus, Non-Insulin-Dependent	C0011860
TECTA gene	C1420683	ASSOCIATED_WITH		Meniere Disease	C0025281
TECTA gene	C1420683	ASSOCIATED_WITH		Sensorineural hearing loss, bilateral	C0452138
TECTA gene	C1420683	ASSOCIATED_WITH		Nonsyndromic Deafness	C3711374
TECTA gene	C1420683	ASSOCIATED_WITH		Sensorineural Hearing Loss (disorder)	C0018784
ACE2 gene	C1422064	ASSOCIATED_WITH		Focal glomerulosclerosis	C0017668
ACE2 gene	C1422064	ASSOCIATED_WITH		Malaria, Cerebral	C0024534
ACE2 gene	C1422064	ASSOCIATED_WITH		Cardiomyopathies	C0878544
ACE2 gene	C1422064	ASSOCIATED_WITH		Aortic Aneurysm, Abdominal	C0162871
ACE2 gene	C1422064	ASSOCIATED_WITH		Respiratory Distress Syndrome, Adult	C0035222
ACE2 gene	C1422064	ASSOCIATED_WITH		Diabetic Retinopathy	C0011884
ACE2 gene	C1422064	ASSOCIATED_WITH		Pulmonary Hypertension	C0020542
ACE2 gene	C1422064	ASSOCIATED_WITH		Pulmonary Fibrosis	C0034069
ACE2 gene	C1422064	ASSOCIATED_WITH		Heart failure	C0018801
ACE2 gene	C1422064	ASSOCIATED_WITH		Congestive heart failure	C0018802
ACE2 gene	C1422064	ASSOCIATED_WITH		Diabetic Nephropathy	C0011881
ACE2 gene	C1422064	ASSOCIATED_WITH		Severe Acute Respiratory Syndrome	C1175175
ACE2 gene	C1422064	ASSOCIATED_WITH		Hypertensive disease	C0020538
ACE2 gene	C1422064	ASSOCIATED_WITH		COVID-19 Virus Disease	C5203670
SLC5A8 gene	C1426025	ASSOCIATED_WITH		Hyperuricemia	C0740394
GRM5 gene	C1333712	ASSOCIATED_WITH		Status Epilepticus	C0038220
GRM5 gene	C1333712	ASSOCIATED_WITH		Epilepsy, Temporal Lobe	C0014556
MUC16 gene	C1423594	ASSOCIATED_WITH	["34709518_fullText_2","34709518_fullText_5"]	Peroxisome Biogenesis Disorder, Complementation Group C	C1832232
MUC5AC gene	C1417497	ASSOCIATED_WITH		Dry Eye Syndromes	C0013238
MUC5AC gene	C1417497	ASSOCIATED_WITH	["34482800_fullText_7"]	Necrotizing Enterocolitis	C0520459
NPS gene	C1836075	ASSOCIATED_WITH	["34457112_fullText_7"]	Alzheimer's Disease	C0002395
NPS gene	C1836075	AFFECTS	["35952428_fullText_2"]	Obesity	C0028754
PAX6 gene	C1418276	ASSOCIATED_WITH		Other cataract	C0029531
PAX6 gene	C1418276	ASSOCIATED_WITH		Anterior segment mesenchymal dysgenesis	C1862839
PAX6 gene	C1418276	ASSOCIATED_WITH		Optic Nerve Hypoplasia	C0338502
PAX6 gene	C1418276	ASSOCIATED_WITH		Diabetes Mellitus, Non-Insulin-Dependent	C0011860
PAX6 gene	C1418276	ASSOCIATED_WITH		Gillespie syndrome	C0431401
PAX6 gene	C1418276	ASSOCIATED_WITH		Congenital nystagmus	C0700501
PAX6 gene	C1418276	ASSOCIATED_WITH		Impaired glucose tolerance	C0271650
PAX6 gene	C1418276	ASSOCIATED_WITH		Coloboma of optic disc	C0155299
PAX6 gene	C1418276	ASSOCIATED_WITH		Nystagmus	C0028738
PAX6 gene	C1418276	ASSOCIATED_WITH		WAGR Syndrome	C0206115
PAX6 gene	C1418276	ASSOCIATED_WITH		Keratitis, hereditary	C1835698
DRD3 gene	C1414148	ASSOCIATED_WITH		Hyperkinesia	C3887506
DRD3 gene	C1414148	ASSOCIATED_WITH		Movement Disorders	C0026650
DRD3 gene	C1414148	ASSOCIATED_WITH		Gilles de la Tourette syndrome	C0040517
DRD3 gene	C1414148	ASSOCIATED_WITH		Essential Tremor	C0270736
FMR1 gene	C1414649	ASSOCIATED_WITH		Gonadal Dysgenesis	C0018051
FMR1 gene	C1414649	ASSOCIATED_WITH		Ovarian Failure, Premature	C0085215
FMR1 gene	C1414649	ASSOCIATED_WITH		Premature Ovarian Failure 1	C4552079
FMR1 gene	C1414649	ASSOCIATED_WITH		FRAGILE X TREMOR/ATAXIA SYNDROME	C1839780
FMR1 gene	C1414649	ASSOCIATED_WITH		Fragile X Syndrome	C0016667
FMR1 gene	C1414649	ASSOCIATED_WITH		Hypergonadotropic Ovarian Failure, X-Linked	C3494522
FMR1 gene	C1414649	CAUSES	["31721251_fullText_30"]	Fragile X Syndrome	C0016667
TLR4 gene	C1336636	ASSOCIATED_WITH		Macular degeneration	C0024437
TLR4 gene	C1336636	ASSOCIATED_WITH		Chronic myocardial ischemia	C0264694
TLR4 gene	C1336636	ASSOCIATED_WITH		Exfoliation Syndrome	C0206368
TLR4 gene	C1336636	ASSOCIATED_WITH		Carotid Artery Diseases	C0007273
TLR4 gene	C1336636	ASSOCIATED_WITH		Stable angina	C0340288
TLR4 gene	C1336636	ASSOCIATED_WITH		Vitiligo	C0042900
TLR4 gene	C1336636	ASSOCIATED_WITH		Meningococcal meningitis	C0025294
TLR4 gene	C1336636	ASSOCIATED_WITH		Fatty Liver, Alcoholic	C0015696
TLR4 gene	C1336636	ASSOCIATED_WITH		Familial Mediterranean Fever	C0031069
TLR4 gene	C1336636	ASSOCIATED_WITH		Low Tension Glaucoma	C0152136
TLR4 gene	C1336636	ASSOCIATED_WITH		Kidney Failure	C0035078
TLR4 gene	C1336636	ASSOCIATED_WITH		Coronary heart disease	C0010068
TLR4 gene	C1336636	ASSOCIATED_WITH		Respiratory Syncytial Virus Infections	C0035235
TLR4 gene	C1336636	ASSOCIATED_WITH		Giant Cell Arteritis	C0039483
TLR4 gene	C1336636	ASSOCIATED_WITH		Keratitis	C0022568
TLR4 gene	C1336636	ASSOCIATED_WITH		Myocardial Ischemia	C0151744
TLR4 gene	C1336636	ASSOCIATED_WITH		Fatty Liver	C0015695
TLR4 gene	C1336636	ASSOCIATED_WITH		Glaucoma, Primary Open Angle	C0339573
TLR4 gene	C1336636	ASSOCIATED_WITH		Hypertensive disease	C0020538
TLR4 gene	C1336636	ASSOCIATED_WITH		Diabetic Retinopathy	C0011884
TLR4 gene	C1336636	ASSOCIATED_WITH		Tuberculosis, Pulmonary	C0041327
TLR4 gene	C1336636	ASSOCIATED_WITH		Acute Coronary Syndrome	C0948089
TLR4 gene	C1336636	ASSOCIATED_WITH		Dermatitis, Atopic	C0011615
TLR4 gene	C1336636	ASSOCIATED_WITH		Kidney Failure, Acute	C0022660
TLR4 gene	C1336636	ASSOCIATED_WITH		Chronic Obstructive Airway Disease	C0024117
TLR4 gene	C1336636	ASSOCIATED_WITH		Diabetes Mellitus	C0011849
TLR4 gene	C1336636	ASSOCIATED_WITH		Myocardial Infarction	C0027051
TLR4 gene	C1336636	ASSOCIATED_WITH		Arthritis	C0003864
TLR4 gene	C1336636	ASSOCIATED_WITH		Sepsis	C0243026
TLR4 gene	C1336636	ASSOCIATED_WITH		Asthma	C0004096
TLR4 gene	C1336636	ASSOCIATED_WITH		Diabetes Mellitus, Non-Insulin-Dependent	C0011860
TLR4 gene	C1336636	ASSOCIATED_WITH		Alzheimer's Disease	C0002395
TLR4 gene	C1336636	ASSOCIATED_WITH		Necrotizing Enterocolitis	C0520459
TLR4 gene	C1336636	ASSOCIATED_WITH		Pneumonia	C0032285
TLR4 gene	C1336636	ASSOCIATED_WITH		Urinary tract infection	C0042029
TLR4 gene	C1336636	ASSOCIATED_WITH		Behcet Syndrome	C0004943
TLR4 gene	C1336636	ASSOCIATED_WITH		Atherosclerosis	C0004153
TLR4 gene	C1336636	ASSOCIATED_WITH		Coronary Arteriosclerosis	C0010054
TLR4 gene	C1336636	ASSOCIATED_WITH		Diabetic Neuropathies	C0011882
TBX4 wt Allele	C3813609	ASSOCIATED_WITH	["31954206_abstract_1"]	Liver Cirrhosis	C0023890
TBX4 wt Allele	C3813609	ASSOCIATED_WITH	["31954206_abstract_17"]	Chronic liver disease	C0341439
MAOB gene	C1417002	ASSOCIATED_WITH		Huntington Disease	C0020179
MAOB gene	C1417002	ASSOCIATED_WITH		Hepatic Encephalopathy	C0019151
MAOB gene	C1417002	ASSOCIATED_WITH		Alzheimer's Disease	C0002395
MAOB gene	C1417002	ASSOCIATED_WITH		Parkinson Disease	C0030567
MAOB gene	C1417002	ASSOCIATED_WITH	["15589121_fullText_2"]	Phenylketonurias	C0031485
KRT8 gene	C1416746	ASSOCIATED_WITH		Liver Failure, Acute	C0162557
KRT8 gene	C1416746	ASSOCIATED_WITH		Liver Cirrhosis	C0023890
KCNJ10 gene	C1416577	ASSOCIATED_WITH		Sensorineural hearing loss, bilateral	C0452138
KCNJ10 gene	C1416577	ASSOCIATED_WITH		Pendred's syndrome	C0271829
KCNJ10 gene	C1416577	ASSOCIATED_WITH		Multiple Sclerosis	C0026769
KCNJ10 gene	C1416577	ASSOCIATED_WITH		SeSAME syndrome	C2748572
SFRP1 gene	C1419986	ASSOCIATED_WITH		Inflammatory Bowel Diseases	C0021390
RUNX3 gene	C1419772	ASSOCIATED_WITH		Psoriasis	C0033860
RUNX3 gene	C1419772	ASSOCIATED_WITH		Ankylosing spondylitis	C0038013
HRH4 gene	C1424950	ASSOCIATED_WITH	["34432256_fullText_7"]	CNS disorder	C0007682
HRH4 gene	C1424950	ASSOCIATED_WITH	["34432256_fullText_7"]	Neurodegenerative Disorders	C0524851
HNMT gene	C1415632	ASSOCIATED_WITH		Rhinitis	C0035455
HNMT gene	C1415632	ASSOCIATED_WITH		Essential Tremor	C0270736
HNMT gene	C1415632	ASSOCIATED_WITH		Dermatitis, Atopic	C0011615
HNMT gene	C1415632	ASSOCIATED_WITH		Parkinson Disease	C0030567
HNMT gene	C1415632	ASSOCIATED_WITH		Asthma	C0004096
PSEN1 gene	C1418985	ASSOCIATED_WITH		Degenerative disorder	C1285162
PSEN1 gene	C1418985	ASSOCIATED_WITH		Cardiomyopathies	C0878544
PSEN1 gene	C1418985	ASSOCIATED_WITH		Heart failure	C0018801
PSEN1 gene	C1418985	ASSOCIATED_WITH		Hidradenitis Suppurativa	C0162836
PSEN1 gene	C1418985	ASSOCIATED_WITH		Neurodegenerative Disorders	C0524851
PSEN1 gene	C1418985	ASSOCIATED_WITH		Amyloidosis	C0002726
PSEN1 gene	C1418985	ASSOCIATED_WITH		Frontotemporal dementia	C0338451
PSEN1 gene	C1418985	ASSOCIATED_WITH		Familial Alzheimer Disease (FAD)	C0276496
PSEN1 gene	C1418985	ASSOCIATED_WITH		Cardiomyopathy, Dilated	C0007193
PSEN1 gene	C1418985	ASSOCIATED_WITH		Pick Disease of the Brain	C0236642
PSEN1 gene	C1418985	ASSOCIATED_WITH		Alzheimer's Disease	C0002395
PSEN1 gene	C1418985	ASSOCIATED_WITH		Pallidopontonigral degeneration	C0520716
PSEN1 gene	C1418985	ASSOCIATED_WITH		Alzheimer disease, familial, type 3	C1843013
PSEN2 gene	C1418986	ASSOCIATED_WITH		Cardiomyopathy, Dilated	C0007193
PSEN2 gene	C1418986	ASSOCIATED_WITH		Familial Alzheimer Disease (FAD)	C0276496
PSEN2 gene	C1418986	ASSOCIATED_WITH		Alzheimer's Disease	C0002395
GRN gene	C1415311	ASSOCIATED_WITH		Pallidopontonigral degeneration	C0520716
GRN gene	C1415311	ASSOCIATED_WITH		Adult Neuronal Ceroid Lipofuscinosis	C0022797
GRN gene	C1415311	ASSOCIATED_WITH		Multiple Sclerosis, Primary Progressive	C0751964
GRN gene	C1415311	ASSOCIATED_WITH		Ischemic stroke	C0948008
GRN gene	C1415311	ASSOCIATED_WITH		Neuronal Ceroid-Lipofuscinoses	C0027877
GRN gene	C1415311	ASSOCIATED_WITH		Parkinsonian Disorders	C0242422
GRN gene	C1415311	ASSOCIATED_WITH		Amyotrophic Lateral Sclerosis	C0002736
GRN gene	C1415311	ASSOCIATED_WITH		Alzheimer's Disease	C0002395
GRN gene	C1415311	ASSOCIATED_WITH		Frontotemporal dementia	C0338451
AVPR2 gene	C1332124	ASSOCIATED_WITH		Heart failure	C0018801
AVPR2 gene	C1332124	ASSOCIATED_WITH		Congestive heart failure	C0018802
AVPR2 gene	C1332124	ASSOCIATED_WITH		Nephrogenic Syndrome of Inappropriate Antidiuresis	C1845202
AVPR2 gene	C1332124	ASSOCIATED_WITH		Nephrogenic Diabetes Insipidus	C0162283
AVPR2 gene	C1332124	ASSOCIATED_WITH		Nephrogenic Diabetes Insipidus, Type I	C1563705
HTR2C gene	C1415811	ASSOCIATED_WITH		Hyperkinesia	C3887506
HTR2C gene	C1415811	ASSOCIATED_WITH		Metabolic Syndrome X	C0524620
HTR2C gene	C1415811	ASSOCIATED_WITH		Obesity	C0028754
HTR2C gene	C1415811	ASSOCIATED_WITH__INFER__	["36536256_fullText_8"]	Obesity, Morbid	C0028756
YWHAQ gene	C1421563	ASSOCIATED_WITH__SPEC__	["34668254_fullText_2"]	Alzheimer's Disease	C0002395
PLN gene	C1418650	ASSOCIATED_WITH		Arrhythmogenic Right Ventricular Dysplasia	C0349788
PLN gene	C1418650	ASSOCIATED_WITH		Myocardial Infarction	C0027051
PLN gene	C1418650	ASSOCIATED_WITH		Atrial Fibrillation	C0004238
PLN gene	C1418650	ASSOCIATED_WITH		Hypertrophic Cardiomyopathy	C0007194
PLN gene	C1418650	ASSOCIATED_WITH		Cardiomyopathies	C0878544
PLN gene	C1418650	ASSOCIATED_WITH		Cardiomyopathy, Dilated	C0007193
CASP1 gene	C1366479	ASSOCIATED_WITH		Kidney Diseases	C0022658
CASP1 gene	C1366479	ASSOCIATED_WITH		Status Epilepticus	C0038220
CASP1 gene	C1366479	ASSOCIATED_WITH		Pneumonia	C0032285
CASP1 gene	C1366479	ASSOCIATED_WITH		Multiple Sclerosis	C0026769
CASP1 gene	C1366479	ASSOCIATED_WITH		Obesity	C0028754
TNFSF10 gene	C1336646	ASSOCIATED_WITH		Influenza	C0021400
SLCO1A2 gene	C1420130	ASSOCIATED_WITH		Cholestasis	C0008370
ADRA2C gene	C1412261	ASSOCIATED_WITH		Heart failure	C0018801
ADRA2C gene	C1412261	ASSOCIATED_WITH		Congestive heart failure	C0018802
DRD4 gene	C1333254	ASSOCIATED_WITH		Gilles de la Tourette syndrome	C0040517
CCR1 gene	C1332699	ASSOCIATED_WITH		Pneumonia	C0032285
CCR1 gene	C1332699	ASSOCIATED_WITH		Behcet Syndrome	C0004943
CCR1 gene	C1332699	ASSOCIATED_WITH		Rheumatoid Arthritis	C0003873
CCR3 gene	C1413189	ASSOCIATED_WITH		Status Epilepticus	C0038220
CCR3 gene	C1413189	ASSOCIATED_WITH		Rhinitis	C0035455
CCR3 gene	C1413189	ASSOCIATED_WITH		HIV Infections	C0019693
CCR3 gene	C1413189	ASSOCIATED_WITH		Dermatitis, Atopic	C0011615
CCR3 gene	C1413189	ASSOCIATED_WITH		Asthma	C0004096
CPA1 gene	C1413662	ASSOCIATED_WITH		Hereditary pancreatitis	C0238339
CPA1 gene	C1413662	ASSOCIATED_WITH		Pancreatitis, Chronic	C0149521
PCDH19 gene	C1422530	ASSOCIATED_WITH		Generalized seizures	C0234533
PCDH19 gene	C1422530	ASSOCIATED_WITH		Nonketotic Hyperglycinemia	C0751748
PCDH19 gene	C1422530	ASSOCIATED_WITH		Tonic - clonic seizures	C0494475
PCDH19 gene	C1422530	ASSOCIATED_WITH		Epileptic encephalopathy	C0543888
PCDH19 gene	C1422530	ASSOCIATED_WITH		Infantile Severe Myoclonic Epilepsy	C0751122
PCDH19 gene	C1422530	ASSOCIATED_WITH		Epilepsy	C0014544
PCDH19 gene	C1422530	CAUSES	["34575929_fullText_3"]	Epileptic encephalopathy	C0543888
SIRT3 gene	C1423063	ASSOCIATED_WITH		Gestational Diabetes	C0085207
SIRT3 gene	C1423063	ASSOCIATED_WITH		Obesity	C0028754
AGRP gene	C1412286	ASSOCIATED_WITH		Diabetes Mellitus, Non-Insulin-Dependent	C0011860
AGRP gene	C1412286	ASSOCIATED_WITH		Obesity	C0028754
TCF4 gene	C1420639	ASSOCIATED_WITH		Peripheral Neuropathy	C0031117
TCF4 gene	C1420639	ASSOCIATED_WITH		Primary sclerosing cholangitis	C0566602
TCF4 gene	C1420639	ASSOCIATED_WITH		Fuchs Endothelial Dystrophy	C0016781
TCF4 gene	C1420639	ASSOCIATED_WITH		PITT-HOPKINS SYNDROME	C1970431
TP63 gene	C1422009	ASSOCIATED_WITH		Ovarian Failure, Premature	C0085215
TP63 gene	C1422009	ASSOCIATED_WITH		Premature Menopause	C0025322
TP63 gene	C1422009	ASSOCIATED_WITH		Cleft Palate	C0008925
TP63 gene	C1422009	ASSOCIATED_WITH		Ectodermal Dysplasia	C0013575
TP63 gene	C1422009	ASSOCIATED_WITH		ADULT SYNDROME	C1863204
TP63 gene	C1422009	ASSOCIATED_WITH		Rudiger syndrome 1	C0406704
TP63 gene	C1422009	ASSOCIATED_WITH		RAPP-HODGKIN SYNDROME	C1785148
FEV gene	C1425602	ASSOCIATED_WITH		Myocardial Ischemia	C0151744
RUNX2 gene	C1419771	ASSOCIATED_WITH		Rheumatoid Arthritis	C0003873
RUNX2 gene	C1419771	ASSOCIATED_WITH		Uremia	C0041948
RUNX2 gene	C1419771	ASSOCIATED_WITH		Craniosynostosis	C0010278
RUNX2 gene	C1419771	ASSOCIATED_WITH		Cleidocranial Dysplasia	C0008928
ALPL gene	C1412364	ASSOCIATED_WITH		Osteogenesis Imperfecta	C0029434
ALPL gene	C1412364	ASSOCIATED_WITH		Skeletal dysplasia	C0410528
ALPL gene	C1412364	ASSOCIATED_WITH		Metabolic Bone Disorder	C0005944
ALPL gene	C1412364	ASSOCIATED_WITH		Hyperparathyroidism, Secondary	C0020503
ALPL gene	C1412364	ASSOCIATED_WITH		Liver diseases	C0023895
ALPL gene	C1412364	ASSOCIATED_WITH		Childhood hypophosphatasia (disorder)	C0220743
ALPL gene	C1412364	ASSOCIATED_WITH		Infantile hypophosphatasia	C0268412
ALPL gene	C1412364	ASSOCIATED_WITH		Hypophosphatasia	C0020630
PRKACA gene	C1418901	ASSOCIATED_WITH		Congestive heart failure	C0018802
PRKACA gene	C1418901	ASSOCIATED_WITH		Heart failure	C0018801
CREB1 gene	C1413702	ASSOCIATED_WITH		Parkinson Disease	C0030567
AURKA gene	C1420466	ASSOCIATED_WITH		Peripheral Neuropathy	C0031117
BACE1 gene	C1412727	CAUSES	["35118932_fullText_1"]	Neurodegenerative Disorders	C0524851
BACE1 gene	C1412727	ASSOCIATED_WITH		Alzheimer's Disease	C0002395
PPID gene	C1418797	DISRUPTS__SPEC__	["34553515_fullText_1"]	Neurodegenerative Disorders	C0524851
SPR gene	C1420371	ASSOCIATED_WITH		Dopa-Responsive Dystonia	C1851920
SPR gene	C1420371	ASSOCIATED_WITH		Dystonia Disorders	C0393593
SPR gene	C1420371	ASSOCIATED_WITH		Dystonia, Dopa-Responsive, due to Sepiapterin Reductase Deficiency	C0268468
SPR gene	C1420371	CAUSES	["17188538_fullText_16"]	motor disorder	C0221163
SPR gene	C1420371	CAUSES	["21867484_fullText_8"]	Hyperphenylalaninaemia	C0751435
DDC gene	C1413943	ASSOCIATED_WITH		Inborn Errors of Metabolism	C0025521
DDC gene	C1413943	ASSOCIATED_WITH		Parkinsonian Disorders	C0242422
DDC gene	C1413943	ASSOCIATED_WITH		Parkinson Disease	C0030567
DDC gene	C1413943	ASSOCIATED_WITH	["36427457_fullText_6"]	Deficiency of aromatic-L-amino-acid decarboxylase	C1291564
DDC gene	C1413943	CAUSES	["36427457_fullText_1"]	Severe malnutrition	C0311276
SLC18A3 gene	C1420116	CAUSES	["33462016_fullText_4"]	Myasthenic Syndromes, Congenital	C0751882
SLC18A3 gene	C1420116	CAUSES	["30003945_fullText_5"]	Myasthenias	C0947912
SLC18A3 gene	C1420116	ASSOCIATED_WITH		Pena-Shokeir syndrome type I	C1276035
SLC18A3 gene	C1420116	ASSOCIATED_WITH		Congenital Myasthenic Syndromes, Presynaptic	C0751884
SLC18A3 gene	C1420116	ASSOCIATED_WITH	["27590285_fullText_1"]	Myasthenic Syndromes, Congenital	C0751882
SLC18A3 gene	C1420116	ASSOCIATED_WITH	["33815383_fullText_4"]	Nevi flammei, familial multiple	C2931029
GSK3B gene	C1415321	ASSOCIATED_WITH		Hypertensive disease	C0020538
GSK3B gene	C1415321	ASSOCIATED_WITH		Cardiomyopathy, Dilated	C0007193
GSK3B gene	C1415321	ASSOCIATED_WITH		Myocardial Infarction	C0027051
GSK3B gene	C1415321	ASSOCIATED_WITH		Heart failure	C0018801
GSK3B gene	C1415321	ASSOCIATED_WITH		Congestive heart failure	C0018802
GSK3B gene	C1415321	ASSOCIATED_WITH		Kidney Failure, Acute	C0022660
GSK3B gene	C1415321	ASSOCIATED_WITH		Tauopathies	C0949664
GSK3B gene	C1415321	ASSOCIATED_WITH		Amyotrophic Lateral Sclerosis	C0002736
GSK3B gene	C1415321	ASSOCIATED_WITH		Alzheimer's Disease	C0002395
GSK3B gene	C1415321	ASSOCIATED_WITH	["32942085_fullText_1"]	Myotonic Dystrophy	C0027126
ADAMTS1 gene	C1332018	ASSOCIATED_WITH		Ovarian Failure, Premature	C0085215
ADAMTS1 gene	C1332018	ASSOCIATED_WITH		Alzheimer's Disease	C0002395
HINT1 gene	C1415545	ASSOCIATED_WITH		Peripheral Neuropathy	C0031117
HINT1 gene	C1415545	ASSOCIATED_WITH		Charcot-Marie-Tooth Disease	C0007959
HINT1 gene	C1415545	ASSOCIATED_WITH	["27763639_fullText_12"]	Myopathy	C0026848
DPP4 gene	C1414141	ASSOCIATED_WITH		Middle East Respiratory Syndrome	C3694279
DPP4 gene	C1414141	ASSOCIATED_WITH		Diabetes Mellitus, Non-Insulin-Dependent	C0011860
IL33 gene	C1825595	ASSOCIATED_WITH		Peptic Ulcer	C0030920
IL33 gene	C1825595	ASSOCIATED_WITH		Kidney Diseases	C0022658
IL33 gene	C1825595	ASSOCIATED_WITH		Inflammatory Bowel Diseases	C0021390
IL33 gene	C1825595	ASSOCIATED_WITH		Pneumonia	C0032285
IL33 gene	C1825595	ASSOCIATED_WITH		Dermatitis, Atopic	C0011615
IL33 gene	C1825595	ASSOCIATED_WITH		Asthma	C0004096
DCX gene	C1413938	ASSOCIATED_WITH		Subcortical Band Heterotopia	C1848201
DCX gene	C1413938	ASSOCIATED_WITH		SUBCORTICAL BAND HETEROTOPIA, X-LINKED	C1848200
HMGB1 gene	C1333908	ASSOCIATED_WITH		Amyotrophic Lateral Sclerosis	C0002736
HMGB1 gene	C1333908	ASSOCIATED_WITH		Hypertensive disease	C0020538
HMGB1 gene	C1333908	ASSOCIATED_WITH		Myocardial Ischemia	C0151744
HMGB1 gene	C1333908	ASSOCIATED_WITH		Pulmonary Fibrosis	C0034069
HMGB1 gene	C1333908	ASSOCIATED_WITH		Myocardial Infarction	C0027051
HMGB1 gene	C1333908	ASSOCIATED_WITH		Sepsis	C0243026
CYBB gene	C1413844	ASSOCIATED_WITH		Kidney Failure, Chronic	C0022661
CYBB gene	C1413844	ASSOCIATED_WITH		Kidney Diseases	C0022658
CYBB gene	C1413844	ASSOCIATED_WITH		Heart failure	C0018801
CYBB gene	C1413844	ASSOCIATED_WITH		Congestive heart failure	C0018802
CYBB gene	C1413844	ASSOCIATED_WITH		Hypertensive disease	C0020538
CYBB gene	C1413844	ASSOCIATED_WITH		Diabetes Mellitus	C0011849
CYBB gene	C1413844	ASSOCIATED_WITH		Chronic granulomatous disease	C0018203
CYBB gene	C1413844	ASSOCIATED_WITH		Atypical Mycobacteriosis, Familial, X-Linked 2	C1970859
CYBB gene	C1413844	ASSOCIATED_WITH		Granulomatous Disease, Chronic, X-Linked	C1844376
CYBB gene	C1413844	ASSOCIATED_WITH	["23612646_fullText_4"]	Phenylketonurias	C0031485
CYP3A5 gene	C1413882	ASSOCIATED_WITH		Essential Hypertension	C0085580
CYP3A5 gene	C1413882	ASSOCIATED_WITH		Kidney Diseases	C0022658
TAC1 wt Allele	C1705924	ASSOCIATED_WITH	["34448639_fullText_1"]	Heart failure	C0018801
NPC1 gene	C1417776	ASSOCIATED_WITH		Cataplexy	C0007384
NPC1 gene	C1417776	ASSOCIATED_WITH		Atherosclerosis	C0004153
NPC1 gene	C1417776	ASSOCIATED_WITH		Liver diseases	C0023895
NPC1 gene	C1417776	ASSOCIATED_WITH		NIEMANN-PICK DISEASE, TYPE C2	C1843366
NPC1 gene	C1417776	ASSOCIATED_WITH		Obesity	C0028754
NPC1 gene	C1417776	ASSOCIATED_WITH		Niemann-Pick Diseases	C0028064
NPC1 gene	C1417776	ASSOCIATED_WITH		Niemann-Pick Disease, Type C1	C3179455
NPC1 gene	C1417776	ASSOCIATED_WITH		Niemann-Pick Disease, Type C	C0220756
NPC2 gene	C1422736	ASSOCIATED_WITH		Niemann-Pick Disease, Type C1	C3179455
NPC2 gene	C1422736	ASSOCIATED_WITH		Niemann-Pick Diseases	C0028064
NPC2 gene	C1422736	ASSOCIATED_WITH		Niemann-Pick Disease, Type C	C0220756
NPC2 gene	C1422736	ASSOCIATED_WITH		NIEMANN-PICK DISEASE, TYPE C2	C1843366
NOS1 gene	C1417759	ASSOCIATED_WITH		Diabetes Mellitus, Insulin-Dependent	C0011854
NOS1 gene	C1417759	ASSOCIATED_WITH		Cerebellar Diseases	C0007760
NOS1 gene	C1417759	ASSOCIATED_WITH		Status Epilepticus	C0038220
NOS1 gene	C1417759	ASSOCIATED_WITH		Hepatic Encephalopathy	C0019151
NOS1 gene	C1417759	ASSOCIATED_WITH		nervous system disorder	C0027765
NOS1 gene	C1417759	ASSOCIATED_WITH		Fetal Alcohol Syndrome	C0015923
NOS1 gene	C1417759	ASSOCIATED_WITH		Cystic Fibrosis	C0010674
NOS1 gene	C1417759	ASSOCIATED_WITH		Asthma	C0004096
NOS1 gene	C1417759	ASSOCIATED_WITH		Alzheimer's Disease	C0002395
NOS1 gene	C1417759	ASSOCIATED_WITH		Parkinson Disease	C0030567
RELN gene	C1419337	ASSOCIATED_WITH		Alzheimer's Disease	C0002395
SLC2A2 gene	C1420172	ASSOCIATED_WITH		Fatty Liver	C0015695
SLC2A2 gene	C1420172	ASSOCIATED_WITH		Adult Fanconi syndrome	C0341703
SLC2A2 gene	C1420172	ASSOCIATED_WITH		Fanconi Syndrome	C0015624
SLC2A2 gene	C1420172	ASSOCIATED_WITH		Glycogen Storage Disease	C0017919
SLC2A2 gene	C1420172	ASSOCIATED_WITH		Diabetes Mellitus, Non-Insulin-Dependent	C0011860
SLC2A2 gene	C1420172	ASSOCIATED_WITH		Fanconi-Bickel Syndrome	C3495427
OPN1MW gene	C1415024	ASSOCIATED_WITH		Color Blindness, Red-Green	C0155016
OPN1MW gene	C1415024	ASSOCIATED_WITH		Deuteranomaly	C3887938
ADAMTS2 gene	C1412208	ASSOCIATED_WITH		Ehlers-Danlos Syndrome	C0013720
GRHL3 gene	C1842259	ASSOCIATED_WITH		Van der Woude syndrome	C0175697
GRM1 gene	C1333711	ASSOCIATED_WITH		Status Epilepticus	C0038220
GRM1 gene	C1333711	ASSOCIATED_WITH		Ataxia, Spinocerebellar	C0087012
GRM1 gene	C1333711	ASSOCIATED_WITH		Epilepsy, Temporal Lobe	C0014556
GRM1 gene	C1333711	ASSOCIATED_WITH		Epilepsy	C0014544
CPE gene	C1413668	ASSOCIATED_WITH		Endocrine System Diseases	C0014130
CPE gene	C1413668	ASSOCIATED_WITH		Diabetes Mellitus, Non-Insulin-Dependent	C0011860
CPE gene	C1413668	ASSOCIATED_WITH		Obesity	C0028754
PON1 gene	C1418754	ASSOCIATED_WITH		Glomerulonephritis, Membranoproliferative	C0017662
PON1 gene	C1418754	ASSOCIATED_WITH		Hemorrhoids	C0019112
PON1 gene	C1418754	ASSOCIATED_WITH		Hyperthyroidism	C0020550
PON1 gene	C1418754	ASSOCIATED_WITH		Chronic myocardial ischemia	C0264694
PON1 gene	C1418754	ASSOCIATED_WITH		Impaired glucose tolerance	C0271650
PON1 gene	C1418754	ASSOCIATED_WITH		Henoch-Schoenlein Purpura	C0034152
PON1 gene	C1418754	ASSOCIATED_WITH		Glaucoma, Open-Angle	C0017612
PON1 gene	C1418754	ASSOCIATED_WITH		Capillary Leak Syndrome	C0343084
PON1 gene	C1418754	ASSOCIATED_WITH		Hyperlipoproteinemias	C0020476
PON1 gene	C1418754	ASSOCIATED_WITH		Glaucoma, Primary Open Angle	C0339573
PON1 gene	C1418754	ASSOCIATED_WITH		Arteriosclerosis	C0003850
PON1 gene	C1418754	ASSOCIATED_WITH		Hyperglycemia	C0020456
PON1 gene	C1418754	ASSOCIATED_WITH		Atherosclerosis	C0004153
PON1 gene	C1418754	ASSOCIATED_WITH		Coronary Arteriosclerosis	C0010054
PON1 gene	C1418754	ASSOCIATED_WITH		Diabetes Mellitus, Non-Insulin-Dependent	C0011860
PON1 gene	C1418754	ASSOCIATED_WITH		Metabolic Syndrome X	C0524620
PON1 gene	C1418754	ASSOCIATED_WITH		Coronary heart disease	C0010068
PON1 gene	C1418754	ASSOCIATED_WITH		Amyotrophic Lateral Sclerosis	C0002736
PON1 gene	C1418754	ASSOCIATED_WITH		Diabetes Mellitus	C0011849
PON1 gene	C1418754	ASSOCIATED_WITH		Cardiovascular Diseases	C0007222
PON1 gene	C1418754	ASSOCIATED_WITH		Alzheimer's Disease	C0002395
PON1 gene	C1418754	ASSOCIATED_WITH		Metabolic Diseases	C0025517
PON1 gene	C1418754	ASSOCIATED_WITH		Myocardial Infarction	C0027051
PON1 gene	C1418754	ASSOCIATED_WITH		Hypertensive disease	C0020538
PON1 gene	C1418754	ASSOCIATED_WITH		Rheumatoid Arthritis	C0003873
PON1 gene	C1418754	ASSOCIATED_WITH		Hyperhomocysteinemia	C0598608
PON1 gene	C1418754	ASSOCIATED_WITH		Diabetic Retinopathy	C0011884
PON1 gene	C1418754	ASSOCIATED_WITH		Hypercholesterolemia	C0020443
PON1 gene	C1418754	ASSOCIATED_WITH		Acute Coronary Syndrome	C0948089
PON1 gene	C1418754	ASSOCIATED_WITH		Myocardial Ischemia	C0151744
PON1 gene	C1418754	ASSOCIATED_WITH		Cerebral Infarction	C0007785
PON1 gene	C1418754	ASSOCIATED_WITH		Diabetic Nephropathy	C0011881
PON1 gene	C1418754	ASSOCIATED_WITH		Fatty Liver	C0015695
PON1 gene	C1418754	ASSOCIATED_WITH		Coronary Artery Vasospasm	C0010073
PON1 gene	C1418754	ASSOCIATED_WITH		Heart Diseases	C0018799
PON1 gene	C1418754	ASSOCIATED_WITH		Retinal Vein Occlusion	C0035328
PON1 gene	C1418754	ASSOCIATED_WITH		Aortic Aneurysm, Abdominal	C0162871
PON1 gene	C1418754	ASSOCIATED_WITH		Diabetic Angiopathies	C0011875
PON1 gene	C1418754	ASSOCIATED_WITH		Persian Gulf Syndrome	C0282550
PON1 gene	C1418754	ASSOCIATED_WITH		Hypercholesterolemia, Familial	C0020445
PON1 gene	C1418754	ASSOCIATED_WITH		Male infertility	C0021364
PON1 gene	C1418754	ASSOCIATED_WITH		Heart failure	C0018801
PON1 gene	C1418754	ASSOCIATED_WITH		Congestive heart failure	C0018802
PON1 gene	C1418754	ASSOCIATED_WITH		Anemia	C0002871
ITM2B gene	C1416512	ASSOCIATED_WITH		Hypertensive disease	C0020538
ITM2B gene	C1416512	ASSOCIATED_WITH		Dementia, familial Danish	C1861735
ITM2B gene	C1416512	ASSOCIATED_WITH		Amyloid Polyneuropathy, British Type	C0342608
TAF1 gene	C1336564	ASSOCIATED_WITH		Dystonia Musculorum Deformans	C0013423
TAF1 gene	C1336564	ASSOCIATED_WITH		Dystonia 3, Torsion, X-Linked	C1839130
CDKN2A gene	C0525037	ASSOCIATED_WITH		Chronic Obstructive Airway Disease	C0024117
CDKN2A gene	C0525037	ASSOCIATED_WITH		Glaucoma	C0017601
ZEB1 gene	C1420645	ASSOCIATED_WITH		Oral Submucous Fibrosis	C0029172
ZEB1 gene	C1420645	ASSOCIATED_WITH		Hereditary corneal dystrophy	C0010035
ZEB1 gene	C1420645	ASSOCIATED_WITH		Corneal dystrophy	C0010036
ZEB1 gene	C1420645	ASSOCIATED_WITH		Fuchs Endothelial Dystrophy	C0016781
BST1 gene	C1412830	ASSOCIATED_WITH		Parkinson Disease	C0030567
COMT gene	C1135159	ASSOCIATED_WITH		Mycetoma	C0024449
COMT gene	C1135159	ASSOCIATED_WITH		Obesity	C0028754
COMT gene	C1135159	ASSOCIATED_WITH		Temporomandibular Joint Disorders	C0039494
COMT gene	C1135159	ASSOCIATED_WITH		DiGeorge Syndrome	C0012236
COMT gene	C1135159	ASSOCIATED_WITH		Hypertensive disease	C0020538
COMT gene	C1135159	ASSOCIATED_WITH		Fibromyalgia	C0016053
COMT gene	C1135159	ASSOCIATED_WITH		Psoriasis	C0033860
COMT gene	C1135159	ASSOCIATED_WITH		Neonatal Abstinence Syndrome	C0027609
COMT gene	C1135159	ASSOCIATED_WITH		Vitiligo	C0042900
COMT gene	C1135159	ASSOCIATED_WITH		Uremia	C0041948
KCNQ1 gene	C1416612	ASSOCIATED_WITH		Hypertrophic Cardiomyopathy	C0007194
KCNQ1 gene	C1416612	ASSOCIATED_WITH		Sudden infant death syndrome	C0038644
KCNQ1 gene	C1416612	ASSOCIATED_WITH		Ventricular tachycardia, polymorphic	C0344432
KCNQ1 gene	C1416612	ASSOCIATED_WITH		Long Qt Syndrome 2	C3150943
KCNQ1 gene	C1416612	ASSOCIATED_WITH		Beckwith-Wiedemann Syndrome	C0004903
KCNQ1 gene	C1416612	ASSOCIATED_WITH		Brugada Syndrome (disorder)	C1142166
KCNQ1 gene	C1416612	ASSOCIATED_WITH		Congenital long QT syndrome	C1141890
KCNQ1 gene	C1416612	ASSOCIATED_WITH		Short Qt Syndrome	C2348199
KCNQ1 gene	C1416612	ASSOCIATED_WITH		Atrial Fibrillation	C0004238
KCNQ1 gene	C1416612	ASSOCIATED_WITH		Diabetes Mellitus, Non-Insulin-Dependent	C0011860
KCNQ1 gene	C1416612	ASSOCIATED_WITH		Long QT Syndrome	C0023976
KCNQ1 gene	C1416612	ASSOCIATED_WITH		Jervell-Lange Nielsen Syndrome	C0022387
VEGFA gene	C1823619	ASSOCIATED_WITH		Liver Failure	C0085605
VEGFA gene	C1823619	ASSOCIATED_WITH		Hypoxia-Ischemia, Brain	C0752308
VEGFA gene	C1823619	ASSOCIATED_WITH		Acute Chest Syndrome	C0742343
VEGFA gene	C1823619	ASSOCIATED_WITH		Epilepsy, Temporal Lobe	C0014556
VEGFA gene	C1823619	ASSOCIATED_WITH		Bronchitis, Chronic	C0008677
VEGFA gene	C1823619	ASSOCIATED_WITH		Pseudoxanthoma Elasticum	C0033847
VEGFA gene	C1823619	ASSOCIATED_WITH		Status Epilepticus	C0038220
VEGFA gene	C1823619	ASSOCIATED_WITH		Chronic myocardial ischemia	C0264694
VEGFA gene	C1823619	ASSOCIATED_WITH		Erectile dysfunction	C0242350
VEGFA gene	C1823619	ASSOCIATED_WITH		Glomerulonephritis	C0017658
VEGFA gene	C1823619	ASSOCIATED_WITH		Heart Diseases	C0018799
VEGFA gene	C1823619	ASSOCIATED_WITH		Gastric ulcer	C0038358
VEGFA gene	C1823619	ASSOCIATED_WITH		Kidney Failure, Acute	C0022660
VEGFA gene	C1823619	ASSOCIATED_WITH		Congenital heart disease	C0152021
VEGFA gene	C1823619	ASSOCIATED_WITH		Thrombotic Microangiopathies	C2717961
VEGFA gene	C1823619	ASSOCIATED_WITH		Congestive heart failure	C0018802
VEGFA gene	C1823619	ASSOCIATED_WITH		Lung diseases	C0024115
VEGFA gene	C1823619	ASSOCIATED_WITH		Macular degeneration	C0024437
VEGFA gene	C1823619	ASSOCIATED_WITH		Hypertension, Portal	C0020541
VEGFA gene	C1823619	ASSOCIATED_WITH		Liver Cirrhosis	C0023890
VEGFA gene	C1823619	ASSOCIATED_WITH		Diabetic Angiopathies	C0011875
VEGFA gene	C1823619	ASSOCIATED_WITH		Diabetic Retinopathy	C0011884
VEGFA gene	C1823619	ASSOCIATED_WITH		Hypertensive disease	C0020538
VEGFA gene	C1823619	ASSOCIATED_WITH		Retinal Diseases	C0035309
VEGFA gene	C1823619	ASSOCIATED_WITH		Rheumatoid Arthritis	C0003873
VEGFA gene	C1823619	ASSOCIATED_WITH		Psoriasis	C0033860
VEGFA gene	C1823619	ASSOCIATED_WITH		Alzheimer's Disease	C0002395
VEGFA gene	C1823619	ASSOCIATED_WITH		Coronary Arteriosclerosis	C0010054
VEGFA gene	C1823619	ASSOCIATED_WITH		Macular retinal edema	C0271051
VEGFA gene	C1823619	ASSOCIATED_WITH		Asthma	C0004096
VEGFA gene	C1823619	ASSOCIATED_WITH		Diabetic Nephropathy	C0011881
VEGFA gene	C1823619	ASSOCIATED_WITH		Retinal Vein Occlusion	C0035328
VEGFA gene	C1823619	ASSOCIATED_WITH		Myocardial Ischemia	C0151744
VEGFA gene	C1823619	ASSOCIATED_WITH		Corneal Neovascularization	C0085109
VEGFA gene	C1823619	ASSOCIATED_WITH		Coronary heart disease	C0010068
VEGFA gene	C1823619	ASSOCIATED_WITH		Graves Disease	C0018213
VEGFA gene	C1823619	ASSOCIATED_WITH		Exudative age-related macular degeneration	C0271084
VEGFA gene	C1823619	ASSOCIATED_WITH		Atherosclerosis	C0004153
VEGFA gene	C1823619	ASSOCIATED_WITH		Heart failure	C0018801
VEGFA gene	C1823619	ASSOCIATED_WITH		Mucocutaneous Lymph Node Syndrome	C0026691
VEGFA gene	C1823619	ASSOCIATED_WITH		Diabetic Neuropathies	C0011882
CALCR gene	C1413085	ASSOCIATED_WITH		Hypercalcemia	C0020437
CALCR gene	C1413085	ASSOCIATED_WITH		Osteoporosis	C0029456
CALCR gene	C1413085	ASSOCIATED_WITH		Osteoporosis, Postmenopausal	C0029458
FOLH1 gene	C1333570	ASSOCIATED_WITH		Aortic Aneurysm, Abdominal	C0162871
THBS1 gene	C1336626	ASSOCIATED_WITH		Liver Cirrhosis	C0023890
THBS1 gene	C1336626	ASSOCIATED_WITH		Diabetic Angiopathies	C0011875
THBS1 gene	C1336626	ASSOCIATED_WITH		Diabetic Retinopathy	C0011884
GRM2 gene	C1415306	ASSOCIATED_WITH		Epilepsy, Temporal Lobe	C0014556
GLUD1 gene	C1415113	ASSOCIATED_WITH		Hypoglycemia	C0020615
GLUD1 gene	C1415113	ASSOCIATED_WITH		Congenital Hyperinsulinism	C3888018
GLUD1 gene	C1415113	ASSOCIATED_WITH		Hyperinsulinism	C0020459
GLUD1 gene	C1415113	ASSOCIATED_WITH		Hyperinsulinemic hypoglycemia, familial, 6	C1847555
CYP1A1 gene	C0919425	ASSOCIATED_WITH		Sinus Tachycardia	C0039239
CYP1A1 gene	C0919425	ASSOCIATED_WITH		Cystic Fibrosis	C0010674
CYP1A1 gene	C0919425	ASSOCIATED_WITH		Dermatitis, Atopic	C0011615
CYP1A1 gene	C0919425	ASSOCIATED_WITH		Occupational Diseases	C0028797
CYP1A1 gene	C0919425	ASSOCIATED_WITH		Chronic Obstructive Airway Disease	C0024117
CYP1A1 gene	C0919425	ASSOCIATED_WITH		Parkinson Disease	C0030567
CYP1A1 gene	C0919425	ASSOCIATED_WITH		Psoriasis	C0033860
CYP1A1 gene	C0919425	ASSOCIATED_WITH		Male infertility	C0021364
CYP1A1 gene	C0919425	ASSOCIATED_WITH		Diabetes Mellitus	C0011849
CYP1A1 gene	C0919425	ASSOCIATED_WITH		Hypertensive disease	C0020538
CYP1A1 gene	C0919425	ASSOCIATED_WITH		Polycystic Ovary Syndrome	C0032460
CYP1A1 gene	C0919425	ASSOCIATED_WITH		Lupus Erythematosus, Systemic	C0024141
CYP1A1 gene	C0919425	ASSOCIATED_WITH		Pneumonia	C0032285
CYP1A1 gene	C0919425	ASSOCIATED_WITH		Bronchitis, Chronic	C0008677
CYP1A1 gene	C0919425	ASSOCIATED_WITH		Arthritis, Psoriatic	C0003872
CYP1A1 gene	C0919425	ASSOCIATED_WITH		Diabetes Mellitus, Non-Insulin-Dependent	C0011860
CYP1A1 gene	C0919425	ASSOCIATED_WITH		Kidney Failure, Chronic	C0022661
CYP1A1 gene	C0919425	ASSOCIATED_WITH		Porphyria Cutanea Tarda	C0162566
CYP1A1 gene	C0919425	ASSOCIATED_WITH		Graves Disease	C0018213
CYP1A1 gene	C0919425	ASSOCIATED_WITH		Sjogren's Syndrome	C1527336
CYP1A1 gene	C0919425	ASSOCIATED_WITH		Periodontitis	C0031099
CYP1A1 gene	C0919425	ASSOCIATED_WITH		Behcet Syndrome	C0004943
CYP1A1 gene	C0919425	ASSOCIATED_WITH		Bronchitis	C0006277
CYP1A1 gene	C0919425	ASSOCIATED_WITH		Ankylosing spondylitis	C0038013
TRPM8 gene	C1425206	ASSOCIATED_WITH		Common Migraine	C0338480
TRPM8 gene	C1425206	ASSOCIATED_WITH		Migraine Disorders	C0149931
MYD88 gene	C1417530	ASSOCIATED_WITH		Hypertensive disease	C0020538
MYD88 gene	C1417530	ASSOCIATED_WITH		Pneumonia	C0032285
SNAP25 gene	C1420270	ASSOCIATED_WITH		Myasthenic Syndromes, Congenital	C0751882
SNAP25 gene	C1420270	ASSOCIATED_WITH		Down Syndrome	C0013080
SNAP25 gene	C1420270	ASSOCIATED_WITH		Diabetes Mellitus, Non-Insulin-Dependent	C0011860
SNAP25 gene	C1420270	ASSOCIATED_WITH		Epilepsy	C0014544
NTRK2 gene	C1334909	ASSOCIATED_WITH		Alcohol Related Birth Defect	C3146244
NTRK2 gene	C1334909	ASSOCIATED_WITH		Status Epilepticus	C0038220
NTRK2 gene	C1334909	ASSOCIATED_WITH		Obesity, Morbid	C0028756
NTRK2 gene	C1334909	ASSOCIATED_WITH		Alzheimer's Disease	C0002395
NTRK2 gene	C1334909	ASSOCIATED_WITH		Obesity	C0028754
CALD1 wt Allele	C3813548	ASSOCIATED_WITH__INFER__	["34811932_fullText_11"]	Chronic Kidney Diseases	C1561643
DIO1 gene	C1414051	ASSOCIATED_WITH		Thyroid Diseases	C0040128
UNC13A gene	C1427949	ASSOCIATED_WITH		Amyotrophic Lateral Sclerosis	C0002736
NPPA gene	C1417807	ASSOCIATED_WITH		Aortic Valve Insufficiency	C0003504
NPPA gene	C1417807	ASSOCIATED_WITH		Liver Cirrhosis	C0023890
NPPA gene	C1417807	ASSOCIATED_WITH		Kidney Failure, Acute	C0022660
NPPA gene	C1417807	ASSOCIATED_WITH		Cardiomyopathy, Dilated	C0007193
NPPA gene	C1417807	ASSOCIATED_WITH		Coronary heart disease	C0010068
NPPA gene	C1417807	ASSOCIATED_WITH		Renal hypertension	C0020544
NPPA gene	C1417807	ASSOCIATED_WITH		Myocardial Ischemia	C0151744
NPPA gene	C1417807	ASSOCIATED_WITH		Coronary Arteriosclerosis	C0010054
NPPA gene	C1417807	ASSOCIATED_WITH		Left Ventricular Hypertrophy	C0149721
NPPA gene	C1417807	ASSOCIATED_WITH		Congestive heart failure	C0018802
NPPA gene	C1417807	ASSOCIATED_WITH		Myocardial Infarction	C0027051
NPPA gene	C1417807	ASSOCIATED_WITH		Hypertensive disease	C0020538
NPPA gene	C1417807	ASSOCIATED_WITH		Heart failure	C0018801
NPPA gene	C1417807	ASSOCIATED_WITH	["30379275_fullText_64"]	Kearns-Sayre syndrome	C0022541
P2RY1 gene	C1418217	CAUSES	["37589138_fullText_2"]	Coronary Arteriosclerosis	C0010054
PRODH gene	C1418945	ASSOCIATED_WITH		nervous system disorder	C0027765
PRODH gene	C1418945	ASSOCIATED_WITH		Amino Acid Metabolism, Inborn Errors	C0002514
KCNN3 gene	C1416610	ASSOCIATED_WITH		Atrial Fibrillation	C0004238
CASP3 gene	C1413132	ASSOCIATED_WITH		Brain Ischemia	C0007786
CASP3 gene	C1413132	ASSOCIATED_WITH		nervous system disorder	C0027765
CASP3 gene	C1413132	ASSOCIATED_WITH		Diabetic Retinopathy	C0011884
CASP3 gene	C1413132	ASSOCIATED_WITH		Sepsis	C0243026
CASP3 gene	C1413132	ASSOCIATED_WITH		Status Epilepticus	C0038220
CASP3 gene	C1413132	ASSOCIATED_WITH		Diabetes Mellitus, Non-Insulin-Dependent	C0011860
CASP3 gene	C1413132	ASSOCIATED_WITH		Ulcerative Colitis	C0009324
CASP3 gene	C1413132	ASSOCIATED_WITH		Myocardial Infarction	C0027051
CASP3 gene	C1413132	ASSOCIATED_WITH		Subarachnoid Hemorrhage	C0038525
CASP3 gene	C1413132	ASSOCIATED_WITH		Parkinson Disease	C0030567
CASP3 gene	C1413132	ASSOCIATED_WITH		Alzheimer's Disease	C0002395
ARNT gene	C1332116	ASSOCIATED_WITH		Endometriosis	C0014175
CYP2C8 gene	C1413873	ASSOCIATED_WITH		Kidney Diseases	C0022658
CYP2C8 gene	C1413873	ASSOCIATED_WITH		Peripheral Neuropathy	C0031117
VTN gene	C1336937	ASSOCIATED_WITH		Granulomatosis with polyangiitis	C3495801
VTN gene	C1336937	ASSOCIATED_WITH		Liver Cirrhosis	C0023890
EPHX2 gene	C1414433	ASSOCIATED_WITH		Kidney Failure, Acute	C0022660
EPHX2 gene	C1414433	ASSOCIATED_WITH		Heart failure	C0018801
EPHX2 gene	C1414433	ASSOCIATED_WITH		Congestive heart failure	C0018802
EPHX2 gene	C1414433	ASSOCIATED_WITH		Coronary heart disease	C0010068
EPHX2 gene	C1414433	ASSOCIATED_WITH		Myocardial Ischemia	C0151744
EPHX2 gene	C1414433	ASSOCIATED_WITH		Coronary Arteriosclerosis	C0010054
EPHX2 gene	C1414433	ASSOCIATED_WITH		Hypertensive disease	C0020538
EPHX2 gene	C1414433	ASSOCIATED_WITH		Hyperlipoproteinemia Type IIa	C0745103
MAPK8 gene	C1367731	ASSOCIATED_WITH		Candidiasis, Chronic Mucocutaneous	C0006845
MAPK8 gene	C1367731	ASSOCIATED_WITH		Liver Failure, Acute	C0162557
MAPK8 gene	C1367731	ASSOCIATED_WITH		Aortic Aneurysm, Abdominal	C0162871
MAPK8 gene	C1367731	ASSOCIATED_WITH		Dermatitis, Atopic	C0011615
MAPK8 gene	C1367731	ASSOCIATED_WITH		Diabetes Mellitus, Non-Insulin-Dependent	C0011860
PLB1 gene	C1428925	ASSOCIATED_WITH		Rheumatoid Arthritis	C0003873
SLC2A1 gene	C1335837	ASSOCIATED_WITH		Myoclonic Absence Epilepsy	C0393703
SLC2A1 gene	C1335837	ASSOCIATED_WITH		Migraine Disorders	C0149931
SLC2A1 gene	C1335837	ASSOCIATED_WITH		Childhood Absence Epilepsy	C4281785
SLC2A1 gene	C1335837	ASSOCIATED_WITH		nervous system disorder	C0027765
SLC2A1 gene	C1335837	ASSOCIATED_WITH		Myoclonic Astatic Epilepsy	C0393702
SLC2A1 gene	C1335837	ASSOCIATED_WITH		Absence Epilepsy	C0014553
SLC2A1 gene	C1335837	ASSOCIATED_WITH		Obesity	C0028754
SLC2A1 gene	C1335837	ASSOCIATED_WITH		Epilepsy	C0014544
SLC2A1 gene	C1335837	ASSOCIATED_WITH		Diabetes Mellitus, Non-Insulin-Dependent	C0011860
SLC2A1 gene	C1335837	ASSOCIATED_WITH		DYSTONIA 18 (disorder)	C1842534
SLC2A1 gene	C1335837	ASSOCIATED_WITH		De Vivo disease	C1847501
SLC16A7 gene	C1420108	ASSOCIATED_WITH		Obesity	C0028754
FNDC5 gene	C1426803	ASSOCIATED_WITH		Hypertensive disease	C0020538
LRPAP1 gene	C1416920	ASSOCIATED_WITH		Alzheimer's Disease	C0002395
LRPAP1 gene	C1416920	ASSOCIATED_WITH		Myocardial Infarction	C0027051
LRPAP1 gene	C1416920	ASSOCIATED_WITH		Myopia	C0027092
PTGES gene	C1419067	ASSOCIATED_WITH		Hydronephrosis	C0020295
HTR4 gene	C1415813	ASSOCIATED_WITH		Cerebrovascular accident	C0038454
HTR4 gene	C1415813	ASSOCIATED_WITH		Atrial Fibrillation	C0004238
KCNK9 gene	C1416601	ASSOCIATED_WITH		Absence Epilepsy	C0014553
MSLN gene	C1334533	ASSOCIATED_WITH		Pleural Diseases	C0032226
KIT gene	C1416655	ASSOCIATED_WITH		Lung diseases	C0024115
KIT gene	C1416655	ASSOCIATED_WITH		Mastocytosis, Systemic	C0221013
KIT gene	C1416655	ASSOCIATED_WITH		Mastocytosis	C0024899
KIT gene	C1416655	ASSOCIATED_WITH		Piebaldism	C0080024
KIT gene	C1416655	ASSOCIATED_WITH		Urticaria Pigmentosa	C0042111
TNFRSF9 gene	C1420813	ASSOCIATED_WITH		Myocarditis	C0027059
TNFRSF9 gene	C1420813	ASSOCIATED_WITH		Virus Diseases	C0042769
DLG4 gene	C1333226	ASSOCIATED_WITH		Williams Syndrome	C0175702
HSPA5 gene	C1415761	ASSOCIATED_WITH		Asbestosis	C0003949
HSPA5 gene	C1415761	ASSOCIATED_WITH		SPINOCEREBELLAR ATAXIA 17	C1846707
HSPA5 gene	C1415761	ASSOCIATED_WITH		Obesity	C0028754
BEST1 gene	C1826421	ASSOCIATED_WITH		Rod-Cone Dystrophy	C4551714
BEST1 gene	C1826421	ASSOCIATED_WITH		Retinal Dystrophies	C0854723
BEST1 gene	C1826421	ASSOCIATED_WITH		Retinitis Pigmentosa	C0035334
BEST1 gene	C1826421	ASSOCIATED_WITH		Macular degeneration	C0024437
BEST1 gene	C1826421	ASSOCIATED_WITH		Vitelliform Macular Dystrophy	C0339510
BEST1 gene	C1826421	ASSOCIATED_WITH		Juvenile-Onset Vitelliform Macular Dystrophy	C2745945
BEST1 gene	C1826421	ASSOCIATED_WITH		Autosomal dominant vitreoretinochoroidopathy	C3888099
ATP6AP1 gene	C1412687	ASSOCIATED_WITH		IMMUNODEFICIENCY 47	C4310819
ATP6AP1 gene	C1412687	ASSOCIATED_WITH	["28108845_fullText_7","33407696_fullText_60"]	Liver diseases	C0023895
ATP6AP1 gene	C1412687	ASSOCIATED_WITH	["33407696_fullText_50"]	Hydrops Fetalis, Non-Immune	C0455988
RIPK3 gene	C1335625	ASSOCIATED_WITH		Fatty Liver	C0015695
ABCB1 gene	C0376622	ASSOCIATED_WITH		Idiopathic generalized epilepsy	C0270850
ABCB1 gene	C0376622	ASSOCIATED_WITH		Hyperlipoproteinemias	C0020476
ABCB1 gene	C0376622	ASSOCIATED_WITH		Escherichia coli Infections	C0014836
ABCB1 gene	C0376622	ASSOCIATED_WITH		Heart Diseases	C0018799
ABCB1 gene	C0376622	ASSOCIATED_WITH		Acquired Immunodeficiency Syndrome	C0001175
ABCB1 gene	C0376622	ASSOCIATED_WITH		Behcet Syndrome	C0004943
ABCB1 gene	C0376622	ASSOCIATED_WITH		Epilepsy	C0014544
ABCB1 gene	C0376622	ASSOCIATED_WITH		HIV Infections	C0019693
ABCB1 gene	C0376622	ASSOCIATED_WITH		Parkinson Disease	C0030567
ABCB1 gene	C0376622	ASSOCIATED_WITH		Ulcerative Colitis	C0009324
ABCB1 gene	C0376622	ASSOCIATED_WITH		Diabetes Mellitus, Non-Insulin-Dependent	C0011860
ABCB1 gene	C0376622	ASSOCIATED_WITH		Malaria	C0024530
ABCB1 gene	C0376622	ASSOCIATED_WITH		Rheumatoid Arthritis	C0003873
ABCB1 gene	C0376622	ASSOCIATED_WITH		Neutropenia	C0027947
ABCB1 gene	C0376622	ASSOCIATED_WITH		Status Epilepticus	C0038220
ABCB1 gene	C0376622	ASSOCIATED_WITH		Hyperlipidemia	C0020473
ABCB1 gene	C0376622	ASSOCIATED_WITH		Tuberculosis, Pulmonary	C0041327
ABCB1 gene	C0376622	ASSOCIATED_WITH		Peripheral Neuropathy	C0031117
ABCB1 gene	C0376622	ASSOCIATED_WITH		nervous system disorder	C0027765
ABCB1 gene	C0376622	ASSOCIATED_WITH		Kidney Diseases	C0022658
ABCB1 gene	C0376622	ASSOCIATED_WITH		Familial Mediterranean Fever	C0031069
ABCB1 gene	C0376622	ASSOCIATED_WITH		Cardiomyopathies	C0878544
P4HB gene	C1418224	ASSOCIATED_WITH		Osteoporosis	C0029456
P4HB gene	C1418224	ASSOCIATED_WITH		Lobstein Disease	C0023931
PTEN gene	C0694888	ASSOCIATED_WITH		Epstein-Barr Virus Infections	C0149678
PTEN gene	C0694888	ASSOCIATED_WITH		Silicosis	C0037116
PTEN gene	C0694888	ASSOCIATED_WITH		Congenital neurologic anomalies	C0497552
PTEN gene	C0694888	ASSOCIATED_WITH		Hypertensive disease	C0020538
PTEN gene	C0694888	ASSOCIATED_WITH		Hemimegalencephaly	C0431391
PTEN gene	C0694888	ASSOCIATED_WITH		Liver Cirrhosis	C0023890
PTEN gene	C0694888	ASSOCIATED_WITH		Lipomatosis	C0023801
PTEN gene	C0694888	ASSOCIATED_WITH		LEOPARD Syndrome	C0175704
PTEN gene	C0694888	ASSOCIATED_WITH		Nonalcoholic Steatohepatitis	C3241937
PTEN gene	C0694888	ASSOCIATED_WITH		Fatty Liver	C0015695
PTEN gene	C0694888	ASSOCIATED_WITH		Non-alcoholic Fatty Liver Disease	C0400966
PTEN gene	C0694888	ASSOCIATED_WITH		Asthma	C0004096
PTEN gene	C0694888	ASSOCIATED_WITH		PTEN Hamartoma Tumor Syndrome	C1959582
PTEN gene	C0694888	ASSOCIATED_WITH		Bannayan-Riley-Ruvalcaba Syndrome	C0265326
PTEN gene	C0694888	ASSOCIATED_WITH		Lhermitte-Duclos disease	C0391826
MUC7 gene	C1417500	ASSOCIATED_WITH		Asthma	C0004096
CYP1A2 gene	C1332826	ASSOCIATED_WITH		Cholestasis	C0008370
CYP1A2 gene	C1332826	ASSOCIATED_WITH		Liver diseases	C0023895
CYP1A2 gene	C1332826	ASSOCIATED_WITH		Methemoglobinemia	C0025637
CYP1A2 gene	C1332826	ASSOCIATED_WITH		Nonalcoholic Steatohepatitis	C3241937
CYP1A2 gene	C1332826	ASSOCIATED_WITH		Liver Cirrhosis	C0023890
CYP1A2 gene	C1332826	ASSOCIATED_WITH		Non-alcoholic Fatty Liver Disease	C0400966
CYP1A2 gene	C1332826	ASSOCIATED_WITH		Chronic Obstructive Airway Disease	C0024117
CYP1A2 gene	C1332826	ASSOCIATED_WITH		Porphyria Cutanea Tarda	C0162566
CYP1A2 gene	C1332826	ASSOCIATED_WITH		Diabetes Mellitus, Non-Insulin-Dependent	C0011860
SMAD2 gene	C1334468	ASSOCIATED_WITH		Congenital heart disease	C0152021
SMAD2 gene	C1334468	ASSOCIATED_WITH		Loeys-Dietz Syndrome	C2697932
SLC45A2 gene	C1822764	ASSOCIATED_WITH		Oculocutaneous Albinism, Type IV	C1847836
SLC5A2 gene	C1420201	ASSOCIATED_WITH		Glycosuria, Renal	C0017980
CSF1R gene	C0879468	ASSOCIATED_WITH		Frontotemporal dementia	C0338451
CSF1R gene	C0879468	ASSOCIATED_WITH		Diabetes Mellitus	C0011849
CSF1R gene	C0879468	ASSOCIATED_WITH		Parkinsonian Disorders	C0242422
CSF1R gene	C0879468	ASSOCIATED_WITH		Leukoencephalopathies	C0270612
CSF1R gene	C0879468	ASSOCIATED_WITH		Alzheimer's Disease	C0002395
EGR1 gene	C1414314	ASSOCIATED_WITH		Cholestasis	C0008370
EGR1 gene	C1414314	ASSOCIATED_WITH		Brain Ischemia	C0007786
EGR1 gene	C1414314	ASSOCIATED_WITH		Hydronephrosis	C0020295
EGR1 gene	C1414314	ASSOCIATED_WITH		Pneumonia	C0032285
EGR1 gene	C1414314	ASSOCIATED_WITH		Asthma	C0004096
MAPK3 gene	C1366765	ASSOCIATED_WITH		Juvenile Neuronal Ceroid Lipofuscinosis	C0751383
MAPK3 gene	C1366765	ASSOCIATED_WITH		Streptococcal pneumonia	C0155862
MAPK3 gene	C1366765	ASSOCIATED_WITH		Trigeminal Neuralgia	C0040997
MAPK3 gene	C1366765	ASSOCIATED_WITH		Brain Ischemia	C0007786
MAPK3 gene	C1366765	ASSOCIATED_WITH		Pulmonary Hypertension	C0020542
MAPK3 gene	C1366765	ASSOCIATED_WITH		Sepsis	C0243026
MAPK3 gene	C1366765	ASSOCIATED_WITH		Cardiomyopathies	C0878544
MAPK3 gene	C1366765	ASSOCIATED_WITH		Parkinson Disease	C0030567
AIF1 gene	C1412299	ASSOCIATED_WITH		Subarachnoid Hemorrhage	C0038525
AIF1 gene	C1412299	ASSOCIATED_WITH		Parkinson Disease	C0030567
AIF1 gene	C1412299	ASSOCIATED_WITH		Lewy Body Disease	C0752347
AIF1 gene	C1412299	ASSOCIATED_WITH		Diabetes Mellitus, Insulin-Dependent	C0011854
LHB gene	C1416842	ASSOCIATED_WITH		Male infertility	C0021364
LHB gene	C1416842	ASSOCIATED_WITH		Polycystic Ovary Syndrome	C0032460
LHB gene	C1416842	ASSOCIATED_WITH		Hypogonadism	C0020619
ALOX5 gene	C1412361	ASSOCIATED_WITH		Tuberculosis, Pulmonary	C0041327
ALOX5 gene	C1412361	ASSOCIATED_WITH		Colitis	C0009319
ALOX5 gene	C1412361	ASSOCIATED_WITH		Rheumatoid Arthritis	C0003873
ALOX5 gene	C1412361	ASSOCIATED_WITH		Pulmonary Hypertension	C0020542
ALOX5 gene	C1412361	ASSOCIATED_WITH		Asthma	C0004096
ALOX5 gene	C1412361	ASSOCIATED_WITH		Atherosclerosis	C0004153
NOX1 gene	C1456389	ASSOCIATED_WITH		Heart failure	C0018801
NOX1 gene	C1456389	ASSOCIATED_WITH		Congestive heart failure	C0018802
PRNP gene	C1418941	ASSOCIATED_WITH		Scrapie	C0036457
PRNP gene	C1418941	ASSOCIATED_WITH		Hepatolenticular Degeneration	C0019202
PRNP gene	C1418941	ASSOCIATED_WITH		Dementia, Vascular	C0011269
PRNP gene	C1418941	ASSOCIATED_WITH		Multiple Sclerosis	C0026769
PRNP gene	C1418941	ASSOCIATED_WITH		Huntington Disease	C0020179
PRNP gene	C1418941	ASSOCIATED_WITH		Creutzfeldt-Jakob Disease, Familial	C0751254
PRNP gene	C1418941	ASSOCIATED_WITH		Alzheimer's Disease	C0002395
PRNP gene	C1418941	ASSOCIATED_WITH		Creutzfeldt-Jakob disease	C0022336
PRNP gene	C1418941	ASSOCIATED_WITH		Prion Diseases	C0162534
PRNP gene	C1418941	ASSOCIATED_WITH		Kuru	C0022802
PRNP gene	C1418941	ASSOCIATED_WITH		Fatal Familial Insomnia	C0206042
PRNP gene	C1418941	ASSOCIATED_WITH		New Variant Creutzfeldt-Jakob Disease	C0376329
PRNP gene	C1418941	ASSOCIATED_WITH		Gerstmann-Straussler-Scheinker Disease	C0017495
PRNP gene	C1418941	ASSOCIATED_WITH	["8293721_fullText_3"]	Myotonic Dystrophy	C0027126
CACNA1S gene	C1413064	ASSOCIATED_WITH		Centronuclear myopathy	C0175709
CACNA1S gene	C1413064	ASSOCIATED_WITH		Malignant hyperpyrexia due to anesthesia	C0024591
CACNA1S gene	C1413064	ASSOCIATED_WITH		Hypokalemic periodic paralysis	C0238358
CACNA1S gene	C1413064	ASSOCIATED_WITH	["36820519_fullText_7"]	Varicosity	C0042345
FABP4 gene	C1333527	ASSOCIATED_WITH		Kidney Diseases	C0022658
UBD gene	C1425779	ASSOCIATED_WITH		Celiac Disease	C0007570
EIF2AK3 gene	C1414326	ASSOCIATED_WITH		Myocardial Ischemia	C0151744
EIF2AK3 gene	C1414326	ASSOCIATED_WITH		Progressive supranuclear palsy	C0038868
EIF2AK3 gene	C1414326	ASSOCIATED_WITH		Diabetes Mellitus, Insulin-Dependent	C0011854
SAG gene	C1419805	ASSOCIATED_WITH		Cone dystrophy	C0730290
SAG gene	C1419805	ASSOCIATED_WITH		RETINITIS PIGMENTOSA 1	C0220701
SAG gene	C1419805	ASSOCIATED_WITH		Uveitis	C0042164
SAG gene	C1419805	ASSOCIATED_WITH		Retinitis Pigmentosa	C0035334
SAG gene	C1419805	ASSOCIATED_WITH		Oguchi disease	C1306122
HSPB8 gene	C1428937	ASSOCIATED_WITH		Vacuolar myopathy	C2931230
HSPB8 gene	C1428937	ASSOCIATED_WITH		Peripheral Neuropathy	C0031117
HSPB8 gene	C1428937	ASSOCIATED_WITH		Distal Muscular Dystrophies	C0751336
HSPB8 gene	C1428937	ASSOCIATED_WITH		Distal Spinal Muscular Atrophy	C0393541
HSPB8 gene	C1428937	ASSOCIATED_WITH		Charcot-Marie-Tooth Disease	C0007959
CD2 gene	C1367475	ASSOCIATED_WITH		Rheumatoid Arthritis	C0003873
MGLL gene	C1442515	ASSOCIATED_WITH		Osteoporosis	C0029456
MGLL gene	C1442515	ASSOCIATED_WITH	["34217798_fullText_8"]	Alzheimer's Disease	C0002395
MGLL gene	C1442515	AFFECTS	["35151815_fullText_8"]	Carbamoyl-Phosphate Synthase I Deficiency Disease	C0751753
MGLL gene	C1442515	DISRUPTS	["35151815_fullText_8"]	Cat eye syndrome	C0265493
DST gene	C1539312	ASSOCIATED_WITH		Morvan syndrome	C3854373
DST gene	C1539312	ASSOCIATED_WITH		Epidermolysis Bullosa Simplex	C0079298
DST gene	C1539312	ASSOCIATED_WITH	["35150829_fullText_10"]	Infestation by Phthirus pubis	C0030759
REEP6 gene	C1836286	ASSOCIATED_WITH		Hereditary retinal dystrophy	C0154860
REEP6 gene	C1836286	ASSOCIATED_WITH		Retinitis Pigmentosa	C0035334
ADCY3 gene	C1412222	ASSOCIATED_WITH		Obesity, Morbid	C0028756
ADCY3 gene	C1412222	ASSOCIATED_WITH		Obesity	C0028754
ABO gene	C1412099	ASSOCIATED_WITH		Sarcoidosis, Pulmonary	C0036205
ABO gene	C1412099	ASSOCIATED_WITH		Severe Acute Respiratory Syndrome	C1175175
ABO gene	C1412099	ASSOCIATED_WITH		Graft-vs-Host Disease	C0018133
ABO gene	C1412099	ASSOCIATED_WITH		Duodenal Ulcer	C0013295
ABO gene	C1412099	ASSOCIATED_WITH		Cerebrovascular accident	C0038454
ABO gene	C1412099	ASSOCIATED_WITH		Malaria, Falciparum	C0024535
ABO gene	C1412099	ASSOCIATED_WITH		Asthma	C0004096
ABO gene	C1412099	ASSOCIATED_WITH		Myocardial Ischemia	C0151744
ABO gene	C1412099	ASSOCIATED_WITH		Coronary heart disease	C0010068
ABO gene	C1412099	ASSOCIATED_WITH		Coronary Arteriosclerosis	C0010054
ABO gene	C1412099	ASSOCIATED_WITH		Hypertensive disease	C0020538
ABO gene	C1412099	ASSOCIATED_WITH		COVID-19 Virus Disease	C5203670
ACE gene	C1413931	ASSOCIATED_WITH		Subacute Sclerosing Panencephalitis	C0038522
ACE gene	C1413931	ASSOCIATED_WITH		Brain Ischemia	C0007786
ACE gene	C1413931	ASSOCIATED_WITH		Chronic myocardial ischemia	C0264694
ACE gene	C1413931	ASSOCIATED_WITH		Mitral Valve Prolapse Syndrome	C0026267
ACE gene	C1413931	ASSOCIATED_WITH		Polycythemia	C0032461
ACE gene	C1413931	ASSOCIATED_WITH		Pneumonia, Viral	C0032310
ACE gene	C1413931	ASSOCIATED_WITH		Drug Allergy	C0013182
ACE gene	C1413931	ASSOCIATED_WITH		Glycogen Storage Disease Type V	C0017924
ACE gene	C1413931	ASSOCIATED_WITH		Non-alcoholic Fatty Liver Disease	C0400966
ACE gene	C1413931	ASSOCIATED_WITH		Coronary Restenosis	C0948480
ACE gene	C1413931	ASSOCIATED_WITH		Heart valve disease	C0018824
ACE gene	C1413931	ASSOCIATED_WITH		Nonalcoholic Steatohepatitis	C3241937
ACE gene	C1413931	ASSOCIATED_WITH		Male infertility	C0021364
ACE gene	C1413931	ASSOCIATED_WITH		Ankylosing spondylitis	C0038013
ACE gene	C1413931	ASSOCIATED_WITH		Heart Failure, Diastolic	C1135196
ACE gene	C1413931	ASSOCIATED_WITH		Fabry Disease	C0002986
ACE gene	C1413931	ASSOCIATED_WITH		Hepatitis A	C0019159
ACE gene	C1413931	ASSOCIATED_WITH		Rheumatic disease of mitral valve	C0264765
ACE gene	C1413931	ASSOCIATED_WITH		Diseases of mitral valve	C0026265
ACE gene	C1413931	ASSOCIATED_WITH		Henoch-Schoenlein Purpura	C0034152
ACE gene	C1413931	ASSOCIATED_WITH		Behcet Syndrome	C0004943
ACE gene	C1413931	ASSOCIATED_WITH		Nephritis	C0027697
ACE gene	C1413931	ASSOCIATED_WITH		Respiratory Distress Syndrome, Adult	C0035222
ACE gene	C1413931	ASSOCIATED_WITH		Asthma	C0004096
ACE gene	C1413931	ASSOCIATED_WITH		Kidney Failure	C0035078
ACE gene	C1413931	ASSOCIATED_WITH		Ischemic stroke	C0948008
ACE gene	C1413931	ASSOCIATED_WITH		Allanson Pantzar McLeod syndrome	C0266313
ACE gene	C1413931	ASSOCIATED_WITH		Hypertensive disease	C0020538
ACE gene	C1413931	ASSOCIATED_WITH		Heart failure	C0018801
ACE gene	C1413931	ASSOCIATED_WITH		Diabetes Mellitus, Non-Insulin-Dependent	C0011860
ACE gene	C1413931	ASSOCIATED_WITH		Myocardial Infarction	C0027051
ACE gene	C1413931	ASSOCIATED_WITH		Diabetic Nephropathy	C0011881
ACE gene	C1413931	ASSOCIATED_WITH		Alzheimer's Disease	C0002395
ACE gene	C1413931	ASSOCIATED_WITH		Kidney Failure, Chronic	C0022661
ACE gene	C1413931	ASSOCIATED_WITH		Diabetes Mellitus, Insulin-Dependent	C0011854
ACE gene	C1413931	ASSOCIATED_WITH		Coronary heart disease	C0010068
ACE gene	C1413931	ASSOCIATED_WITH		Sarcoidosis	C0036202
ACE gene	C1413931	ASSOCIATED_WITH		Cardiovascular Diseases	C0007222
ACE gene	C1413931	ASSOCIATED_WITH		Coronary Arteriosclerosis	C0010054
ACE gene	C1413931	ASSOCIATED_WITH		Kidney Diseases	C0022658
ACE gene	C1413931	ASSOCIATED_WITH		COVID-19 Virus Disease	C5203670
ACE gene	C1413931	ASSOCIATED_WITH		Myocardial Ischemia	C0151744
ACE gene	C1413931	ASSOCIATED_WITH		Atrial Fibrillation	C0004238
ACE gene	C1413931	ASSOCIATED_WITH		Congestive heart failure	C0018802
ACE gene	C1413931	ASSOCIATED_WITH		Cerebrovascular accident	C0038454
ACE gene	C1413931	ASSOCIATED_WITH		Left Ventricular Hypertrophy	C0149721
ACE gene	C1413931	ASSOCIATED_WITH		IGA Glomerulonephritis	C0017661
ACE gene	C1413931	ASSOCIATED_WITH		Pneumonia	C0032285
ACE gene	C1413931	ASSOCIATED_WITH		Liver Cirrhosis	C0023890
ACE gene	C1413931	ASSOCIATED_WITH		Chronic Obstructive Airway Disease	C0024117
ACE gene	C1413931	ASSOCIATED_WITH		Pulmonary Hypertension	C0020542
ACE gene	C1413931	ASSOCIATED_WITH		Sleep Apnea, Obstructive	C0520679
ACE gene	C1413931	ASSOCIATED_WITH		Cerebral Infarction	C0007785
ACE gene	C1413931	ASSOCIATED_WITH		Lung diseases	C0024115
ACE gene	C1413931	ASSOCIATED_WITH		Severe Acute Respiratory Syndrome	C1175175
ACE gene	C1413931	ASSOCIATED_WITH		Anemia	C0002871
ACE gene	C1413931	ASSOCIATED_WITH		Diabetic Retinopathy	C0011884
ACE gene	C1413931	ASSOCIATED_WITH		Pulmonary Fibrosis	C0034069
ACE gene	C1413931	ASSOCIATED_WITH		Gaucher Disease	C0017205
DNAAF3 gene	C1824492	ASSOCIATED_WITH		Primary Ciliary Dyskinesia	C4551720
NR1I2 gene	C1417826	ASSOCIATED_WITH		Barrett Esophagus	C0004763
NR1I2 gene	C1417826	ASSOCIATED_WITH		Obesity	C0028754
NR1I2 gene	C1417826	ASSOCIATED_WITH		Diabetes Mellitus	C0011849
NR1I2 gene	C1417826	ASSOCIATED_WITH		Fatty Liver	C0015695
NR1I2 gene	C1417826	ASSOCIATED_WITH		Metabolic Syndrome X	C0524620
P2RX4 gene	C1418213	ASSOCIATED_WITH		Epilepsy, Temporal Lobe	C0014556
P2RX4 gene	C1418213	ASSOCIATED_WITH		Epilepsy	C0014544
P2RX4 gene	C1418213	ASSOCIATED_WITH	["34425835_fullText_1"]	CNS disorder	C0007682
SLC17A9 gene	C1424069	ASSOCIATED_WITH		Porokeratosis, Disseminated Superficial Actinic	C0265970
OSBPL2 gene	C1423710	ASSOCIATED_WITH		Sensorineural hearing loss, bilateral	C0452138
STXBP1 gene	C1420506	ASSOCIATED_WITH		Epilepsies, Myoclonic	C0014550
STXBP1 gene	C1420506	ASSOCIATED_WITH		Strabismus	C0038379
STXBP1 gene	C1420506	ASSOCIATED_WITH		Symptomatic Infantile Spasms	C0393699
STXBP1 gene	C1420506	ASSOCIATED_WITH		Salaam Seizures	C1527366
STXBP1 gene	C1420506	ASSOCIATED_WITH		Epileptic encephalopathy	C0543888
STXBP1 gene	C1420506	ASSOCIATED_WITH		Early infantile epileptic encephalopathy with suppression bursts	C0393706
STXBP1 gene	C1420506	ASSOCIATED_WITH		Infantile spasms	C0037769
STXBP1 gene	C1420506	ASSOCIATED_WITH		Epilepsy	C0014544
SLC17A8 gene	C1426735	ASSOCIATED_WITH		Sensorineural hearing loss, bilateral	C0452138
SLC17A8 gene	C1426735	ASSOCIATED_WITH		Nonsyndromic Deafness	C3711374
ENPP1 gene	C1414407	ASSOCIATED_WITH		Pseudoxanthoma Elasticum	C0033847
ENPP1 gene	C1414407	ASSOCIATED_WITH		Cardiovascular Diseases	C0007222
ENPP1 gene	C1414407	ASSOCIATED_WITH		Kidney Failure, Chronic	C0022661
ENPP1 gene	C1414407	ASSOCIATED_WITH		Diabetes Mellitus, Non-Insulin-Dependent	C0011860
ENPP1 gene	C1414407	ASSOCIATED_WITH		Obesity	C0028754
CFTR gene	C1413365	ASSOCIATED_WITH		Acute sinusitis	C0149512
CFTR gene	C1413365	ASSOCIATED_WITH		RENAL ADYSPLASIA	C1619700
CFTR gene	C1413365	ASSOCIATED_WITH		Pancreatitis, Alcoholic	C0376670
CFTR gene	C1413365	ASSOCIATED_WITH		Autosomal Recessive Polycystic Kidney Disease	C0085548
CFTR gene	C1413365	ASSOCIATED_WITH		Aspergillosis, Allergic Bronchopulmonary	C0004031
CFTR gene	C1413365	ASSOCIATED_WITH		Chronic sinusitis	C0149516
CFTR gene	C1413365	ASSOCIATED_WITH		Primary sclerosing cholangitis	C0566602
CFTR gene	C1413365	ASSOCIATED_WITH		Pancreatitis, Chronic	C0149521
CFTR gene	C1413365	ASSOCIATED_WITH		Hereditary pancreatitis	C0238339
CFTR gene	C1413365	ASSOCIATED_WITH		Azoospermia	C0004509
CFTR gene	C1413365	ASSOCIATED_WITH		Chronic Obstructive Airway Disease	C0024117
CFTR gene	C1413365	ASSOCIATED_WITH		Asthma	C0004096
CFTR gene	C1413365	ASSOCIATED_WITH		Male infertility	C0021364
CFTR gene	C1413365	ASSOCIATED_WITH		Exocrine pancreatic insufficiency	C0267963
CFTR gene	C1413365	ASSOCIATED_WITH		Bronchiectasis	C0006267
CFTR gene	C1413365	ASSOCIATED_WITH		Pancreatitis	C0030305
CFTR gene	C1413365	ASSOCIATED_WITH		Lung diseases	C0024115
CFTR gene	C1413365	ASSOCIATED_WITH		Cystic Fibrosis	C0010674
SLC6A1 gene	C1420206	ASSOCIATED_WITH		Amyotrophic Lateral Sclerosis	C0002736
SLC6A1 gene	C1420206	ASSOCIATED_WITH		Epilepsy	C0014544
SLC6A1 gene	C1420206	ASSOCIATED_WITH		Myoclonic Astatic Epilepsy	C0393702
POMC gene	C1337111	ASSOCIATED_WITH		Cerebral Palsy	C0007789
POMC gene	C1337111	ASSOCIATED_WITH		Digestive System Disorders	C0012242
POMC gene	C1337111	ASSOCIATED_WITH		Epilepsies, Myoclonic	C0014550
POMC gene	C1337111	ASSOCIATED_WITH		Heart failure	C0018801
POMC gene	C1337111	ASSOCIATED_WITH		Adrenal Cortex Diseases	C0001614
POMC gene	C1337111	ASSOCIATED_WITH		Nephrocalcinosis	C0027709
POMC gene	C1337111	ASSOCIATED_WITH		Hypercalciuria	C0020438
POMC gene	C1337111	ASSOCIATED_WITH		Hypertrophic Cardiomyopathy	C0007194
POMC gene	C1337111	ASSOCIATED_WITH		Cryptogenic Infantile Spasms	C0393698
POMC gene	C1337111	ASSOCIATED_WITH		Kidney Diseases	C0022658
POMC gene	C1337111	ASSOCIATED_WITH		Synovitis	C0039103
POMC gene	C1337111	ASSOCIATED_WITH		Cardiomyopathies	C0878544
POMC gene	C1337111	ASSOCIATED_WITH		Myasthenia Gravis	C0026896
POMC gene	C1337111	ASSOCIATED_WITH		Opsoclonus-Myoclonus Syndrome	C0393626
POMC gene	C1337111	ASSOCIATED_WITH		Obesity	C0028754
POMC gene	C1337111	ASSOCIATED_WITH		Cushing Syndrome	C0010481
POMC gene	C1337111	ASSOCIATED_WITH		Pituitary-dependent Cushing's disease	C0221406
POMC gene	C1337111	ASSOCIATED_WITH		Infantile spasms	C0037769
POMC gene	C1337111	ASSOCIATED_WITH		Hypertensive disease	C0020538
POMC gene	C1337111	ASSOCIATED_WITH		ACTH Syndrome, Ectopic	C0001231
POMC gene	C1337111	ASSOCIATED_WITH		Diabetes Mellitus	C0011849
POMC gene	C1337111	ASSOCIATED_WITH		Multiple Sclerosis	C0026769
POMC gene	C1337111	ASSOCIATED_WITH		Salaam Seizures	C1527366
POMC gene	C1337111	ASSOCIATED_WITH		Epilepsy	C0014544
POMC gene	C1337111	ASSOCIATED_WITH		Myocardial Ischemia	C0151744
POMC gene	C1337111	ASSOCIATED_WITH		Diabetes Insipidus	C0011848
POMC gene	C1337111	ASSOCIATED_WITH		Cholestasis	C0008370
POMC gene	C1337111	ASSOCIATED_WITH		Osteoporosis	C0029456
POMC gene	C1337111	ASSOCIATED_WITH		Hypernatremia	C0020488
POMC gene	C1337111	ASSOCIATED_WITH		Congestive heart failure	C0018802
POMC gene	C1337111	ASSOCIATED_WITH		Liver Failure, Acute	C0162557
POMC gene	C1337111	ASSOCIATED_WITH		Kidney Failure, Acute	C0022660
POMC gene	C1337111	ASSOCIATED_WITH		Fatty Liver	C0015695
POMC gene	C1337111	ASSOCIATED_WITH		Pneumonia	C0032285
POMC gene	C1337111	ASSOCIATED_WITH		Restless Legs Syndrome	C0035258
TST gene	C1421210	ASSOCIATED_WITH		Colitis	C0009319
ACAN gene	C1412277	ASSOCIATED_WITH		Rheumatoid Arthritis	C0003873
VIPR1 gene	C1336936	ASSOCIATED_WITH		Esophageal Achalasia	C0014848
NR1H4 gene	C1417825	ASSOCIATED_WITH		Fatty Liver, Alcoholic	C0015696
NR1H4 gene	C1417825	ASSOCIATED_WITH		Crohn's disease of large bowel	C0156147
NR1H4 gene	C1417825	ASSOCIATED_WITH		Cholestasis, Extrahepatic	C0005398
NR1H4 gene	C1417825	ASSOCIATED_WITH		Atherosclerosis	C0004153
NR1H4 gene	C1417825	ASSOCIATED_WITH		Cholestasis	C0008370
NR1H4 gene	C1417825	ASSOCIATED_WITH		Nonalcoholic Steatohepatitis	C3241937
NR1H4 gene	C1417825	ASSOCIATED_WITH		Fatty Liver	C0015695
NR1H4 gene	C1417825	ASSOCIATED_WITH		Liver diseases	C0023895
NR1H4 gene	C1417825	ASSOCIATED_WITH		Non-alcoholic Fatty Liver Disease	C0400966
LMOD1 gene	C1416886	ASSOCIATED_WITH		Megacystis microcolon intestinal hypoperistalsis syndrome	C1608393
LMOD1 gene	C1416886	AFFECTS	["37295763_fullText_6"]	Pneumocystis jiroveci pneumonia	C1535939
CST3 gene	C1413772	ASSOCIATED_WITH		Motor Neuron Disease	C0085084
CST3 gene	C1413772	ASSOCIATED_WITH		Acute Kidney Insufficiency	C1565662
CST3 gene	C1413772	ASSOCIATED_WITH		Alzheimer's Disease	C0002395
CST3 gene	C1413772	ASSOCIATED_WITH		Kidney Diseases	C0022658
CST3 gene	C1413772	ASSOCIATED_WITH		Cardiovascular Diseases	C0007222
CST3 gene	C1413772	ASSOCIATED_WITH		Kidney Failure, Acute	C0022660
CST3 gene	C1413772	ASSOCIATED_WITH		Hereditary Cerebral Amyloid Angiopathy, Icelandic Type	C1527338
BCS1L gene	C1412777	ASSOCIATED_WITH		Leigh Disease	C0023264
BCS1L gene	C1412777	ASSOCIATED_WITH		MITOCHONDRIAL COMPLEX III DEFICIENCY (disorder)	C1852372
BCS1L gene	C1412777	ASSOCIATED_WITH		Pili torti-deafness syndrome	C0266006
BCS1L gene	C1412777	ASSOCIATED_WITH		Finnish lethal neonatal metabolic syndrome	C1864002
GABRB3 gene	C1414916	ASSOCIATED_WITH		Early infantile epileptic encephalopathy with suppression bursts	C0393706
GABRB3 gene	C1414916	ASSOCIATED_WITH		Epileptic encephalopathy	C0543888
GABRB3 gene	C1414916	ASSOCIATED_WITH		Childhood Absence Epilepsy	C4281785
GABRB3 gene	C1414916	ASSOCIATED_WITH		Lennox-Gastaut syndrome	C0238111
GABRB3 gene	C1414916	ASSOCIATED_WITH		Absence Epilepsy	C0014553
GABRB3 gene	C1414916	ASSOCIATED_WITH		Angelman Syndrome	C0162635
GABRB3 gene	C1414916	ASSOCIATED_WITH		Epilepsy	C0014544
GPX4 gene	C1415278	ASSOCIATED_WITH		Congestive heart failure	C0018802
GPX4 gene	C1415278	ASSOCIATED_WITH		Fatty Liver	C0015695
GPX4 gene	C1415278	ASSOCIATED_WITH		Heart failure	C0018801
GPX4 gene	C1415278	ASSOCIATED_WITH		Male infertility	C0021364
PNMT gene	C1418713	ASSOCIATED_WITH		Alzheimer's Disease	C0002395
PNMT gene	C1418713	ASSOCIATED_WITH		Multiple Sclerosis	C0026769
PNMT gene	C1418713	ASSOCIATED_WITH		Hypertensive disease	C0020538
PEX1 gene	C1418469	CAUSES	["21669930_fullText_5"]	Peroxisome biogenesis disorders	C1832200
PEX1 gene	C1418469	CAUSES	["11439091_fullText_4"]	Peroxisome Biogenesis Disorder, Complementation Group 1	C1865803
PEX1 gene	C1418469	CAUSES	["9539740_fullText_7","37567036_fullText_4"]	Peroxisomal Disorders	C0282528
PEX1 gene	C1418469	CAUSES__SPEC__	["36220650_fullText_2"]	Zellweger Spectrum	C3658299
PEX1 gene	C1418469	ASSOCIATED_WITH		Polymicrogyria	C0266464
PEX1 gene	C1418469	ASSOCIATED_WITH		Retinal Dystrophies	C0854723
PEX1 gene	C1418469	ASSOCIATED_WITH		Adrenoleukodystrophy, Neonatal	C0282525
PEX1 gene	C1418469	ASSOCIATED_WITH		Peroxisomal Disorders	C0282528
PEX1 gene	C1418469	ASSOCIATED_WITH		Peroxisome biogenesis disorders	C1832200
PEX1 gene	C1418469	ASSOCIATED_WITH		Infantile Refsum Disease (disorder)	C0282527
PEX1 gene	C1418469	ASSOCIATED_WITH		Zellweger Syndrome	C0043459
PEX1 gene	C1418469	ASSOCIATED_WITH		Deafness enamel hypoplasia nail defects	C1856186
PEX1 gene	C1418469	ASSOCIATED_WITH	["36293220_fullText_60"]	Syndrome	C0039082
PEX1 gene	C1418469	ASSOCIATED_WITH__INFER__	["20959636_fullText_87"]	Zellweger Spectrum	C3658299
PENK gene	C1418457	ASSOCIATED_WITH		nervous system disorder	C0027765
PLIN2 gene	C1412234	ASSOCIATED_WITH		Fatty Liver, Alcoholic	C0015696
PLIN2 gene	C1412234	ASSOCIATED_WITH		Fatty Liver	C0015695
BCHE gene	C1412756	ASSOCIATED_WITH		Diabetes Mellitus, Insulin-Dependent	C0011854
BCHE gene	C1412756	ASSOCIATED_WITH		Epilepsy	C0014544
BCHE gene	C1412756	ASSOCIATED_WITH		Multiple Sclerosis	C0026769
BCHE gene	C1412756	ASSOCIATED_WITH		Muscular Dystrophy	C0026850
BCHE gene	C1412756	ASSOCIATED_WITH		Myocardial Ischemia	C0151744
BCHE gene	C1412756	ASSOCIATED_WITH		Coronary Arteriosclerosis	C0010054
BCHE gene	C1412756	ASSOCIATED_WITH		Obesity	C0028754
BCHE gene	C1412756	ASSOCIATED_WITH		Diabetes Mellitus, Non-Insulin-Dependent	C0011860
BCHE gene	C1412756	ASSOCIATED_WITH		Alzheimer's Disease	C0002395
BCHE gene	C1412756	ASSOCIATED_WITH		Pseudocholinesterase deficiency	C0268379
TRPA1 gene	C1412407	ASSOCIATED_WITH		Bronchial Hyperreactivity	C0085129
TRPA1 gene	C1412407	ASSOCIATED_WITH		Overactive Bladder	C0878773
TRPA1 gene	C1412407	ASSOCIATED_WITH		Asthma	C0004096
TRPV1 gene	C1421467	ASSOCIATED_WITH		Esophageal Diseases	C0014852
TRPV1 gene	C1421467	ASSOCIATED_WITH		Atherosclerosis	C0004153
TRPV1 gene	C1421467	ASSOCIATED_WITH		Epilepsy, Temporal Lobe	C0014556
TRPV1 gene	C1421467	ASSOCIATED_WITH		Esophagitis	C0014868
TRPV1 gene	C1421467	ASSOCIATED_WITH		Obesity	C0028754
TRPV1 gene	C1421467	ASSOCIATED_WITH		Migraine Disorders	C0149931
PPL gene	C1418813	CAUSES	["35972062_fullText_4"]	Hypoglycemia	C0020615
COL6A1 gene	C1413589	ASSOCIATED_WITH		Muscular Dystrophy	C0026850
COL6A1 gene	C1413589	ASSOCIATED_WITH		Myopathy	C0026848
COL6A1 gene	C1413589	ASSOCIATED_WITH		Scleroatonic muscular dystrophy	C0410179
COL6A1 gene	C1413589	ASSOCIATED_WITH		Bethlem myopathy	C1834674
PMP2 gene	C1418676	ASSOCIATED_WITH		Charcot-Marie-Tooth Disease	C0007959
ADRB2 gene	C1367657	ASSOCIATED_WITH		HIV Infections	C0019693
ADRB2 gene	C1367657	ASSOCIATED_WITH		Bronchiolitis	C0006271
ADRB2 gene	C1367657	ASSOCIATED_WITH		Interstitial Cystitis	C0282488
ADRB2 gene	C1367657	ASSOCIATED_WITH		Pulmonary Edema	C0034063
ADRB2 gene	C1367657	ASSOCIATED_WITH		Psoriasis	C0033860
ADRB2 gene	C1367657	ASSOCIATED_WITH		Glaucoma, Primary Open Angle	C0339573
ADRB2 gene	C1367657	ASSOCIATED_WITH		Glaucoma, Open-Angle	C0017612
ADRB2 gene	C1367657	ASSOCIATED_WITH		Lung diseases	C0024115
ADRB2 gene	C1367657	ASSOCIATED_WITH		Hyperlipidemia	C0020473
ADRB2 gene	C1367657	ASSOCIATED_WITH		Myocardial Ischemia	C0151744
ADRB2 gene	C1367657	ASSOCIATED_WITH		Cardiomyopathies	C0878544
ADRB2 gene	C1367657	ASSOCIATED_WITH		Myasthenia Gravis	C0026896
ADRB2 gene	C1367657	ASSOCIATED_WITH		Graves Disease	C0018213
ADRB2 gene	C1367657	ASSOCIATED_WITH		Kidney Failure, Acute	C0022660
ADRB2 gene	C1367657	ASSOCIATED_WITH		Cardiomyopathy, Dilated	C0007193
ADRB2 gene	C1367657	ASSOCIATED_WITH		Cystic Fibrosis	C0010674
ADRB2 gene	C1367657	ASSOCIATED_WITH		Fatty Liver	C0015695
ADRB2 gene	C1367657	ASSOCIATED_WITH		Metabolic Diseases	C0025517
ADRB2 gene	C1367657	ASSOCIATED_WITH		Myocardial Infarction	C0027051
ADRB2 gene	C1367657	ASSOCIATED_WITH		Chronic Obstructive Airway Disease	C0024117
ADRB2 gene	C1367657	ASSOCIATED_WITH		Obesity	C0028754
ADRB2 gene	C1367657	ASSOCIATED_WITH		Hypertensive disease	C0020538
ADRB2 gene	C1367657	ASSOCIATED_WITH		Asthma	C0004096
TBX21 gene	C1420610	ASSOCIATED_WITH		Asthma	C0004096
MPC1 gene	C1427642	ASSOCIATED_WITH		Mitochondrial Diseases	C0751651
GATA3 gene	C1414994	ASSOCIATED_WITH		Kidney Failure, Chronic	C0022661
GATA3 gene	C1414994	ASSOCIATED_WITH		Rheumatoid Arthritis	C0003873
GATA3 gene	C1414994	ASSOCIATED_WITH		Hypoparathyroidism	C0020626
GATA3 gene	C1414994	ASSOCIATED_WITH		Sensorineural Hearing Loss (disorder)	C0018784
GATA3 gene	C1414994	ASSOCIATED_WITH		Barakat syndrome	C1840333
FOXP3 gene	C1416467	ASSOCIATED_WITH		Human papilloma virus infection	C0343641
FOXP3 gene	C1416467	ASSOCIATED_WITH		Polycystic Ovary Syndrome	C0032460
FOXP3 gene	C1416467	ASSOCIATED_WITH		Hydrops Fetalis	C0020305
FOXP3 gene	C1416467	ASSOCIATED_WITH		Tuberculosis, Pulmonary	C0041327
FOXP3 gene	C1416467	ASSOCIATED_WITH		Anemia	C0002871
FOXP3 gene	C1416467	ASSOCIATED_WITH		Rheumatoid Arthritis	C0003873
FOXP3 gene	C1416467	ASSOCIATED_WITH		Asthma	C0004096
FOXP3 gene	C1416467	ASSOCIATED_WITH		Diabetes Mellitus, Insulin-Dependent	C0011854
CHRNA2 gene	C1413402	ASSOCIATED_WITH		Autosomal Dominant Nocturnal Frontal Lobe Epilepsy	C3696898
SLC5A7 gene	C1422359	ASSOCIATED_WITH	["36808325_fullText_2"]	Irritable Bowel Syndrome	C0022104
SLC5A7 gene	C1422359	ASSOCIATED_WITH		Myasthenic Syndromes, Congenital	C0751882
SLC5A7 gene	C1422359	ASSOCIATED_WITH		Distal Spinal Muscular Atrophy	C0393541
SLC5A7 gene	C1422359	ASSOCIATED_WITH		Congenital Myasthenic Syndromes, Presynaptic	C0751884
SH2D1A gene	C1420017	ASSOCIATED_WITH	["36076020_fullText_1"]	Alzheimer's Disease	C0002395
FYN gene	C0812303	ASSOCIATED_WITH		Ovarian Failure, Premature	C0085215
FYN gene	C0812303	ASSOCIATED_WITH		Pulmonary Fibrosis	C0034069
FYN gene	C0812303	ASSOCIATED_WITH		Alzheimer's Disease	C0002395
ADORA2A gene	C1412246	ASSOCIATED_WITH		Asthma	C0004096
ADORA2A gene	C1412246	ASSOCIATED_WITH		Sepsis	C0243026
ADORA2A gene	C1412246	ASSOCIATED_WITH		Movement Disorders	C0026650
ADORA2A gene	C1412246	ASSOCIATED_WITH		Rheumatoid Arthritis	C0003873
KIR3DL1 gene	C1416652	ASSOCIATED_WITH		Malaria	C0024530
KIR3DL1 gene	C1416652	ASSOCIATED_WITH		Hepatitis C	C0019196
KIR3DL1 gene	C1416652	ASSOCIATED_WITH		HIV Infections	C0019693
KARS gene	C1416540	ASSOCIATED_WITH		Acidosis, Lactic	C0001125
KARS gene	C1416540	ASSOCIATED_WITH		Charcot-Marie-Tooth Disease	C0007959
KARS gene	C1416540	ASSOCIATED_WITH		Sensorineural Hearing Loss (disorder)	C0018784
KARS gene	C1416540	ASSOCIATED_WITH		Leukodystrophy	C0023520
KARS gene	C1416540	ASSOCIATED_WITH		DEAFNESS, AUTOSOMAL RECESSIVE 89	C3151351
KARS gene	C1416540	CAUSES	["25807530_fullText_10"]	Charcot-Marie-Tooth Disease	C0007959
KARS gene	C1416540	CAUSES	["25807530_fullText_9"]	DEAFNESS, AUTOSOMAL RECESSIVE 89	C3151351
GRIK2 gene	C1415294	ASSOCIATED_WITH		Huntington Disease	C0020179
GRIK5 gene	C1415297	ASSOCIATED_WITH		Chronic Obstructive Airway Disease	C0024117
CDK5RAP2 gene	C1425696	ASSOCIATED_WITH		Seckel syndrome	C0265202
GARS gene	C1414988	ASSOCIATED_WITH		Peripheral axonal neuropathy	C1263857
GARS gene	C1414988	ASSOCIATED_WITH		Roussy-Levy Syndrome (disorder)	C0205713
GARS gene	C1414988	ASSOCIATED_WITH		Hereditary Motor and Sensory Neuropathies	C0027888
GARS gene	C1414988	ASSOCIATED_WITH		Dejerine-Sottas Disease (disorder)	C0011195
GARS gene	C1414988	ASSOCIATED_WITH		Motor Neuron Disease	C0085084
GARS gene	C1414988	ASSOCIATED_WITH		Distal Spinal Muscular Atrophy	C0393541
GARS gene	C1414988	ASSOCIATED_WITH		Charcot-Marie-Tooth Disease	C0007959
EIF2S1 gene	C1414334	ASSOCIATED_WITH		Status Epilepticus	C0038220
EIF2S1 gene	C1414334	ASSOCIATED_WITH		Alzheimer's Disease	C0002395
EIF2S1 gene	C1414334	AUGMENTS	["33856033_fullText_7"]	Low phospholipid-associated cholelithiasis	C2609268
CFH gene	C1538440	ASSOCIATED_WITH		Panuveitis	C0030343
CFH gene	C1538440	ASSOCIATED_WITH		Retinal Drusen	C0035312
CFH gene	C1538440	ASSOCIATED_WITH		Focal glomerulosclerosis	C0017668
CFH gene	C1538440	ASSOCIATED_WITH		Uveitis, Posterior	C0042167
CFH gene	C1538440	ASSOCIATED_WITH		COVID-19 Virus Disease	C5203670
CFH gene	C1538440	ASSOCIATED_WITH		Anterior uveitis	C0042165
CFH gene	C1538440	ASSOCIATED_WITH		Diabetic Retinopathy	C0011884
CFH gene	C1538440	ASSOCIATED_WITH		Chronic Kidney Diseases	C1561643
CFH gene	C1538440	ASSOCIATED_WITH		Cardiovascular Diseases	C0007222
CFH gene	C1538440	ASSOCIATED_WITH		Lupus Nephritis	C0024143
CFH gene	C1538440	ASSOCIATED_WITH		Kidney Diseases	C0022658
CFH gene	C1538440	ASSOCIATED_WITH		Thrombotic Microangiopathies	C2717961
CFH gene	C1538440	ASSOCIATED_WITH		Glomerulonephritis, Membranoproliferative	C0017662
CFH gene	C1538440	ASSOCIATED_WITH		Lupus Erythematosus, Systemic	C0024141
CFH gene	C1538440	ASSOCIATED_WITH		Membranoproliferative Glomerulonephritis, Type II	C0268743
CFH gene	C1538440	ASSOCIATED_WITH		Macular degeneration	C0024437
CFH gene	C1538440	ASSOCIATED_WITH		Hemolytic-Uremic Syndrome	C0019061
CFH gene	C1538440	ASSOCIATED_WITH		Atypical Hemolytic Uremic Syndrome	C2931788
BACE2 gene	C1412728	ASSOCIATED_WITH		Alzheimer's Disease	C0002395
PDE11A gene	C1418413	ASSOCIATED_WITH		Carney Complex	C0406810
CHRNA3 gene	C1413403	ASSOCIATED_WITH		Amyotrophic Lateral Sclerosis	C0002736
CHRNA3 gene	C1413403	ASSOCIATED_WITH		Chronic Obstructive Airway Disease	C0024117
CHRNA4 gene	C1413404	ASSOCIATED_WITH		Frontotemporal dementia	C0338451
CHRNA4 gene	C1413404	ASSOCIATED_WITH		nervous system disorder	C0027765
CHRNA4 gene	C1413404	ASSOCIATED_WITH		Epilepsy, Frontal Lobe	C0085541
CHRNA4 gene	C1413404	ASSOCIATED_WITH		Autosomal Dominant Nocturnal Frontal Lobe Epilepsy	C3696898
CHRNA4 gene	C1413404	ASSOCIATED_WITH	["23166088_fullText_4"]	Syndrome	C0039082
GRIA3 gene	C1333710	ASSOCIATED_WITH		Epileptic encephalopathy	C0543888
CDAN1 gene	C1413248	ASSOCIATED_WITH		Congenital dyserythropoietic anemia	C0002876
CDAN1 gene	C1413248	ASSOCIATED_WITH		Congenital dyserythropoietic anemia, type I	C0271933
A2M gene	C1412046	ASSOCIATED_WITH		Lung diseases	C0024115
A2M gene	C1412046	ASSOCIATED_WITH		Liver Cirrhosis	C0023890
A2M gene	C1412046	ASSOCIATED_WITH		Multiple Sclerosis	C0026769
A2M gene	C1412046	ASSOCIATED_WITH		Nephrotic Syndrome	C0027726
A2M gene	C1412046	ASSOCIATED_WITH		COVID-19 Virus Disease	C5203670
A2M gene	C1412046	ASSOCIATED_WITH		Parkinson Disease	C0030567
A2M gene	C1412046	ASSOCIATED_WITH		Alzheimer's Disease	C0002395
BIN1 gene	C1332412	ASSOCIATED_WITH		Myopathy, Centronuclear, Autosomal Dominant	C1834558
BIN1 gene	C1332412	ASSOCIATED_WITH		Congenital Structural Myopathy	C0752282
BIN1 gene	C1332412	ASSOCIATED_WITH		Centronuclear myopathy	C0175709
BIN1 gene	C1332412	ASSOCIATED_WITH		Alzheimer's Disease	C0002395
BIN1 gene	C1332412	CAUSES	["21623381_fullText_6"]	Centronuclear myopathy	C0175709
CLU gene	C1413514	ASSOCIATED_WITH		Inclusion Body Myositis (disorder)	C0238190
CLU gene	C1413514	ASSOCIATED_WITH		Hypertensive disease	C0020538
CLU gene	C1413514	ASSOCIATED_WITH		Diabetic Retinopathy	C0011884
CLU gene	C1413514	ASSOCIATED_WITH		Myocardial Infarction	C0027051
CLU gene	C1413514	ASSOCIATED_WITH		Kidney Diseases	C0022658
CLU gene	C1413514	ASSOCIATED_WITH		Lupus Erythematosus, Systemic	C0024141
CLU gene	C1413514	ASSOCIATED_WITH		Atherosclerosis	C0004153
CLU gene	C1413514	ASSOCIATED_WITH		Kidney Failure, Acute	C0022660
CLU gene	C1413514	ASSOCIATED_WITH		Exfoliation Syndrome	C0206368
CLU gene	C1413514	ASSOCIATED_WITH		Alzheimer's Disease	C0002395
PICALM gene	C1423544	ASSOCIATED_WITH		Alzheimer's Disease	C0002395
SYT2 gene	C1420557	ASSOCIATED_WITH		Congenital Myasthenic Syndromes, Presynaptic	C0751884
SYT2 gene	C1420557	ASSOCIATED_WITH		Myasthenic Syndromes, Congenital	C0751882
SYT2 gene	C1420557	CAUSES	["32776697_fullText_3"]	Myasthenic Syndrome	C0549225
PLCB1 gene	C1423830	ASSOCIATED_WITH		Early infantile epileptic encephalopathy with suppression bursts	C0393706
PLCB1 gene	C1423830	ASSOCIATED_WITH		Infantile spasms	C0037769
ICAM1 gene	C1334074	ASSOCIATED_WITH		Bronchial Hyperreactivity	C0085129
ICAM1 gene	C1334074	ASSOCIATED_WITH		Brain Ischemia	C0007786
ICAM1 gene	C1334074	ASSOCIATED_WITH		Nephrosis	C0027720
ICAM1 gene	C1334074	ASSOCIATED_WITH		Crohn's disease of large bowel	C0156147
ICAM1 gene	C1334074	ASSOCIATED_WITH		Chronic left-sided ulcerative colitis	C0375359
ICAM1 gene	C1334074	ASSOCIATED_WITH		Bronchiectasis	C0006267
ICAM1 gene	C1334074	ASSOCIATED_WITH		Cholestasis	C0008370
ICAM1 gene	C1334074	ASSOCIATED_WITH		Biliary Atresia	C0005411
ICAM1 gene	C1334074	ASSOCIATED_WITH		Thyroid associated opthalmopathies	C0339143
ICAM1 gene	C1334074	ASSOCIATED_WITH		Leukostasis	C0282548
ICAM1 gene	C1334074	ASSOCIATED_WITH		Respiratory Syncytial Virus Infections	C0035235
ICAM1 gene	C1334074	ASSOCIATED_WITH		Liver Cirrhosis	C0023890
ICAM1 gene	C1334074	ASSOCIATED_WITH		Hypercholesterolemia	C0020443
ICAM1 gene	C1334074	ASSOCIATED_WITH		Myocardial Ischemia	C0151744
ICAM1 gene	C1334074	ASSOCIATED_WITH		Myocardial Infarction	C0027051
ICAM1 gene	C1334074	ASSOCIATED_WITH		Graves Disease	C0018213
ICAM1 gene	C1334074	ASSOCIATED_WITH		Ulcerative Colitis	C0009324
ICAM1 gene	C1334074	ASSOCIATED_WITH		Diabetic Retinopathy	C0011884
ICAM1 gene	C1334074	ASSOCIATED_WITH		Diabetes Mellitus, Non-Insulin-Dependent	C0011860
ICAM1 gene	C1334074	ASSOCIATED_WITH		Diabetes Mellitus, Insulin-Dependent	C0011854
ICAM1 gene	C1334074	ASSOCIATED_WITH		Obesity	C0028754
ICAM1 gene	C1334074	ASSOCIATED_WITH		Hypertensive disease	C0020538
ICAM1 gene	C1334074	ASSOCIATED_WITH		Alzheimer's Disease	C0002395
ICAM1 gene	C1334074	ASSOCIATED_WITH		Chronic Obstructive Airway Disease	C0024117
ICAM1 gene	C1334074	ASSOCIATED_WITH		Inflammatory Bowel Diseases	C0021390
ICAM1 gene	C1334074	ASSOCIATED_WITH		Malaria	C0024530
ICAM1 gene	C1334074	ASSOCIATED_WITH		Atherosclerosis	C0004153
ICAM1 gene	C1334074	ASSOCIATED_WITH		Cardiovascular Diseases	C0007222
ICAM1 gene	C1334074	ASSOCIATED_WITH		Psoriasis	C0033860
ICAM1 gene	C1334074	ASSOCIATED_WITH		Multiple Sclerosis	C0026769
ICAM1 gene	C1334074	ASSOCIATED_WITH		Cerebrovascular accident	C0038454
ICAM1 gene	C1334074	ASSOCIATED_WITH		Retinal Diseases	C0035309
ICAM1 gene	C1334074	ASSOCIATED_WITH		Asthma	C0004096
ICAM1 gene	C1334074	ASSOCIATED_WITH		Behcet Syndrome	C0004943
ITLN1 gene	C1425400	ASSOCIATED_WITH		Diabetes Mellitus, Non-Insulin-Dependent	C0011860
DSG2 gene	C1414169	ASSOCIATED_WITH		Long QT Syndrome	C0023976
DSG2 gene	C1414169	ASSOCIATED_WITH		Ventricular Fibrillation	C0042510
DSG2 gene	C1414169	ASSOCIATED_WITH		Cardiomyopathies	C0878544
DSG2 gene	C1414169	ASSOCIATED_WITH		Arrhythmogenic Right Ventricular Dysplasia	C0349788
DSG2 gene	C1414169	ASSOCIATED_WITH		Cardiomyopathy, Dilated	C0007193
PKP2 gene	C1418613	ASSOCIATED_WITH		Tachycardia, Ventricular	C0042514
PKP2 gene	C1418613	ASSOCIATED_WITH		Long QT Syndrome	C0023976
PKP2 gene	C1418613	ASSOCIATED_WITH		Brugada Syndrome (disorder)	C1142166
PKP2 gene	C1418613	ASSOCIATED_WITH		Atrial Fibrillation	C0004238
PKP2 gene	C1418613	ASSOCIATED_WITH		Cardiomyopathy, Dilated	C0007193
PKP2 gene	C1418613	ASSOCIATED_WITH		Cardiomyopathies	C0878544
PKP2 gene	C1418613	ASSOCIATED_WITH		Arrhythmogenic Right Ventricular Dysplasia	C0349788
PISD gene	C1418591	ASSOCIATED_WITH	["36402974_fullText_6"]	Cerebrovascular accident	C0038454
CACNA1C gene	C1413057	ASSOCIATED_WITH		Expressive language delay	C0454641
CACNA1C gene	C1413057	ASSOCIATED_WITH		Congenital long QT syndrome	C1141890
CACNA1C gene	C1413057	ASSOCIATED_WITH		Hypertrophic Cardiomyopathy	C0007194
CACNA1C gene	C1413057	ASSOCIATED_WITH		Tachycardia, Ventricular	C0042514
CACNA1C gene	C1413057	ASSOCIATED_WITH		Cardiomyopathy, Dilated	C0007193
CACNA1C gene	C1413057	ASSOCIATED_WITH		Hypoglycemia	C0020615
CACNA1C gene	C1413057	ASSOCIATED_WITH		Cardiomyopathies	C0878544
CACNA1C gene	C1413057	ASSOCIATED_WITH		Epilepsy	C0014544
CACNA1C gene	C1413057	ASSOCIATED_WITH		Short Qt Syndrome	C2348199
CACNA1C gene	C1413057	ASSOCIATED_WITH		Hypertensive disease	C0020538
CACNA1C gene	C1413057	ASSOCIATED_WITH		Brugada Syndrome (disorder)	C1142166
CACNA1C gene	C1413057	ASSOCIATED_WITH		Long QT Syndrome	C0023976
CA1 gene	C1413038	ASSOCIATED_WITH		Renal tubular acidosis	C0001126
HRH1 gene	C1439351	ASSOCIATED_WITH		Atherosclerosis	C0004153
SYK gene	C1335892	ASSOCIATED_WITH		Immunologic Deficiency Syndromes	C0021051
SYK gene	C1335892	ASSOCIATED_WITH		Dermatitis	C0011603
SYK gene	C1335892	ASSOCIATED_WITH		Colitis	C0009319
SYK gene	C1335892	ASSOCIATED_WITH		Arthritis	C0003864
BTK gene	C1412841	ASSOCIATED_WITH		Inherited Immunodeficiency Diseases	C5197805
BTK gene	C1412841	ASSOCIATED_WITH		Common Variable Immunodeficiency	C0009447
BTK gene	C1412841	ASSOCIATED_WITH		Pituitary dwarfism	C0013338
BTK gene	C1412841	ASSOCIATED_WITH		COVID-19 Virus Disease	C5203670
BTK gene	C1412841	ASSOCIATED_WITH		Hypogammaglobulinemia	C0086438
BTK gene	C1412841	ASSOCIATED_WITH		Agammaglobulinemia	C0001768
BTK gene	C1412841	ASSOCIATED_WITH		X-linked agammaglobulinemia	C0221026
F10 gene	C1414497	ASSOCIATED_WITH		Blood Coagulation Disorders	C0005779
F10 gene	C1414497	ASSOCIATED_WITH		Factor X Deficiency	C0015519
SLC47A1 gene	C1853262	ASSOCIATED_WITH		Kidney Diseases	C0022658
ASS1 gene	C1825092	ASSOCIATED_WITH		Liver diseases	C0023895
ASS1 gene	C1825092	ASSOCIATED_WITH		Adult-onset citrullinemia type 2	C1863844
ASS1 gene	C1825092	ASSOCIATED_WITH		Citrullinemia	C0175683
ASS1 gene	C1825092	ASSOCIATED_WITH		Citrullinemia Type 1	C4721769
ZMYND10 gene	C1426228	ASSOCIATED_WITH		Primary Ciliary Dyskinesia	C4551720
SHH gene	C1335824	ASSOCIATED_WITH		Schizencephaly	C0266484
SHH gene	C1335824	ASSOCIATED_WITH		Hirschsprung Disease	C0019569
SHH gene	C1335824	ASSOCIATED_WITH		Acrocallosal Syndrome	C0796147
SHH gene	C1335824	ASSOCIATED_WITH		Septo-Optic Dysplasia	C0338503
SHH gene	C1335824	ASSOCIATED_WITH		Syndactyly, Type IV	C1861355
AP5B1 gene	C3280555	ASSOCIATED_WITH		Spastic Paraplegia, Hereditary	C0037773
DAO gene	C1413903	ASSOCIATED_WITH		Amyotrophic Lateral Sclerosis	C0002736
CSF2RB gene	C1332790	ASSOCIATED_WITH		Pulmonary Alveolar Proteinosis	C0034050
MMP9 gene	C1334523	ASSOCIATED_WITH		Marfan Syndrome	C0024796
MMP9 gene	C1334523	ASSOCIATED_WITH		Other emphysema	C0029607
MMP9 gene	C1334523	ASSOCIATED_WITH		Carotid Artery Diseases	C0007273
MMP9 gene	C1334523	ASSOCIATED_WITH		Oral Submucous Fibrosis	C0029172
MMP9 gene	C1334523	ASSOCIATED_WITH		Liver diseases	C0023895
MMP9 gene	C1334523	ASSOCIATED_WITH		Diabetic Neuropathies	C0011882
MMP9 gene	C1334523	ASSOCIATED_WITH		Lung Diseases, Interstitial	C0206062
MMP9 gene	C1334523	ASSOCIATED_WITH		Down Syndrome	C0013080
MMP9 gene	C1334523	ASSOCIATED_WITH		Giant Cell Arteritis	C0039483
MMP9 gene	C1334523	ASSOCIATED_WITH		Systemic Scleroderma	C0036421
MMP9 gene	C1334523	ASSOCIATED_WITH		Retinal Diseases	C0035309
MMP9 gene	C1334523	ASSOCIATED_WITH		Angle Closure Glaucoma	C0017605
MMP9 gene	C1334523	ASSOCIATED_WITH		Meningitis, Bacterial	C0085437
MMP9 gene	C1334523	ASSOCIATED_WITH		Gastric ulcer	C0038358
MMP9 gene	C1334523	ASSOCIATED_WITH		Stable angina	C0340288
MMP9 gene	C1334523	ASSOCIATED_WITH		Chronic Obstructive Airway Disease	C0024117
MMP9 gene	C1334523	ASSOCIATED_WITH		Myocardial Infarction	C0027051
MMP9 gene	C1334523	ASSOCIATED_WITH		Asthma	C0004096
MMP9 gene	C1334523	ASSOCIATED_WITH		Hypertensive disease	C0020538
MMP9 gene	C1334523	ASSOCIATED_WITH		Multiple Sclerosis	C0026769
MMP9 gene	C1334523	ASSOCIATED_WITH		Aortic Aneurysm, Abdominal	C0162871
MMP9 gene	C1334523	ASSOCIATED_WITH		Obesity	C0028754
MMP9 gene	C1334523	ASSOCIATED_WITH		Coronary heart disease	C0010068
MMP9 gene	C1334523	ASSOCIATED_WITH		Intracranial Aneurysm	C0007766
MMP9 gene	C1334523	ASSOCIATED_WITH		Subarachnoid Hemorrhage	C0038525
MMP9 gene	C1334523	ASSOCIATED_WITH		Acute Coronary Syndrome	C0948089
MMP9 gene	C1334523	ASSOCIATED_WITH		Periodontitis	C0031099
MMP9 gene	C1334523	ASSOCIATED_WITH		Cerebral Infarction	C0007785
MMP9 gene	C1334523	ASSOCIATED_WITH		Aortic Aneurysm	C0003486
MMP9 gene	C1334523	ASSOCIATED_WITH		Coronary Arteriosclerosis	C0010054
MMP9 gene	C1334523	ASSOCIATED_WITH		Pulmonary Fibrosis	C0034069
MMP9 gene	C1334523	ASSOCIATED_WITH		Varicosity	C0042345
MMP9 gene	C1334523	ASSOCIATED_WITH		Pulmonary Hypertension	C0020542
MMP9 gene	C1334523	ASSOCIATED_WITH		Brain Ischemia	C0007786
MMP9 gene	C1334523	ASSOCIATED_WITH		Sjogren's Syndrome	C1527336
MMP9 gene	C1334523	ASSOCIATED_WITH		Ulcerative Colitis	C0009324
MMP9 gene	C1334523	ASSOCIATED_WITH		Sepsis	C0243026
MMP9 gene	C1334523	ASSOCIATED_WITH		Sleep Apnea, Obstructive	C0520679
MMP9 gene	C1334523	ASSOCIATED_WITH		Diabetic Retinopathy	C0011884
MMP9 gene	C1334523	ASSOCIATED_WITH		Aortic Aneurysm, Thoracic	C0162872
MMP9 gene	C1334523	ASSOCIATED_WITH		Myocardial Ischemia	C0151744
KISS1 gene	C1334307	ASSOCIATED_WITH		Panhypopituitarism	C0242343
KISS1 gene	C1334307	ASSOCIATED_WITH		Hypopituitarism	C0020635
KISS1 gene	C1334307	ASSOCIATED_WITH		Isolated gonadotropin deficiency	C0271577
KISS1 gene	C1334307	ASSOCIATED_WITH		Sheehan Syndrome	C0242342
KISS1 gene	C1334307	ASSOCIATED_WITH		Pituitary dwarfism	C0013338
KISS1 gene	C1334307	ASSOCIATED_WITH		Kallmann Syndrome	C0162809
KISS1 gene	C1334307	ASSOCIATED_WITH		Hypogonadotropic hypogonadism	C0271623
TAC3 gene	C1420564	ASSOCIATED_WITH		Hypogonadism	C0020619
TAC3 gene	C1420564	ASSOCIATED_WITH		Kallmann Syndrome	C0162809
TAC3 gene	C1420564	ASSOCIATED_WITH		Hypogonadotropic hypogonadism	C0271623
TAC3 gene	C1420564	ASSOCIATED_WITH		HYPOGONADOTROPIC HYPOGONADISM 10 WITH OR WITHOUT ANOSMIA	C3553843
TAC3 gene	C1420564	ASSOCIATED_WITH	["36598042_fullText_2"]	Asthma	C0004096
CALR gene	C1413096	ASSOCIATED_WITH		Budd-Chiari Syndrome	C0856761
CALR gene	C1413096	ASSOCIATED_WITH		Myocardial Ischemia	C0151744
CALR gene	C1413096	ASSOCIATED_WITH		Thrombocytosis	C0836924
CALR gene	C1413096	ASSOCIATED_WITH		Thrombocythemia, Essential	C0040028
CHRM1 gene	C1332758	ASSOCIATED_WITH		Epilepsy	C0014544
CHRM1 gene	C1332758	ASSOCIATED_WITH		Asthma	C0004096
DSE gene	C1427359	ASSOCIATED_WITH		Ehlers-Danlos Syndrome	C0013720
WNK1 gene	C1538110	ASSOCIATED_WITH		Peripheral Neuropathy	C0031117
WNK1 gene	C1538110	ASSOCIATED_WITH		Sensory Neuropathy, Hereditary	C0699739
WNK1 gene	C1538110	ASSOCIATED_WITH		Hereditary Sensory and Autonomic Neuropathies	C0027889
WNK1 gene	C1538110	ASSOCIATED_WITH		Pseudohypoaldosteronism	C0033805
WNK1 gene	C1538110	ASSOCIATED_WITH		Hereditary Sensory Autonomic Neuropathy, Type 2	C0020072
WNK1 gene	C1538110	ASSOCIATED_WITH		Hypertensive disease	C0020538
WNK1 gene	C1538110	ASSOCIATED_WITH		Morvan syndrome	C3854373
WNK1 gene	C1538110	ASSOCIATED_WITH	["36151370_fullText_3"]	Neuropathy	C0442874
STK39 gene	C1425045	ASSOCIATED_WITH		Hypertensive disease	C0020538
F11R gene	C1422839	ASSOCIATED_WITH		Hypertensive disease	C0020538
FGA gene	C1414592	ASSOCIATED_WITH		Cholestasis	C0008370
FGA gene	C1414592	ASSOCIATED_WITH		Deep Vein Thrombosis	C0149871
FGA gene	C1414592	ASSOCIATED_WITH		Amyloidosis, Familial	C0740340
FGA gene	C1414592	ASSOCIATED_WITH		Kidney Diseases	C0022658
FGA gene	C1414592	ASSOCIATED_WITH		Pulmonary Embolism	C0034065
FGA gene	C1414592	ASSOCIATED_WITH		Cerebrovascular accident	C0038454
FGA gene	C1414592	ASSOCIATED_WITH		Afibrinogenemia	C0001733
FGA gene	C1414592	ASSOCIATED_WITH		Thrombophilia	C0398623
FGA gene	C1414592	ASSOCIATED_WITH		Congenital hypofibrinogenemia	C2584774
MPZ gene	C1417248	ASSOCIATED_WITH		Peripheral sensorimotor neuropathy	C1112256
MPZ gene	C1417248	ASSOCIATED_WITH		Motor Neuron Disease	C0085084
MPZ gene	C1417248	ASSOCIATED_WITH		Sensory neuropathy	C0151313
MPZ gene	C1417248	ASSOCIATED_WITH		Roussy-Levy Syndrome (disorder)	C0205713
MPZ gene	C1417248	ASSOCIATED_WITH		Hereditary Motor and Sensory Neuropathy Type I	C0751036
MPZ gene	C1417248	ASSOCIATED_WITH		Hereditary Motor and Sensory Neuropathies	C0027888
MPZ gene	C1417248	ASSOCIATED_WITH		Peripheral Neuropathy	C0031117
MPZ gene	C1417248	ASSOCIATED_WITH		Charcot-Marie-Tooth Disease, Type Ib	C0270912
MPZ gene	C1417248	ASSOCIATED_WITH		Dejerine-Sottas Disease (disorder)	C0011195
MPZ gene	C1417248	ASSOCIATED_WITH		Charcot-Marie-Tooth Disease	C0007959
SDPR gene	C1419916	ASSOCIATED_WITH		Hirschsprung Disease	C0019569
PRKCA gene	C1335261	ASSOCIATED_WITH		Nephrogenic Diabetes Insipidus	C0162283
PRKCA gene	C1335261	ASSOCIATED_WITH		Cardiomyopathy, Dilated	C0007193
PRKCD gene	C1418916	ASSOCIATED_WITH		Fatty Liver	C0015695
PRKCD gene	C1418916	ASSOCIATED_WITH		Common Variable Immunodeficiency	C0009447
PRKCD gene	C1418916	ASSOCIATED_WITH		Hypertensive disease	C0020538
SYNE2 gene	C1424731	ASSOCIATED_WITH		Long QT Syndrome	C0023976
SYNE2 gene	C1424731	ASSOCIATED_WITH		Cardiomyopathies	C0878544
SYNE2 gene	C1424731	ASSOCIATED_WITH		Muscular Dystrophy, Emery-Dreifuss	C0410189
SYNE2 gene	C1424731	ASSOCIATED_WITH		Atrial Fibrillation	C0004238
COPA gene	C1413605	ASSOCIATED_WITH		Lung Diseases, Interstitial	C0206062
COPA gene	C1413605	ASSOCIATED_WITH		Arthritis	C0003864
NMU gene	C1334887	ASSOCIATED_WITH		Obesity	C0028754
OLFM1 gene	C1424808	ASSOCIATED_WITH	["308492_fullText_1"]	Phenylketonurias	C0031485
PDE4D gene	C1418423	ASSOCIATED_WITH		Asthma	C0004096
PDE4D gene	C1418423	ASSOCIATED_WITH		Acrodysostosis	C0220659
MRAS gene	C1367476	ASSOCIATED_WITH		Diabetes Mellitus, Non-Insulin-Dependent	C0011860
MRAS gene	C1367476	ASSOCIATED_WITH		Coronary heart disease	C0010068
MRAS gene	C1367476	ASSOCIATED_WITH		Coronary Arteriosclerosis	C0010054
MRAS gene	C1367476	ASSOCIATED_WITH		Noonan Syndrome	C0028326
MECP2 gene	C1417098	ASSOCIATED_WITH		Sick Sinus Syndrome	C0037052
MECP2 gene	C1417098	ASSOCIATED_WITH		Pulmonary Fibrosis	C0034069
MECP2 gene	C1417098	ASSOCIATED_WITH		Congenital neurologic anomalies	C0497552
MECP2 gene	C1417098	ASSOCIATED_WITH		Epileptic encephalopathy	C0543888
MECP2 gene	C1417098	ASSOCIATED_WITH		Angelman Syndrome	C0162635
MECP2 gene	C1417098	ASSOCIATED_WITH		Lupus Erythematosus, Systemic	C0024141
MECP2 gene	C1417098	ASSOCIATED_WITH		Developmental regression	C1836830
MECP2 gene	C1417098	ASSOCIATED_WITH		Epilepsy	C0014544
MECP2 gene	C1417098	ASSOCIATED_WITH		Rett Syndrome	C0035372
MECP2 gene	C1417098	ASSOCIATED_WITH		ENCEPHALOPATHY, NEONATAL SEVERE, DUE TO MECP2 MUTATIONS	C1968556
PPARGC1B gene	C1428918	ASSOCIATED_WITH		Amyotrophic Lateral Sclerosis	C0002736
PPARGC1B gene	C1428918	ASSOCIATED_WITH		Obesity	C0028754
HIRA gene	C1415549	ASSOCIATED_WITH		DiGeorge Syndrome	C0012236
RYR2 gene	C1419779	ASSOCIATED_WITH		Cardiomyopathy, Hypertrophic, Familial	C0949658
RYR2 gene	C1419779	ASSOCIATED_WITH		Left ventricular noncompaction cardiomyopathy	C4021133
RYR2 gene	C1419779	ASSOCIATED_WITH		Brugada Syndrome (disorder)	C1142166
RYR2 gene	C1419779	ASSOCIATED_WITH		Stress-induced polymorphic ventricular tachycardia	C2677794
RYR2 gene	C1419779	ASSOCIATED_WITH		Paroxysmal familial ventricular fibrillation	C0340493
RYR2 gene	C1419779	ASSOCIATED_WITH		Left ventricular noncompaction	C1960469
RYR2 gene	C1419779	ASSOCIATED_WITH		Diabetic Cardiomyopathies	C0853897
RYR2 gene	C1419779	ASSOCIATED_WITH		Ventricular Fibrillation	C0042510
RYR2 gene	C1419779	ASSOCIATED_WITH		Cardiac Arrest	C0018790
RYR2 gene	C1419779	ASSOCIATED_WITH		Cardiomyopathy, Dilated	C0007193
RYR2 gene	C1419779	ASSOCIATED_WITH		Hypertrophic Cardiomyopathy	C0007194
RYR2 gene	C1419779	ASSOCIATED_WITH		Ventricular tachycardia, polymorphic	C0344432
RYR2 gene	C1419779	ASSOCIATED_WITH		Long QT Syndrome	C0023976
RYR2 gene	C1419779	ASSOCIATED_WITH		Congestive heart failure	C0018802
RYR2 gene	C1419779	ASSOCIATED_WITH		Cardiomyopathies	C0878544
RYR2 gene	C1419779	ASSOCIATED_WITH		Arrhythmogenic Right Ventricular Dysplasia	C0349788
RYR2 gene	C1419779	ASSOCIATED_WITH		Heart Diseases	C0018799
RYR2 gene	C1419779	ASSOCIATED_WITH		Tachycardia, Ventricular	C0042514
RYR2 gene	C1419779	ASSOCIATED_WITH		VENTRICULAR TACHYCARDIA, CATECHOLAMINERGIC POLYMORPHIC, 1 (disorder)	C1631597
ALAD gene	C1439270	ASSOCIATED_WITH		Hypertensive disease	C0020538
ALAD gene	C1439270	ASSOCIATED_WITH		Liver Cirrhosis	C0023890
ALAD gene	C1439270	ASSOCIATED_WITH		Liver diseases	C0023895
ALAD gene	C1439270	ASSOCIATED_WITH		Porphyrias, Hepatic	C0162533
ALAD gene	C1439270	ASSOCIATED_WITH		Porphyria Cutanea Tarda	C0162566
AIFM1 gene	C1826618	ASSOCIATED_WITH		Huntington Disease	C0020179
AIFM1 gene	C1826618	ASSOCIATED_WITH		Sensorineural Hearing Loss (disorder)	C0018784
AIFM1 gene	C1826618	ASSOCIATED_WITH		Charcot-Marie-Tooth Disease	C0007959
CALCRL gene	C1424497	ASSOCIATED_WITH		Hydrops Fetalis, Non-Immune	C0455988
VAMP8 gene	C1421423	ASSOCIATED_WITH		Coronary Arteriosclerosis	C0010054
VAMP8 gene	C1421423	ASSOCIATED_WITH		Coronary heart disease	C0010068
IDO1 gene	C1416433	ASSOCIATED_WITH		Obesity	C0028754
CENPJ gene	C1424863	ASSOCIATED_WITH		Seckel syndrome	C0265202
GJA1 gene	C1415068	ASSOCIATED_WITH		Coronary Aneurysm	C0010051
GJA1 gene	C1415068	ASSOCIATED_WITH		Palmoplantar Keratosis	C0022596
GJA1 gene	C1415068	ASSOCIATED_WITH		Hallermann's Syndrome	C0018522
GJA1 gene	C1415068	ASSOCIATED_WITH		Congenital heart disease	C0152021
GJA1 gene	C1415068	ASSOCIATED_WITH		SYNDACTYLY, TYPE III	C1861366
GJA1 gene	C1415068	ASSOCIATED_WITH		Erythrokeratodermia variabilis	C0265961
GJA1 gene	C1415068	ASSOCIATED_WITH		Hypertensive disease	C0020538
GJA1 gene	C1415068	ASSOCIATED_WITH		Hypoplastic Left Heart Syndrome	C0152101
CD79A gene	C1413238	ASSOCIATED_WITH		Hypogammaglobulinemia	C0086438
CD79A gene	C1413238	ASSOCIATED_WITH		Agammaglobulinemia	C0001768
ABCA3 gene	C1412062	ASSOCIATED_WITH		Pulmonary arterial hypertension	C2973725
ABCA3 gene	C1412062	ASSOCIATED_WITH		Pulmonary Hypertension	C0020542
ABCA3 gene	C1412062	ASSOCIATED_WITH		Pulmonary Alveolar Proteinosis	C0034050
ABCA3 gene	C1412062	ASSOCIATED_WITH		Pulmonary Fibrosis	C0034069
ABCA3 gene	C1412062	ASSOCIATED_WITH		Respiratory Failure	C1145670
ABCA3 gene	C1412062	ASSOCIATED_WITH		Lung diseases	C0024115
ARNTL gene	C1412544	ASSOCIATED_WITH		Myocardial Ischemia	C0151744
PYY gene	C1419178	ASSOCIATED_WITH		Dysentery	C0013369
PYY gene	C1419178	ASSOCIATED_WITH		Alzheimer's Disease	C0002395
PYY gene	C1419178	ASSOCIATED_WITH		Anorexia	C0003123
PYY gene	C1419178	ASSOCIATED_WITH		Obesity	C0028754
SRSF6 gene	C1419997	ASSOCIATED_WITH		Proliferative diabetic retinopathy	C0154830
SRY gene	C1420418	ASSOCIATED_WITH		46, XY Disorders of Sex Development	C2751824
SRY gene	C1420418	ASSOCIATED_WITH		46, XX Testicular Disorders of Sex Development	C2936419
SRY gene	C1420418	ASSOCIATED_WITH		Gonadal Dysgenesis, 46,XY	C0018054
CXCR2 gene	C1334126	ASSOCIATED_WITH		Sepsis	C0243026
CXCR2 gene	C1334126	ASSOCIATED_WITH		Brain Diseases	C0006111
CXCR2 gene	C1334126	ASSOCIATED_WITH		Kidney Failure, Chronic	C0022661
CXCR2 gene	C1334126	ASSOCIATED_WITH		Encephalopathies	C0085584
CXCR2 gene	C1334126	ASSOCIATED_WITH		IGA Glomerulonephritis	C0017661
CXCR2 gene	C1334126	ASSOCIATED_WITH		Hypertensive disease	C0020538
CXCR2 gene	C1334126	ASSOCIATED_WITH		Mastitis	C0024894
CXCR2 gene	C1334126	ASSOCIATED_WITH		Pneumonia	C0032285
CXCR2 gene	C1334126	ASSOCIATED_WITH		Ulcerative Colitis	C0009324
CXCR2 gene	C1334126	ASSOCIATED_WITH		Acute pyelonephritis	C0520575
GNAO1 gene	C1415146	ASSOCIATED_WITH		Dyskinetic syndrome	C0013384
GNAO1 gene	C1415146	ASSOCIATED_WITH		Choreoathetosis	C0085583
GNAO1 gene	C1415146	ASSOCIATED_WITH		Chorea	C0008489
GNAO1 gene	C1415146	ASSOCIATED_WITH		Early infantile epileptic encephalopathy with suppression bursts	C0393706
GNAO1 gene	C1415146	ASSOCIATED_WITH		Epileptic encephalopathy	C0543888
GNAO1 gene	C1415146	ASSOCIATED_WITH		Epilepsy	C0014544
GNAO1 gene	C1415146	ASSOCIATED_WITH		Movement Disorders	C0026650
TCF21 gene	C1420638	ASSOCIATED_WITH		Chronic myocardial ischemia	C0264694
TCF21 gene	C1420638	ASSOCIATED_WITH		Myocardial Ischemia	C0151744
TCF21 gene	C1420638	ASSOCIATED_WITH		Coronary heart disease	C0010068
TCF21 gene	C1420638	ASSOCIATED_WITH		Coronary Arteriosclerosis	C0010054
LY96 gene	C1424783	ASSOCIATED_WITH		Rheumatoid Arthritis	C0003873
LY96 gene	C1424783	CAUSES	["31735798_fullText_6"]	Gastroparesis	C0152020
LY96 gene	C1424783	ASSOCIATED_WITH	["34743704_fullText_4"]	Facioscapulohumeral muscular dystrophy 1a	C1834673
RHAG gene	C1419379	ASSOCIATED_WITH		Anemia, Hemolytic	C0002878
RHAG gene	C1419379	ASSOCIATED_WITH		STOMATOCYTOSIS I	C1861455
PEMT gene	C1418456	ASSOCIATED_WITH		Nonalcoholic Steatohepatitis	C3241937
PEMT gene	C1418456	ASSOCIATED_WITH		Non-alcoholic Fatty Liver Disease	C0400966
MRC1 gene	C1417249	ASSOCIATED_WITH		Obesity	C0028754
SLCO1B1 gene	C1420131	ASSOCIATED_WITH		Hyperbilirubinemia	C0020433
SLCO1B1 gene	C1420131	ASSOCIATED_WITH		Rotor Syndrome	C0220991
ALYREF gene	C1425988	CAUSES	["30388443_fullText_5"]	Epilepsy	C0014544
PDE4B gene	C1418421	ASSOCIATED_WITH		Asthma	C0004096
TNFAIP3 gene	C1420799	ASSOCIATED_WITH		Sjogren's Syndrome	C1527336
TNFAIP3 gene	C1420799	ASSOCIATED_WITH		Multiple Sclerosis	C0026769
TNFAIP3 gene	C1420799	ASSOCIATED_WITH		Psoriasis	C0033860
TNFAIP3 gene	C1420799	ASSOCIATED_WITH		Rheumatoid Arthritis	C0003873
TNFAIP3 gene	C1420799	ASSOCIATED_WITH		Lupus Erythematosus, Systemic	C0024141
DNASE1L3 gene	C1414110	ASSOCIATED_WITH		Rheumatoid Arthritis	C0003873
DNASE1L3 gene	C1414110	ASSOCIATED_WITH		Lupus Erythematosus, Systemic	C0024141
CAV3 gene	C1413146	ASSOCIATED_WITH		Cardiomyopathy, Familial Hypertrophic, 1 (disorder)	C3495498
CAV3 gene	C1413146	ASSOCIATED_WITH		Congenital long QT syndrome	C1141890
CAV3 gene	C1413146	ASSOCIATED_WITH		Cardiomyopathy, Hypertrophic, Familial	C0949658
CAV3 gene	C1413146	ASSOCIATED_WITH		Long QT Syndrome	C0023976
CAV3 gene	C1413146	ASSOCIATED_WITH		Sudden infant death syndrome	C0038644
CAV3 gene	C1413146	ASSOCIATED_WITH		Hypertrophic Cardiomyopathy	C0007194
CAV3 gene	C1413146	ASSOCIATED_WITH		Cardiomyopathies	C0878544
CAV3 gene	C1413146	ASSOCIATED_WITH		Muscular Dystrophies, Limb-Girdle	C0686353
CAV3 gene	C1413146	ASSOCIATED_WITH		Muscular Dystrophy	C0026850
CAV3 gene	C1413146	ASSOCIATED_WITH		Rippling muscle disease	C1853698
CAV3 gene	C1413146	ASSOCIATED_WITH		Asymmetric Septal Hypertrophy	C0205700
STIM1 gene	C1335879	ASSOCIATED_WITH		Hypertensive disease	C0020538
STIM1 gene	C1335879	ASSOCIATED_WITH		Stormorken Syndrome	C1861451
STIM1 gene	C1335879	ASSOCIATED_WITH		Tubular Aggregate Myopathy	C0410207
CHRM2 gene	C1413400	ASSOCIATED_WITH		Epilepsy	C0014544
CHRM2 gene	C1413400	ASSOCIATED_WITH		Asthma	C0004096
JUN gene	C0162508	ASSOCIATED_WITH		Status Epilepticus	C0038220
JUN gene	C0162508	ASSOCIATED_WITH		Silicosis	C0037116
JUN gene	C0162508	ASSOCIATED_WITH		Peripheral Neuropathy	C0031117
JUN gene	C0162508	ASSOCIATED_WITH		Hypertensive disease	C0020538
FLII gene	C1414634	ASSOCIATED_WITH		Cardiomyopathy, Dilated	C0007193
CACNA1D gene	C1413058	ASSOCIATED_WITH		Cushing Syndrome	C0010481
CACNA1D gene	C1413058	ASSOCIATED_WITH		Heart Block	C0018794
CACNA1D gene	C1413058	ASSOCIATED_WITH		Diabetes Mellitus, Non-Insulin-Dependent	C0011860
CACNA1D gene	C1413058	ASSOCIATED_WITH		Hyperaldosteronism	C0020428
HSD3B1 gene	C1415742	ASSOCIATED_WITH		Hypertensive disease	C0020538
HSD3B1 gene	C1415742	ASSOCIATED_WITH		Polycystic Ovary Syndrome	C0032460
AKR1C3 gene	C1412326	ASSOCIATED_WITH		Obesity	C0028754
AKR1C3 gene	C1412326	ASSOCIATED_WITH		Endometriosis	C0014175
AKR1C3 gene	C1412326	ASSOCIATED_WITH		Polycystic Ovary Syndrome	C0032460
CYP19A1 gene	C1366496	ASSOCIATED_WITH		Alcohol withdrawal syndrome	C0236663
CYP19A1 gene	C1366496	ASSOCIATED_WITH		Bladder neck obstruction	C0005694
CYP19A1 gene	C1366496	ASSOCIATED_WITH		Sexual Infantilism	C0242341
CYP19A1 gene	C1366496	ASSOCIATED_WITH		Amenorrhea	C0002453
CYP19A1 gene	C1366496	ASSOCIATED_WITH		Ovarian Failure, Premature	C0085215
CYP19A1 gene	C1366496	ASSOCIATED_WITH		Gestational Diabetes	C0085207
CYP19A1 gene	C1366496	ASSOCIATED_WITH		Fatty Liver	C0015695
CYP19A1 gene	C1366496	ASSOCIATED_WITH		prostatitis	C0033581
CYP19A1 gene	C1366496	ASSOCIATED_WITH		Alzheimer's Disease	C0002395
CYP19A1 gene	C1366496	ASSOCIATED_WITH		Hypogonadism	C0020619
CYP19A1 gene	C1366496	ASSOCIATED_WITH		Precocious Puberty	C0034013
CYP19A1 gene	C1366496	ASSOCIATED_WITH		Polycystic Ovary Syndrome	C0032460
CYP19A1 gene	C1366496	ASSOCIATED_WITH		Endometriosis	C0014175
CYP19A1 gene	C1366496	ASSOCIATED_WITH		Osteoporosis	C0029456
SLC35A2 gene	C1420188	CAUSES	["30194038_fullText_3"]	Congenital Disorders	C0242354
SLC35A2 gene	C1420188	CAUSES	["31231989_fullText_59"]	nervous system disorder	C0027765
SLC35A2 gene	C1420188	ASSOCIATED_WITH		Epileptic encephalopathy	C0543888
SLC35A2 gene	C1420188	ASSOCIATED_WITH		Congenital Disorders of Glycosylation	C0282577
SLC35A2 gene	C1420188	ASSOCIATED_WITH		CONGENITAL DISORDER OF GLYCOSYLATION, TYPE IIm	C3806688
SLC35A2 gene	C1420188	ASSOCIATED_WITH	["31231989_fullText_59"]	Epilepsies, Partial	C0014547
SLC35A2 gene	C1420188	ASSOCIATED_WITH__INFER__	["23928051_fullText_6"]	multiple pathologies	C0679225
UGT1A1 gene	C0537026	ASSOCIATED_WITH		Hyperbilirubinemia, Hereditary	C0020435
UGT1A1 gene	C0537026	ASSOCIATED_WITH		Hepatitis B	C0019163
UGT1A1 gene	C0537026	ASSOCIATED_WITH		Kernicterus	C0022610
UGT1A1 gene	C0537026	ASSOCIATED_WITH		Neutropenia	C0027947
UGT1A1 gene	C0537026	ASSOCIATED_WITH		Cholecystolithiasis	C0947622
UGT1A1 gene	C0537026	ASSOCIATED_WITH		Hyperbilirubinemia, Neonatal	C0857007
UGT1A1 gene	C0537026	ASSOCIATED_WITH		Hyperbilirubinemia	C0020433
UGT1A1 gene	C0537026	ASSOCIATED_WITH		Crigler Najjar syndrome, type 1	C0010324
UGT1A1 gene	C0537026	ASSOCIATED_WITH		Gilbert Disease	C0017551
UGT1A1 gene	C0537026	ASSOCIATED_WITH		Crigler-Najjar syndrome	C5551003
UGT1A6 gene	C1421330	ASSOCIATED_WITH		Crigler-Najjar syndrome	C5551003
UGT1A6 gene	C1421330	ASSOCIATED_WITH		Crigler Najjar syndrome, type 1	C0010324
UGT1A6 gene	C1421330	ASSOCIATED_WITH		Gilbert Disease	C0017551
DHDDS gene	C1427027	ASSOCIATED_WITH		Hereditary retinal dystrophy	C0154860
DHDDS gene	C1427027	ASSOCIATED_WITH		Congenital Disorders of Glycosylation	C0282577
DHDDS gene	C1427027	ASSOCIATED_WITH		Retinitis Pigmentosa	C0035334
DHDDS gene	C1427027	PREDISPOSES	["25270028_fullText_81"]	Retinal Degeneration	C0035304
CHRNA1 gene	C1413401	ASSOCIATED_WITH		Epilepsy	C0014544
CHRNA1 gene	C1413401	ASSOCIATED_WITH		Myasthenic Syndromes, Congenital, Slow Channel	C0751885
CHRNA1 gene	C1413401	ASSOCIATED_WITH		MULTIPLE PTERYGIUM SYNDROME, LETHAL TYPE	C1854678
CHRNA1 gene	C1413401	ASSOCIATED_WITH		Myasthenic Syndromes, Congenital	C0751882
ISL1 gene	C1416480	ASSOCIATED_WITH		Congenital heart disease	C0152021
ISL1 gene	C1416480	ASSOCIATED_WITH		Cardiomyopathy, Dilated	C0007193
ISL1 gene	C1416480	ASSOCIATED_WITH		Atrial Fibrillation	C0004238
ISL1 gene	C1416480	ASSOCIATED_WITH		Myocardial Infarction	C0027051
ISL1 gene	C1416480	ASSOCIATED_WITH		Diabetes Mellitus, Non-Insulin-Dependent	C0011860
ENO1 gene	C1414402	ASSOCIATED_WITH		Rheumatoid Arthritis	C0003873
ENO1 gene	C1414402	ASSOCIATED_WITH		Alzheimer's Disease	C0002395
SMAD7 gene	C1334470	ASSOCIATED_WITH		Congenital heart disease	C0152021
SMAD7 gene	C1334470	ASSOCIATED_WITH		Atrial Fibrillation	C0004238
SMAD7 gene	C1334470	ASSOCIATED_WITH		Pulmonary Fibrosis	C0034069
CALCA gene	C1367551	ASSOCIATED_WITH		Pulmonary Fibrosis	C0034069
CALCA gene	C1367551	ASSOCIATED_WITH		Trigeminal Neuralgia	C0040997
CALCA gene	C1367551	ASSOCIATED_WITH		Pulmonary Hypertension	C0020542
CALCA gene	C1367551	ASSOCIATED_WITH		Common Migraine	C0338480
CALCA gene	C1367551	ASSOCIATED_WITH		Hypercalcemia	C0020437
CALCA gene	C1367551	ASSOCIATED_WITH		Hypertensive disease	C0020538
CALCA gene	C1367551	ASSOCIATED_WITH		Osteoporosis	C0029456
CALCA gene	C1367551	ASSOCIATED_WITH		Migraine Disorders	C0149931
RBBP8 gene	C1419293	ASSOCIATED_WITH		Seckel syndrome	C0265202
AKT1 gene	C0812228	ASSOCIATED_WITH		Muscular Atrophy	C0026846
AKT1 gene	C0812228	ASSOCIATED_WITH		Tuberculosis, Pulmonary	C0041327
AKT1 gene	C0812228	ASSOCIATED_WITH		Fatty Liver, Alcoholic	C0015696
AKT1 gene	C0812228	ASSOCIATED_WITH		Diabetes Mellitus, Non-Insulin-Dependent	C0011860
AKT1 gene	C0812228	ASSOCIATED_WITH		Obesity	C0028754
AKT1 gene	C0812228	ASSOCIATED_WITH		Parkinson Disease	C0030567
AKT1 gene	C0812228	ASSOCIATED_WITH		Epilepsy	C0014544
AKT1 gene	C0812228	ASSOCIATED_WITH		Fatty Liver	C0015695
AKT1 gene	C0812228	ASSOCIATED_WITH		Cardiomyopathies	C0878544
MAP2 gene	C1417006	ASSOCIATED_WITH		Parkinson Disease	C0030567
MAP2 gene	C1417006	ASSOCIATED_WITH		Lewy Body Disease	C0752347
Genetic Structures	C1136352	ASSOCIATED_WITH__INFER__	["10570906_fullText_6"]	Phenylketonurias	C0031485
SRGN gene	C1418888	DISRUPTS	["36422805_fullText_2"]	Syndrome	C0039082
EDA gene	C1539327	ASSOCIATED_WITH		Ectodermal Dysplasia	C0013575
EDA gene	C1539327	ASSOCIATED_WITH		Christ-Siemens-Touraine syndrome	C0162359
AXL gene	C0812237	ASSOCIATED_WITH		Kallmann Syndrome	C0162809
AXL gene	C0812237	ASSOCIATED_WITH		Hypogonadotropic hypogonadism	C0271623
AXL gene	C0812237	ASSOCIATED_WITH		Diabetes Mellitus, Non-Insulin-Dependent	C0011860
AXL gene	C0812237	ASSOCIATED_WITH		Diabetic Nephropathy	C0011881
SLC29A1 gene	C1420171	ASSOCIATED_WITH		Alcohol Withdrawal Seizures	C0586323
SLC29A1 gene	C1420171	ASSOCIATED_WITH		Huntington Disease	C0020179
HHAT gene	C1539668	ASSOCIATED_WITH		Nivelon Nivelon Mabille syndrome	C1838654
HHAT gene	C1539668	ASSOCIATED_WITH	["33315951_fullText_3"]	Helminthiasis	C0018889
NCF1 gene	C1417608	ASSOCIATED_WITH		Sjogren's Syndrome	C1527336
NCF1 gene	C1417608	ASSOCIATED_WITH		Aortic Aneurysm, Abdominal	C0162871
NCF1 gene	C1417608	ASSOCIATED_WITH		Granulomatous Disease, Chronic, X-Linked	C1844376
NCF1 gene	C1417608	ASSOCIATED_WITH		Diabetes Mellitus	C0011849
NCF1 gene	C1417608	ASSOCIATED_WITH		Rheumatoid Arthritis	C0003873
NCF1 gene	C1417608	ASSOCIATED_WITH		Williams Syndrome	C0175702
NCF1 gene	C1417608	ASSOCIATED_WITH		Hypertensive disease	C0020538
NCF1 gene	C1417608	ASSOCIATED_WITH		Chronic granulomatous disease	C0018203
NCF1 gene	C1417608	ASSOCIATED_WITH		Lupus Erythematosus, Systemic	C0024141
KCNH2 gene	C1416572	ASSOCIATED_WITH		Cardiomyopathy, Hypertrophic, Familial	C0949658
KCNH2 gene	C1416572	ASSOCIATED_WITH		Hypertrophic Cardiomyopathy	C0007194
KCNH2 gene	C1416572	ASSOCIATED_WITH		VENTRICULAR TACHYCARDIA, CATECHOLAMINERGIC POLYMORPHIC, 1 (disorder)	C1631597
KCNH2 gene	C1416572	ASSOCIATED_WITH		Tachycardia, Ventricular	C0042514
KCNH2 gene	C1416572	ASSOCIATED_WITH		Brugada Syndrome (disorder)	C1142166
KCNH2 gene	C1416572	ASSOCIATED_WITH		Congenital long QT syndrome	C1141890
KCNH2 gene	C1416572	ASSOCIATED_WITH		Atrial Fibrillation	C0004238
KCNH2 gene	C1416572	ASSOCIATED_WITH		Short Qt Syndrome	C2348199
KCNH2 gene	C1416572	ASSOCIATED_WITH		Torsades de Pointes	C0040479
KCNH2 gene	C1416572	ASSOCIATED_WITH		Long Qt Syndrome 2	C3150943
KCNH2 gene	C1416572	ASSOCIATED_WITH		Long QT Syndrome	C0023976
TACR1 gene	C1420565	ASSOCIATED_WITH		Hypertensive disease	C0020538
GGT1 gene	C1415053	ASSOCIATED_WITH		Periodontitis	C0031099
GGT1 gene	C1415053	ASSOCIATED_WITH		Myocardial Infarction	C0027051
GGT1 gene	C1415053	ASSOCIATED_WITH		Liver diseases	C0023895
GGT1 gene	C1415053	ASSOCIATED_WITH		gamma-Glutamyltransferase deficiency	C0268524
GGT1 gene	C1415053	CAUSES__SPEC__	["32145091_fullText_62"]	Hepatitis, Autoimmune	C0241910
GGT1 gene	C1415053	CAUSES	["32145091_fullText_62"]	Hepatitis	C0019158
GGT1 gene	C1415053	CAUSES__SPEC__	["32145091_fullText_62"]	Viral hepatitis	C0042721
AGRN gene	C1412285	CAUSES	["29258548_fullText_9","24951643_fullText_12"]	Myasthenic Syndromes, Congenital	C0751882
AGRN gene	C1412285	ASSOCIATED_WITH		Myasthenic Syndromes, Congenital	C0751882
CHRNE gene	C1413412	CAUSES	["26296515_fullText_1"]	Myasthenic Syndromes, Congenital	C0751882
CHRNE gene	C1413412	ASSOCIATED_WITH		Congenital Myasthenic Syndromes, Postsynaptic	C0751883
CHRNE gene	C1413412	ASSOCIATED_WITH		Myasthenic Syndromes, Congenital, Slow Channel	C0751885
CHRNE gene	C1413412	ASSOCIATED_WITH		Myasthenic Syndromes, Congenital	C0751882
COLQ gene	C1413603	CAUSES	["11865139_fullText_8"]	Myasthenic Syndromes, Congenital	C0751882
COLQ gene	C1413603	ASSOCIATED_WITH		Myasthenic Syndromes, Congenital	C0751882
COLQ gene	C1413603	ASSOCIATED_WITH		ENDPLATE ACETYLCHOLINESTERASE DEFICIENCY (disorder)	C1864233
GMPPB gene	C1539586	ASSOCIATED_WITH		MUSCULAR DYSTROPHY, LIMB-GIRDLE, TYPE 2K	C1836373
GMPPB gene	C1539586	ASSOCIATED_WITH		Walker-Warburg congenital muscular dystrophy	C0265221
GMPPB gene	C1539586	ASSOCIATED_WITH		Muscle eye brain disease	C0457133
GMPPB gene	C1539586	ASSOCIATED_WITH		alpha-Dystroglycanopathies	C2936406
GMPPB gene	C1539586	ASSOCIATED_WITH		Muscular Dystrophy	C0026850
GMPPB gene	C1539586	ASSOCIATED_WITH__INFER__	["28433477_fullText_13"]	Overlap syndrome	C0410000
DOK7 gene	C1824957	CAUSES	["23831158_fullText_1","23637281_fullText_7","23219351_fullText_1"]	Myasthenic Syndromes, Congenital	C0751882
DOK7 gene	C1824957	ASSOCIATED_WITH		Pena-Shokeir syndrome type I	C1276035
DOK7 gene	C1824957	ASSOCIATED_WITH		Myasthenic Syndromes, Congenital	C0751882
DOK7 gene	C1824957	ASSOCIATED_WITH		Congenital myasthenic syndrome ib	C1850792
DOK7 gene	C1824957	ASSOCIATED_WITH__INFER__	["24425145_fullText_2"]	Syndrome	C0039082
SLC25A1 gene	C1420150	ASSOCIATED_WITH		D-2-hydroxyglutaric aciduria	C1833429
SLC25A1 gene	C1420150	ASSOCIATED_WITH		L-2-HYDROXYGLUTARIC ACIDURIA	C1855995
SLC25A1 gene	C1420150	ASSOCIATED_WITH		Myasthenic Syndromes, Congenital	C0751882
SLC25A1 gene	C1420150	ASSOCIATED_WITH		Combined D-2- and L-2-hydroxyglutaric aciduria	C2746066
DAG1 gene	C1413902	ASSOCIATED_WITH		Muscular Dystrophy-Dystroglycanopathy (Congenital with Brain and Eye Anomalies) Type A, 1	C4284790
DAG1 gene	C1413902	ASSOCIATED_WITH		Bronchopulmonary Dysplasia	C0006287
DAG1 gene	C1413902	ASSOCIATED_WITH		MUSCULAR DYSTROPHY, LIMB-GIRDLE, TYPE 2K	C1836373
DAG1 gene	C1413902	ASSOCIATED_WITH		Lassa Fever	C0023092
DAG1 gene	C1413902	ASSOCIATED_WITH		Muscle eye brain disease	C0457133
DAG1 gene	C1413902	ASSOCIATED_WITH		Myopathy	C0026848
DAG1 gene	C1413902	ASSOCIATED_WITH		Fukuyama Type Congenital Muscular Dystrophy	C0410174
DAG1 gene	C1413902	ASSOCIATED_WITH		Muscular Dystrophy, Duchenne	C0013264
DAG1 gene	C1413902	ASSOCIATED_WITH		Walker-Warburg congenital muscular dystrophy	C0265221
DAG1 gene	C1413902	ASSOCIATED_WITH		alpha-Dystroglycanopathies	C2936406
DAG1 gene	C1413902	ASSOCIATED_WITH		Muscular Dystrophy	C0026850
CXCL5 gene	C1332819	ASSOCIATED_WITH		Idiopathic Pulmonary Fibrosis	C1800706
TPH1 gene	C1420870	ASSOCIATED_WITH		Alzheimer's Disease	C0002395
TPH1 gene	C1420870	ASSOCIATED_WITH		Pulmonary Hypertension	C0020542
NOX4 gene	C1417771	ASSOCIATED_WITH		Kidney Failure, Chronic	C0022661
NOX4 gene	C1417771	ASSOCIATED_WITH		Heart failure	C0018801
NOX4 gene	C1417771	ASSOCIATED_WITH		Congestive heart failure	C0018802
NOX4 gene	C1417771	ASSOCIATED_WITH		Hypertensive disease	C0020538
MAEA gene	C1422169	ASSOCIATED_WITH		Diabetes Mellitus, Non-Insulin-Dependent	C0011860
PPP1R1B gene	C1418825	ASSOCIATED_WITH		Dyskinetic syndrome	C0013384
SLC34A1 gene	C1420185	ASSOCIATED_WITH		Kidney Failure, Chronic	C0022661
SLC34A1 gene	C1420185	ASSOCIATED_WITH		De Toni-Debre-Fanconi Syndrome	C1857395
SLC34A1 gene	C1420185	ASSOCIATED_WITH		Adult Fanconi syndrome	C0341703
SLC34A1 gene	C1420185	ASSOCIATED_WITH		Fanconi Syndrome	C0015624
SLC34A1 gene	C1420185	ASSOCIATED_WITH		Nephrolithiasis	C0392525
SLC34A1 gene	C1420185	ASSOCIATED_WITH		Nephrocalcinosis	C0027709
SLC34A1 gene	C1420185	ASSOCIATED_WITH		Hypercalciuria	C0020438
SLC34A1 gene	C1420185	ASSOCIATED_WITH		Hypercalcemia	C0020437
BGN gene	C1412792	CAUSES	["18602826_fullText_4"]	Neuromuscular Diseases	C0027868
TREM2 gene	C1425067	ASSOCIATED_WITH		POLYCYSTIC LIPOMEMBRANOUS OSTEODYSPLASIA WITH SCLEROSING LEUKOENCEPHALOPATHY	C1857316
TREM2 gene	C1425067	ASSOCIATED_WITH		Amyotrophic Lateral Sclerosis	C0002736
TREM2 gene	C1425067	ASSOCIATED_WITH		Frontotemporal dementia	C0338451
TREM2 gene	C1425067	ASSOCIATED_WITH		Alzheimer's Disease	C0002395
TYROBP gene	C1336692	ASSOCIATED_WITH		POLYCYSTIC LIPOMEMBRANOUS OSTEODYSPLASIA WITH SCLEROSING LEUKOENCEPHALOPATHY	C1857316
GAL gene	C1414945	ASSOCIATED_WITH		Hypertensive disease	C0020538
TNFSF4 gene	C1336648	ASSOCIATED_WITH		Cardiomyopathy, Dilated	C0007193
TNFSF4 gene	C1336648	ASSOCIATED_WITH		Virus Diseases	C0042769
TNFSF4 gene	C1336648	ASSOCIATED_WITH		Leishmaniasis	C0023281
TNFSF4 gene	C1336648	ASSOCIATED_WITH		Myocarditis	C0027059
TNFSF4 gene	C1336648	ASSOCIATED_WITH		Myocardial Infarction	C0027051
TNFSF4 gene	C1336648	ASSOCIATED_WITH		Lupus Erythematosus, Systemic	C0024141
SPTLC1 gene	C1420390	ASSOCIATED_WITH		Peripheral sensorimotor neuropathy	C1112256
SPTLC1 gene	C1420390	ASSOCIATED_WITH		Charcot-Marie-Tooth Disease	C0007959
SPTLC1 gene	C1420390	ASSOCIATED_WITH		Amyotrophic Lateral Sclerosis	C0002736
SPTLC1 gene	C1420390	ASSOCIATED_WITH		Hereditary Sensory Autonomic Neuropathy, Type 1	C0020071
PRKCE gene	C1418918	ASSOCIATED_WITH		Cardiomyopathies	C0878544
PRKCE gene	C1418918	ASSOCIATED_WITH		Myocardial Infarction	C0027051
PRKCE gene	C1418918	ASSOCIATED_WITH		Diabetic Nephropathy	C0011881
PRKCE gene	C1418918	ASSOCIATED_WITH		Non-alcoholic Fatty Liver Disease	C0400966
ECE1 gene	C1414244	ASSOCIATED_WITH		Diabetes Mellitus, Non-Insulin-Dependent	C0011860
ECE1 gene	C1414244	ASSOCIATED_WITH		Essential Hypertension	C0085580
ECE1 gene	C1414244	ASSOCIATED_WITH		Coronary Arteriosclerosis	C0010054
ECE1 gene	C1414244	ASSOCIATED_WITH		Hirschsprung Disease	C0019569
ECE1 gene	C1414244	ASSOCIATED_WITH		Alzheimer's Disease	C0002395
ECE1 gene	C1414244	ASSOCIATED_WITH		Hypertensive disease	C0020538
GABRG2 gene	C1414920	ASSOCIATED_WITH		Liver Cirrhosis, Alcoholic	C0023891
GABRG2 gene	C1414920	ASSOCIATED_WITH		Lennox-Gastaut syndrome	C0238111
GABRG2 gene	C1414920	ASSOCIATED_WITH		Autosomal Dominant Nocturnal Frontal Lobe Epilepsy	C3696898
GABRG2 gene	C1414920	ASSOCIATED_WITH		Hepatic Encephalopathy	C0019151
GABRG2 gene	C1414920	ASSOCIATED_WITH		Absence Epilepsy	C0014553
GABRG2 gene	C1414920	ASSOCIATED_WITH		Infantile Severe Myoclonic Epilepsy	C0751122
GABRG2 gene	C1414920	ASSOCIATED_WITH		Febrile Convulsions	C0009952
GABRG2 gene	C1414920	ASSOCIATED_WITH		Epilepsy	C0014544
CLCN2 gene	C1413451	ASSOCIATED_WITH		Cushing Syndrome	C0010481
CLCN2 gene	C1413451	ASSOCIATED_WITH		Myoclonic Epilepsy, Juvenile	C0270853
CLCN2 gene	C1413451	ASSOCIATED_WITH		Epilepsy	C0014544
CLCN2 gene	C1413451	ASSOCIATED_WITH		Hyperaldosteronism	C0020428
ASAH1 gene	C1412573	ASSOCIATED_WITH		Sphingolipidoses	C0037899
ASAH1 gene	C1412573	ASSOCIATED_WITH		Lipoidosis	C0023794
ASAH1 gene	C1412573	ASSOCIATED_WITH		Atrial Fibrillation	C0004238
ASAH1 gene	C1412573	ASSOCIATED_WITH		Farber Lipogranulomatosis	C0268255
ASAH1 gene	C1412573	ASSOCIATED_WITH		Jankovic Rivera syndrome	C1834569
ESR1 gene	C1414461	ASSOCIATED_WITH		Osteoporosis	C0029456
ESR1 gene	C1414461	ASSOCIATED_WITH		Endometriosis	C0014175
ESR1 gene	C1414461	ASSOCIATED_WITH		Coronary Arteriosclerosis	C0010054
ESR1 gene	C1414461	ASSOCIATED_WITH		Obesity	C0028754
ESR1 gene	C1414461	ASSOCIATED_WITH		Migraine Disorders	C0149931
ESR1 gene	C1414461	ASSOCIATED_WITH		Alzheimer's Disease	C0002395
ESR1 gene	C1414461	ASSOCIATED_WITH		Coronary heart disease	C0010068
ESR1 gene	C1414461	ASSOCIATED_WITH		Diabetes Mellitus, Non-Insulin-Dependent	C0011860
ESR1 gene	C1414461	ASSOCIATED_WITH		Myocardial Infarction	C0027051
ESR1 gene	C1414461	ASSOCIATED_WITH		Atherosclerosis	C0004153
ESR1 gene	C1414461	ASSOCIATED_WITH		Male infertility	C0021364
ESR1 gene	C1414461	ASSOCIATED_WITH		Myocardial Ischemia	C0151744
ESR1 gene	C1414461	ASSOCIATED_WITH		Systemic Scleroderma	C0036421
ESR1 gene	C1414461	ASSOCIATED_WITH		Bone Diseases	C0005940
ESR1 gene	C1414461	ASSOCIATED_WITH		Idiopathic Pulmonary Fibrosis	C1800706
ESR1 gene	C1414461	ASSOCIATED_WITH		Glomerulonephritis	C0017658
ESR1 gene	C1414461	ASSOCIATED_WITH		Arteriosclerosis	C0003850
ESR1 gene	C1414461	ASSOCIATED_WITH		Vitiligo	C0042900
ESR1 gene	C1414461	ASSOCIATED_WITH		Metabolic Bone Disorder	C0005944
ESR1 gene	C1414461	ASSOCIATED_WITH		Oligospermia	C0028960
ESR1 gene	C1414461	ASSOCIATED_WITH		Chronic myocardial ischemia	C0264694
PADI4 gene	C1425478	ASSOCIATED_WITH		Rheumatoid Arthritis	C0003873
CCR7 gene	C1413191	ASSOCIATED_WITH		Status Epilepticus	C0038220
ANXA5 gene	C1332095	ASSOCIATED_WITH		Systemic Scleroderma	C0036421
ANXA5 gene	C1332095	ASSOCIATED_WITH		Myocardial Infarction	C0027051
FBXO32 gene	C1424509	ASSOCIATED_WITH		Muscular Atrophy	C0026846
TRIM37 gene	C1417503	ASSOCIATED_WITH		Mulibrey Nanism	C0524582
CYP11A1 gene	C1413855	ASSOCIATED_WITH		Adrenogenital disorder	C0701163
CYP11A1 gene	C1413855	ASSOCIATED_WITH		Lipoid congenital adrenal hyperplasia	C0342474
CYP11A1 gene	C1413855	ASSOCIATED_WITH		46, XY Disorders of Sex Development	C2751824
CYP11A1 gene	C1413855	ASSOCIATED_WITH		Adrenal gland hypofunction	C0001623
CYP17A1 gene	C1413858	ASSOCIATED_WITH		Hypogonadism	C0020619
CYP17A1 gene	C1413858	ASSOCIATED_WITH		Adrenogenital disorder	C0701163
CYP17A1 gene	C1413858	ASSOCIATED_WITH		Osteoporosis	C0029456
CYP17A1 gene	C1413858	ASSOCIATED_WITH		Amenorrhea	C0002453
CYP17A1 gene	C1413858	ASSOCIATED_WITH		Ovarian Failure, Premature	C0085215
CYP17A1 gene	C1413858	ASSOCIATED_WITH		Congenital adrenal hyperplasia	C0001627
KCNQ2 gene	C1416614	ASSOCIATED_WITH		Brain Diseases	C0006111
KCNQ2 gene	C1416614	ASSOCIATED_WITH		Neonatal encephalopathy	C0235820
KCNQ2 gene	C1416614	ASSOCIATED_WITH		nervous system disorder	C0027765
KCNQ2 gene	C1416614	ASSOCIATED_WITH		Infantile spasms	C0037769
KCNQ2 gene	C1416614	ASSOCIATED_WITH		Early infantile epileptic encephalopathy with suppression bursts	C0393706
KCNQ2 gene	C1416614	ASSOCIATED_WITH		Encephalopathies	C0085584
KCNQ2 gene	C1416614	ASSOCIATED_WITH		Benign neonatal epilepsy	C0270851
KCNQ2 gene	C1416614	ASSOCIATED_WITH		Epileptic encephalopathy	C0543888
KCNQ2 gene	C1416614	ASSOCIATED_WITH		Familial benign neonatal epilepsy	C0220669
KCNQ2 gene	C1416614	ASSOCIATED_WITH	["29426806_fullText_5"]	Epilepsy	C0014544
KCNQ2 gene	C1416614	ASSOCIATED_WITH	["23166088_fullText_4"]	Syndrome	C0039082
KCNQ3 gene	C1416615	ASSOCIATED_WITH		Myoclonic Epilepsy, Juvenile	C0270853
KCNQ3 gene	C1416615	ASSOCIATED_WITH		Epilepsy, Rolandic	C0376532
KCNQ3 gene	C1416615	ASSOCIATED_WITH		Benign neonatal epilepsy	C0270851
KCNQ3 gene	C1416615	ASSOCIATED_WITH		Familial benign neonatal epilepsy	C0220669
ADCYAP1R1 gene	C1412229	ASSOCIATED_WITH		Asthma	C0004096
SBDS gene	C1426244	ASSOCIATED_WITH		Aplastic Anemia	C0002874
COL3A1 gene	C1413581	ASSOCIATED_WITH		Pulmonary Fibrosis	C0034069
COL3A1 gene	C1413581	ASSOCIATED_WITH		Ehlers-Danlos syndrome, type 3 (disorder)	C0268337
COL3A1 gene	C1413581	ASSOCIATED_WITH		Liver Cirrhosis	C0023890
COL3A1 gene	C1413581	ASSOCIATED_WITH		Loeys-Dietz Syndrome	C2697932
COL3A1 gene	C1413581	ASSOCIATED_WITH		Marfan Syndrome	C0024796
COL3A1 gene	C1413581	ASSOCIATED_WITH		Dissection of aorta	C0340643
COL3A1 gene	C1413581	ASSOCIATED_WITH		Aortic Aneurysm	C0003486
COL3A1 gene	C1413581	ASSOCIATED_WITH		Connective Tissue Diseases	C0009782
COL3A1 gene	C1413581	ASSOCIATED_WITH		Ehlers-Danlos Syndrome	C0013720
KCNT1 gene	C1425836	ASSOCIATED_WITH		Epileptic Syndromes	C4505072
KCNT1 gene	C1425836	ASSOCIATED_WITH		Epilepsies, Partial	C0014547
KCNT1 gene	C1425836	ASSOCIATED_WITH		Epileptic encephalopathy	C0543888
KCNT1 gene	C1425836	ASSOCIATED_WITH		Autosomal Dominant Nocturnal Frontal Lobe Epilepsy	C3696898
KCNT1 gene	C1425836	ASSOCIATED_WITH	["29426806_fullText_5"]	Epilepsy	C0014544
KCNT1 gene	C1425836	ASSOCIATED_WITH	["33817875_fullText_7"]	Peroxisome Biogenesis Disorder, Complementation Group C	C1832232
LYNX1 gene	C1537627	ASSOCIATED_WITH	["33815383_fullText_4"]	Nevi flammei, familial multiple	C2931029
THAP1 gene	C1427163	ASSOCIATED_WITH		Idiopathic familial dystonia	C0393598
THAP1 gene	C1427163	ASSOCIATED_WITH		Dystonia Disorders	C0393593
THAP1 gene	C1427163	ASSOCIATED_WITH		Dystonia Musculorum Deformans	C0013423
THAP1 gene	C1427163	ASSOCIATED_WITH	["34802187_fullText_4"]	Dystonia 6, torsion (disorder)	C1414216
SGCE gene	C1420008	ASSOCIATED_WITH		Dystonia Musculorum Deformans	C0013423
SGCE gene	C1420008	ASSOCIATED_WITH		Idiopathic familial dystonia	C0393598
SGCE gene	C1420008	ASSOCIATED_WITH		Movement Disorders	C0026650
GCH1 gene	C1415012	CAUSES	["30314816_fullText_1"]	Dopa-Responsive Dystonia	C1851920
GCH1 gene	C1415012	ASSOCIATED_WITH		6-pyruvoyl-tetrahydropterin synthase deficiency	C0878676
GCH1 gene	C1415012	ASSOCIATED_WITH		Idiopathic familial dystonia	C0393598
GCH1 gene	C1415012	ASSOCIATED_WITH		Diabetes Mellitus, Non-Insulin-Dependent	C0011860
GCH1 gene	C1415012	ASSOCIATED_WITH		Dystonia Musculorum Deformans	C0013423
GCH1 gene	C1415012	ASSOCIATED_WITH		Anemia, Sickle Cell	C0002895
GCH1 gene	C1415012	ASSOCIATED_WITH		Hypertensive disease	C0020538
GCH1 gene	C1415012	ASSOCIATED_WITH		Parkinsonian Disorders	C0242422
GCH1 gene	C1415012	ASSOCIATED_WITH		Hyperphenylalaninemia, BH4-Deficient, B	C0268467
GCH1 gene	C1415012	ASSOCIATED_WITH		Dystonia Disorders	C0393593
GCH1 gene	C1415012	ASSOCIATED_WITH		DYSTONIA, DOPA-RESPONSIVE, WITH OR WITHOUT HYPERPHENYLALANINEMIA, AUTOSOMAL RECESSIVE (disorder)	C2673535
GCH1 gene	C1415012	ASSOCIATED_WITH	["20842687_fullText_3"]	Hyperphenylalaninaemia	C0751435
GCH1 gene	C1415012	ASSOCIATED_WITH	["30314816_fullText_4","23421753_fullText_4"]	Dopa-Responsive Dystonia	C1851920
GABRA1 gene	C1414908	ASSOCIATED_WITH		Essential Tremor	C0270736
GABRA1 gene	C1414908	ASSOCIATED_WITH		Idiopathic generalized epilepsy	C0270850
GABRA1 gene	C1414908	ASSOCIATED_WITH		Epileptic encephalopathy	C0543888
GABRA1 gene	C1414908	ASSOCIATED_WITH		Infantile Severe Myoclonic Epilepsy	C0751122
GABRA1 gene	C1414908	ASSOCIATED_WITH		Myoclonic Epilepsy, Juvenile	C0270853
SOX9 gene	C1420331	ASSOCIATED_WITH		46, XX Testicular Disorders of Sex Development	C2936419
SOX9 gene	C1420331	ASSOCIATED_WITH		CAMPOMELIC DYSPLASIA	C1861922
SOX9 gene	C1420331	ASSOCIATED_WITH		Acampomelic Campomelic Dysplasia	C1861923
CHRNA9 gene	C1422395	ASSOCIATED_WITH	["33815383_fullText_4"]	Nevi flammei, familial multiple	C2931029
DYM gene	C1539322	ASSOCIATED_WITH		Osteochondrodysplasias	C0029422
DYM gene	C1539322	ASSOCIATED_WITH		SMITH-MCCORT DYSPLASIA	C1846431
DYM gene	C1539322	ASSOCIATED_WITH__INFER__	["10356596_fullText_1"]	metabolic disturbance	C0746556
DYM gene	C1539322	ASSOCIATED_WITH	["33815383_fullText_4"]	Nevi flammei, familial multiple	C2931029
MMP8 wt Allele	C1704924	ASSOCIATED_WITH__INFER__	["33814187_fullText_1"]	Deglutition Disorders	C0011168
SIM1 gene	C1420067	ASSOCIATED_WITH		Obesity	C0028754
HDAC9 gene	C1422386	ASSOCIATED_WITH		Atherosclerosis	C0004153
HDAC9 gene	C1422386	ASSOCIATED_WITH		Cerebrovascular accident	C0038454
ANTXR1 wt Allele	C3540546	CAUSES	["34210973_fullText_2"]	Seckel syndrome	C0265202
RIPK1 gene	C1335623	ASSOCIATED_WITH		Primary immune deficiency disorder	C0398686
SCN9A gene	C1419867	ASSOCIATED_WITH		Hereditary Sensory Autonomic Neuropathy, Type 2	C0020072
SCN9A gene	C1419867	ASSOCIATED_WITH		Charcot-Marie-Tooth Disease	C0007959
SCN9A gene	C1419867	ASSOCIATED_WITH		Infantile Severe Myoclonic Epilepsy	C0751122
SCN9A gene	C1419867	ASSOCIATED_WITH		Postherpetic neuralgia	C0032768
SCN9A gene	C1419867	ASSOCIATED_WITH		Congenital Pain Insensitivity	C0002768
SCN9A gene	C1419867	ASSOCIATED_WITH		Chronic pain	C0150055
SCN9A gene	C1419867	ASSOCIATED_WITH		Epilepsy	C0014544
SCN9A gene	C1419867	ASSOCIATED_WITH		PAROXYSMAL EXTREME PAIN DISORDER	C1833661
SCN9A gene	C1419867	ASSOCIATED_WITH		Erythromelalgia	C0014804
SCN9A gene	C1419867	ASSOCIATED_WITH		Small Fiber Neuropathy	C3276706
SCN10A gene	C1419853	ASSOCIATED_WITH		Ventricular Fibrillation	C0042510
SCN10A gene	C1419853	ASSOCIATED_WITH		Heart Block	C0018794
SCN10A gene	C1419853	ASSOCIATED_WITH		Atrial Fibrillation	C0004238
SCN10A gene	C1419853	ASSOCIATED_WITH		Brugada Syndrome (disorder)	C1142166
SCN11A gene	C1419854	ASSOCIATED_WITH		Sensory neuropathy	C0151313
SCN11A gene	C1419854	ASSOCIATED_WITH		Congenital Pain Insensitivity	C0002768
STS gene	C1420490	ASSOCIATED_WITH		Rheumatoid Arthritis	C0003873
STS gene	C1420490	ASSOCIATED_WITH		Placental Steroid Sulfatase Deficiency	C2720163
STS gene	C1420490	ASSOCIATED_WITH		Obesity	C0028754
STS gene	C1420490	ASSOCIATED_WITH		Ichthyosis, X-Linked	C0079588
STS gene	C1420490	ASSOCIATED_WITH		Steroid Sulfatase Deficiency Disease	C2717836
TNNI3 gene	C1420826	ASSOCIATED_WITH		Cardiomyopathies, Primary	C0033141
TNNI3 gene	C1420826	ASSOCIATED_WITH		Cardiomyopathy, Familial Idiopathic	C1449563
TNNI3 gene	C1420826	ASSOCIATED_WITH		Cardiomyopathy, Hypertrophic, Familial	C0949658
TNNI3 gene	C1420826	ASSOCIATED_WITH		Myocarditis	C0027059
TNNI3 gene	C1420826	ASSOCIATED_WITH		Heart Diseases	C0018799
TNNI3 gene	C1420826	ASSOCIATED_WITH		Acute Coronary Syndrome	C0948089
TNNI3 gene	C1420826	ASSOCIATED_WITH		CARDIOMYOPATHY, FAMILIAL RESTRICTIVE, 1 (disorder)	C1861861
TNNI3 gene	C1420826	ASSOCIATED_WITH		Cardiomyopathies	C0878544
TNNI3 gene	C1420826	ASSOCIATED_WITH		Restrictive cardiomyopathy	C0007196
TNNI3 gene	C1420826	ASSOCIATED_WITH		Myocardial Infarction	C0027051
TNNI3 gene	C1420826	ASSOCIATED_WITH		Cardiomyopathy, Dilated	C0007193
TNNI3 gene	C1420826	ASSOCIATED_WITH		Hypertrophic Cardiomyopathy	C0007194
TNNI3 gene	C1420826	CAUSES	["37532500_fullText_8"]	CARDIOMYOPATHY, FAMILIAL RESTRICTIVE, 1 (disorder)	C1861861
GNAL gene	C1415145	ASSOCIATED_WITH		Dystonia Musculorum Deformans	C0013423
GNAL gene	C1415145	ASSOCIATED_WITH		Dystonia Disorders	C0393593
SIRT6 gene	C1423066	ASSOCIATED_WITH		Fatty Liver	C0015695
SALL4 gene	C1423836	ASSOCIATED_WITH		Holt-Oram syndrome	C0265264
SALL4 gene	C1423836	ASSOCIATED_WITH		Duane Retraction Syndrome	C0013261
SALL4 gene	C1423836	ASSOCIATED_WITH		Okihiro Syndrome	C1623209
SALL4 gene	C1423836	ASSOCIATED_WITH		Oculootoradial syndrome	C1327918
DIO2 gene	C1414052	ASSOCIATED_WITH		Thyroid Diseases	C0040128
DIO2 gene	C1414052	ASSOCIATED_WITH		Hypertensive disease	C0020538
DIO2 gene	C1414052	AFFECTS	["37295763_fullText_6"]	Pneumocystis jiroveci pneumonia	C1535939
IRAK3 gene	C1334136	ASSOCIATED_WITH		Asthma	C0004096
IGF1 gene	C1334089	ASSOCIATED_WITH		Acute Kidney Insufficiency	C1565662
IGF1 gene	C1334089	ASSOCIATED_WITH		Brain Ischemia	C0007786
IGF1 gene	C1334089	ASSOCIATED_WITH	["33964727_fullText_1"]	Cardiovascular Diseases	C0007222
IGF1 gene	C1334089	ASSOCIATED_WITH		Diabetes Mellitus, Non-Insulin-Dependent	C0011860
IGF1 gene	C1334089	ASSOCIATED_WITH		Diabetes Mellitus, Insulin-Dependent	C0011854
IGF1 gene	C1334089	ASSOCIATED_WITH		Alzheimer's Disease	C0002395
IGF1 gene	C1334089	ASSOCIATED_WITH		Acromegaly	C0001206
IGF1 gene	C1334089	ASSOCIATED_WITH		Myopia	C0027092
IGF1 gene	C1334089	ASSOCIATED_WITH		Hypertensive disease	C0020538
IGF1 gene	C1334089	ASSOCIATED_WITH		Diabetic Retinopathy	C0011884
IGF1 gene	C1334089	ASSOCIATED_WITH		Myocardial Ischemia	C0151744
IGF1 gene	C1334089	ASSOCIATED_WITH		Insulin-Like Growth Factor I Deficiency	C1837475
IGF1 gene	C1334089	ASSOCIATED_WITH		Kidney Failure, Chronic	C0022661
IGF1 gene	C1334089	ASSOCIATED_WITH		Endometriosis	C0014175
IGF1 gene	C1334089	ASSOCIATED_WITH		Kidney Diseases	C0022658
IGF1 gene	C1334089	ASSOCIATED_WITH		Myocardial Infarction	C0027051
IGF1 gene	C1334089	ASSOCIATED_WITH		Acne	C0702166
IGF1 gene	C1334089	ASSOCIATED_WITH		Huntington Disease	C0020179
IGF1 gene	C1334089	ASSOCIATED_WITH		Pulmonary Fibrosis	C0034069
IGF1 gene	C1334089	ASSOCIATED_WITH		Precocious Puberty	C0034013
IGF1 gene	C1334089	ASSOCIATED_WITH		Kidney Failure, Acute	C0022660
IGF1 gene	C1334089	ASSOCIATED_WITH		Demyelinating Diseases	C0011303
IGF1 gene	C1334089	ASSOCIATED_WITH		Metabolic Bone Disorder	C0005944
IGF1 gene	C1334089	ASSOCIATED_WITH		Cardiomyopathy, Dilated	C0007193
IGF1 gene	C1334089	ASSOCIATED_WITH		Peripheral Neuropathy	C0031117
IGF1 gene	C1334089	ASSOCIATED_WITH		Diabetic Cardiomyopathies	C0853897
IGF1 gene	C1334089	ASSOCIATED_WITH		Cholestasis	C0008370
IGF1 gene	C1334089	ASSOCIATED_WITH		Colitis	C0009319
IGF1 gene	C1334089	ASSOCIATED_WITH		Muscular Atrophy	C0026846
RAPGEF3 gene	C1424450	ASSOCIATED_WITH		Impaired glucose tolerance	C0271650
RAPGEF3 gene	C1424450	ASSOCIATED_WITH		Obesity	C0028754
JAK3 gene	C1334292	ASSOCIATED_WITH		Immunologic Deficiency Syndromes	C0021051
JAK3 gene	C1334292	ASSOCIATED_WITH		Severe Combined Immunodeficiency	C0085110
IRF1 gene	C1366516	ASSOCIATED_WITH		Immunologic Deficiency Syndromes	C0021051
IRF1 gene	C1366516	ASSOCIATED_WITH		Cerebrovascular accident	C0038454
IRF1 gene	C1366516	ASSOCIATED_WITH		Asthma	C0004096
TGFA gene	C1336620	ASSOCIATED_WITH		Pulmonary Edema	C0034063
TGFA gene	C1336620	ASSOCIATED_WITH		Pulmonary Hypertension	C0020542
TGFA gene	C1336620	ASSOCIATED_WITH		Pulmonary Fibrosis	C0034069
TGFA gene	C1336620	ASSOCIATED_WITH		Psoriasis	C0033860
SLC12A3 gene	C1420092	ASSOCIATED_WITH		Kidney Diseases	C0022658
SLC12A3 gene	C1420092	ASSOCIATED_WITH		Essential Hypertension	C0085580
SLC12A3 gene	C1420092	ASSOCIATED_WITH		Bartter Disease	C0004775
SLC12A3 gene	C1420092	ASSOCIATED_WITH		Hypertensive disease	C0020538
SLC12A3 gene	C1420092	ASSOCIATED_WITH		Gitelman Syndrome	C0268450
KCNA5 gene	C1416548	ASSOCIATED_WITH		Pulmonary Hypertension	C0020542
KCNA5 gene	C1416548	ASSOCIATED_WITH		Pulmonary arterial hypertension	C2973725
KCNA5 gene	C1416548	ASSOCIATED_WITH		Atrial Fibrillation	C0004238
ARC gene	C1412501	ASSOCIATED_WITH		Alzheimer's Disease	C0002395
IRF3 gene	C1334139	ASSOCIATED_WITH		Herpes encephalitis	C0276226
DBH gene	C1413916	ASSOCIATED_WITH		Migraine with Aura	C0154723
DBH gene	C1413916	ASSOCIATED_WITH		Parkinson Disease	C0030567
DBH gene	C1413916	ASSOCIATED_WITH		Hypertensive disease	C0020538
DBH gene	C1413916	ASSOCIATED_WITH		dopamine beta hydroxylase deficiency	C0342687
COL2A1 gene	C1413580	ASSOCIATED_WITH		Disorder of eye	C0015397
COL2A1 gene	C1413580	ASSOCIATED_WITH		Avascular necrosis of bone	C0027543
COL2A1 gene	C1413580	ASSOCIATED_WITH		Epiphyseal Dysplasia, Multiple, with Myopia and Conductive Deafness	C1851536
COL2A1 gene	C1413580	ASSOCIATED_WITH		Retinitis Pigmentosa	C0035334
COL2A1 gene	C1413580	ASSOCIATED_WITH		Rheumatoid Arthritis	C0003873
COL2A1 gene	C1413580	ASSOCIATED_WITH		Connective Tissue Diseases	C0009782
COL2A1 gene	C1413580	ASSOCIATED_WITH		Spondylarthropathies	C0949691
COL2A1 gene	C1413580	ASSOCIATED_WITH		Sensorineural Hearing Loss (disorder)	C0018784
COL2A1 gene	C1413580	ASSOCIATED_WITH		Cartilage Diseases	C0007302
COL2A1 gene	C1413580	ASSOCIATED_WITH		Osteochondrodysplasias	C0029422
COL2A1 gene	C1413580	ASSOCIATED_WITH		Cleft Palate	C0008925
COL2A1 gene	C1413580	ASSOCIATED_WITH		Myopia	C0027092
COL2A1 gene	C1413580	ASSOCIATED_WITH		Skeletal dysplasia	C0410528
COL2A1 gene	C1413580	ASSOCIATED_WITH		Legg-Calve-Perthes Disease	C0023234
COL2A1 gene	C1413580	ASSOCIATED_WITH		Stickler syndrome, type 1	C2020284
COL2A1 gene	C1413580	ASSOCIATED_WITH		Strudwick syndrome	C0700635
COL2A1 gene	C1413580	ASSOCIATED_WITH		Platyspondylic Lethal Skeletal Dysplasia, Torrance Type	C1835437
PRDX2 gene	C1418880	ASSOCIATED_WITH		Down Syndrome	C0013080
AMELX gene	C1412382	ASSOCIATED_WITH		Dentin Dysplasia	C0011430
AMELX gene	C1412382	ASSOCIATED_WITH__INFER__	["10711889_fullText_8"]	Ptosis	C0033377
AMELX gene	C1412382	ASSOCIATED_WITH__INFER__	["10711889_fullText_8"]	Strabismus	C0038379
GPR17 gene	C1333691	ASSOCIATED_WITH		Metabolic Syndrome X	C0524620
GPR17 gene	C1333691	ASSOCIATED_WITH		Obesity	C0028754
STX1A gene	C1420498	ASSOCIATED_WITH		Hirschsprung Disease	C0019569
STX1A gene	C1420498	ASSOCIATED_WITH		Cystic Fibrosis	C0010674
STX1A gene	C1420498	ASSOCIATED_WITH		Williams Syndrome	C0175702
PTGIS gene	C1419071	ASSOCIATED_WITH		Hypertensive disease	C0020538
PTGIS gene	C1419071	ASSOCIATED_WITH		Cerebral Infarction	C0007785
PTGIS gene	C1419071	ASSOCIATED_WITH		Myocardial Infarction	C0027051
PTGIS gene	C1419071	ASSOCIATED_WITH		Essential Hypertension	C0085580
PTGIS gene	C1419071	ASSOCIATED_WITH		Pulmonary Hypertension	C0020542
CHL1 gene	C1413393	ASSOCIATED_WITH		Fetal Alcohol Spectrum Disorders	C2985290
CHL1 gene	C1413393	ASSOCIATED_WITH		Fetal Alcohol Syndrome	C0015923
MVD gene	C1417507	ASSOCIATED_WITH		Porokeratosis, Disseminated Superficial Actinic	C0265970
SCN2A gene	C1419858	ASSOCIATED_WITH		Benign neonatal epilepsy	C0270851
SCN2A gene	C1419858	ASSOCIATED_WITH		Lennox-Gastaut syndrome	C0238111
SCN2A gene	C1419858	ASSOCIATED_WITH		EPILEPSY, PYRIDOXINE-DEPENDENT	C1849508
SCN2A gene	C1419858	ASSOCIATED_WITH		Movement Disorders	C0026650
SCN2A gene	C1419858	ASSOCIATED_WITH		Epilepsies, Partial	C0014547
SCN2A gene	C1419858	ASSOCIATED_WITH		Familial benign neonatal epilepsy	C0220669
SCN2A gene	C1419858	ASSOCIATED_WITH		Episodic Ataxia	C1720189
SCN2A gene	C1419858	ASSOCIATED_WITH		Infantile spasms	C0037769
SCN2A gene	C1419858	ASSOCIATED_WITH		Early infantile epileptic encephalopathy with suppression bursts	C0393706
SCN2A gene	C1419858	ASSOCIATED_WITH		Epileptic encephalopathy	C0543888
SCN2A gene	C1419858	ASSOCIATED_WITH		Infantile Severe Myoclonic Epilepsy	C0751122
SCN2A gene	C1419858	ASSOCIATED_WITH		Febrile Convulsions	C0009952
SCN2A gene	C1419858	ASSOCIATED_WITH		SEIZURES, BENIGN FAMILIAL INFANTILE, 3	C1843140
SCN2A gene	C1419858	ASSOCIATED_WITH		Epilepsy	C0014544
KIF1A gene	C1412698	ASSOCIATED_WITH		HSAN Type IV	C0020074
KIF1A gene	C1412698	ASSOCIATED_WITH		Sensory Neuropathy, Hereditary	C0699739
KIF1A gene	C1412698	ASSOCIATED_WITH		PEHO syndrome	C1850055
KIF1A gene	C1412698	ASSOCIATED_WITH		Diabetes Mellitus	C0011849
KIF1A gene	C1412698	ASSOCIATED_WITH		Hereditary Sensory and Autonomic Neuropathies	C0027889
KIF1A gene	C1412698	ASSOCIATED_WITH		Hereditary Sensory Autonomic Neuropathy, Type 2	C0020072
KIF1A gene	C1412698	ASSOCIATED_WITH		Spastic Paraplegia	C0037772
KIF1A gene	C1412698	ASSOCIATED_WITH		Spastic Paraplegia, Hereditary	C0037773
HTR1E gene	C1415807	ASSOCIATED_WITH	["34207786_fullText_3"]	Pituitary Diseases	C0032002
HTR1F gene	C1415808	ASSOCIATED_WITH		Migraine Disorders	C0149931
HTR1F gene	C1415808	ASSOCIATED_WITH	["34207786_fullText_3"]	Pituitary Diseases	C0032002
RAD51 gene	C1419240	ASSOCIATED_WITH		Fanconi Anemia	C0015625
GPC3 gene	C1415195	ASSOCIATED_WITH		SIMPSON-GOLABI-BEHMEL SYNDROME, TYPE 1	C0796154
ME1 gene	C1417092	ASSOCIATED_WITH		Obesity	C0028754
ATF3 gene	C1412616	ASSOCIATED_WITH		Cardiomyopathies	C0878544
ATF3 gene	C1412616	ASSOCIATED_WITH		Diabetes Mellitus, Non-Insulin-Dependent	C0011860
ITGB3 gene	C1416498	ASSOCIATED_WITH		Other primary thrombocytopenia	C0477317
ITGB3 gene	C1416498	ASSOCIATED_WITH		Blood Platelet Disorders	C0005818
ITGB3 gene	C1416498	ASSOCIATED_WITH		Acute Coronary Syndrome	C0948089
ITGB3 gene	C1416498	ASSOCIATED_WITH		Coronary Thrombosis	C0010072
ITGB3 gene	C1416498	ASSOCIATED_WITH		Asthma	C0004096
ITGB3 gene	C1416498	ASSOCIATED_WITH		Neonatal Alloimmune Thrombocytopenia	C3853779
ITGB3 gene	C1416498	ASSOCIATED_WITH		Immune thrombocytopenic purpura	C0398650
ITGB3 gene	C1416498	ASSOCIATED_WITH		Cerebrovascular accident	C0038454
ITGB3 gene	C1416498	ASSOCIATED_WITH		Myocardial Infarction	C0027051
ITGB3 gene	C1416498	ASSOCIATED_WITH		Thrombasthenia	C0040015
MEF2D gene	C1417103	ASSOCIATED_WITH		Common Migraine	C0338480
CD14 gene	C1367477	ASSOCIATED_WITH		IGA Glomerulonephritis	C0017661
CD14 gene	C1367477	ASSOCIATED_WITH		Carotid Artery Diseases	C0007273
CD14 gene	C1367477	ASSOCIATED_WITH		Tuberculosis, Pulmonary	C0041327
CD14 gene	C1367477	ASSOCIATED_WITH		Celiac Disease	C0007570
CD14 gene	C1367477	ASSOCIATED_WITH		Gout	C0018099
CD14 gene	C1367477	ASSOCIATED_WITH		Nonalcoholic Steatohepatitis	C3241937
CD14 gene	C1367477	ASSOCIATED_WITH		Sarcoidosis	C0036202
CD14 gene	C1367477	ASSOCIATED_WITH		Hypertensive disease	C0020538
CD14 gene	C1367477	ASSOCIATED_WITH		Cystic Fibrosis	C0010674
CD14 gene	C1367477	ASSOCIATED_WITH		Non-alcoholic Fatty Liver Disease	C0400966
CD14 gene	C1367477	ASSOCIATED_WITH		Eczema	C0013595
CD14 gene	C1367477	ASSOCIATED_WITH		Liver Cirrhosis	C0023890
CD14 gene	C1367477	ASSOCIATED_WITH		Myocardial Infarction	C0027051
CD14 gene	C1367477	ASSOCIATED_WITH		Asthma	C0004096
AQP2 gene	C1412492	ASSOCIATED_WITH		Nephrogenic Diabetes Insipidus	C0162283
AQP2 gene	C1412492	ASSOCIATED_WITH		Nephrogenic Diabetes Insipidus, Type II	C1563706
BSG gene	C1412828	ASSOCIATED_WITH		Malaria, Falciparum	C0024535
BSG gene	C1412828	ASSOCIATED_WITH		COVID-19 Virus Disease	C5203670
PNPLA6 gene	C1826637	ASSOCIATED_WITH		Peripheral Neuropathy	C0031117
PNPLA6 gene	C1826637	ASSOCIATED_WITH		Sick Building Syndrome	C0037050
PNPLA6 gene	C1826637	ASSOCIATED_WITH		Amyotrophic Lateral Sclerosis	C0002736
PNPLA6 gene	C1826637	ASSOCIATED_WITH		Spastic Ataxia	C1849156
PNPLA6 gene	C1826637	ASSOCIATED_WITH		Motor Neuron Disease	C0085084
PNPLA6 gene	C1826637	ASSOCIATED_WITH		nervous system disorder	C0027765
PNPLA6 gene	C1826637	ASSOCIATED_WITH		Polyneuropathy	C0152025
PNPLA6 gene	C1826637	ASSOCIATED_WITH		Cerebellar Ataxia and Hypogonadotropic Hypogonadism	C1859305
PNPLA6 gene	C1826637	ASSOCIATED_WITH		Spastic Paraplegia	C0037772
PNPLA6 gene	C1826637	ASSOCIATED_WITH		Spastic Paraplegia, Hereditary	C0037773
PNPLA6 gene	C1826637	ASSOCIATED_WITH		Laurence-Moon Syndrome	C0023138
PNPLA6 gene	C1826637	ASSOCIATED_WITH		Oliver-McFarlane syndrome	C1848745
PNPLA6 gene	C1826637	ASSOCIATED_WITH		Chorioretinal Dystrophy, Spinocerebellar Ataxia, and Hypogonadotropic Hypogonadism	C1859093
MIR155 gene	C1537811	AUGMENTS	["33877664_fullText_5"]	Cerebral Infarction	C0007785
DDX6 gene	C0812257	ASSOCIATED_WITH		Rheumatoid Arthritis	C0003873
LDLR gene	C1366529	ASSOCIATED_WITH		Liver Cirrhosis	C0023890
LDLR gene	C1366529	ASSOCIATED_WITH		Fatty Liver, Alcoholic	C0015696
LDLR gene	C1366529	ASSOCIATED_WITH		Common Migraine	C0338480
LDLR gene	C1366529	ASSOCIATED_WITH		Dissection of aorta	C0340643
LDLR gene	C1366529	ASSOCIATED_WITH		Nonalcoholic Steatohepatitis	C3241937
LDLR gene	C1366529	ASSOCIATED_WITH		Arteriosclerosis	C0003850
LDLR gene	C1366529	ASSOCIATED_WITH		Cerebrovascular accident	C0038454
LDLR gene	C1366529	ASSOCIATED_WITH		Hyperlipoproteinemias	C0020476
LDLR gene	C1366529	ASSOCIATED_WITH		Myocardial Ischemia	C0151744
LDLR gene	C1366529	ASSOCIATED_WITH		Hepatitis C	C0019196
LDLR gene	C1366529	ASSOCIATED_WITH		Hyperlipoproteinemia Type III	C0020479
LDLR gene	C1366529	ASSOCIATED_WITH		Obesity	C0028754
LDLR gene	C1366529	ASSOCIATED_WITH		Hyperlipoproteinemia Type IIb	C1704417
LDLR gene	C1366529	ASSOCIATED_WITH		Coronary heart disease	C0010068
LDLR gene	C1366529	ASSOCIATED_WITH		Fatty Liver	C0015695
LDLR gene	C1366529	ASSOCIATED_WITH		Dyslipidemias	C0242339
LDLR gene	C1366529	ASSOCIATED_WITH		Non-alcoholic Fatty Liver Disease	C0400966
LDLR gene	C1366529	ASSOCIATED_WITH		Hyperlipidemia	C0020473
LDLR gene	C1366529	ASSOCIATED_WITH		Alzheimer's Disease	C0002395
LDLR gene	C1366529	ASSOCIATED_WITH		Coronary Arteriosclerosis	C0010054
LDLR gene	C1366529	ASSOCIATED_WITH		Atherosclerosis	C0004153
LDLR gene	C1366529	ASSOCIATED_WITH		Hypercholesterolemia	C0020443
LDLR gene	C1366529	ASSOCIATED_WITH		Hypercholesterolemia, Familial	C0020445
LDLR gene	C1366529	ASSOCIATED_WITH		Hyperlipoproteinemia Type IIa	C0745103
RTN4IP1 gene	C1425674	ASSOCIATED_WITH		Chorea	C0008489
RDX gene	C1419330	ASSOCIATED_WITH		Cholestasis	C0008370
SPTA1 gene	C1420385	ASSOCIATED_WITH		ELLIPTOCYTOSIS 2 (disorder)	C1851741
SPTA1 gene	C1420385	ASSOCIATED_WITH		Anemia, Hemolytic, Congenital	C0002881
SPTA1 gene	C1420385	ASSOCIATED_WITH		Anemia	C0002871
SPTA1 gene	C1420385	ASSOCIATED_WITH		Anemia, Hemolytic	C0002878
SPTA1 gene	C1420385	ASSOCIATED_WITH		Elliptocytosis, Hereditary	C0013902
SPTA1 gene	C1420385	ASSOCIATED_WITH		Hereditary pyropoikilocytosis	C0520739
SPTA1 gene	C1420385	ASSOCIATED_WITH		Hereditary spherocytosis	C0037889
RAC1 gene	C1419227	ASSOCIATED_WITH		Cardiomyopathy, Dilated	C0007193
RAC1 gene	C1419227	ASSOCIATED_WITH		Congestive heart failure	C0018802
RAC1 gene	C1419227	ASSOCIATED_WITH		Heart failure	C0018801
RAC1 gene	C1419227	ASSOCIATED_WITH		Diabetes Mellitus	C0011849
RHOB gene	C0812235	ASSOCIATED_WITH		Systemic Scleroderma	C0036421
SGSH gene	C1420015	ASSOCIATED_WITH		Mucopolysaccharidosis III	C0026706
SGSH gene	C1420015	ASSOCIATED_WITH		MPS III A	C0086647
EPCAM gene	C0812305	ASSOCIATED_WITH		DIARRHEA 5, WITH TUFTING ENTEROPATHY, CONGENITAL	C2750737
EPCAM gene	C0812305	ASSOCIATED_WITH		Lynch Syndrome	C4552100
ATP13A2 gene	C1540215	ASSOCIATED_WITH		Neuronal Ceroid-Lipofuscinoses	C0027877
ATP13A2 gene	C1540215	ASSOCIATED_WITH		Neurodegeneration with brain iron accumulation (NBIA)	C2931845
ATP13A2 gene	C1540215	ASSOCIATED_WITH		Parkinsonian Disorders	C0242422
ATP13A2 gene	C1540215	ASSOCIATED_WITH		Parkinson Disease	C0030567
SFTPA1 gene	C1420002	ASSOCIATED_WITH		Tuberculosis, Pulmonary	C0041327
SFTPA1 gene	C1420002	ASSOCIATED_WITH		Chronic Obstructive Airway Disease	C0024117
SFTPA1 gene	C1420002	ASSOCIATED_WITH		Lung diseases	C0024115
SFTPA1 gene	C1420002	ASSOCIATED_WITH		Lung Diseases, Interstitial	C0206062
SFTPA1 gene	C1420002	ASSOCIATED_WITH		Bronchopulmonary Dysplasia	C0006287
SFTPA1 gene	C1420002	ASSOCIATED_WITH		Idiopathic Pulmonary Fibrosis	C1800706
SFTPA1 gene	C1420002	ASSOCIATED_WITH		Pulmonary Fibrosis	C0034069
HTR3A gene	C1333933	ASSOCIATED_WITH		Irritable Bowel Syndrome	C0022104
HAVCR1 gene	C1425141	ASSOCIATED_WITH		Chemical and Drug Induced Liver Injury	C4277682
HAVCR1 gene	C1425141	ASSOCIATED_WITH		Focal glomerulosclerosis	C0017668
HAVCR1 gene	C1425141	ASSOCIATED_WITH		Dermatitis, Atopic	C0011615
HAVCR1 gene	C1425141	ASSOCIATED_WITH		Kidney Diseases	C0022658
HAVCR1 gene	C1425141	ASSOCIATED_WITH		Kidney Failure, Acute	C0022660
ADRB3 gene	C1439274	ASSOCIATED_WITH		Rheumatoid Arthritis	C0003873
ADRB3 gene	C1439274	ASSOCIATED_WITH		Diabetic Retinopathy	C0011884
ADRB3 gene	C1439274	ASSOCIATED_WITH		Alzheimer's Disease	C0002395
ADRB3 gene	C1439274	ASSOCIATED_WITH		Hyperlipidemia	C0020473
ADRB3 gene	C1439274	ASSOCIATED_WITH		Coronary heart disease	C0010068
ADRB3 gene	C1439274	ASSOCIATED_WITH		Coronary Arteriosclerosis	C0010054
ADRB3 gene	C1439274	ASSOCIATED_WITH		Nonalcoholic Steatohepatitis	C3241937
ADRB3 gene	C1439274	ASSOCIATED_WITH		Non-alcoholic Fatty Liver Disease	C0400966
ADRB3 gene	C1439274	ASSOCIATED_WITH		Gout	C0018099
ADRB3 gene	C1439274	ASSOCIATED_WITH		Heart failure	C0018801
ADRB3 gene	C1439274	ASSOCIATED_WITH		Congestive heart failure	C0018802
ADRB3 gene	C1439274	ASSOCIATED_WITH		Hypertensive disease	C0020538
ADRB3 gene	C1439274	ASSOCIATED_WITH		Obesity	C0028754
ADRB3 gene	C1439274	ASSOCIATED_WITH	["34072007_fullText_4"]	Diabetes Mellitus, Non-Insulin-Dependent	C0011860
ABCC8 gene	C1412082	ASSOCIATED_WITH		Congestive heart failure	C0018802
ABCC8 gene	C1412082	ASSOCIATED_WITH		Hyperinsulinemic hypoglycemia, familial, 1	C2931832
ABCC8 gene	C1412082	ASSOCIATED_WITH		Diabetes Mellitus, Insulin-Dependent	C0011854
ABCC8 gene	C1412082	ASSOCIATED_WITH		Pulmonary arterial hypertension	C2973725
ABCC8 gene	C1412082	ASSOCIATED_WITH		Diabetes Mellitus	C0011849
ABCC8 gene	C1412082	ASSOCIATED_WITH		Hypoglycemia	C0020615
ABCC8 gene	C1412082	ASSOCIATED_WITH		Neonatal diabetes mellitus	C0158981
ABCC8 gene	C1412082	ASSOCIATED_WITH		Hyperinsulinism	C0020459
ABCC8 gene	C1412082	ASSOCIATED_WITH		Diabetes Mellitus, Non-Insulin-Dependent	C0011860
ABCC8 gene	C1412082	ASSOCIATED_WITH		Congenital Hyperinsulinism	C3888018
GNRHR gene	C1415171	ASSOCIATED_WITH		Hypopituitarism	C0020635
GNRHR gene	C1415171	ASSOCIATED_WITH		Isolated gonadotropin deficiency	C0271577
GNRHR gene	C1415171	ASSOCIATED_WITH		Pituitary dwarfism	C0013338
GNRHR gene	C1415171	ASSOCIATED_WITH		Panhypopituitarism	C0242343
GNRHR gene	C1415171	ASSOCIATED_WITH		Sheehan Syndrome	C0242342
GNRHR gene	C1415171	ASSOCIATED_WITH		Hypogonadism	C0020619
GNRHR gene	C1415171	ASSOCIATED_WITH		Kallmann Syndrome	C0162809
GNRHR gene	C1415171	ASSOCIATED_WITH		Hypogonadotropic hypogonadism	C0271623
P2RY11 gene	C1418218	ASSOCIATED_WITH		Narcolepsy-Cataplexy Syndrome	C0751362
PRKCG gene	C1418919	ASSOCIATED_WITH		Autosomal dominant cerebellar ataxia	C4087347
PRKCG gene	C1418919	ASSOCIATED_WITH		Ataxia, Spinocerebellar	C0087012
GABBR1 gene	C1414904	ASSOCIATED_WITH		Hyperkinesia	C3887506
FGR gene	C0919478	PREDISPOSES	["34502436_fullText_2"]	Obesity	C0028754
FGR gene	C0919478	PREDISPOSES	["34502436_fullText_2"]	Cardiovascular Diseases	C0007222
NDUFA6 gene	C1417627	ASSOCIATED_WITH		MITOCHONDRIAL COMPLEX I DEFICIENCY	C1838979
NTRK1 gene	C0919487	ASSOCIATED_WITH		Lewy Body Disease	C0752347
NTRK1 gene	C0919487	ASSOCIATED_WITH		Charcot-Marie-Tooth Disease	C0007959
NTRK1 gene	C0919487	ASSOCIATED_WITH		Hereditary Sensory Radicular Neuropathy	C0086405
NTRK1 gene	C0919487	ASSOCIATED_WITH		Hereditary Sensory Autonomic Neuropathy, Type 2	C0020072
NTRK1 gene	C0919487	ASSOCIATED_WITH		Hereditary Sensory Autonomic Neuropathy, Type 1	C0020071
NTRK1 gene	C0919487	ASSOCIATED_WITH		Sensory Neuropathy, Hereditary	C0699739
NTRK1 gene	C0919487	ASSOCIATED_WITH		Hereditary Sensory Autonomic Neuropathy, Type 5	C0020075
NTRK1 gene	C0919487	ASSOCIATED_WITH		Hereditary Sensory and Autonomic Neuropathies	C0027889
NTRK1 gene	C0919487	ASSOCIATED_WITH		Alzheimer's Disease	C0002395
NTRK1 gene	C0919487	ASSOCIATED_WITH		HSAN Type IV	C0020074
ERBB2 gene	C0242957	ASSOCIATED_WITH		Hirschsprung Disease	C0019569
AGTR1 gene	C1439284	ASSOCIATED_WITH		Impaired glucose tolerance	C0271650
AGTR1 gene	C1439284	ASSOCIATED_WITH		Sarcoidosis	C0036202
AGTR1 gene	C1439284	ASSOCIATED_WITH		Pulmonary Hypertension	C0020542
AGTR1 gene	C1439284	ASSOCIATED_WITH		Diabetic Retinopathy	C0011884
AGTR1 gene	C1439284	ASSOCIATED_WITH		Myocardial Ischemia	C0151744
AGTR1 gene	C1439284	ASSOCIATED_WITH		Aortic Aneurysm, Abdominal	C0162871
AGTR1 gene	C1439284	ASSOCIATED_WITH		Kidney Diseases	C0022658
AGTR1 gene	C1439284	ASSOCIATED_WITH		Heart failure	C0018801
AGTR1 gene	C1439284	ASSOCIATED_WITH		Congestive heart failure	C0018802
AGTR1 gene	C1439284	ASSOCIATED_WITH		Alzheimer's Disease	C0002395
AGTR1 gene	C1439284	ASSOCIATED_WITH		Kidney Failure, Chronic	C0022661
AGTR1 gene	C1439284	ASSOCIATED_WITH		Coronary heart disease	C0010068
AGTR1 gene	C1439284	ASSOCIATED_WITH		Coronary Arteriosclerosis	C0010054
AGTR1 gene	C1439284	ASSOCIATED_WITH		Essential Hypertension	C0085580
AGTR1 gene	C1439284	ASSOCIATED_WITH		COVID-19 Virus Disease	C5203670
AGTR1 gene	C1439284	ASSOCIATED_WITH		Myocardial Infarction	C0027051
AGTR1 gene	C1439284	ASSOCIATED_WITH		Hypertensive disease	C0020538
AGTR1 gene	C1439284	ASSOCIATED_WITH		Allanson Pantzar McLeod syndrome	C0266313
AGTR1 gene	C1439284	ASSOCIATED_WITH	["34471171_fullText_10"]	Cardiomyopathies	C0878544
ABCG2 gene	C1332002	ASSOCIATED_WITH		Primary biliary cirrhosis	C0008312
ABCG2 gene	C1332002	ASSOCIATED_WITH		Cardiomyopathies	C0878544
ABCG2 gene	C1332002	ASSOCIATED_WITH		Biliary cirrhosis	C0023892
ABCG2 gene	C1332002	ASSOCIATED_WITH		Congestive heart failure	C0018802
ABCG2 gene	C1332002	ASSOCIATED_WITH		Heart failure	C0018801
ABCG2 gene	C1332002	ASSOCIATED_WITH		nervous system disorder	C0027765
ABCG2 gene	C1332002	ASSOCIATED_WITH		Rheumatoid Arthritis	C0003873
ABCG2 gene	C1332002	ASSOCIATED_WITH		Arthritis, Gouty	C0003868
ABCG2 gene	C1332002	ASSOCIATED_WITH		Hyperuricemia	C0740394
ABCG2 gene	C1332002	ASSOCIATED_WITH		Gout	C0018099
LAMP2 gene	C1416790	ASSOCIATED_WITH		Cardiomyopathy, Hypertrophic, Familial	C0949658
LAMP2 gene	C1416790	ASSOCIATED_WITH		Status Epilepticus	C0038220
LAMP2 gene	C1416790	ASSOCIATED_WITH		Cardiomyopathy, Dilated	C0007193
LAMP2 gene	C1416790	ASSOCIATED_WITH		Cardiomyopathies	C0878544
LAMP2 gene	C1416790	ASSOCIATED_WITH		Hypertrophic Cardiomyopathy	C0007194
LAMP2 gene	C1416790	ASSOCIATED_WITH		Glycogen Storage Disease Type IIb	C0878677
FGF9 gene	C1333540	ASSOCIATED_WITH		Cleft Palate	C0008925
FGF9 gene	C1333540	ASSOCIATED_WITH		Multiple synostosis syndrome	C0175700
ARIH1 gene	C1412533	ASSOCIATED_WITH		Aortic Aneurysm	C0003486
SIX1 gene	C1420072	ASSOCIATED_WITH		Sensorineural hearing loss, bilateral	C0452138
SIX1 gene	C1420072	ASSOCIATED_WITH		Branchio-Oto-Renal Syndrome	C0265234
RARRES2 gene	C1419274	ASSOCIATED_WITH		Impaired glucose tolerance	C0271650
TTN wt Allele	C3538714	AUGMENTS	["19732192_fullText_5"]	Gingivitis	C0017574
NRXN1 gene	C1417851	ASSOCIATED_WITH		PITT-HOPKINS SYNDROME	C1970431
CASK gene	C1413128	ASSOCIATED_WITH		Pachygyria	C0266483
CASK gene	C1413128	ASSOCIATED_WITH		Early infantile epileptic encephalopathy with suppression bursts	C0393706
CASK gene	C1413128	ASSOCIATED_WITH		Nystagmus	C0028738
CASK gene	C1413128	ASSOCIATED_WITH		Cleft Palate	C0008925
CASK gene	C1413128	ASSOCIATED_WITH		FG syndrome	C0220769
PTS gene	C1419129	AFFECTS	["26455015_fullText_7"]	Myotonic Dystrophy	C0027126
PTS gene	C1419129	ASSOCIATED_WITH		Metabolic Diseases	C0025517
PTS gene	C1419129	ASSOCIATED_WITH		Phenylketonurias	C0031485
PTS gene	C1419129	ASSOCIATED_WITH		Hyperphenylalaninemia, Non-Phenylketonuric	C0751436
PTS gene	C1419129	ASSOCIATED_WITH	["35952926_fullText_4","24705691_fullText_4"]	Pulmonary Hypertension, Primary, 1, With Hereditary Hemorrhagic Telangiectasia	C3714844
PTS gene	C1419129	ASSOCIATED_WITH	["32202960_fullText_8"]	6-pyruvoyl-tetrahydropterin synthase deficiency	C0878676
TNFRSF1A gene	C1363984	ASSOCIATED_WITH		Uveitis	C0042164
TNFRSF1A gene	C1363984	ASSOCIATED_WITH		Cystic Fibrosis	C0010674
TNFRSF1A gene	C1363984	ASSOCIATED_WITH		Congestive heart failure	C0018802
TNFRSF1A gene	C1363984	ASSOCIATED_WITH		Anorexia	C0003123
TNFRSF1A gene	C1363984	ASSOCIATED_WITH		IGA Glomerulonephritis	C0017661
TNFRSF1A gene	C1363984	ASSOCIATED_WITH		Pneumonia	C0032285
TNFRSF1A gene	C1363984	ASSOCIATED_WITH		Behcet Syndrome	C0004943
TNFRSF1A gene	C1363984	ASSOCIATED_WITH		Heart failure	C0018801
TNFRSF1A gene	C1363984	ASSOCIATED_WITH		Rheumatoid Arthritis	C0003873
TNFRSF1A gene	C1363984	ASSOCIATED_WITH		Diabetes Mellitus, Non-Insulin-Dependent	C0011860
TNFRSF1A gene	C1363984	ASSOCIATED_WITH		Multiple Sclerosis	C0026769
IKBKB gene	C1442489	ASSOCIATED_WITH		Pneumonia	C0032285
IKBKB gene	C1442489	ASSOCIATED_WITH		Impaired glucose tolerance	C0271650
IKBKB gene	C1442489	ASSOCIATED_WITH		Severe Combined Immunodeficiency	C0085110
IKBKB gene	C1442489	ASSOCIATED_WITH		Hypertensive disease	C0020538
IKBKB gene	C1442489	ASSOCIATED_WITH		Dermatitis	C0011603
IKBKB gene	C1442489	ASSOCIATED_WITH		Diabetes Mellitus, Non-Insulin-Dependent	C0011860
IKBKB gene	C1442489	ASSOCIATED_WITH		IMMUNODEFICIENCY 15B	C4747743
IKBKB gene	C1442489	ASSOCIATED_WITH		IMMUNODEFICIENCY 15A	C4748694
ACLY gene	C1412125	ASSOCIATED_WITH		Congestive heart failure	C0018802
ACLY gene	C1412125	ASSOCIATED_WITH		Heart failure	C0018801
ACLY gene	C1412125	ASSOCIATED_WITH		Obesity	C0028754
SELL gene	C1335808	ASSOCIATED_WITH		Ulcerative Colitis	C0009324
SELL gene	C1335808	ASSOCIATED_WITH		IGA Glomerulonephritis	C0017661
SELL gene	C1335808	ASSOCIATED_WITH		Myocardial Infarction	C0027051
FGFR1 gene	C0919509	ASSOCIATED_WITH		Isolated gonadotropin deficiency	C0271577
FGFR1 gene	C0919509	ASSOCIATED_WITH		Pituitary dwarfism	C0013338
FGFR1 gene	C0919509	ASSOCIATED_WITH		Sheehan Syndrome	C0242342
FGFR1 gene	C0919509	ASSOCIATED_WITH		Septo-Optic Dysplasia	C0338503
FGFR1 gene	C0919509	ASSOCIATED_WITH		Heart valve disease	C0018824
FGFR1 gene	C0919509	ASSOCIATED_WITH		Hypopituitarism	C0020635
FGFR1 gene	C0919509	ASSOCIATED_WITH		Panhypopituitarism	C0242343
FGFR1 gene	C0919509	ASSOCIATED_WITH		Cleft Palate	C0008925
FGFR1 gene	C0919509	ASSOCIATED_WITH		JACKSON-WEISS SYNDROME	C0795998
FGFR1 gene	C0919509	ASSOCIATED_WITH		Kallmann Syndrome	C0162809
FGFR1 gene	C0919509	ASSOCIATED_WITH		Hypogonadotropic hypogonadism	C0271623
FGFR1 gene	C0919509	ASSOCIATED_WITH		Craniosynostosis	C0010278
FGFR1 gene	C0919509	ASSOCIATED_WITH		Pfeiffer Syndrome	C0220658
RGS10 gene	C1419368	AUGMENTS	["34412704_fullText_7"]	Colitis	C0009319
TMEM43 gene	C1540016	ASSOCIATED_WITH		Arrhythmogenic Right Ventricular Dysplasia	C0349788
TMEM43 gene	C1540016	ASSOCIATED_WITH		Cardiomyopathies	C0878544
TMEM43 gene	C1540016	ASSOCIATED_WITH		ARRHYTHMOGENIC RIGHT VENTRICULAR DYSPLASIA, FAMILIAL, 5 (disorder)	C1858379
HPGDS gene	C1865138	ASSOCIATED_WITH		Liver diseases	C0023895
HEPATIC PROTEIN	C1840635	ASSOCIATED_WITH	["32557671_fullText_11"]	Alcoholic Liver Diseases	C0023896
HEPATIC PROTEIN	C1840635	ASSOCIATED_WITH	["32557671_fullText_11"]	Nonalcoholic Steatohepatitis	C3241937
HEPATIC PROTEIN	C1840635	ASSOCIATED_WITH	["32557671_fullText_11"]	Primary sclerosing cholangitis	C0566602
CRX gene	C1413723	ASSOCIATED_WITH		RETINITIS PIGMENTOSA 1	C0220701
CRX gene	C1413723	ASSOCIATED_WITH		Hereditary retinal dystrophy	C0154860
CRX gene	C1413723	ASSOCIATED_WITH		Amaurosis congenita of Leber, type 1	C2931258
CRX gene	C1413723	ASSOCIATED_WITH		Retinal Dystrophies	C0854723
CRX gene	C1413723	ASSOCIATED_WITH		Retinal Degeneration	C0035304
CRX gene	C1413723	ASSOCIATED_WITH		Cone-Rod Dystrophies	C4085590
CRX gene	C1413723	ASSOCIATED_WITH		Leber Congenital Amaurosis	C0339527
CRX gene	C1413723	ASSOCIATED_WITH		Cone-Rod Dystrophy 2	C3489532
CRX gene	C1413723	ASSOCIATED_WITH		Retinitis Pigmentosa	C0035334
CRX gene	C1413723	CAUSES	["32165824_fullText_118"]	Retinitis Pigmentosa	C0035334
CFB gene	C1824728	ASSOCIATED_WITH		Diabetic Retinopathy	C0011884
CFB gene	C1824728	ASSOCIATED_WITH		Anterior uveitis	C0042165
CFB gene	C1824728	ASSOCIATED_WITH		Psoriasis	C0033860
CFB gene	C1824728	ASSOCIATED_WITH		Ulcerative Colitis	C0009324
CFB gene	C1824728	ASSOCIATED_WITH		Macular degeneration	C0024437
CFB gene	C1824728	ASSOCIATED_WITH		Anemia, Sickle Cell	C0002895
CFB gene	C1824728	ASSOCIATED_WITH		Diabetes Mellitus, Insulin-Dependent	C0011854
CFB gene	C1824728	ASSOCIATED_WITH		Glomerulonephritis, Membranoproliferative	C0017662
CFB gene	C1824728	ASSOCIATED_WITH		IGA Glomerulonephritis	C0017661
CFB gene	C1824728	ASSOCIATED_WITH		Lupus Erythematosus, Systemic	C0024141
CFB gene	C1824728	ASSOCIATED_WITH		Atypical Hemolytic Uremic Syndrome	C2931788
CHRNB2 gene	C1413408	ASSOCIATED_WITH		Epilepsy, Frontal Lobe	C0085541
CHRNB2 gene	C1413408	ASSOCIATED_WITH		Alzheimer's Disease	C0002395
CHRNB2 gene	C1413408	ASSOCIATED_WITH		Autosomal Dominant Nocturnal Frontal Lobe Epilepsy	C3696898
GYPC gene	C1415375	ASSOCIATED_WITH		Malaria	C0024530
GYPC gene	C1415375	ASSOCIATED_WITH		Elliptocytosis, Hereditary	C0013902
NR4A1 gene	C1367453	ASSOCIATED_WITH		Myocardial Ischemia	C0151744
NR4A1 gene	C1367453	ASSOCIATED_WITH		Endometriosis	C0014175
SLC12A1 gene	C1420090	ASSOCIATED_WITH		Nephrocalcinosis	C0027709
SLC12A1 gene	C1420090	ASSOCIATED_WITH		Gitelman Syndrome	C0268450
SLC12A1 gene	C1420090	ASSOCIATED_WITH		Bartter Disease	C0004775
ORAI1 gene	C1823405	ASSOCIATED_WITH		Stormorken Syndrome	C1861451
ORAI1 gene	C1823405	ASSOCIATED_WITH		Tubular Aggregate Myopathy	C0410207
ORAI1 gene	C1823405	ASSOCIATED_WITH		Immune dysfunction with T-cell inactivation due to calcium entry defect 1	C2748568
ORAI1 gene	C1823405	ASSOCIATED_WITH	["36195535_fullText_8"]	Diabetes	C0011847
PIR gene	C1538650	ASSOCIATED_WITH	["35768212_fullText_4"]	OROFACIAL CLEFT 1	C1861537
PYCARD gene	C1538756	ASSOCIATED_WITH		Hyperhomocysteinemia	C0598608
TUBB4A gene	C1540127	ASSOCIATED_WITH		Cerebral Palsy	C0007789
TUBB4A gene	C1540127	ASSOCIATED_WITH		Dystonia Musculorum Deformans	C0013423
PRF1 gene	C1418887	ASSOCIATED_WITH		Nonalcoholic Steatohepatitis	C3241937
PRF1 gene	C1418887	ASSOCIATED_WITH		Non-alcoholic Fatty Liver Disease	C0400966
PRF1 gene	C1418887	ASSOCIATED_WITH		Influenza	C0021400
PRF1 gene	C1418887	ASSOCIATED_WITH		Aplastic Anemia	C0002874
PRF1 gene	C1418887	ASSOCIATED_WITH		HIV Infections	C0019693
PRF1 gene	C1418887	ASSOCIATED_WITH		Multiple Sclerosis	C0026769
HMOX2 gene	C1415620	ASSOCIATED_WITH		Migraine with Aura	C0154723
CES1 gene	C1413347	ASSOCIATED_WITH		Hypercholesterolemia	C0020443
CES1 gene	C1413347	ASSOCIATED_WITH		Obesity	C0028754
ACTA1 gene	C1412136	ASSOCIATED_WITH		Nemaline Myopathy, Childhood Onset	C0546125
ACTA1 gene	C1412136	ASSOCIATED_WITH		Cardiomyopathy, Dilated	C0007193
ACTA1 gene	C1412136	ASSOCIATED_WITH		Neuromuscular Diseases	C0027868
ACTA1 gene	C1412136	ASSOCIATED_WITH		Myopathies, Nemaline	C0206157
ACTA1 gene	C1412136	ASSOCIATED_WITH		Myopathy	C0026848
ACTA1 gene	C1412136	ASSOCIATED_WITH		Actin-Accumulation Myopathy	C3711389
ACTA1 gene	C1412136	CAUSES	["32478919_fullText_6"]	Sarcoidosis	C0036202
ACTA1 gene	C1412136	CAUSES	["32478919_fullText_6"]	Myopathy	C0026848
ACTA1 gene	C1412136	CAUSES	["32478919_fullText_6"]	Amyloid myopathy	C0342618
KLKB1 gene	C1416681	ASSOCIATED_WITH		Pulmonary Embolism	C0034065
KLKB1 gene	C1416681	ASSOCIATED_WITH		Lupus Erythematosus, Systemic	C0024141
KLKB1 gene	C1416681	ASSOCIATED_WITH	["32147747_fullText_0"]	Hyperkeratosis	C0870082
KLKB1 gene	C1416681	ASSOCIATED_WITH	["32147747_fullText_0"]	Exfoliative dermatitis	C0011606
SLC6A2 gene	C1420212	ASSOCIATED_WITH		Hypertensive disease	C0020538
SLC6A2 gene	C1420212	ASSOCIATED_WITH		Neurocirculatory Asthenia	C0027821
ALAS1 gene	C1412330	ASSOCIATED_WITH		Disorders of Porphyrin Metabolism	C0032708
ELMO1 gene	C1424154	ASSOCIATED_WITH		Diabetic Nephropathy	C0011881
PKM gene	C1418610	ASSOCIATED_WITH		Osteoporosis	C0029456
STAR gene	C1420453	ASSOCIATED_WITH		Adrenogenital disorder	C0701163
STAR gene	C1420453	ASSOCIATED_WITH		TOE SYNDACTYLY, TELECANTHUS, AND ANOGENITAL AND RENAL MALFORMATIONS	C2678045
STAR gene	C1420453	ASSOCIATED_WITH		Polycystic Ovary Syndrome	C0032460
STAR gene	C1420453	ASSOCIATED_WITH		Congenital adrenal hyperplasia	C0001627
STAR gene	C1420453	ASSOCIATED_WITH		Lipoid congenital adrenal hyperplasia	C0342474
RFC2 gene	C1419349	ASSOCIATED_WITH		Williams Syndrome	C0175702
PRKAA2 gene	C1418898	ASSOCIATED_WITH		Cerebrovascular accident	C0038454
PRKAA2 gene	C1418898	ASSOCIATED_WITH		Cardiomyopathies	C0878544
PRKAA2 gene	C1418898	ASSOCIATED_WITH		Impaired glucose tolerance	C0271650
PRKAA2 gene	C1418898	ASSOCIATED_WITH		Diabetes Mellitus, Non-Insulin-Dependent	C0011860
DCLRE1C gene	C1425020	ASSOCIATED_WITH		Severe Combined Immunodeficiency	C0085110
DCLRE1C gene	C1425020	ASSOCIATED_WITH		Omenn Syndrome	C2700553
CHRND gene	C1413411	ASSOCIATED_WITH		Arthrogryposis multiplex congenita	C5779613
CHRND gene	C1413411	ASSOCIATED_WITH		Pena-Shokeir syndrome type I	C1276035
CHRND gene	C1413411	ASSOCIATED_WITH		Myasthenic Syndromes, Congenital, Slow Channel	C0751885
CHRND gene	C1413411	ASSOCIATED_WITH		MULTIPLE PTERYGIUM SYNDROME, LETHAL TYPE	C1854678
CHRND gene	C1413411	ASSOCIATED_WITH		Myasthenic Syndromes, Congenital	C0751882
CHRND gene	C1413411	CAUSES	["33030681_fullText_2"]	Myasthenic Syndromes, Congenital, Slow Channel	C0751885
TLR9 gene	C1423633	ASSOCIATED_WITH		Cardiovascular Diseases	C0007222
TLR9 gene	C1423633	ASSOCIATED_WITH		Kidney Failure, Chronic	C0022661
TLR9 gene	C1423633	ASSOCIATED_WITH		Cystic Fibrosis	C0010674
TLR9 gene	C1423633	ASSOCIATED_WITH		Tuberculosis, Pulmonary	C0041327
TLR9 gene	C1423633	ASSOCIATED_WITH		IGA Glomerulonephritis	C0017661
TLR9 gene	C1423633	ASSOCIATED_WITH		Hepatitis C	C0019196
TLR9 gene	C1423633	ASSOCIATED_WITH		Lupus Nephritis	C0024143
TLR9 gene	C1423633	ASSOCIATED_WITH		Asthma	C0004096
TLR9 gene	C1423633	ASSOCIATED_WITH		Lupus Erythematosus, Systemic	C0024141
TLR9 gene	C1423633	ASSOCIATED_WITH		Hepatitis B	C0019163
TRPM4 gene	C1425223	ASSOCIATED_WITH		Arrhythmogenic Right Ventricular Dysplasia	C0349788
TRPM4 gene	C1425223	ASSOCIATED_WITH		Hypertrophic Cardiomyopathy	C0007194
TRPM4 gene	C1425223	ASSOCIATED_WITH		Cardiomyopathy, Dilated	C0007193
TRPM4 gene	C1425223	ASSOCIATED_WITH		Congestive heart failure	C0018802
TRPM4 gene	C1425223	ASSOCIATED_WITH		Heart failure	C0018801
TRPM4 gene	C1425223	ASSOCIATED_WITH		Atrioventricular Block	C0004245
TRPM4 gene	C1425223	ASSOCIATED_WITH		Erythrokeratodermia variabilis	C0265961
TRPM4 gene	C1425223	ASSOCIATED_WITH		Long QT Syndrome	C0023976
TRPM4 gene	C1425223	ASSOCIATED_WITH		Cardiomyopathies	C0878544
TRPM4 gene	C1425223	ASSOCIATED_WITH		Hereditary bundle branch system defect	C1879286
TRPM4 gene	C1425223	ASSOCIATED_WITH		Brugada Syndrome (disorder)	C1142166
GABRA2 gene	C1414909	ASSOCIATED_WITH		Early infantile epileptic encephalopathy with suppression bursts	C0393706
MAOA gene	C1417001	ASSOCIATED_WITH		Myopathy	C0026848
MAOA gene	C1417001	ASSOCIATED_WITH		Endometriosis	C0014175
MAOA gene	C1417001	ASSOCIATED_WITH		Hepatic Encephalopathy	C0019151
MAOA gene	C1417001	ASSOCIATED_WITH		Huntington Disease	C0020179
MAOA gene	C1417001	ASSOCIATED_WITH		Alzheimer's Disease	C0002395
MAOA gene	C1417001	ASSOCIATED_WITH		Parkinson Disease	C0030567
MAOA gene	C1417001	ASSOCIATED_WITH		Brunner Syndrome	C0796275
REN gene	C1419338	ASSOCIATED_WITH		Azotemia	C0242528
REN gene	C1419338	ASSOCIATED_WITH		Osteoporosis	C0029456
REN gene	C1419338	ASSOCIATED_WITH		Liddle Syndrome	C0221043
REN gene	C1419338	ASSOCIATED_WITH		Nephrosis	C0027720
REN gene	C1419338	ASSOCIATED_WITH		Nephrotic Syndrome	C0027726
REN gene	C1419338	ASSOCIATED_WITH		Anemia	C0002871
REN gene	C1419338	ASSOCIATED_WITH		Bartter Disease	C0004775
REN gene	C1419338	ASSOCIATED_WITH		Congestive heart failure	C0018802
REN gene	C1419338	ASSOCIATED_WITH		Hypertension, Portal	C0020541
REN gene	C1419338	ASSOCIATED_WITH		Liver Cirrhosis	C0023890
REN gene	C1419338	ASSOCIATED_WITH		Malignant Hypertension	C0020540
REN gene	C1419338	ASSOCIATED_WITH		Heart failure	C0018801
REN gene	C1419338	ASSOCIATED_WITH		Left Ventricular Hypertrophy	C0149721
REN gene	C1419338	ASSOCIATED_WITH		Myocardial Infarction	C0027051
REN gene	C1419338	ASSOCIATED_WITH		Kidney Diseases	C0022658
REN gene	C1419338	ASSOCIATED_WITH		Essential Hypertension	C0085580
REN gene	C1419338	ASSOCIATED_WITH		Hypertensive disease	C0020538
REN gene	C1419338	ASSOCIATED_WITH		Allanson Pantzar McLeod syndrome	C0266313
FTH1 gene	C1414833	ASSOCIATED_WITH		Neurodegeneration with brain iron accumulation (NBIA)	C2931845
FTH1 gene	C1414833	ASSOCIATED_WITH		Neurodegenerative Disorders	C0524851
FTH1 gene	C1414833	ASSOCIATED_WITH		Iron Overload	C0282193
KDR gene	C1334306	ASSOCIATED_WITH		Severe myopia	C0271183
KDR gene	C1334306	ASSOCIATED_WITH		Myocardial Ischemia	C0151744
KDR gene	C1334306	ASSOCIATED_WITH		Epilepsy, Temporal Lobe	C0014556
KDR gene	C1334306	ASSOCIATED_WITH		Diabetic Nephropathy	C0011881
KDR gene	C1334306	ASSOCIATED_WITH		Exudative age-related macular degeneration	C0271084
KDR gene	C1334306	ASSOCIATED_WITH		Pulmonary arterial hypertension	C2973725
KDR gene	C1334306	ASSOCIATED_WITH		Myocardial Infarction	C0027051
KDR gene	C1334306	ASSOCIATED_WITH		Hypertensive disease	C0020538
SMPD1 gene	C1420259	ASSOCIATED_WITH		Gaucher Disease	C0017205
SMPD1 gene	C1420259	ASSOCIATED_WITH		Acid sphingomyelinase deficiency	C5243927
SMPD1 gene	C1420259	ASSOCIATED_WITH		Niemann-Pick Diseases	C0028064
SMPD1 gene	C1420259	ASSOCIATED_WITH		Niemann-Pick Disease, Type B	C0268243
SMPD1 gene	C1420259	ASSOCIATED_WITH		Niemann-Pick Disease, Type A	C0268242
SMPD1 gene	C1420259	ASSOCIATED_WITH		Niemann-Pick Disease, Type E	C0268248
FUS gene	C1414860	ASSOCIATED_WITH		Distal Spinal Muscular Atrophy	C0393541
FUS gene	C1414860	ASSOCIATED_WITH		Degenerative disorder	C1285162
FUS gene	C1414860	ASSOCIATED_WITH		Frontotemporal dementia	C0338451
FUS gene	C1414860	ASSOCIATED_WITH		Neurodegenerative Disorders	C0524851
FUS gene	C1414860	ASSOCIATED_WITH		Amyotrophic Lateral Sclerosis	C0002736
FUS gene	C1414860	CAUSES	["27030674_fullText_108"]	Neurodegenerative Disorders	C0524851
ABAT gene	C1412057	ASSOCIATED_WITH		Gastroesophageal reflux disease	C0017168
ABAT gene	C1412057	ASSOCIATED_WITH		Alzheimer's Disease	C0002395
ABAT gene	C1412057	ASSOCIATED_WITH		Huntington Disease	C0020179
ABAT gene	C1412057	ASSOCIATED_WITH		Gamma aminobutyric acid transaminase deficiency	C0342708
GABRG3 gene	C1414921	ASSOCIATED_WITH		Angelman Syndrome	C0162635
CNDP2 gene	C1539110	ASSOCIATED_WITH		Diabetic Nephropathy	C0011881
IRF4 gene	C0812314	ASSOCIATED_WITH		Whipple Disease	C0023788
IRF4 gene	C0812314	ASSOCIATED_WITH		Ulcerative Colitis	C0009324
IRF4 gene	C0812314	ASSOCIATED_WITH		Combined immunodeficiency disease	C2711630
SMN1 gene	C1420257	ASSOCIATED_WITH		Spinal Muscular Atrophies of Childhood	C0700595
SMN1 gene	C1420257	ASSOCIATED_WITH		SPINAL MUSCULAR ATROPHY, TYPE IV	C1838230
SMN1 gene	C1420257	ASSOCIATED_WITH		Muscular Atrophy, Spinal, Type II	C0393538
SMN1 gene	C1420257	ASSOCIATED_WITH		Juvenile Spinal Muscular Atrophy	C0152109
SMN1 gene	C1420257	ASSOCIATED_WITH		HMN (Hereditary Motor Neuropathy) Proximal Type I	C0043116
SMN1 gene	C1420257	ASSOCIATED_WITH		Spinal Muscular Atrophy	C0026847
ITGA8 gene	C1416490	ASSOCIATED_WITH		RENAL ADYSPLASIA	C1619700
ATP5A1 gene	C1412647	ASSOCIATED_WITH		Alzheimer's Disease	C0002395
NRL gene	C1417848	ASSOCIATED_WITH		RETINITIS PIGMENTOSA 1	C0220701
NRL gene	C1417848	ASSOCIATED_WITH		Retinal Dystrophies	C0854723
NRL gene	C1417848	ASSOCIATED_WITH		Retinal Degeneration	C0035304
NRL gene	C1417848	ASSOCIATED_WITH		Retinitis Pigmentosa	C0035334
FSHB gene	C1414824	ASSOCIATED_WITH		Amenorrhea	C0002453
FSHB gene	C1414824	ASSOCIATED_WITH		Hypogonadism	C0020619
FSHB gene	C1414824	ASSOCIATED_WITH		Male infertility	C0021364
FSHB gene	C1414824	ASSOCIATED_WITH		Oligospermia	C0028960
FOXA2 gene	C1415627	ASSOCIATED_WITH		Diabetes Mellitus, Non-Insulin-Dependent	C0011860
GH1 gene	C1333673	ASSOCIATED_WITH		Muscular Atrophy	C0026846
GH1 gene	C1333673	ASSOCIATED_WITH		Isolated gonadotropin deficiency	C0271577
GH1 gene	C1333673	ASSOCIATED_WITH		Kallmann Syndrome	C0162809
GH1 gene	C1333673	ASSOCIATED_WITH		Polyglandular Type I Autoimmune Syndrome	C0085859
GH1 gene	C1333673	ASSOCIATED_WITH		Progeria	C0033300
GH1 gene	C1333673	ASSOCIATED_WITH		Myocardial Infarction	C0027051
GH1 gene	C1333673	ASSOCIATED_WITH		Sheehan Syndrome	C0242342
GH1 gene	C1333673	ASSOCIATED_WITH		Anemia	C0002871
GH1 gene	C1333673	ASSOCIATED_WITH		beta Thalassemia	C0005283
GH1 gene	C1333673	ASSOCIATED_WITH		Diabetic Retinopathy	C0011884
GH1 gene	C1333673	ASSOCIATED_WITH		Cardiovascular Diseases	C0007222
GH1 gene	C1333673	ASSOCIATED_WITH		Hypogonadotropic hypogonadism	C0271623
GH1 gene	C1333673	ASSOCIATED_WITH		Panhypopituitarism	C0242343
GH1 gene	C1333673	ASSOCIATED_WITH		Hypopituitarism	C0020635
GH1 gene	C1333673	ASSOCIATED_WITH		Turner Syndrome	C0041408
GH1 gene	C1333673	ASSOCIATED_WITH		Obesity	C0028754
GH1 gene	C1333673	ASSOCIATED_WITH		Acromegaly	C0001206
GH1 gene	C1333673	ASSOCIATED_WITH		Pituitary dwarfism	C0013338
GH1 gene	C1333673	ASSOCIATED_WITH		Diabetes Mellitus, Insulin-Dependent	C0011854
Genes, Recessive	C0017361	CAUSES	["1261050_fullText_2"]	Hyperphenylalaninaemia	C0751435
SERPING1 gene	C1412922	ASSOCIATED_WITH		Cerebral Infarction	C0007785
SERPING1 gene	C1412922	ASSOCIATED_WITH		Lupus Nephritis	C0024143
SERPING1 gene	C1412922	ASSOCIATED_WITH		Liver Cirrhosis	C0023890
SERPING1 gene	C1412922	ASSOCIATED_WITH		Pancreatitis	C0030305
SERPING1 gene	C1412922	ASSOCIATED_WITH		COVID-19 Virus Disease	C5203670
SERPING1 gene	C1412922	ASSOCIATED_WITH		Angioedemas, Hereditary	C0019243
PLG gene	C1367553	ASSOCIATED_WITH		Kidney Failure, Acute	C0022660
PLG gene	C1367553	ASSOCIATED_WITH		Atypical Hemolytic Uremic Syndrome	C2931788
PLG gene	C1367553	ASSOCIATED_WITH		Hypertensive disease	C0020538
PLG gene	C1367553	ASSOCIATED_WITH		Deep Vein Thrombosis	C0149871
PLG gene	C1367553	ASSOCIATED_WITH		Thrombophilia	C0398623
PLG gene	C1367553	ASSOCIATED_WITH		Angioedemas, Hereditary	C0019243
PLG gene	C1367553	ASSOCIATED_WITH		Conjunctivitis	C0009763
PLG gene	C1367553	ASSOCIATED_WITH		COVID-19 Virus Disease	C5203670
PLG gene	C1367553	ASSOCIATED_WITH		Plasminogen Deficiency, Type I	C1968804
MYOF gene	C1414587	ASSOCIATED_WITH		Angioedemas, Hereditary	C0019243
HS3ST6 gene	C1422466	ASSOCIATED_WITH		Angioedemas, Hereditary	C0019243
KNG1 gene	C1537501	ASSOCIATED_WITH		Kidney Failure, Acute	C0022660
KNG1 gene	C1537501	ASSOCIATED_WITH		Hypertensive disease	C0020538
KNG1 gene	C1537501	ASSOCIATED_WITH		Angioedemas, Hereditary	C0019243
KNG1 gene	C1537501	ASSOCIATED_WITH		High molecular weight kininogen deficiency	C0272340
CDH2 gene	C1413277	ASSOCIATED_WITH		Status Epilepticus	C0038220
CDH2 gene	C1413277	ASSOCIATED_WITH		Agenesis of corpus callosum	C0175754
CDH2 gene	C1413277	ASSOCIATED_WITH		Cardiomyopathy, Dilated	C0007193
CDH2 gene	C1413277	ASSOCIATED_WITH		Arrhythmogenic Right Ventricular Dysplasia	C0349788
VIM gene	C1421451	ASSOCIATED_WITH		Nephrosis	C0027720
VIM gene	C1421451	ASSOCIATED_WITH		Liver Cirrhosis	C0023890
VIM gene	C1421451	ASSOCIATED_WITH		Lupus Erythematosus, Systemic	C0024141
VIM gene	C1421451	ASSOCIATED_WITH		Kidney Diseases	C0022658
VIM gene	C1421451	ASSOCIATED_WITH		Atherosclerosis	C0004153
VIM gene	C1421451	ASSOCIATED_WITH		Rheumatoid Arthritis	C0003873
ARHGAP9 gene	C1422424	ASSOCIATED_WITH		Coronary Artery Vasospasm	C0010073
DYRK1A gene	C1414204	ASSOCIATED_WITH		Epilepsy	C0014544
CYP2E1 gene	C0919426	ASSOCIATED_WITH		Fatty Liver, Alcoholic	C0015696
CYP2E1 gene	C0919426	ASSOCIATED_WITH		Pneumonia	C0032285
CYP2E1 gene	C0919426	ASSOCIATED_WITH		Chemical and Drug Induced Liver Injury	C4277682
CYP2E1 gene	C0919426	ASSOCIATED_WITH		Asthma	C0004096
CYP2E1 gene	C0919426	ASSOCIATED_WITH		Chronic Obstructive Airway Disease	C0024117
CYP2E1 gene	C0919426	ASSOCIATED_WITH		Liver Cirrhosis, Alcoholic	C0023891
CYP2E1 gene	C0919426	ASSOCIATED_WITH		Parkinson Disease	C0030567
CYP2E1 gene	C0919426	ASSOCIATED_WITH		Liver diseases	C0023895
CYP2E1 gene	C0919426	ASSOCIATED_WITH		Nonalcoholic Steatohepatitis	C3241937
CYP2E1 gene	C0919426	ASSOCIATED_WITH		Obesity	C0028754
CYP2E1 gene	C0919426	ASSOCIATED_WITH		Non-alcoholic Fatty Liver Disease	C0400966
CYP2E1 gene	C0919426	ASSOCIATED_WITH		Fatty Liver	C0015695
ORAI3 gene	C1823407	ASSOCIATED_WITH	["36195535_fullText_8"]	Diabetes	C0011847
CUL3 gene	C1332811	ASSOCIATED_WITH		Pseudohypoaldosteronism	C0033805
PACS2 gene	C1538564	ASSOCIATED_WITH		Early infantile epileptic encephalopathy with suppression bursts	C0393706
MC4R gene	C1417064	ASSOCIATED_WITH		Hyperinsulinism	C0020459
MC4R gene	C1417064	ASSOCIATED_WITH		Obesity, Morbid	C0028756
MC4R gene	C1417064	ASSOCIATED_WITH		Obesity	C0028754
PDE5A gene	C1418424	ASSOCIATED_WITH		IGA Glomerulonephritis	C0017661
NLGN3 gene	C1422546	AFFECTS	["37509099_fullText_1"]	Gastrointestinal dysfunction	C0679407
NLGN4X gene	C1538067	ASSOCIATED_WITH		Mental Retardation, X-Linked	C1136249
KCNN4 gene	C1416611	ASSOCIATED_WITH		Cerebral Infarction	C0007785
KCNN4 gene	C1416611	ASSOCIATED_WITH		Cystic Fibrosis	C0010674
KCNN4 gene	C1416611	ASSOCIATED_WITH		Myocardial Infarction	C0027051
KCNN4 gene	C1416611	ASSOCIATED_WITH		Xerocytosis	C0272051
KCNK3 gene	C1416596	ASSOCIATED_WITH		Idiopathic pulmonary hypertension	C0152171
KCNK3 gene	C1416596	ASSOCIATED_WITH		Pulmonary Hypertension	C0020542
KCNK3 gene	C1416596	ASSOCIATED_WITH		Familial primary pulmonary hypertension	C0340543
KCNK3 gene	C1416596	ASSOCIATED_WITH		Pulmonary arterial hypertension	C2973725
SLC4A10 gene	C1422206	ASSOCIATED_WITH		Epilepsy	C0014544
SLC4A4 gene	C1420196	ASSOCIATED_WITH		Glaucoma	C0017601
SLC4A4 gene	C1420196	ASSOCIATED_WITH		Renal tubular acidosis	C0001126
CX3CL1 gene	C1332814	ASSOCIATED_WITH		Pneumonia	C0032285
CX3CL1 gene	C1332814	ASSOCIATED_WITH		Myocardial Ischemia	C0151744
KCNK5 gene	C1456384	ASSOCIATED_WITH		Status Epilepticus	C0038220
PLEKHG5 gene	C1826596	ASSOCIATED_WITH		Distal Spinal Muscular Atrophy	C0393541
PLEKHG5 gene	C1826596	ASSOCIATED_WITH		Charcot-Marie-Tooth Disease	C0007959
PLCE1 gene	C1424797	ASSOCIATED_WITH		Kidney Diseases	C0022658
PLCE1 gene	C1424797	ASSOCIATED_WITH		Finnish congenital nephrotic syndrome	C0403399
PLCE1 gene	C1424797	ASSOCIATED_WITH		Severe Dengue	C0019100
PLCE1 gene	C1424797	ASSOCIATED_WITH		Focal glomerulosclerosis	C0017668
PLCE1 gene	C1424797	ASSOCIATED_WITH		Nephrotic Syndrome	C0027726
MYH6 gene	C1417541	ASSOCIATED_WITH		Wolff-Parkinson-White Syndrome	C0043202
MYH6 gene	C1417541	ASSOCIATED_WITH		Cardiomyopathy, Familial Idiopathic	C1449563
MYH6 gene	C1417541	ASSOCIATED_WITH		Cardiomyopathies	C0878544
MYH6 gene	C1417541	ASSOCIATED_WITH		Hypoplastic Left Heart Syndrome	C0152101
MYH6 gene	C1417541	ASSOCIATED_WITH		Heart Diseases	C0018799
MYH6 gene	C1417541	ASSOCIATED_WITH		Atrial Fibrillation	C0004238
MYH6 gene	C1417541	ASSOCIATED_WITH		Sick Sinus Syndrome	C0037052
MYH6 gene	C1417541	ASSOCIATED_WITH		Congestive heart failure	C0018802
MYH6 gene	C1417541	ASSOCIATED_WITH		Cardiomyopathy, Hypertrophic, Familial	C0949658
MYH6 gene	C1417541	ASSOCIATED_WITH		Hypertrophic Cardiomyopathy	C0007194
MYH6 gene	C1417541	ASSOCIATED_WITH		Cardiomyopathy, Dilated	C0007193
MYH3 gene	C1417538	ASSOCIATED_WITH		Arthrogryposis multiplex congenita	C5779613
MYH3 gene	C1417538	ASSOCIATED_WITH		SPONDYLOCARPOTARSAL SYNOSTOSIS SYNDROME	C1848934
MYH3 gene	C1417538	ASSOCIATED_WITH		Distal arthrogryposis syndrome	C0265213
EDNRB gene	C1414263	ASSOCIATED_WITH		Nephrosis	C0027720
EDNRB gene	C1414263	ASSOCIATED_WITH		Subarachnoid Hemorrhage	C0038525
EDNRB gene	C1414263	ASSOCIATED_WITH		Waardenburg Syndrome Type 1	C1847800
EDNRB gene	C1414263	ASSOCIATED_WITH		Pulmonary Hypertension	C0020542
EDNRB gene	C1414263	ASSOCIATED_WITH		Waardenburg Syndrome	C3266898
EDNRB gene	C1414263	ASSOCIATED_WITH		Hirschsprung Disease	C0019569
OPN1LW gene	C1419325	ASSOCIATED_WITH		Color Blindness, Red	C0155015
GPR143 gene	C1426729	ASSOCIATED_WITH		Nystagmus	C0028738
PORCN gene	C1538703	ASSOCIATED_WITH		Focal Dermal Hypoplasia	C0016395
PORCN gene	C1538703	AFFECTS	["36919460_fullText_3"]	Lewy Body Disease	C0752347
AKR1C2 gene	C1412325	ASSOCIATED_WITH		Endometriosis	C0014175
DMD gene	C1414083	ASSOCIATED_WITH		Left ventricular noncompaction cardiomyopathy	C4021133
DMD gene	C1414083	ASSOCIATED_WITH		Benign congenital myopathy	C0699741
DMD gene	C1414083	ASSOCIATED_WITH		Polycystic Ovary Syndrome	C0032460
DMD gene	C1414083	ASSOCIATED_WITH		Myocardial Diseases, Secondary	C0036529
DMD gene	C1414083	ASSOCIATED_WITH	["27805016_fullText_59"]	Muscular Dystrophy, Duchenne	C0013264
DMD gene	C1414083	ASSOCIATED_WITH		Becker Muscular Dystrophy	C0917713
DMD gene	C1414083	ASSOCIATED_WITH		Dmd-Associated Dilated Cardiomyopathy	C3668940
DMD gene	C1414083	ASSOCIATED_WITH		Muscular Dystrophy	C0026850
DMD gene	C1414083	ASSOCIATED_WITH		Cardiomyopathies	C0878544
DMD gene	C1414083	ASSOCIATED_WITH		Cardiomyopathy, Dilated	C0007193
DMD gene	C1414083	ASSOCIATED_WITH		Myopathy	C0026848
DMD gene	C1414083	ASSOCIATED_WITH		Duchenne and Becker Muscular Dystrophy	C3542021
DMD gene	C1414083	ASSOCIATED_WITH		Status Epilepticus	C0038220
DMD gene	C1414083	ASSOCIATED_WITH		Familial dilated cardiomyopathy	C0340427
DMD gene	C1414083	ASSOCIATED_WITH		Cardiomyopathy, Familial Idiopathic	C1449563
DMD gene	C1414083	ASSOCIATED_WITH		Hypertrophic Cardiomyopathy	C0007194
DMD gene	C1414083	ASSOCIATED_WITH		Cardiomyopathy, Hypertrophic, Familial	C0949658
VIL1 gene	C1421449	AFFECTS	["1593977_fullText_2"]	Hyperphenylalaninaemia	C0751435
CTSK gene	C1413815	ASSOCIATED_WITH		Periodontitis	C0031099
CTSK gene	C1413815	ASSOCIATED_WITH		Skeletal dysplasia	C0410528
TSC22D3 wt Allele	C3539618	ASSOCIATED_WITH	["36584558_fullText_5"]	Parkinsonian Disorders	C0242422
MEF2C gene	C1417102	ASSOCIATED_WITH		Epileptic encephalopathy	C0543888
MEF2C gene	C1417102	ASSOCIATED_WITH		Epilepsy	C0014544
IL22 gene	C1423038	ASSOCIATED_WITH		Hepatitis, Autoimmune	C0241910
IL23R gene	C1537403	ASSOCIATED_WITH		Crohn's disease of large bowel	C0156147
IL23R gene	C1537403	ASSOCIATED_WITH		Chronic left-sided ulcerative colitis	C0375359
IL23R gene	C1537403	ASSOCIATED_WITH		Pulmonary Hypertension	C0020542
IL23R gene	C1537403	ASSOCIATED_WITH		Celiac Disease	C0007570
IL23R gene	C1537403	ASSOCIATED_WITH		Leprosy	C0023343
IL23R gene	C1537403	ASSOCIATED_WITH		Graves Disease	C0018213
IL23R gene	C1537403	ASSOCIATED_WITH		Systemic Scleroderma	C0036421
IL23R gene	C1537403	ASSOCIATED_WITH		Thyroid associated opthalmopathies	C0339143
IL23R gene	C1537403	ASSOCIATED_WITH		Uveitis	C0042164
IL23R gene	C1537403	ASSOCIATED_WITH		Sarcoidosis	C0036202
IL23R gene	C1537403	ASSOCIATED_WITH		Multiple Sclerosis	C0026769
IL23R gene	C1537403	ASSOCIATED_WITH		Arthritis	C0003864
IL23R gene	C1537403	ASSOCIATED_WITH		Behcet Syndrome	C0004943
IL23R gene	C1537403	ASSOCIATED_WITH		Inflammatory Bowel Diseases	C0021390
IL23R gene	C1537403	ASSOCIATED_WITH		Ankylosing spondylitis	C0038013
IL23R gene	C1537403	ASSOCIATED_WITH		Ulcerative Colitis	C0009324
IL23R gene	C1537403	ASSOCIATED_WITH		Psoriasis	C0033860
IL23R gene	C1537403	ASSOCIATED_WITH		Rheumatoid Arthritis	C0003873
GNE gene	C1428183	ASSOCIATED_WITH		Vacuolar myopathy	C2931230
GNE gene	C1428183	ASSOCIATED_WITH		Inclusion Body Myositis (disorder)	C0238190
GNE gene	C1428183	ASSOCIATED_WITH		Inclusion Body Myopathy, Autosomal Recessive	C1833373
GNE gene	C1428183	ASSOCIATED_WITH		Sialuria	C0342853
GNE gene	C1428183	ASSOCIATED_WITH		NONAKA MYOPATHY	C1853926
FCGRT gene	C1414557	CAUSES	["17046328_fullText_5"]	Hypoproteinemia, Hypercatabolic	C1855796
TRPC6 gene	C1421173	ASSOCIATED_WITH		Nephrotic Syndrome	C0027726
TRPC6 gene	C1421173	ASSOCIATED_WITH		Kidney Diseases	C0022658
TRPC6 gene	C1421173	ASSOCIATED_WITH		Focal glomerulosclerosis	C0017668
THM gene	C1420725	ASSOCIATED_WITH	["24291332_fullText_6","11517583_fullText_1"]	Myotonic Dystrophy	C0027126
KCNA1 gene	C1416543	ASSOCIATED_WITH		Epileptic encephalopathy	C0543888
KCNA1 gene	C1416543	ASSOCIATED_WITH		Episodic Ataxia	C1720189
KCNA1 gene	C1416543	ASSOCIATED_WITH		Episodic ataxia type 1	C1719788
KCNA1 gene	C1416543	ASSOCIATED_WITH		Isaacs syndrome	C0242287
EDN3 gene	C1414261	ASSOCIATED_WITH		Klein's Syndrome	C0079661
EDN3 gene	C1414261	ASSOCIATED_WITH		Waardenburg Syndrome	C3266898
EDN3 gene	C1414261	ASSOCIATED_WITH		Hirschsprung Disease	C0019569
GCGR gene	C1415011	ASSOCIATED_WITH		Diabetes Mellitus, Non-Insulin-Dependent	C0011860
TH gene	C1420718	ASSOCIATED_WITH		Essential Hypertension	C0085580
TH gene	C1420718	ASSOCIATED_WITH		Lewy Body Disease	C0752347
TH gene	C1420718	ASSOCIATED_WITH		Obesity	C0028754
TH gene	C1420718	ASSOCIATED_WITH		Encephalopathies	C0085584
TH gene	C1420718	ASSOCIATED_WITH		Dystonia Disorders	C0393593
TH gene	C1420718	ASSOCIATED_WITH		Segawa syndrome, autosomal recessive	C5700309
TH gene	C1420718	ASSOCIATED_WITH		Hypertensive disease	C0020538
TH gene	C1420718	ASSOCIATED_WITH		Parkinsonian Disorders	C0242422
TH gene	C1420718	ASSOCIATED_WITH		Parkinson Disease	C0030567
TH gene	C1420718	ASSOCIATED_WITH	["38196161_fullText_2"]	Generalized Myotonia of Thomsen	C2936781
FOXM1 gene	C1414685	ASSOCIATED_WITH		IGA Glomerulonephritis	C0017661
TWIST1 gene	C1421244	ASSOCIATED_WITH		Coronary heart disease	C0010068
TWIST1 gene	C1421244	ASSOCIATED_WITH		Craniosynostosis, Type 1	C4551902
TWIST1 gene	C1421244	ASSOCIATED_WITH		Brachycephaly	C0221356
TWIST1 gene	C1421244	ASSOCIATED_WITH		Coronary Arteriosclerosis	C0010054
TWIST1 gene	C1421244	ASSOCIATED_WITH		Craniosynostosis	C0010278
TWIST1 gene	C1421244	ASSOCIATED_WITH		Saethre-Chotzen Syndrome	C0175699
OXR1 gene	C1423755	ASSOCIATED_WITH		Atrophy of cerebellum	C0740279
FASN gene	C1367441	ASSOCIATED_WITH		Acute Coronary Syndrome	C0948089
FASN gene	C1367441	ASSOCIATED_WITH		Kidney Failure, Chronic	C0022661
FASN gene	C1367441	ASSOCIATED_WITH		Congestive heart failure	C0018802
FASN gene	C1367441	ASSOCIATED_WITH		Heart failure	C0018801
FASN gene	C1367441	ASSOCIATED_WITH		Obesity	C0028754
GJC1 gene	C1415074	ASSOCIATED_WITH		Hypertensive disease	C0020538
CFD gene	C1824729	ASSOCIATED_WITH		Pulmonary Fibrosis	C0034069
CFD gene	C1824729	ASSOCIATED_WITH		Glomerulonephritis	C0017658
GCLM gene	C1415098	ASSOCIATED_WITH		Diabetes Mellitus, Non-Insulin-Dependent	C0011860
GCLM gene	C1415098	ASSOCIATED_WITH		Myocardial Infarction	C0027051
AOC1 gene	C1412100	ASSOCIATED_WITH		Hypertensive disease	C0020538
AOC1 gene	C1412100	DISRUPTS	["21730182_fullText_4"]	muscle degeneration	C0234958
GAPDH gene	C1414968	ASSOCIATED_WITH		Parkinsonian Disorders	C0242422
GAPDH gene	C1414968	ASSOCIATED_WITH		Acute Coronary Syndrome	C0948089
GAPDH gene	C1414968	ASSOCIATED_WITH		Alzheimer's Disease	C0002395
ADCY5 gene	C1412224	ASSOCIATED_WITH		Benign Hereditary Chorea	C0393584
ADCY5 gene	C1412224	ASSOCIATED_WITH		Cardiomyopathies	C0878544
ADCY5 gene	C1412224	ASSOCIATED_WITH		Diabetes Mellitus, Non-Insulin-Dependent	C0011860
SCARB1 gene	C1413218	ASSOCIATED_WITH		Non-alcoholic Fatty Liver Disease	C0400966
SCARB1 gene	C1413218	ASSOCIATED_WITH		Kidney Failure, Chronic	C0022661
SCARB1 gene	C1413218	ASSOCIATED_WITH		Hepatitis C	C0019196
RIMS1 gene	C1424873	ASSOCIATED_WITH		Retinitis Pigmentosa	C0035334
RIMS1 gene	C1424873	ASSOCIATED_WITH		Retinal Dystrophies	C0854723
RIMS1 gene	C1424873	ASSOCIATED_WITH		Cone-Rod Dystrophies	C4085590
ANK2 gene	C1412403	ASSOCIATED_WITH		Hypertrophic Cardiomyopathy	C0007194
ANK2 gene	C1412403	ASSOCIATED_WITH		Arrhythmogenic Right Ventricular Dysplasia	C0349788
ANK2 gene	C1412403	ASSOCIATED_WITH		Sick Sinus Syndrome	C0037052
ANK2 gene	C1412403	ASSOCIATED_WITH		Cardiomyopathy, Dilated	C0007193
ANK2 gene	C1412403	ASSOCIATED_WITH		VENTRICULAR TACHYCARDIA, CATECHOLAMINERGIC POLYMORPHIC, 1 (disorder)	C1631597
ANK2 gene	C1412403	ASSOCIATED_WITH		Congenital long QT syndrome	C1141890
ANK2 gene	C1412403	ASSOCIATED_WITH		Channelopathies	C1720983
ANK2 gene	C1412403	ASSOCIATED_WITH		Long Qt Syndrome 2	C3150943
ANK2 gene	C1412403	ASSOCIATED_WITH		Tachycardia, Ventricular	C0042514
ANK2 gene	C1412403	ASSOCIATED_WITH		Cardiomyopathies	C0878544
ANK2 gene	C1412403	ASSOCIATED_WITH		Brugada Syndrome (disorder)	C1142166
ANK2 gene	C1412403	ASSOCIATED_WITH		Atrial Fibrillation	C0004238
ANK2 gene	C1412403	ASSOCIATED_WITH		Long QT Syndrome	C0023976
QDPR gene	C1419182	CAUSES	["11153907_fullText_2"]	Hyperphenylalaninaemia	C0751435
QDPR gene	C1419182	CAUSES	["7760062_fullText_1"]	Phenylketonuria II	C0268465
QDPR gene	C1419182	ASSOCIATED_WITH		Phenylketonuria, Maternal	C0085547
QDPR gene	C1419182	ASSOCIATED_WITH		Hyperphenylalaninemia, Non-Phenylketonuric	C0751436
QDPR gene	C1419182	ASSOCIATED_WITH		Phenylketonurias	C0031485
QDPR gene	C1419182	ASSOCIATED_WITH		Phenylketonuria II	C0268465
QDPR gene	C1419182	ASSOCIATED_WITH	["9341885_fullText_1"]	Hyperphenylalaninaemia	C0751435
PKD1 gene	C1418599	ASSOCIATED_WITH		Renal Insufficiency	C1565489
PKD1 gene	C1418599	ASSOCIATED_WITH		Polycystic Kidney, Type 1 Autosomal Dominant Disease	C0887850
PKD1 gene	C1418599	ASSOCIATED_WITH		Multiple renal cysts	C0431718
PKD1 gene	C1418599	ASSOCIATED_WITH		Liver cyst	C0267834
PKD1 gene	C1418599	ASSOCIATED_WITH		Intracranial Aneurysm	C0007766
PKD1 gene	C1418599	ASSOCIATED_WITH		Chronic Kidney Diseases	C1561643
PKD1 gene	C1418599	ASSOCIATED_WITH		Polycystic kidney disease, type 2	C2751306
PKD1 gene	C1418599	ASSOCIATED_WITH		Cyst	C0010709
PKD1 gene	C1418599	ASSOCIATED_WITH		Hypertensive disease	C0020538
PKD1 gene	C1418599	ASSOCIATED_WITH		Chronic kidney disease stage 5	C2316810
PKD1 gene	C1418599	ASSOCIATED_WITH		Renal cyst	C3887499
PKD1 gene	C1418599	ASSOCIATED_WITH		Autosomal Recessive Polycystic Kidney Disease	C0085548
PKD1 gene	C1418599	ASSOCIATED_WITH		Polycystic Kidney Diseases	C0022680
PKD1 gene	C1418599	ASSOCIATED_WITH		POLYCYSTIC KIDNEY DISEASE 1	C3149841
PKD1 gene	C1418599	ASSOCIATED_WITH		Polycystic Kidney, Autosomal Dominant	C0085413
SAMD4A gene	C1826968	AFFECTS	["23637619_fullText_18"]	Muscular Atrophy	C0026846
SAMD4A gene	C1826968	DISRUPTS	["23637619_fullText_12","23637619_fullText_19"]	Myopathy	C0026848
SAMD4A gene	C1826968	DISRUPTS	["23637619_fullText_7"]	Muscular Atrophy	C0026846
FSHR gene	C1414828	ASSOCIATED_WITH		Amenorrhea	C0002453
FSHR gene	C1414828	ASSOCIATED_WITH		Gonadal Dysgenesis	C0018051
FSHR gene	C1414828	ASSOCIATED_WITH		Polycystic Ovary Syndrome	C0032460
FSHR gene	C1414828	ASSOCIATED_WITH		Ovarian Hyperstimulation Syndrome	C0085083
FSHR gene	C1414828	ASSOCIATED_WITH		Ovarian Hyperstimulation Syndrome, Familial Gestational Spontaneous	C3494162
SNAI2 gene	C1420248	ASSOCIATED_WITH		Waardenburg Syndrome	C3266898
SNAI2 gene	C1420248	ASSOCIATED_WITH		Piebaldism	C0080024
KCNE1 gene	C1416563	ASSOCIATED_WITH		Hypertrophic Cardiomyopathy	C0007194
KCNE1 gene	C1416563	ASSOCIATED_WITH		Sudden infant death syndrome	C0038644
KCNE1 gene	C1416563	ASSOCIATED_WITH		Cardiomyopathies	C0878544
KCNE1 gene	C1416563	ASSOCIATED_WITH		Brugada Syndrome (disorder)	C1142166
KCNE1 gene	C1416563	ASSOCIATED_WITH		Congenital long QT syndrome	C1141890
KCNE1 gene	C1416563	ASSOCIATED_WITH		Atrial Fibrillation	C0004238
KCNE1 gene	C1416563	ASSOCIATED_WITH		Long QT Syndrome	C0023976
KCNE1 gene	C1416563	ASSOCIATED_WITH		Jervell-Lange Nielsen Syndrome	C0022387
GAP43 gene	C1414967	ASSOCIATED_WITH		Status Epilepticus	C0038220
CACNA1G gene	C1413061	ASSOCIATED_WITH		Ataxia, Spinocerebellar	C0087012
HADHA gene	C1415460	ASSOCIATED_WITH		Fatty Liver	C0015695
HADHA gene	C1415460	ASSOCIATED_WITH		Trifunctional Protein Deficiency With Myopathy And Neuropathy	C1969443
SERPINF2 gene	C1418648	ASSOCIATED_WITH		COVID-19 Virus Disease	C5203670
CGA gene	C1413366	ASSOCIATED_WITH		Atrial Fibrillation	C0004238
CGA gene	C1413366	ASSOCIATED_WITH		Ovarian Diseases	C0029928
CGA gene	C1413366	ASSOCIATED_WITH		Oligospermia	C0028960
SLC6A14 gene	C1420211	ASSOCIATED_WITH		Obesity	C0028754
SLC6A14 gene	C1420211	ASSOCIATED_WITH		Cystic Fibrosis	C0010674
Kinase Family Gene	C1334324	CAUSES	["12076668_fullText_2"]	Dystrophia myotonica 1	C2931688
Kinase Family Gene	C1334324	CAUSES	["8582359_fullText_3"]	Myotonic Dystrophy	C0027126
HIST3H3 gene	C1442482	ASSOCIATED_WITH		Pneumoconiosis	C0032273
MCIDAS gene	C3463911	ASSOCIATED_WITH		Primary Ciliary Dyskinesia	C4551720
TRIT1 gene	C1426839	ASSOCIATED_WITH		Mitochondrial Diseases	C0751651
CIDEA gene	C1413421	ASSOCIATED_WITH		Obesity	C0028754
IRAK4 gene	C1334137	ASSOCIATED_WITH		Lupus Erythematosus, Systemic	C0024141
IRAK4 gene	C1334137	ASSOCIATED_WITH		Immunologic Deficiency Syndromes	C0021051
BMP2 gene	C1332424	ASSOCIATED_WITH		Peripheral Arterial Diseases	C1704436
BMP2 gene	C1332424	ASSOCIATED_WITH		Myopia	C0027092
BMP2 gene	C1332424	ASSOCIATED_WITH		Bone Diseases	C0005940
BMP2 gene	C1332424	ASSOCIATED_WITH		Craniosynostosis	C0010278
BMP2 gene	C1332424	ASSOCIATED_WITH		Osteoporosis	C0029456
SLC26A4 gene	C1418445	ASSOCIATED_WITH		Sensorineural hearing loss, bilateral	C0452138
SLC26A4 gene	C1418445	ASSOCIATED_WITH		Sensorineural Hearing Loss (disorder)	C0018784
SLC26A4 gene	C1418445	ASSOCIATED_WITH		Goiter	C0018021
SLC26A4 gene	C1418445	ASSOCIATED_WITH		Pendred's syndrome	C0271829
IL17A gene	C1825592	ASSOCIATED_WITH		CNS disorder	C0007682
IL17A gene	C1825592	ASSOCIATED_WITH		Drug Eruptions	C0011609
IL17A gene	C1825592	ASSOCIATED_WITH		Brain Ischemia	C0007786
IL17A gene	C1825592	ASSOCIATED_WITH		Bronchiolitis	C0006271
IL17A gene	C1825592	ASSOCIATED_WITH		Rhinitis	C0035455
IL17A gene	C1825592	ASSOCIATED_WITH		Giant Cell Arteritis	C0039483
IL17A gene	C1825592	ASSOCIATED_WITH		Cardiovascular Diseases	C0007222
IL17A gene	C1825592	ASSOCIATED_WITH		Graft-vs-Host Disease	C0018133
IL17A gene	C1825592	ASSOCIATED_WITH		Kidney Diseases	C0022658
IL17A gene	C1825592	ASSOCIATED_WITH		Ankylosing spondylitis	C0038013
IL17A gene	C1825592	ASSOCIATED_WITH		Arthritis, Psoriatic	C0003872
IL17A gene	C1825592	ASSOCIATED_WITH		Graves Disease	C0018213
IL17A gene	C1825592	ASSOCIATED_WITH		Pneumonia	C0032285
IL17A gene	C1825592	ASSOCIATED_WITH		Colitis	C0009319
IL17A gene	C1825592	ASSOCIATED_WITH		Multiple Sclerosis	C0026769
IL17A gene	C1825592	ASSOCIATED_WITH		Asthma	C0004096
IL17A gene	C1825592	ASSOCIATED_WITH		Rheumatoid Arthritis	C0003873
IL17A gene	C1825592	ASSOCIATED_WITH		Psoriasis	C0033860
NOS3 gene	C1328053	ASSOCIATED_WITH		Ovarian Failure, Premature	C0085215
NOS3 gene	C1328053	ASSOCIATED_WITH		Oligospermia	C0028960
NOS3 gene	C1328053	ASSOCIATED_WITH		Cleft Palate	C0008925
NOS3 gene	C1328053	ASSOCIATED_WITH		Chronic myocardial ischemia	C0264694
NOS3 gene	C1328053	ASSOCIATED_WITH		Macular retinal edema	C0271051
NOS3 gene	C1328053	ASSOCIATED_WITH		Gastric ulcer	C0038358
NOS3 gene	C1328053	ASSOCIATED_WITH		Exudative age-related macular degeneration	C0271084
NOS3 gene	C1328053	ASSOCIATED_WITH		Pulmonary Edema	C0034063
NOS3 gene	C1328053	ASSOCIATED_WITH		Primary biliary cirrhosis	C0008312
NOS3 gene	C1328053	ASSOCIATED_WITH		Retinopathy of Prematurity	C0035344
NOS3 gene	C1328053	ASSOCIATED_WITH		Avascular necrosis of bone	C0027543
NOS3 gene	C1328053	ASSOCIATED_WITH		Vasculitis	C0042384
NOS3 gene	C1328053	ASSOCIATED_WITH		Cystic Fibrosis	C0010674
NOS3 gene	C1328053	ASSOCIATED_WITH		Nephritis	C0027697
NOS3 gene	C1328053	ASSOCIATED_WITH		Hypertension, Renovascular	C0020545
NOS3 gene	C1328053	ASSOCIATED_WITH		Arteriosclerosis	C0003850
NOS3 gene	C1328053	ASSOCIATED_WITH		Angle Closure Glaucoma	C0017605
NOS3 gene	C1328053	ASSOCIATED_WITH		Acute Chest Syndrome	C0742343
NOS3 gene	C1328053	ASSOCIATED_WITH		Necrotizing Enterocolitis	C0520459
NOS3 gene	C1328053	ASSOCIATED_WITH		Hyperinsulinism	C0020459
NOS3 gene	C1328053	ASSOCIATED_WITH		Alzheimer's Disease	C0002395
NOS3 gene	C1328053	ASSOCIATED_WITH		Cerebrovascular accident	C0038454
NOS3 gene	C1328053	ASSOCIATED_WITH		Hypertensive disease	C0020538
NOS3 gene	C1328053	ASSOCIATED_WITH		Cardiovascular Diseases	C0007222
NOS3 gene	C1328053	ASSOCIATED_WITH		Diabetes Mellitus, Non-Insulin-Dependent	C0011860
NOS3 gene	C1328053	ASSOCIATED_WITH		Myocardial Infarction	C0027051
NOS3 gene	C1328053	ASSOCIATED_WITH		Coronary Arteriosclerosis	C0010054
NOS3 gene	C1328053	ASSOCIATED_WITH		Atherosclerosis	C0004153
NOS3 gene	C1328053	ASSOCIATED_WITH		Coronary heart disease	C0010068
NOS3 gene	C1328053	ASSOCIATED_WITH		Myocardial Ischemia	C0151744
NOS3 gene	C1328053	ASSOCIATED_WITH		Erectile dysfunction	C0242350
NOS3 gene	C1328053	ASSOCIATED_WITH		Kidney Failure, Chronic	C0022661
NOS3 gene	C1328053	ASSOCIATED_WITH		Diabetic Retinopathy	C0011884
NOS3 gene	C1328053	ASSOCIATED_WITH		Essential Hypertension	C0085580
NOS3 gene	C1328053	ASSOCIATED_WITH		Pulmonary Hypertension	C0020542
NOS3 gene	C1328053	ASSOCIATED_WITH		Ischemic stroke	C0948008
NOS3 gene	C1328053	ASSOCIATED_WITH		Heart failure	C0018801
NOS3 gene	C1328053	ASSOCIATED_WITH		Diabetes Mellitus, Insulin-Dependent	C0011854
NOS3 gene	C1328053	ASSOCIATED_WITH		Diabetic Nephropathy	C0011881
NOS3 gene	C1328053	ASSOCIATED_WITH		Metabolic Syndrome X	C0524620
NOS3 gene	C1328053	ASSOCIATED_WITH		Asthma	C0004096
NOS3 gene	C1328053	ASSOCIATED_WITH		Sepsis	C0243026
NOS3 gene	C1328053	ASSOCIATED_WITH		Hypertension, Portal	C0020541
NOS3 gene	C1328053	ASSOCIATED_WITH		Sleep Apnea, Obstructive	C0520679
NOS3 gene	C1328053	ASSOCIATED_WITH		Congestive heart failure	C0018802
NOS3 gene	C1328053	ASSOCIATED_WITH		Coronary Artery Vasospasm	C0010073
NOS3 gene	C1328053	ASSOCIATED_WITH		Hyperglycemia	C0020456
NOS3 gene	C1328053	ASSOCIATED_WITH		Anemia, Sickle Cell	C0002895
NOS3 gene	C1328053	ASSOCIATED_WITH		Migraine Disorders	C0149931
NOS3 gene	C1328053	ASSOCIATED_WITH		Glaucoma, Primary Open Angle	C0339573
NOS3 gene	C1328053	ASSOCIATED_WITH		Pregnancy associated hypertension	C0852036
NOS3 gene	C1328053	ASSOCIATED_WITH		Behcet Syndrome	C0004943
NOS3 gene	C1328053	ASSOCIATED_WITH		Atrial Fibrillation	C0004238
NOS3 gene	C1328053	ASSOCIATED_WITH		Chronic Obstructive Airway Disease	C0024117
NOS3 gene	C1328053	ASSOCIATED_WITH		Male infertility	C0021364
NOS3 gene	C1328053	ASSOCIATED_WITH		Kidney Failure, Acute	C0022660
NOS3 gene	C1328053	ASSOCIATED_WITH		Cardiomyopathies	C0878544
NOS3 gene	C1328053	ASSOCIATED_WITH		Diabetic Angiopathies	C0011875
NOS3 gene	C1328053	ASSOCIATED_WITH		Hyperlipidemia	C0020473
DDIT3 gene	C1413947	ASSOCIATED_WITH		Nephrosis	C0027720
DDIT3 gene	C1413947	ASSOCIATED_WITH		Diabetes Mellitus, Insulin-Dependent	C0011854
DDIT3 gene	C1413947	ASSOCIATED_WITH		Ocular Hypertension	C0028840
DDIT3 gene	C1413947	ASSOCIATED_WITH		Fatty Liver	C0015695
DDIT3 gene	C1413947	ASSOCIATED_WITH		Obesity	C0028754
DDIT3 gene	C1413947	PREDISPOSES	["38870029_fullText_27"]	Mitochondrial Diseases	C0751651
HEXA gene	C1415522	ASSOCIATED_WITH		Tay-Sachs Disease, AB Variant	C0268275
HEXA gene	C1415522	ASSOCIATED_WITH		Tay-Sachs Disease	C0039373
TUBA4A gene	C1421226	ASSOCIATED_WITH		Amyotrophic Lateral Sclerosis	C0002736
PDCD1 gene	C1418401	ASSOCIATED_WITH		Graves Disease	C0018213
PDCD1 gene	C1418401	ASSOCIATED_WITH		Lupus Nephritis	C0024143
PDCD1 gene	C1418401	ASSOCIATED_WITH		Hepatitis, Autoimmune	C0241910
PDCD1 gene	C1418401	ASSOCIATED_WITH		Hepatitis C	C0019196
PDCD1 gene	C1418401	ASSOCIATED_WITH		Multiple Sclerosis	C0026769
PDCD1 gene	C1418401	ASSOCIATED_WITH		Hepatitis B	C0019163
PDCD1 gene	C1418401	ASSOCIATED_WITH		Lupus Erythematosus, Systemic	C0024141
CHIA gene	C1824735	ASSOCIATED_WITH		Asthma	C0004096
MYOD1 gene	C1417574	ASSOCIATED_WITH		Pena-Shokeir syndrome type I	C1276035
CRHR1 gene	C1413709	ASSOCIATED_WITH		Chronic Obstructive Airway Disease	C0024117
CRHR1 gene	C1413709	ASSOCIATED_WITH		Obesity	C0028754
CRHR1 gene	C1413709	ASSOCIATED_WITH		Asthma	C0004096
PDE5A wt Allele	C2987167	CAUSES	["35219697_fullText_2"]	Observation of Neuromuscular Block	C0700323
NPPB gene	C1417808	ASSOCIATED_WITH		Coronary Arteriosclerosis	C0010054
NPPB gene	C1417808	ASSOCIATED_WITH		Anemia, Sickle Cell	C0002895
NPPB gene	C1417808	ASSOCIATED_WITH		Aortic Valve Insufficiency	C0003504
NPPB gene	C1417808	ASSOCIATED_WITH		Atherosclerosis	C0004153
NPPB gene	C1417808	ASSOCIATED_WITH		Coronary heart disease	C0010068
NPPB gene	C1417808	ASSOCIATED_WITH		Myocardial Ischemia	C0151744
NPPB gene	C1417808	ASSOCIATED_WITH		Heart Failure, Systolic	C1135191
NPPB gene	C1417808	ASSOCIATED_WITH		Cardiomyopathies	C0878544
NPPB gene	C1417808	ASSOCIATED_WITH		Pulmonary Hypertension	C0020542
NPPB gene	C1417808	ASSOCIATED_WITH		Cardiovascular Diseases	C0007222
NPPB gene	C1417808	ASSOCIATED_WITH		Atrial Fibrillation	C0004238
NPPB gene	C1417808	ASSOCIATED_WITH		Cardiomyopathy, Dilated	C0007193
NPPB gene	C1417808	ASSOCIATED_WITH		Obesity	C0028754
NPPB gene	C1417808	ASSOCIATED_WITH		Heart Diseases	C0018799
NPPB gene	C1417808	ASSOCIATED_WITH		Myocardial Infarction	C0027051
NPPB gene	C1417808	ASSOCIATED_WITH		Congestive heart failure	C0018802
NPPB gene	C1417808	ASSOCIATED_WITH		Hypertensive disease	C0020538
NPPB gene	C1417808	ASSOCIATED_WITH		Heart failure	C0018801
MID1 gene	C1417167	ASSOCIATED_WITH		Opitz GBBB Syndrome, X-Linked	C2936904
PC gene	C1418288	ASSOCIATED_WITH		Diabetes Mellitus, Non-Insulin-Dependent	C0011860
PC gene	C1418288	ASSOCIATED_WITH		Pyruvate Carboxylase Deficiency Disease	C0034341
DUSP5 gene	C1414186	ASSOCIATED_WITH		Hypertensive disease	C0020538
NR4A2 gene	C1417836	ASSOCIATED_WITH		Arthritis, Psoriatic	C0003872
NR4A2 gene	C1417836	ASSOCIATED_WITH		Epilepsy	C0014544
NR4A2 gene	C1417836	ASSOCIATED_WITH		Parkinson Disease	C0030567
ATG5 gene	C1825497	ASSOCIATED_WITH		Lymphopenia	C0024312
ATG5 gene	C1825497	ASSOCIATED_WITH		Anemia	C0002871
GRM4 gene	C1415308	ASSOCIATED_WITH		Epilepsy, Temporal Lobe	C0014556
EGR2 gene	C1414315	ASSOCIATED_WITH		Roussy-Levy Syndrome (disorder)	C0205713
EGR2 gene	C1414315	ASSOCIATED_WITH		Hereditary Motor and Sensory Neuropathies	C0027888
EGR2 gene	C1414315	ASSOCIATED_WITH		Hereditary Motor and Sensory Neuropathy Type I	C0751036
EGR2 gene	C1414315	ASSOCIATED_WITH		Charcot-Marie-Tooth Disease	C0007959
EGR2 gene	C1414315	ASSOCIATED_WITH		Dejerine-Sottas Disease (disorder)	C0011195
NGFR gene	C1334879	ASSOCIATED_WITH		Degenerative disorder	C1285162
NGFR gene	C1334879	ASSOCIATED_WITH		Neurodegenerative Disorders	C0524851
NGFR gene	C1334879	ASSOCIATED_WITH		Alzheimer's Disease	C0002395
ENTPD1 gene	C1414412	ASSOCIATED_WITH		Spastic Paraplegia, Hereditary	C0037773
BPI gene	C1443145	ASSOCIATED_WITH		Crohn's disease of large bowel	C0156147
PRRT2 gene	C1826724	ASSOCIATED_WITH		DYSTONIA 18 (disorder)	C1842534
PRRT2 gene	C1826724	ASSOCIATED_WITH		Hemiplegic migraine	C0270862
PRRT2 gene	C1826724	ASSOCIATED_WITH		Familial benign neonatal epilepsy	C0220669
WNT3A gene	C1423884	ASSOCIATED_WITH		Obesity	C0028754
HAVCR2 gene	C1425514	ASSOCIATED_WITH		Lymphohistiocytosis, Hemophagocytic	C0024291
EGFR gene	C1414313	ASSOCIATED_WITH		Cardiomyopathy, Dilated	C0007193
EGFR gene	C1414313	ASSOCIATED_WITH		Tuberculosis, Pulmonary	C0041327
EGFR gene	C1414313	ASSOCIATED_WITH		Diabetes Mellitus, Non-Insulin-Dependent	C0011860
EGFR gene	C1414313	ASSOCIATED_WITH		Kidney Failure, Acute	C0022660
EGFR gene	C1414313	ASSOCIATED_WITH		Dermatitis	C0011603
EGFR gene	C1414313	ASSOCIATED_WITH		Endometriosis	C0014175
EGFR gene	C1414313	ASSOCIATED_WITH		Inflammatory Bowel Diseases	C0021390
EGFR gene	C1414313	ASSOCIATED_WITH		Autosomal Recessive Polycystic Kidney Disease	C0085548
NCL gene	C1417613	ASSOCIATED_WITH		Myocardial Ischemia	C0151744
SYNGAP1 gene	C1420546	ASSOCIATED_WITH		Myoclonic Astatic Epilepsy	C0393702
SYNGAP1 gene	C1420546	ASSOCIATED_WITH		Epileptic encephalopathy	C0543888
SYNGAP1 gene	C1420546	ASSOCIATED_WITH		Epilepsy	C0014544
CTSB gene	C1332804	ASSOCIATED_WITH		Myopathy	C0026848
CTSB gene	C1332804	ASSOCIATED_WITH		Diabetes Mellitus	C0011849
ADAM10 gene	C1412181	ASSOCIATED_WITH		Reticulate acropigmentation of Kitamura	C0406811
ADAM10 gene	C1412181	ASSOCIATED_WITH		Alzheimer's Disease	C0002395
KISS1R gene	C1333695	ASSOCIATED_WITH		Pituitary dwarfism	C0013338
KISS1R gene	C1333695	ASSOCIATED_WITH		Hypopituitarism	C0020635
KISS1R gene	C1333695	ASSOCIATED_WITH		Panhypopituitarism	C0242343
KISS1R gene	C1333695	ASSOCIATED_WITH		Isolated gonadotropin deficiency	C0271577
KISS1R gene	C1333695	ASSOCIATED_WITH		Sheehan Syndrome	C0242342
KISS1R gene	C1333695	ASSOCIATED_WITH		Hypogonadism	C0020619
KISS1R gene	C1333695	ASSOCIATED_WITH		Kallmann Syndrome	C0162809
KISS1R gene	C1333695	ASSOCIATED_WITH		Precocious Puberty	C0034013
KISS1R gene	C1333695	ASSOCIATED_WITH		Hypogonadotropic hypogonadism	C0271623
PLP1 gene	C1418654	ASSOCIATED_WITH		Classic Pelizaeus-Merzbacher Disease	C0751916
PLP1 gene	C1418654	ASSOCIATED_WITH		Spastic Paraplegia, Hereditary	C0037773
PLP1 gene	C1418654	ASSOCIATED_WITH		Pelizaeus-Merzbacher Disease	C0205711
MOV10L1 gene	C1417231	ASSOCIATED_WITH		Male infertility	C0021364
MOV10L1 gene	C1417231	ASSOCIATED_WITH		Azoospermia	C0004509
PTGER1 gene	C1419061	ASSOCIATED_WITH		Hydronephrosis	C0020295
GPC4 gene	C1415196	ASSOCIATED_WITH		SIMPSON-GOLABI-BEHMEL SYNDROME, TYPE 1	C0796154
GPC4 gene	C1415196	ASSOCIATED_WITH		Nasodigitoacoustic syndrome	C1850627
NTN1 gene	C1334908	ASSOCIATED_WITH		OROFACIAL CLEFT 1	C1861537
NTN1 gene	C1334908	ASSOCIATED_WITH		Subarachnoid Hemorrhage	C0038525
CASQ2 gene	C1413135	ASSOCIATED_WITH		Long QT Syndrome	C0023976
CASQ2 gene	C1413135	ASSOCIATED_WITH		VENTRICULAR TACHYCARDIA, CATECHOLAMINERGIC POLYMORPHIC, 1 (disorder)	C1631597
CASQ2 gene	C1413135	ASSOCIATED_WITH		Cardiomyopathies	C0878544
CASQ2 gene	C1413135	ASSOCIATED_WITH		Ventricular tachycardia, polymorphic	C0344432
CASQ2 gene	C1413135	ASSOCIATED_WITH		Atrial Fibrillation	C0004238
CASQ2 gene	C1413135	ASSOCIATED_WITH		Tachycardia, Ventricular	C0042514
CASQ2 gene	C1413135	CAUSES	["28731161_fullText_52"]	muscle degeneration	C0234958
CASQ2 gene	C1413135	ASSOCIATED_WITH	["36672764_fullText_2"]	Stress-induced polymorphic ventricular tachycardia	C2677794
ICK gene	C1427425	ASSOCIATED_WITH		Myoclonic Epilepsy, Juvenile	C0270853
ICK gene	C1427425	ASSOCIATED_WITH		Endocrine-Cerebroosteodysplasia	C2675227
PIGN gene	C1418568	ASSOCIATED_WITH		MULTIPLE CONGENITAL ANOMALIES-HYPOTONIA-SEIZURES SYNDROME 1	C3279775
PIGN gene	C1418568	ASSOCIATED_WITH	["36322149_fullText_1"]	Fryns syndrome	C0220730
TFPI gene	C1420705	ASSOCIATED_WITH		Purpura, Thrombotic Thrombocytopenic	C0034155
TFPI gene	C1420705	ASSOCIATED_WITH		Pulmonary Fibrosis	C0034069
TFPI gene	C1420705	ASSOCIATED_WITH		Airway Obstruction	C0001883
TFPI gene	C1420705	ASSOCIATED_WITH		Liver Cirrhosis	C0023890
TFPI gene	C1420705	ASSOCIATED_WITH		Protein S Deficiency	C0242666
TFPI gene	C1420705	ASSOCIATED_WITH		Myocardial Infarction	C0027051
TFPI gene	C1420705	ASSOCIATED_WITH		Disseminated Intravascular Coagulation	C0012739
TFPI gene	C1420705	ASSOCIATED_WITH		Hemophilia A	C0019069
FKBP5 gene	C1414627	ASSOCIATED_WITH		Asthma	C0004096
FKBP5 gene	C1414627	ASSOCIATED_WITH		Rheumatoid Arthritis	C0003873
FKBP5 gene	C1414627	AFFECTS	["38227368_fullText_34"]	DYSFUNCTION - SKIN DISORDERS	C3887505
PTPN1 gene	C1335281	ASSOCIATED_WITH		Coronary Arteriosclerosis	C0010054
PTPN1 gene	C1335281	ASSOCIATED_WITH		Rett Syndrome	C0035372
PTPN1 gene	C1335281	ASSOCIATED_WITH		Essential Hypertension	C0085580
PTPN1 gene	C1335281	ASSOCIATED_WITH		Hypertensive disease	C0020538
PTPN1 gene	C1335281	ASSOCIATED_WITH		Hyperinsulinism	C0020459
PTPN1 gene	C1335281	ASSOCIATED_WITH		Obesity	C0028754
PTPN1 gene	C1335281	ASSOCIATED_WITH		Diabetes Mellitus, Non-Insulin-Dependent	C0011860
CDKL5 gene	C1420484	ASSOCIATED_WITH		Epilepsies, Partial	C0014547
CDKL5 gene	C1420484	ASSOCIATED_WITH		Angelman Syndrome	C0162635
CDKL5 gene	C1420484	ASSOCIATED_WITH		Early infantile epileptic encephalopathy with suppression bursts	C0393706
CDKL5 gene	C1420484	ASSOCIATED_WITH		Epilepsy	C0014544
CDKL5 gene	C1420484	ASSOCIATED_WITH		Infantile spasms	C0037769
CDKL5 gene	C1420484	ASSOCIATED_WITH		Epileptic encephalopathy	C0543888
CDKL5 gene	C1420484	ASSOCIATED_WITH		Rett Syndrome	C0035372
CDKL5 gene	C1420484	CAUSES	["26927095_fullText_2"]	Rett Syndrome	C0035372
ARHGEF9 gene	C1422758	ASSOCIATED_WITH		Epilepsy	C0014544
PDIA3 gene	C1538607	ASSOCIATED_WITH		Hepatitis, Autoimmune	C0241910
SNCB gene	C1420278	ASSOCIATED_WITH		Parkinson Disease	C0030567
SNCB gene	C1420278	ASSOCIATED_WITH		Lewy Body Disease	C0752347
INSR gene	C1334133	ASSOCIATED_WITH		Parkinson Disease	C0030567
INSR gene	C1334133	ASSOCIATED_WITH		Diabetic Neuropathies	C0011882
INSR gene	C1334133	ASSOCIATED_WITH		Gestational Diabetes	C0085207
INSR gene	C1334133	ASSOCIATED_WITH		Impaired glucose tolerance	C0271650
INSR gene	C1334133	ASSOCIATED_WITH		Alzheimer's Disease	C0002395
INSR gene	C1334133	ASSOCIATED_WITH		Hyperglycemia	C0020456
INSR gene	C1334133	ASSOCIATED_WITH		Hyperinsulinism	C0020459
INSR gene	C1334133	ASSOCIATED_WITH		Diabetes Mellitus	C0011849
INSR gene	C1334133	ASSOCIATED_WITH		Diabetes Mellitus, Non-Insulin-Dependent	C0011860
INSR gene	C1334133	ASSOCIATED_WITH		Rabson-Mendenhall Syndrome	C0271695
INSR gene	C1334133	ASSOCIATED_WITH		Insulin Receptor, Defect in	C0271689
INSR gene	C1334133	ASSOCIATED_WITH	["914985_fullText_5"]	Myotonic Dystrophy	C0027126
PRPH gene	C1418953	ASSOCIATED_WITH		AMYOTROPHIC LATERAL SCLEROSIS 1	C1862939
PRPH gene	C1418953	ASSOCIATED_WITH		Motor Neuron Disease	C0085084
PRPH gene	C1418953	ASSOCIATED_WITH		Amyotrophic Lateral Sclerosis	C0002736
PRPH gene	C1418953	ASSOCIATED_WITH		Amyotrophic Lateral Sclerosis, Sporadic	C1862941
CTSH gene	C1332806	ASSOCIATED_WITH		Diabetes Mellitus, Insulin-Dependent	C0011854
IDE gene	C1415875	ASSOCIATED_WITH		Alzheimer's Disease	C0002395
IDE gene	C1415875	ASSOCIATED_WITH		Diabetes Mellitus, Non-Insulin-Dependent	C0011860
LRP1 gene	C1416912	ASSOCIATED_WITH		Myocardial Infarction	C0027051
LRP1 gene	C1416912	ASSOCIATED_WITH		Migraine Disorders	C0149931
LRP1 gene	C1416912	ASSOCIATED_WITH		Alzheimer's Disease	C0002395
ANO1 gene	C1427656	ASSOCIATED_WITH		Moyamoya Disease	C0026654
MYOZ2 gene	C1413006	ASSOCIATED_WITH		Cardiomyopathies	C0878544
MYOZ2 gene	C1413006	ASSOCIATED_WITH		Hypertrophic Cardiomyopathy	C0007194
FXN gene	C1414812	ASSOCIATED_WITH		Diabetes Mellitus, Non-Insulin-Dependent	C0011860
FXN gene	C1414812	ASSOCIATED_WITH		Hypertrophic Cardiomyopathy	C0007194
FXN gene	C1414812	ASSOCIATED_WITH		Friedreich Ataxia	C0016719
FXN gene	C1414812	ASSOCIATED_WITH		FRIEDREICH ATAXIA 1	C1856689
GALE gene	C1439333	ASSOCIATED_WITH		Galactosemias	C0016952
GALE gene	C1439333	ASSOCIATED_WITH		UDPglucose 4-epimerase deficiency disease	C0751161
ADIPOQ gene	C1540187	ASSOCIATED_WITH		Coronary Restenosis	C0948480
ADIPOQ gene	C1540187	ASSOCIATED_WITH		Cardiomyopathies	C0878544
ADIPOQ gene	C1540187	ASSOCIATED_WITH		Pulmonary Fibrosis	C0034069
ADIPOQ gene	C1540187	ASSOCIATED_WITH		Glaucoma, Primary Open Angle	C0339573
ADIPOQ gene	C1540187	ASSOCIATED_WITH		Diabetic Retinopathy	C0011884
ADIPOQ gene	C1540187	ASSOCIATED_WITH		Congestive heart failure	C0018802
ADIPOQ gene	C1540187	ASSOCIATED_WITH		Hyperglycemia	C0020456
ADIPOQ gene	C1540187	ASSOCIATED_WITH		Nonalcoholic Steatohepatitis	C3241937
ADIPOQ gene	C1540187	ASSOCIATED_WITH		Diabetic Nephropathy	C0011881
ADIPOQ gene	C1540187	ASSOCIATED_WITH		Kidney Failure, Chronic	C0022661
ADIPOQ gene	C1540187	ASSOCIATED_WITH		Heart failure	C0018801
ADIPOQ gene	C1540187	ASSOCIATED_WITH		Rheumatoid Arthritis	C0003873
ADIPOQ gene	C1540187	ASSOCIATED_WITH		Coronary heart disease	C0010068
ADIPOQ gene	C1540187	ASSOCIATED_WITH		Coronary Arteriosclerosis	C0010054
ADIPOQ gene	C1540187	ASSOCIATED_WITH		Myocardial Ischemia	C0151744
ADIPOQ gene	C1540187	ASSOCIATED_WITH		Hypertensive disease	C0020538
ADIPOQ gene	C1540187	ASSOCIATED_WITH		Diabetes Mellitus	C0011849
ADIPOQ gene	C1540187	ASSOCIATED_WITH		Gestational Diabetes	C0085207
ADIPOQ gene	C1540187	ASSOCIATED_WITH		Non-alcoholic Fatty Liver Disease	C0400966
ADIPOQ gene	C1540187	ASSOCIATED_WITH		Atherosclerosis	C0004153
ADIPOQ gene	C1540187	ASSOCIATED_WITH		Cardiovascular Diseases	C0007222
ADIPOQ gene	C1540187	ASSOCIATED_WITH		Metabolic Syndrome X	C0524620
ADIPOQ gene	C1540187	ASSOCIATED_WITH		Diabetes Mellitus, Non-Insulin-Dependent	C0011860
ADIPOQ gene	C1540187	ASSOCIATED_WITH		Obesity	C0028754
NPR1 gene	C1417810	ASSOCIATED_WITH		Alcohol Related Disorders	C0236664
NPR1 gene	C1417810	ASSOCIATED_WITH		Myocardial Infarction	C0027051
NPR1 gene	C1417810	ASSOCIATED_WITH		Heart failure	C0018801
NPR1 gene	C1417810	ASSOCIATED_WITH		Congestive heart failure	C0018802
NPR1 gene	C1417810	ASSOCIATED_WITH		Hypertensive disease	C0020538
RAB5A gene	C1419212	ASSOCIATED_WITH	["36130946_fullText_8"]	Lewy Body Disease	C0752347
KCNH1 gene	C1416571	ASSOCIATED_WITH		Epilepsy	C0014544
CACNA1H gene	C1413062	ASSOCIATED_WITH		Peripheral Neuropathy	C0031117
CACNA1H gene	C1413062	ASSOCIATED_WITH		Idiopathic generalized epilepsy	C0270850
CACNA1H gene	C1413062	ASSOCIATED_WITH		Hyperaldosteronism	C0020428
CACNA1H gene	C1413062	ASSOCIATED_WITH		Absence Epilepsy	C0014553
CACNA1H gene	C1413062	ASSOCIATED_WITH		Childhood Absence Epilepsy	C4281785
CACNA1H gene	C1413062	ASSOCIATED_WITH		Conn Syndrome	C1384514
JUP gene	C1334295	ASSOCIATED_WITH		Hypertrophic Cardiomyopathy	C0007194
JUP gene	C1334295	ASSOCIATED_WITH		Cardiomyopathy, Dilated	C0007193
JUP gene	C1334295	ASSOCIATED_WITH		Palmoplantar Keratosis	C0022596
JUP gene	C1334295	ASSOCIATED_WITH		Arrhythmogenic Right Ventricular Dysplasia	C0349788
JUP gene	C1334295	ASSOCIATED_WITH		Cardiomyopathies	C0878544
DEGS1 gene	C1539265	ASSOCIATED_WITH		Leukodystrophy	C0023520
SLC22A12 gene	C1425219	ASSOCIATED_WITH		Kidney Failure, Acute	C0022660
UROS gene	C1421375	ASSOCIATED_WITH		Porphyria, Erythropoietic	C0162530
SLC2A4 gene	C1420175	ASSOCIATED_WITH		Alzheimer's Disease	C0002395
SLC2A4 gene	C1420175	ASSOCIATED_WITH		Diabetes Mellitus, Non-Insulin-Dependent	C0011860
SMAD3 gene	C0919432	ASSOCIATED_WITH		Liver Cirrhosis	C0023890
SMAD3 gene	C0919432	ASSOCIATED_WITH		Connective Tissue Diseases	C0009782
SMAD3 gene	C0919432	ASSOCIATED_WITH		Dissection of aorta	C0340643
SMAD3 gene	C0919432	ASSOCIATED_WITH		Osteoarthritis of hip	C0029410
SMAD3 gene	C0919432	ASSOCIATED_WITH		Aortic Aneurysm	C0003486
SMAD3 gene	C0919432	ASSOCIATED_WITH		Aneurysm	C0002940
SMAD3 gene	C0919432	ASSOCIATED_WITH		Loeys-Dietz Syndrome	C2697932
SERPINE1 gene	C1418252	ASSOCIATED_WITH		nervous system disorder	C0027765
SERPINE1 gene	C1418252	ASSOCIATED_WITH		Rhinitis	C0035455
SERPINE1 gene	C1418252	ASSOCIATED_WITH		Colitis, Ischemic	C0162529
SERPINE1 gene	C1418252	ASSOCIATED_WITH		Liver Cirrhosis, Alcoholic	C0023891
SERPINE1 gene	C1418252	ASSOCIATED_WITH		Nephrotic Syndrome	C0027726
SERPINE1 gene	C1418252	ASSOCIATED_WITH		Familial Mediterranean Fever	C0031069
SERPINE1 gene	C1418252	ASSOCIATED_WITH		Focal glomerulosclerosis	C0017668
SERPINE1 gene	C1418252	ASSOCIATED_WITH		Diabetic Angiopathies	C0011875
SERPINE1 gene	C1418252	ASSOCIATED_WITH		Graves Disease	C0018213
SERPINE1 gene	C1418252	ASSOCIATED_WITH		Pulmonary Hypertension	C0020542
SERPINE1 gene	C1418252	ASSOCIATED_WITH		Behcet Syndrome	C0004943
SERPINE1 gene	C1418252	ASSOCIATED_WITH		Portal vein thrombosis	C0155773
SERPINE1 gene	C1418252	ASSOCIATED_WITH		Retinal Vein Occlusion	C0035328
SERPINE1 gene	C1418252	ASSOCIATED_WITH		Amyloidosis	C0002726
SERPINE1 gene	C1418252	ASSOCIATED_WITH		Proliferative diabetic retinopathy	C0154830
SERPINE1 gene	C1418252	ASSOCIATED_WITH		Glomerulonephritis	C0017658
SERPINE1 gene	C1418252	ASSOCIATED_WITH		Liver diseases	C0023895
SERPINE1 gene	C1418252	ASSOCIATED_WITH		Kidney Failure, Chronic	C0022661
SERPINE1 gene	C1418252	ASSOCIATED_WITH		Liver Cirrhosis	C0023890
SERPINE1 gene	C1418252	ASSOCIATED_WITH		Congestive heart failure	C0018802
SERPINE1 gene	C1418252	ASSOCIATED_WITH		Diabetic Retinopathy	C0011884
SERPINE1 gene	C1418252	ASSOCIATED_WITH		Pulmonary Fibrosis	C0034069
SERPINE1 gene	C1418252	ASSOCIATED_WITH		Diabetic Nephropathy	C0011881
SERPINE1 gene	C1418252	ASSOCIATED_WITH		Coronary Arteriosclerosis	C0010054
SERPINE1 gene	C1418252	ASSOCIATED_WITH		Heart failure	C0018801
SERPINE1 gene	C1418252	ASSOCIATED_WITH		Fatty Liver	C0015695
SERPINE1 gene	C1418252	ASSOCIATED_WITH		Myocardial Ischemia	C0151744
SERPINE1 gene	C1418252	ASSOCIATED_WITH		Coronary heart disease	C0010068
SERPINE1 gene	C1418252	ASSOCIATED_WITH		Atherosclerosis	C0004153
SERPINE1 gene	C1418252	ASSOCIATED_WITH		Pneumonia	C0032285
SERPINE1 gene	C1418252	ASSOCIATED_WITH		Asthma	C0004096
SERPINE1 gene	C1418252	ASSOCIATED_WITH		Hypertensive disease	C0020538
SERPINE1 gene	C1418252	ASSOCIATED_WITH		Myocardial Infarction	C0027051
SERPINE1 gene	C1418252	ASSOCIATED_WITH		Obesity	C0028754
ABCB11 gene	C1412070	ASSOCIATED_WITH		Cholestasis, progressive familial intrahepatic 3	C1865643
ABCB11 gene	C1412070	ASSOCIATED_WITH		Liver Cirrhosis	C0023890
ABCB11 gene	C1412070	ASSOCIATED_WITH		Progressive intrahepatic cholestasis (disorder)	C0268312
ABCB11 gene	C1412070	ASSOCIATED_WITH		Cholestasis	C0008370
ABCB11 gene	C1412070	ASSOCIATED_WITH		Intrahepatic Cholestasis	C0008372
ABCB11 gene	C1412070	ASSOCIATED_WITH		Cholestasis, Progressive Familial Intrahepatic, 2	C3489789
SLC22A2 gene	C1420137	ASSOCIATED_WITH		Kidney Diseases	C0022658
SLC22A2 gene	C1420137	ASSOCIATED_WITH		Obesity	C0028754
SLC22A2 gene	C1420137	ASSOCIATED_WITH		Kidney Failure, Acute	C0022660
SLCO1B3 gene	C1420132	ASSOCIATED_WITH		Hyperbilirubinemia, Hereditary	C0020435
SLCO1B3 gene	C1420132	ASSOCIATED_WITH		Hyperbilirubinemia	C0020433
SLCO1B3 gene	C1420132	ASSOCIATED_WITH		Rotor Syndrome	C0220991
LEPR gene	C1366515	ASSOCIATED_WITH		Ovarian Failure, Premature	C0085215
LEPR gene	C1366515	ASSOCIATED_WITH		Cardiomyopathy, Dilated	C0007193
LEPR gene	C1366515	ASSOCIATED_WITH		Pulmonary Hypertension	C0020542
LEPR gene	C1366515	ASSOCIATED_WITH		Hypogonadism	C0020619
LEPR gene	C1366515	ASSOCIATED_WITH		Myocardial Ischemia	C0151744
LEPR gene	C1366515	ASSOCIATED_WITH		Respiratory Tract Infections	C0035243
LEPR gene	C1366515	ASSOCIATED_WITH		Chronic Obstructive Airway Disease	C0024117
LEPR gene	C1366515	ASSOCIATED_WITH		Kidney Diseases	C0022658
LEPR gene	C1366515	ASSOCIATED_WITH		Coronary heart disease	C0010068
LEPR gene	C1366515	ASSOCIATED_WITH		Hyperlipidemia	C0020473
LEPR gene	C1366515	ASSOCIATED_WITH		Osteoporosis	C0029456
LEPR gene	C1366515	ASSOCIATED_WITH		Fatty Liver	C0015695
LEPR gene	C1366515	ASSOCIATED_WITH		LEPTIN DEFICIENCY	C3554224
LEPR gene	C1366515	ASSOCIATED_WITH		Diabetic Nephropathy	C0011881
LEPR gene	C1366515	ASSOCIATED_WITH		Dyslipidemias	C0242339
LEPR gene	C1366515	ASSOCIATED_WITH		Impaired glucose tolerance	C0271650
LEPR gene	C1366515	ASSOCIATED_WITH		Nonalcoholic Steatohepatitis	C3241937
LEPR gene	C1366515	ASSOCIATED_WITH		Coronary Arteriosclerosis	C0010054
LEPR gene	C1366515	ASSOCIATED_WITH		Sleep Apnea, Obstructive	C0520679
LEPR gene	C1366515	ASSOCIATED_WITH		Gestational Diabetes	C0085207
LEPR gene	C1366515	ASSOCIATED_WITH		Non-alcoholic Fatty Liver Disease	C0400966
LEPR gene	C1366515	ASSOCIATED_WITH		Hyperglycemia	C0020456
LEPR gene	C1366515	ASSOCIATED_WITH		Obesity, Morbid	C0028756
LEPR gene	C1366515	ASSOCIATED_WITH		Hyperinsulinism	C0020459
LEPR gene	C1366515	ASSOCIATED_WITH		Hypertensive disease	C0020538
LEPR gene	C1366515	ASSOCIATED_WITH		Diabetes Mellitus	C0011849
LEPR gene	C1366515	ASSOCIATED_WITH		Diabetes Mellitus, Non-Insulin-Dependent	C0011860
LEPR gene	C1366515	ASSOCIATED_WITH		Obesity	C0028754
LEP gene	C1416825	ASSOCIATED_WITH		Oral Ulcer	C0149745
LEP gene	C1416825	ASSOCIATED_WITH		Rhinitis	C0035455
LEP gene	C1416825	ASSOCIATED_WITH		Hepatitis, Autoimmune	C0241910
LEP gene	C1416825	ASSOCIATED_WITH		Liver Cirrhosis, Alcoholic	C0023891
LEP gene	C1416825	ASSOCIATED_WITH		Respiratory Distress Syndrome, Adult	C0035222
LEP gene	C1416825	ASSOCIATED_WITH		Alcohol withdrawal syndrome	C0236663
LEP gene	C1416825	ASSOCIATED_WITH		Gastric ulcer	C0038358
LEP gene	C1416825	ASSOCIATED_WITH		Hypercholesterolemia	C0020443
LEP gene	C1416825	ASSOCIATED_WITH		Nonalcoholic Steatohepatitis	C3241937
LEP gene	C1416825	ASSOCIATED_WITH		Hyperglycemia	C0020456
LEP gene	C1416825	ASSOCIATED_WITH		Hypogonadism	C0020619
LEP gene	C1416825	ASSOCIATED_WITH		Osteoporosis	C0029456
LEP gene	C1416825	ASSOCIATED_WITH		Chronic Obstructive Airway Disease	C0024117
LEP gene	C1416825	ASSOCIATED_WITH		Impaired glucose tolerance	C0271650
LEP gene	C1416825	ASSOCIATED_WITH		Fatty Liver	C0015695
LEP gene	C1416825	ASSOCIATED_WITH		Alzheimer's Disease	C0002395
LEP gene	C1416825	ASSOCIATED_WITH		Obesity, Morbid	C0028756
LEP gene	C1416825	ASSOCIATED_WITH		Polycystic Ovary Syndrome	C0032460
LEP gene	C1416825	ASSOCIATED_WITH		Gestational Diabetes	C0085207
LEP gene	C1416825	ASSOCIATED_WITH		Non-alcoholic Fatty Liver Disease	C0400966
LEP gene	C1416825	ASSOCIATED_WITH		Hypertensive disease	C0020538
LEP gene	C1416825	ASSOCIATED_WITH		Hyperinsulinism	C0020459
LEP gene	C1416825	ASSOCIATED_WITH		Metabolic Syndrome X	C0524620
LEP gene	C1416825	ASSOCIATED_WITH		Diabetes Mellitus, Non-Insulin-Dependent	C0011860
LEP gene	C1416825	ASSOCIATED_WITH		Obesity	C0028754
LEP gene	C1416825	ASSOCIATED_WITH		LEPTIN DEFICIENCY	C3554224
PTGER3 gene	C1419063	ASSOCIATED_WITH		Stevens-Johnson Syndrome	C0038325
MURC gene	C2681849	ASSOCIATED_WITH		Cardiomyopathy, Dilated	C0007193
GATA2 gene	C1414993	ASSOCIATED_WITH		Anemia	C0002871
GATA2 gene	C1414993	ASSOCIATED_WITH		Lymphedema	C0024236
HAP1 gene	C1415470	ASSOCIATED_WITH		Huntington Disease	C0020179
PAM gene	C1456357	ASSOCIATED_WITH		Diabetes Mellitus, Non-Insulin-Dependent	C0011860
F12 gene	C1414499	ASSOCIATED_WITH		Urticaria	C0042109
F12 gene	C1414499	ASSOCIATED_WITH		Hypertensive disease	C0020538
F12 gene	C1414499	ASSOCIATED_WITH		Myocardial Infarction	C0027051
F12 gene	C1414499	ASSOCIATED_WITH		Thromboembolism	C0040038
F12 gene	C1414499	ASSOCIATED_WITH		Angioedemas, Hereditary	C0019243
F12 gene	C1414499	ASSOCIATED_WITH		Factor XII Deficiency	C0015526
F12 gene	C1414499	ASSOCIATED_WITH		Hereditary Angioedema Type III	C1857728
AARS gene	C1412054	ASSOCIATED_WITH		Leukodystrophy	C0023520
AARS gene	C1412054	ASSOCIATED_WITH		Distal Spinal Muscular Atrophy	C0393541
AARS gene	C1412054	ASSOCIATED_WITH		Peripheral Neuropathy	C0031117
AARS gene	C1412054	ASSOCIATED_WITH		Charcot-Marie-Tooth Disease	C0007959
AARS gene	C1412054	ASSOCIATED_WITH	["25807530_fullText_12"]	Leigh Disease	C0023264
PNOC gene	C1418716	ASSOCIATED_WITH		Parkinsonian Disorders	C0242422
PNOC gene	C1418716	ASSOCIATED_WITH		Neonatal Abstinence Syndrome	C0027609
PNOC gene	C1418716	ASSOCIATED_WITH	["35809655_fullText_2"]	Acute myocardial ischemia	C0746731
PEBP1 gene	C1826565	ASSOCIATED_WITH		Heart failure	C0018801
PEBP1 gene	C1826565	ASSOCIATED_WITH		Congestive heart failure	C0018802
DTNBP1 gene	C1424906	ASSOCIATED_WITH		Hermanski-Pudlak Syndrome	C0079504
KSR2 gene	C1537513	ASSOCIATED_WITH		Obesity, Morbid	C0028756
KSR2 gene	C1537513	ASSOCIATED_WITH		Obesity	C0028754
KSR2 gene	C1537513	ASSOCIATED_WITH		Diabetes Mellitus, Non-Insulin-Dependent	C0011860
PRKACB gene	C1418902	ASSOCIATED_WITH		Cushing Syndrome	C0010481
OAT gene	C1417917	ASSOCIATED_WITH		Hyperornithinemia	C0599035
OAT gene	C1417917	ASSOCIATED_WITH		Gyrate Atrophy	C0018425
PVR gene	C1419141	ASSOCIATED_WITH		Poliomyelitis	C0032371
FOXO1 gene	C1333572	ASSOCIATED_WITH		Pulmonary Hypertension	C0020542
FOXO1 gene	C1333572	ASSOCIATED_WITH		Keratoconus	C0022578
MLXIPL gene	C1826259	ASSOCIATED_WITH		Kidney Failure, Chronic	C0022661
MLXIPL gene	C1826259	ASSOCIATED_WITH		Myocardial Infarction	C0027051
MLXIPL gene	C1826259	ASSOCIATED_WITH		Williams Syndrome	C0175702
MLXIPL gene	C1826259	ASSOCIATED_WITH		Coronary Arteriosclerosis	C0010054
MLXIPL gene	C1826259	ASSOCIATED_WITH		Coronary heart disease	C0010068
CDH1 gene	C0694872	ASSOCIATED_WITH		Kidney Diseases	C0022658
CDH1 gene	C0694872	ASSOCIATED_WITH		Liver Cirrhosis	C0023890
CDH1 gene	C0694872	ASSOCIATED_WITH		Ulcerative Colitis	C0009324
CDH1 gene	C0694872	ASSOCIATED_WITH		Asthma	C0004096
CR2 gene	C1413696	ASSOCIATED_WITH		Common Variable Immunodeficiency	C0009447
CR2 gene	C1413696	ASSOCIATED_WITH		Lupus Erythematosus, Systemic	C0024141
AXIN2 gene	C1332126	ASSOCIATED_WITH		Craniosynostosis	C0010278
TRPC5 gene	C1421172	ASSOCIATED_WITH		Hypertensive disease	C0020538
CCKAR gene	C1413168	ASSOCIATED_WITH		Obesity	C0028754
GJD2 gene	C1846885	ASSOCIATED_WITH		Refractive Errors	C0034951
GJD2 gene	C1846885	ASSOCIATED_WITH		Myopia	C0027092
CTH gene	C1413792	ASSOCIATED_WITH		Gamma-cystathionase deficiency	C0268616
LDLRAP1 gene	C1537558	ASSOCIATED_WITH		Hyperlipoproteinemia Type IIa	C0745103
LDLRAP1 gene	C1537558	ASSOCIATED_WITH		Hypercholesterolemia, Familial	C0020445
CD36 gene	C1366645	ASSOCIATED_WITH		Tuberculosis, Pulmonary	C0041327
CD36 gene	C1366645	ASSOCIATED_WITH		Hemolytic-Uremic Syndrome	C0019061
CD36 gene	C1366645	ASSOCIATED_WITH		Immunologic Deficiency Syndromes	C0021051
CD36 gene	C1366645	ASSOCIATED_WITH		Myocardial Ischemia	C0151744
CD36 gene	C1366645	ASSOCIATED_WITH		Blood Platelet Disorders	C0005818
CD36 gene	C1366645	ASSOCIATED_WITH		Cardiomyopathy, Dilated	C0007193
CD36 gene	C1366645	ASSOCIATED_WITH		Impaired glucose tolerance	C0271650
CD36 gene	C1366645	ASSOCIATED_WITH		Hypertensive disease	C0020538
CD36 gene	C1366645	ASSOCIATED_WITH		Malaria	C0024530
CD36 gene	C1366645	ASSOCIATED_WITH		Diabetes Mellitus, Non-Insulin-Dependent	C0011860
CD36 gene	C1366645	ASSOCIATED_WITH		Platelet Glycoprotein IV Deficiency	C1842090
CD36 gene	C1366645	ASSOCIATED_WITH		Coronary heart disease	C0010068
GP6 gene	C1422611	ASSOCIATED_WITH		Acute myocardial infarction	C0155626
GP6 gene	C1422611	ASSOCIATED_WITH		Coronary Thrombosis	C0010072
GP6 gene	C1422611	ASSOCIATED_WITH		Diabetes Mellitus, Non-Insulin-Dependent	C0011860
GP6 gene	C1422611	ASSOCIATED_WITH		von Willebrand Disease	C0042974
GP6 gene	C1422611	ASSOCIATED_WITH		Myocardial Infarction	C0027051
GRIN2D gene	C1415302	ASSOCIATED_WITH		Encephalopathies	C0085584
PSMD6 gene	C1419037	ASSOCIATED_WITH		Diabetes Mellitus, Non-Insulin-Dependent	C0011860
IRS2 gene	C1334141	ASSOCIATED_WITH		Hyperglycemia	C0020456
IRS2 gene	C1334141	ASSOCIATED_WITH		Diabetes Mellitus, Non-Insulin-Dependent	C0011860
ATF6 gene	C1412622	ASSOCIATED_WITH		Retinitis Pigmentosa	C0035334
ATF6 gene	C1412622	ASSOCIATED_WITH		Achromatopsia	C0152200
F2R gene	C1366449	ASSOCIATED_WITH		Fatty Liver	C0015695
LGALS3 gene	C1416831	ASSOCIATED_WITH		Aneurysm	C0002940
LGALS3 gene	C1416831	ASSOCIATED_WITH		Vascular Diseases	C0042373
LGALS3 gene	C1416831	ASSOCIATED_WITH		Nephritis	C0027697
LGALS3 gene	C1416831	ASSOCIATED_WITH		ST segment elevation myocardial infarction	C1536220
LGALS3 gene	C1416831	ASSOCIATED_WITH		Asthma	C0004096
LGALS3 gene	C1416831	ASSOCIATED_WITH		Myocardial Infarction	C0027051
HCN1 gene	C1415498	ASSOCIATED_WITH		Early infantile epileptic encephalopathy with suppression bursts	C0393706
HCN1 gene	C1415498	ASSOCIATED_WITH		Febrile Convulsions	C0009952
HCN1 gene	C1415498	ASSOCIATED_WITH		Epileptic encephalopathy	C0543888
HCN1 gene	C1415498	ASSOCIATED_WITH		Epilepsy	C0014544
CHSY1 gene	C1424814	ASSOCIATED_WITH		Temtamy preaxial brachydactyly syndrome	C1854466
PIEZO1 gene	C1539428	ASSOCIATED_WITH		Hydrops Fetalis	C0020305
PIEZO1 gene	C1539428	ASSOCIATED_WITH		Milroy Disease	C1704423
PIEZO1 gene	C1539428	ASSOCIATED_WITH		Anemia, Hemolytic, Congenital	C0002881
PIEZO1 gene	C1539428	ASSOCIATED_WITH		Hydrops Fetalis, Non-Immune	C0455988
PIEZO1 gene	C1539428	ASSOCIATED_WITH		Anemia, Hemolytic	C0002878
PIEZO1 gene	C1539428	ASSOCIATED_WITH		Xerocytosis	C0272051
TRIB1 gene	C1540053	ASSOCIATED_WITH		Myocardial Ischemia	C0151744
TRIB1 gene	C1540053	ASSOCIATED_WITH		Nonalcoholic Steatohepatitis	C3241937
TRIB1 gene	C1540053	ASSOCIATED_WITH		Non-alcoholic Fatty Liver Disease	C0400966
TRIB1 gene	C1540053	ASSOCIATED_WITH		Coronary heart disease	C0010068
TRIB1 gene	C1540053	ASSOCIATED_WITH		Coronary Arteriosclerosis	C0010054
WNT1 gene	C0812233	ASSOCIATED_WITH		Keratoconus	C0022578
WNT1 gene	C0812233	ASSOCIATED_WITH		Osteogenesis Imperfecta	C0029434
WNT1 gene	C0812233	ASSOCIATED_WITH		Osteoporosis	C0029456
TNFRSF11B gene	C1336645	ASSOCIATED_WITH		Carotid Stenosis	C0007282
TNFRSF11B gene	C1336645	ASSOCIATED_WITH		Hypercalcemia	C0020437
TNFRSF11B gene	C1336645	ASSOCIATED_WITH		Osteitis Deformans	C0029401
TNFRSF11B gene	C1336645	ASSOCIATED_WITH		Rheumatoid Arthritis	C0003873
TNFRSF11B gene	C1336645	ASSOCIATED_WITH		Osteoporosis	C0029456
CAV1 gene	C1332669	ASSOCIATED_WITH		Idiopathic pulmonary hypertension	C0152171
CAV1 gene	C1332669	ASSOCIATED_WITH		Diffuse Scleroderma	C1258104
CAV1 gene	C1332669	ASSOCIATED_WITH		Silicosis	C0037116
CAV1 gene	C1332669	ASSOCIATED_WITH		Familial partial lipodystrophy	C0271694
CAV1 gene	C1332669	ASSOCIATED_WITH		Amyotrophic Lateral Sclerosis	C0002736
CAV1 gene	C1332669	ASSOCIATED_WITH		Familial primary pulmonary hypertension	C0340543
CAV1 gene	C1332669	ASSOCIATED_WITH		Multiple Sclerosis	C0026769
CAV1 gene	C1332669	ASSOCIATED_WITH		Lipodystrophy	C0023787
CAV1 gene	C1332669	ASSOCIATED_WITH		Hypertensive disease	C0020538
CAV1 gene	C1332669	ASSOCIATED_WITH		Familial generalized lipodystrophy	C0221032
CAV1 gene	C1332669	ASSOCIATED_WITH		Glaucoma, Primary Open Angle	C0339573
CAV1 gene	C1332669	ASSOCIATED_WITH		Systemic Scleroderma	C0036421
CAV1 gene	C1332669	ASSOCIATED_WITH		Atrial Fibrillation	C0004238
CAV1 gene	C1332669	ASSOCIATED_WITH		Pulmonary arterial hypertension	C2973725
CAV1 gene	C1332669	ASSOCIATED_WITH		Pulmonary Fibrosis	C0034069
CAV1 gene	C1332669	ASSOCIATED_WITH		PULMONARY HYPERTENSION, PRIMARY, 3	C3809192
RHOJ gene	C1412532	ASSOCIATED_WITH		Cardiomyopathies	C0878544
SMAD4 gene	C0694891	ASSOCIATED_WITH		Brachydactyly	C0221357
SMAD4 gene	C0694891	ASSOCIATED_WITH		Aortic Diseases	C0003493
SMAD4 gene	C0694891	ASSOCIATED_WITH		Lynch Syndrome	C4552100
SMAD4 gene	C0694891	ASSOCIATED_WITH		Pulmonary arterial hypertension	C2973725
SMAD4 gene	C0694891	ASSOCIATED_WITH		Hereditary hemorrhagic telangiectasia	C0039445
SOX11 gene	C1420318	ASSOCIATED_WITH		Hypogonadotropic hypogonadism	C0271623
SOX11 gene	C1420318	ASSOCIATED_WITH		Coffin-Siris syndrome	C0265338
SMARCA1 gene	C1335840	ASSOCIATED_WITH		Mental Retardation, X-Linked	C1136249
SMARCC1 gene	C1335845	ASSOCIATED_WITH		Hydrocephalus	C0020255
SMARCA4 gene	C1335843	ASSOCIATED_WITH		Coffin-Siris syndrome	C0265338
ARID1A gene	C1420251	ASSOCIATED_WITH		Septo-Optic Dysplasia	C0338503
ARID1A gene	C1420251	ASSOCIATED_WITH		Coffin-Siris syndrome	C0265338
HDAC2 gene	C1333892	ASSOCIATED_WITH		Endometriosis	C0014175
HDAC2 gene	C1333892	ASSOCIATED_WITH		Chronic Obstructive Airway Disease	C0024117
LIPA gene	C1416865	ASSOCIATED_WITH		Niemann-Pick Disease, Type C1	C3179455
LIPA gene	C1416865	ASSOCIATED_WITH		Coronary Arteriosclerosis	C0010054
LIPA gene	C1416865	ASSOCIATED_WITH		Coronary heart disease	C0010068
LIPA gene	C1416865	ASSOCIATED_WITH		Wolman Disease	C0043208
PRG4 gene	C1418891	ASSOCIATED_WITH		Pericarditis	C0031046
PRG4 gene	C1418891	ASSOCIATED_WITH		CAMPTODACTYLY-ARTHROPATHY-COXA VARA-PERICARDITIS SYNDROME	C1859690
NEDD4L gene	C1417660	ASSOCIATED_WITH		Cardiomyopathy, Dilated	C0007193
NEDD4L gene	C1417660	ASSOCIATED_WITH		Cleft Palate	C0008925
NEDD4L gene	C1417660	ASSOCIATED_WITH		Periventricular Nodular Heterotopia	C1868720
NEDD4L gene	C1417660	ASSOCIATED_WITH		Hypertensive disease	C0020538
SGK1 gene	C1420010	ASSOCIATED_WITH		Hypertensive disease	C0020538
ARPP21 gene	C2699119	ASSOCIATED_WITH		Amyotrophic Lateral Sclerosis	C0002736
ALG14 gene	C1823173	ASSOCIATED_WITH		Myasthenic Syndromes, Congenital	C0751882
ALG14 gene	C1823173	ASSOCIATED_WITH		Congenital Disorders of Glycosylation	C0282577
ALG14 gene	C1823173	CAUSES	["23404334_fullText_9"]	Myasthenic Syndromes, Congenital	C0751882
PDCD6 gene	C1418406	CAUSES	["23404334_fullText_9"]	Myasthenic Syndromes, Congenital	C0751882
CHD8 gene	C1538450	ASSOCIATED_WITH		Macrocephaly	C0221355
CHRNB1 gene	C1413407	ASSOCIATED_WITH		Myasthenic Syndromes, Congenital	C0751882
CHRNG gene	C1413413	ASSOCIATED_WITH		Pena-Shokeir syndrome type I	C1276035
CHRNG gene	C1413413	ASSOCIATED_WITH		Arthrogryposis multiplex congenita	C5779613
CHRNG gene	C1413413	ASSOCIATED_WITH		Myasthenic Syndromes, Congenital	C0751882
CHRNG gene	C1413413	ASSOCIATED_WITH	["18252226_fullText_2"]	MULTIPLE PTERYGIUM SYNDROME, LETHAL TYPE	C1854678
COL13A1 gene	C1413573	ASSOCIATED_WITH		Myasthenic Syndromes, Congenital	C0751882
COL13A1 gene	C1413573	ASSOCIATED_WITH__INFER__	["31081514_fullText_13"]	Myasthenic Syndrome	C0549225
DPAGT1 gene	C1414133	CAUSES	["30388443_fullText_5"]	Congenital Disorders	C0242354
DPAGT1 gene	C1414133	CAUSES	["30388443_fullText_3","23591138_fullText_1","23404334_fullText_9"]	Myasthenic Syndromes, Congenital	C0751882
DPAGT1 gene	C1414133	ASSOCIATED_WITH		Myasthenic Syndromes, Congenital	C0751882
DPAGT1 gene	C1414133	ASSOCIATED_WITH		Congenital Disorders of Glycosylation	C0282577
DPAGT1 gene	C1414133	ASSOCIATED_WITH	["30388443_fullText_90"]	Hashimoto Disease	C0677607
LAMA5 gene	C1416779	ASSOCIATED_WITH		Nephrosis, congenital	C3501848
LAMA5 gene	C1416779	ASSOCIATED_WITH		Congenital Myasthenic Syndromes, Presynaptic	C0751884
LAMA5 gene	C1416779	ASSOCIATED_WITH		Nephrotic Syndrome	C0027726
LRP4 gene	C1416916	ASSOCIATED_WITH		Myasthenic Syndromes, Congenital	C0751882
LRP4 gene	C1416916	ASSOCIATED_WITH		Sclerosteosis	C0265301
LRP4 gene	C1416916	ASSOCIATED_WITH		SCLEROSTEOSIS 2	C3280402
LRP4 gene	C1416916	ASSOCIATED_WITH		Syndactyly Cenani Lenz type	C1859309
LRP4 gene	C1416916	CAUSES	["37640745_fullText_3"]	Bone Diseases	C0005940
LRP4 gene	C1416916	CAUSES	["37640745_fullText_3"]	SCLEROSTEOSIS 2	C3280402
MYO9A gene	C1417571	ASSOCIATED_WITH		Arthrogryposis multiplex congenita	C5779613
MYO9A gene	C1417571	ASSOCIATED_WITH		Focal glomerulosclerosis	C0017668
MYO9A gene	C1417571	ASSOCIATED_WITH		Myasthenic Syndromes, Congenital	C0751882
PLEC gene	C1418643	ASSOCIATED_WITH		Myopathy	C0026848
PLEC gene	C1418643	ASSOCIATED_WITH		Muscular Dystrophy	C0026850
PLEC gene	C1418643	ASSOCIATED_WITH		Epidermolysis Bullosa Simplex	C0079298
PLEC gene	C1418643	ASSOCIATED_WITH		Epidermolysis Bullosa Simplex With Pyloric Atresia	C2677349
PLEC gene	C1418643	ASSOCIATED_WITH		Epidermolysa bullosa simplex and limb girdle muscular dystrophy	C2931072
PREPL gene	C1538715	ASSOCIATED_WITH		Myasthenic Syndromes, Congenital	C0751882
PREPL gene	C1538715	ASSOCIATED_WITH		Premature Menopause	C0025322
PREPL gene	C1538715	ASSOCIATED_WITH		Hypotonia-Cystinuria Syndrome	C1848030
PREPL gene	C1538715	ASSOCIATED_WITH		Cystinuria	C0010691
PREPL gene	C1538715	CAUSES	["31985178_fullText_1"]	Rare Diseases	C0678236
RAPSN gene	C1419271	CAUSES	["27009626_fullText_7","16931511_fullText_6","15328566_fullText_7"]	Myasthenic Syndromes, Congenital	C0751882
RAPSN gene	C1419271	CAUSES	["26782015_fullText_1"]	Congenital Myasthenic Syndromes, Postsynaptic	C0751883
RAPSN gene	C1419271	ASSOCIATED_WITH		Congenital Myasthenic Syndromes, Postsynaptic	C0751883
RAPSN gene	C1419271	ASSOCIATED_WITH		Arthrogryposis multiplex congenita	C5779613
RAPSN gene	C1419271	ASSOCIATED_WITH		Pena-Shokeir syndrome type I	C1276035
RAPSN gene	C1419271	ASSOCIATED_WITH		Myasthenic Syndromes, Congenital	C0751882
SCN4A gene	C1419862	ASSOCIATED_WITH		Sudden infant death syndrome	C0038644
SCN4A gene	C1419862	ASSOCIATED_WITH		Myotonic Disorders	C0553604
SCN4A gene	C1419862	ASSOCIATED_WITH		Long QT Syndrome	C0023976
SCN4A gene	C1419862	ASSOCIATED_WITH		Myopathy	C0026848
SCN4A gene	C1419862	ASSOCIATED_WITH		Hypokalemic periodic paralysis	C0238358
SCN4A gene	C1419862	ASSOCIATED_WITH		Potassium aggravated myotonia	C2931826
SCN4A gene	C1419862	ASSOCIATED_WITH		Paramyotonia Congenita (disorder)	C0221055
SCN4A gene	C1419862	ASSOCIATED_WITH		Hyperkalemic periodic paralysis	C0238357
SCN4A gene	C1419862	ASSOCIATED_WITH		Paramyotonia Congenita Without Cold Paralysis	C1868619
SCN4A gene	C1419862	ASSOCIATED_WITH	["28330959_fullText_1"]	Myotonia Congenita	C0027127
SCN4A gene	C1419862	ASSOCIATED_WITH	["28330959_fullText_1"]	Myasthenic Syndromes, Congenital	C0751882
TOR1AIP1 gene	C1823464	ASSOCIATED_WITH		Muscular Dystrophy	C0026850
VAMP1 gene	C1421418	ASSOCIATED_WITH		Spastic Paraplegia	C0037772
VAMP1 gene	C1421418	ASSOCIATED_WITH		ATAXIA, SPASTIC, 1, AUTOSOMAL DOMINANT	C1970107
VAMP1 gene	C1421418	ASSOCIATED_WITH		Congenital Myasthenic Syndromes, Presynaptic	C0751884
VAMP1 gene	C1421418	ASSOCIATED_WITH		Myasthenic Syndromes, Congenital	C0751882
ROBO4 gene	C1425218	ASSOCIATED_WITH		Aortic Aneurysm, Thoracic	C0162872
KCNQ4 gene	C1416616	ASSOCIATED_WITH		Sensorineural hearing loss, bilateral	C0452138
KCNQ4 gene	C1416616	ASSOCIATED_WITH		Sensorineural Hearing Loss (disorder)	C0018784
KCNQ5 gene	C1416617	ASSOCIATED_WITH		Myopia	C0027092
PTPRD gene	C1419114	ASSOCIATED_WITH		Hypertensive disease	C0020538
PTPRD gene	C1419114	ASSOCIATED_WITH		Coronary Arteriosclerosis	C0010054
PTPRD gene	C1419114	ASSOCIATED_WITH		Diabetes Mellitus	C0011849
PTPRD gene	C1419114	ASSOCIATED_WITH		Diabetes Mellitus, Non-Insulin-Dependent	C0011860
PTPRD gene	C1419114	ASSOCIATED_WITH		Restless Legs Syndrome	C0035258
TTN gene	C1421222	ASSOCIATED_WITH		Ventricular Fibrillation	C0042510
TTN gene	C1421222	ASSOCIATED_WITH		Cerebral Palsy	C0007789
TTN gene	C1421222	ASSOCIATED_WITH		Left ventricular noncompaction cardiomyopathy	C4021133
TTN gene	C1421222	ASSOCIATED_WITH		Brugada Syndrome (disorder)	C1142166
TTN gene	C1421222	ASSOCIATED_WITH		Long QT Syndrome	C0023976
TTN gene	C1421222	ASSOCIATED_WITH		Restrictive cardiomyopathy	C0007196
TTN gene	C1421222	ASSOCIATED_WITH		Left ventricular noncompaction	C1960469
TTN gene	C1421222	ASSOCIATED_WITH		Cardiomyopathy, Hypertrophic, Familial	C0949658
TTN gene	C1421222	ASSOCIATED_WITH		Centronuclear myopathy	C0175709
TTN gene	C1421222	ASSOCIATED_WITH		Distal Muscular Dystrophies	C0751336
TTN gene	C1421222	ASSOCIATED_WITH		Arrhythmogenic Right Ventricular Dysplasia	C0349788
TTN gene	C1421222	ASSOCIATED_WITH		Cardiomyopathy, Familial Idiopathic	C1449563
TTN gene	C1421222	ASSOCIATED_WITH		Neuromuscular Diseases	C0027868
TTN gene	C1421222	ASSOCIATED_WITH		Familial dilated cardiomyopathy	C0340427
TTN gene	C1421222	ASSOCIATED_WITH		Muscular Dystrophies, Limb-Girdle	C0686353
TTN gene	C1421222	ASSOCIATED_WITH		TIBIAL MUSCULAR DYSTROPHY, TARDIVE	C1838244
TTN gene	C1421222	ASSOCIATED_WITH		Atrial Fibrillation	C0004238
TTN gene	C1421222	ASSOCIATED_WITH		Cardiomyopathies	C0878544
TTN gene	C1421222	ASSOCIATED_WITH		Hypertrophic Cardiomyopathy	C0007194
TTN gene	C1421222	ASSOCIATED_WITH		Muscular Dystrophy	C0026850
TTN gene	C1421222	ASSOCIATED_WITH		Myopathy	C0026848
TTN gene	C1421222	ASSOCIATED_WITH		Cardiomyopathy, Dilated	C0007193
TTN gene	C1421222	ASSOCIATED_WITH		Tibial Muscular Dystrophy	C1450052
TTN gene	C1421222	CAUSES	["31419596_fullText_2"]	Cardiomyopathy, Dilated	C0007193
TBXAS1 gene	C1420620	ASSOCIATED_WITH		Cerebral Infarction	C0007785
ABCC4 gene	C1412079	ASSOCIATED_WITH		Rheumatoid Arthritis	C0003873
ABCC4 gene	C1412079	ASSOCIATED_WITH		Endometriosis	C0014175
HNF1A gene	C1420631	ASSOCIATED_WITH		Diabetes Mellitus, Ketosis-Prone	C3837958
HNF1A gene	C1420631	ASSOCIATED_WITH		Myocardial Ischemia	C0151744
HNF1A gene	C1420631	ASSOCIATED_WITH		Hypoglycemia	C0020615
HNF1A gene	C1420631	ASSOCIATED_WITH		Impaired glucose tolerance	C0271650
HNF1A gene	C1420631	ASSOCIATED_WITH		Coronary heart disease	C0010068
HNF1A gene	C1420631	ASSOCIATED_WITH		Coronary Arteriosclerosis	C0010054
HNF1A gene	C1420631	ASSOCIATED_WITH		Hyperglycemia	C0020456
HNF1A gene	C1420631	ASSOCIATED_WITH		Gestational Diabetes	C0085207
HNF1A gene	C1420631	ASSOCIATED_WITH		Diabetes Mellitus, Insulin-Dependent	C0011854
HNF1A gene	C1420631	ASSOCIATED_WITH		Diabetes Mellitus	C0011849
HNF1A gene	C1420631	ASSOCIATED_WITH		Diabetes Mellitus, Non-Insulin-Dependent	C0011860
PRDX3 gene	C1418881	ASSOCIATED_WITH		Non-alcoholic Fatty Liver Disease	C0400966
ALDH7A1 gene	C1412691	CAUSES	["36198807_fullText_8","25818041_fullText_3"]	EPILEPSY, PYRIDOXINE-DEPENDENT	C1849508
ALDH7A1 gene	C1412691	ASSOCIATED_WITH		EPILEPSY, PYRIDOXINE-DEPENDENT	C1849508
MOCS2 gene	C1417227	ASSOCIATED_WITH		Combined molybdoflavoprotein enzyme deficiency	C0268119
KLF1 gene	C1416657	ASSOCIATED_WITH		Hematological Disease	C0018939
KLF1 gene	C1416657	ASSOCIATED_WITH		Congenital dyserythropoietic anemia	C0002876
KLF1 gene	C1416657	ASSOCIATED_WITH		Congenital dyserythropoietic anemia type IV	C3150926
PNPO gene	C1538689	ASSOCIATED_WITH		Status Epilepticus	C0038220
PNPO gene	C1538689	ASSOCIATED_WITH		Pyridoxamine 5-Prime-Phosphate Oxidase Deficiency	C1864723
PROSC gene	C1418949	ASSOCIATED_WITH		EPILEPSY, PYRIDOXINE-DEPENDENT	C1849508
SLC19A1 gene	C1420117	ASSOCIATED_WITH		Cleft Palate	C0008925
SLC19A1 gene	C1420117	ASSOCIATED_WITH		Down Syndrome	C0013080
AASS gene	C1424938	ASSOCIATED_WITH		Hyperlysinemias	C0268553
AASS gene	C1424938	CAUSES	["36128717_fullText_5"]	Hyperlysinemias	C0268553
ASNS gene	C1412588	ASSOCIATED_WITH		ASPARAGINE SYNTHETASE DEFICIENCY	C3809971
SLC9A6 gene	C1420240	ASSOCIATED_WITH		Strabismus	C0038379
FOLR1 gene	C1414662	ASSOCIATED_WITH		Epileptic encephalopathy	C0543888
FOLR1 gene	C1414662	ASSOCIATED_WITH		Movement Disorders	C0026650
FOLR1 gene	C1414662	ASSOCIATED_WITH		Epilepsy	C0014544
PIGV gene	C1538644	ASSOCIATED_WITH		HYPERPHOSPHATASIA WITH IMPAIRED INTELLECTUAL DEVELOPMENT SYNDROME 1	C4551502
PIGV gene	C1538644	ASSOCIATED_WITH	["38790248_fullText_4"]	Hyperphosphatasemia with intellectual disability	C1855923
GAMT gene	C1414963	ASSOCIATED_WITH		Amino Acid Metabolism, Inborn Errors	C0002514
GAMT gene	C1414963	ASSOCIATED_WITH		Guanidinoacetate methyltransferase deficiency	C0574080
IQCB1 gene	C1428754	ASSOCIATED_WITH		Retinal Dystrophies	C0854723
IQCB1 gene	C1428754	ASSOCIATED_WITH		Retinitis Pigmentosa	C0035334
IQCB1 gene	C1428754	ASSOCIATED_WITH		Renal dysplasia and retinal aplasia (disorder)	C0403553
IQCB1 gene	C1428754	ASSOCIATED_WITH		Nephronophthisis	C0687120
IQCB1 gene	C1428754	ASSOCIATED_WITH		Leber Congenital Amaurosis	C0339527
DNASE2 gene	C1414111	ASSOCIATED_WITH		Lupus Erythematosus, Systemic	C0024141
BCKDHA gene	C1412759	ASSOCIATED_WITH		Classic Maple Syrup Urine Disease	C0268568
BCKDHA gene	C1412759	ASSOCIATED_WITH		Maple Syrup Urine Disease	C0024776
MCCC1 gene	C1417066	ASSOCIATED_WITH		3-methylcrotonyl CoA carboxylase 1 deficiency	C0268600
IFIH1 gene	C1537399	ASSOCIATED_WITH		Influenza	C0021400
IFIH1 gene	C1537399	ASSOCIATED_WITH		Vitiligo	C0042900
IFIH1 gene	C1537399	ASSOCIATED_WITH		Immunoglobulin A deficiency (disorder)	C0162538
IFIH1 gene	C1537399	ASSOCIATED_WITH		Graves Disease	C0018213
IFIH1 gene	C1537399	ASSOCIATED_WITH		Psoriasis	C0033860
IFIH1 gene	C1537399	ASSOCIATED_WITH		AICARDI-GOUTIERES SYNDROME	C0393591
IFIH1 gene	C1537399	ASSOCIATED_WITH		Lupus Erythematosus, Systemic	C0024141
ACADM gene	C1412107	ASSOCIATED_WITH		Liver Failure	C0085605
ACADM gene	C1412107	ASSOCIATED_WITH		Medium-chain acyl-coenzyme A dehydrogenase deficiency	C0220710
ACADM gene	C1412107	CAUSES	["27308838_fullText_3"]	Medium-chain acyl-coenzyme A dehydrogenase deficiency	C0220710
ACADM gene	C1412107	CAUSES	["27308838_fullText_3"]	Pulmonary Hypertension, Primary, 1, With Hereditary Hemorrhagic Telangiectasia	C3714844
DHTKD1 gene	C1428130	ASSOCIATED_WITH		Roussy-Levy Syndrome (disorder)	C0205713
DHTKD1 gene	C1428130	ASSOCIATED_WITH		Hereditary Motor and Sensory Neuropathies	C0027888
DHTKD1 gene	C1428130	ASSOCIATED_WITH		Dejerine-Sottas Disease (disorder)	C0011195
DHTKD1 gene	C1428130	ASSOCIATED_WITH		Charcot-Marie-Tooth Disease	C0007959
OGDH gene	C1417943	ASSOCIATED_WITH		ALPHA-KETOGLUTARATE DEHYDROGENASE DEFICIENCY	C2752074
ETFB gene	C1414472	ASSOCIATED_WITH		Multiple Acyl Coenzyme A Dehydrogenase Deficiency	C0268596
ABCC2 gene	C1412077	ASSOCIATED_WITH		Primary biliary cirrhosis	C0008312
ABCC2 gene	C1412077	ASSOCIATED_WITH		Biliary cirrhosis	C0023892
ABCC2 gene	C1412077	ASSOCIATED_WITH		Status Epilepticus	C0038220
ABCC2 gene	C1412077	ASSOCIATED_WITH		Hyperbilirubinemia, Hereditary	C0020435
ABCC2 gene	C1412077	ASSOCIATED_WITH		Rheumatoid Arthritis	C0003873
ABCC2 gene	C1412077	ASSOCIATED_WITH		Non-alcoholic Fatty Liver Disease	C0400966
ABCC2 gene	C1412077	ASSOCIATED_WITH		Nonalcoholic Steatohepatitis	C3241937
ABCC2 gene	C1412077	ASSOCIATED_WITH		Cholestasis	C0008370
ABCC2 gene	C1412077	ASSOCIATED_WITH		Hyperbilirubinemia	C0020433
ABCC2 gene	C1412077	ASSOCIATED_WITH		Jaundice, Chronic Idiopathic	C0022350
ACADS gene	C1412108	ASSOCIATED_WITH		Heart failure	C0018801
ACADS gene	C1412108	ASSOCIATED_WITH		Congestive heart failure	C0018802
ACADS gene	C1412108	ASSOCIATED_WITH		Deficiency of butyryl-CoA dehydrogenase	C0342783
L2HGDH gene	C1825784	ASSOCIATED_WITH		D-2-hydroxyglutaric aciduria	C1833429
L2HGDH gene	C1825784	ASSOCIATED_WITH		Combined D-2- and L-2-hydroxyglutaric aciduria	C2746066
L2HGDH gene	C1825784	ASSOCIATED_WITH		L-2-HYDROXYGLUTARIC ACIDURIA	C1855995
SCN3A gene	C1419861	ASSOCIATED_WITH		Polymicrogyria	C0266464
SCN3A gene	C1419861	ASSOCIATED_WITH		Early infantile epileptic encephalopathy with suppression bursts	C0393706
VPS35 gene	C1422017	ASSOCIATED_WITH		PARKINSON DISEASE, LATE-ONSET	C3160718
VPS35 gene	C1422017	ASSOCIATED_WITH		Parkinson Disease	C0030567
IL2 gene	C0879590	ASSOCIATED_WITH		Leukopenia	C0023530
IL2 gene	C0879590	ASSOCIATED_WITH		Rhinitis	C0035455
IL2 gene	C0879590	ASSOCIATED_WITH		Bullous pemphigoid	C0030805
IL2 gene	C0879590	ASSOCIATED_WITH		Lung Diseases, Interstitial	C0206062
IL2 gene	C0879590	ASSOCIATED_WITH		Lupus Erythematosus, Systemic	C0024141
IL2 gene	C0879590	ASSOCIATED_WITH		Rheumatoid Arthritis	C0003873
IL2 gene	C0879590	ASSOCIATED_WITH		Asthma	C0004096
IL2 gene	C0879590	ASSOCIATED_WITH		Diabetes Mellitus, Insulin-Dependent	C0011854
IL2 gene	C0879590	ASSOCIATED_WITH		Graft-vs-Host Disease	C0018133
IL2 gene	C0879590	ASSOCIATED_WITH		COVID-19 Virus Disease	C5203670
IL2 gene	C0879590	ASSOCIATED_WITH		Dermatitis, Atopic	C0011615
IL2 gene	C0879590	ASSOCIATED_WITH		HIV Infections	C0019693
IL2 gene	C0879590	ASSOCIATED_WITH		Graves Disease	C0018213
IL2 gene	C0879590	ASSOCIATED_WITH		Alzheimer's Disease	C0002395
IL2 gene	C0879590	ASSOCIATED_WITH		Behcet Syndrome	C0004943
IL2 gene	C0879590	ASSOCIATED_WITH		Alopecia Areata	C0002171
IL2 gene	C0879590	ASSOCIATED_WITH		Acquired Immunodeficiency Syndrome	C0001175
IL2 gene	C0879590	ASSOCIATED_WITH		Hepatitis, Autoimmune	C0241910
IL2 gene	C0879590	ASSOCIATED_WITH		Immune thrombocytopenic purpura	C0398650
IL2 gene	C0879590	ASSOCIATED_WITH		Anemia	C0002871
IL2 gene	C0879590	ASSOCIATED_WITH		Immunologic Deficiency Syndromes	C0021051
IL2 gene	C0879590	ASSOCIATED_WITH		Nephrotic Syndrome	C0027726
IL2 gene	C0879590	ASSOCIATED_WITH		Takayasu Arteritis	C0039263
IL2 gene	C0879590	ASSOCIATED_WITH		Glomerulonephritis	C0017658
IL2 gene	C0879590	ASSOCIATED_WITH		Thyroid associated opthalmopathies	C0339143
IL2 gene	C0879590	ASSOCIATED_WITH		Dermatitis, Allergic Contact	C0162820
IL2 gene	C0879590	ASSOCIATED_WITH		Scleroderma, Limited	C0748540
IL2 gene	C0879590	ASSOCIATED_WITH		Pemphigus	C0030807
IL2 gene	C0879590	ASSOCIATED_WITH		Anorexia	C0003123
HAMP gene	C1423607	ASSOCIATED_WITH		Biliary Atresia	C0005411
HAMP gene	C1423607	ASSOCIATED_WITH		Hereditary hemochromatosis	C0392514
HAMP gene	C1423607	ASSOCIATED_WITH		Kidney Failure, Chronic	C0022661
HAMP gene	C1423607	ASSOCIATED_WITH		beta Thalassemia	C0005283
HAMP gene	C1423607	ASSOCIATED_WITH		Hemochromatosis	C0018995
HAMP gene	C1423607	ASSOCIATED_WITH		Anemia	C0002871
HAMP gene	C1423607	ASSOCIATED_WITH		Iron Overload	C0282193
ETFDH gene	C1414473	ASSOCIATED_WITH		Glutaric Aciduria IIC	C1856405
ETFDH gene	C1414473	ASSOCIATED_WITH		Metabolic Diseases	C0025517
ETFDH gene	C1414473	ASSOCIATED_WITH		Myopathy	C0026848
ETFDH gene	C1414473	ASSOCIATED_WITH		Multiple Acyl Coenzyme A Dehydrogenase Deficiency	C0268596
ACAD8 gene	C1412106	ASSOCIATED_WITH		Isobutyryl-CoA dehydrogenase deficiency	C1969809
NAGLU gene	C1417593	ASSOCIATED_WITH		Mucopolysaccharidosis III	C0026706
NAGLU gene	C1417593	ASSOCIATED_WITH		MPS III B	C0086648
HPS4 gene	C1423767	ASSOCIATED_WITH		Hermanski-Pudlak Syndrome	C0079504
MUT gene	C1417504	ASSOCIATED_WITH		Inborn Errors of Metabolism	C0025521
MUT gene	C1417504	ASSOCIATED_WITH		Methylmalonic acidemia	C0268583
DLST gene	C1414073	ASSOCIATED_WITH		Alzheimer's Disease	C0002395
LAT gene	C1425844	ASSOCIATED_WITH		IMMUNODEFICIENCY 52	C4479588
FLAD1 gene	C1825303	ASSOCIATED_WITH		Myopathy with Abnormal Lipid Metabolism	C0410214
FLAD1 gene	C1825303	ASSOCIATED_WITH		Multiple Acyl Coenzyme A Dehydrogenase Deficiency	C0268596
NGLY1 gene	C1425023	CAUSES	["32576142_fullText_2","38417795_fullText_2"]	CONGENITAL DISORDER OF DEGLYCOSYLATION	C3808991
NGLY1 gene	C1425023	CAUSES	["35406718_fullText_25"]	Atrophy of cerebellum	C0740279
NGLY1 gene	C1425023	CAUSES	["33315951_fullText_1","36102038_fullText_2"]	Congenital Disorders	C0242354
NGLY1 gene	C1425023	CAUSES	["36528660_fullText_1","35565658_fullText_202"]	Rare Diseases	C0678236
NGLY1 gene	C1425023	CAUSES	["35565658_fullText_1","35565658_fullText_7"]	Autosomal recessive hereditary disorder	C0265388
NGLY1 gene	C1425023	CAUSES	["34270726_fullText_1"]	Multisystem disorder	C0559758
NGLY1 gene	C1425023	PREDISPOSES	["33563880_fullText_6"]	CONGENITAL DISORDER OF DEGLYCOSYLATION	C3808991
NGLY1 gene	C1425023	ASSOCIATED_WITH		Peripheral Neuropathy	C0031117
NGLY1 gene	C1425023	ASSOCIATED_WITH		CONGENITAL DISORDER OF DEGLYCOSYLATION	C3808991
NGLY1 gene	C1425023	ASSOCIATED_WITH	["30135079_fullText_4"]	Lupus Erythematosus, Systemic	C0024141
NGLY1 gene	C1425023	ASSOCIATED_WITH	["31217022_fullText_107"]	Motor Neuron Disease, Upper	C0521659
NGLY1 gene	C1425023	ASSOCIATED_WITH	["30135079_fullText_4"]	Inflammatory disorder	C1290884
NGLY1 gene	C1425023	ASSOCIATED_WITH	["33315951_fullText_93"]	Helminthiasis	C0018889
NGLY1 gene	C1425023	ASSOCIATED_WITH	["30135079_fullText_1","30135079_fullText_2","30135079_fullText_56","32259258_fullText_2"]	Rare Diseases	C0678236
NGLY1 gene	C1425023	DISRUPTS	["34697629_fullText_94"]	Aspartylglucosaminuria	C0268225
NGLY1 gene	C1425023	DISRUPTS	["30740912_fullText_49"]	Mineralocorticoid deficiency	C1955743
NGLY1 gene	C1425023	ASSOCIATED_WITH__INFER__	["30740912_fullText_7","35406718_fullText_32"]	Adrenal gland hypofunction	C0001623
NGLY1 gene	C1425023	ASSOCIATED_WITH__INFER__	["35243670_fullText_1"]	Epilepsy	C0014544
MPI gene	C1417244	CAUSES	["12530817_fullText_1"]	Congenital disorder of glycosylation type 1A	C0349653
MPI gene	C1417244	ASSOCIATED_WITH		Congenital Disorders of Glycosylation	C0282577
MPI gene	C1417244	ASSOCIATED_WITH		Congenital disorder of glycosylation type 1B	C1865145
PMM2 gene	C1418674	CAUSES	["33619652_fullText_1","33619652_fullText_7","33619652_fullText_107"]	Atrophy of cerebellum	C0740279
PMM2 gene	C1418674	CAUSES	["9425221_fullText_3","34625039_fullText_4","32962735_fullText_1"]	Congenital disorder of glycosylation type 1A	C0349653
PMM2 gene	C1418674	CAUSES	["10066032_fullText_7"]	Pyotraumatic dermatitis	C0263214
PMM2 gene	C1418674	CAUSES	["31391289_fullText_3","30740725_fullText_1","27774737_fullText_1"]	Congenital Disorders	C0242354
PMM2 gene	C1418674	CAUSES	["24305089_fullText_5"]	Peroxisome Biogenesis Disorder, Complementation Group C	C1832232
PMM2 gene	C1418674	AFFECTS	["33407696_fullText_70"]	Cardiomyopathies	C0878544
PMM2 gene	C1418674	ASSOCIATED_WITH		Diabetes Mellitus	C0011849
PMM2 gene	C1418674	ASSOCIATED_WITH		Ovarian Failure, Premature	C0085215
PMM2 gene	C1418674	ASSOCIATED_WITH		Congenital Disorders of Glycosylation	C0282577
PMM2 gene	C1418674	ASSOCIATED_WITH	["35732497_fullText_48"]	Immunologic Deficiency Syndromes	C0021051
PMM2 gene	C1418674	ASSOCIATED_WITH	["31677975_fullText_57"]	Liver diseases	C0023895
PMM2 gene	C1418674	ASSOCIATED_WITH	["31636082_fullText_60","31636082_fullText_126","31636082_fullText_132"]	Helminthiasis	C0018889
PMM2 gene	C1418674	ASSOCIATED_WITH	["29112118_fullText_121"]	Lymphangiectasis	C0024214
PMM2 gene	C1418674	ASSOCIATED_WITH	["11058895_fullText_1"]	Congenital disorder of glycosylation type 1A	C0349653
PMM2 gene	C1418674	ASSOCIATED_WITH	["23430200_fullText_1"]	Photoreceptor degeneration	C1998028
PMM2 gene	C1418674	ASSOCIATED_WITH	["35491370_fullText_2","25681648_fullText_3"]	Congenital Disorders	C0242354
PMM2 gene	C1418674	ASSOCIATED_WITH__INFER__	["29907092_fullText_68"]	CONGENITAL DISORDER OF GLYCOSYLATION, TYPE Ii	C1842836
PMM2 gene	C1418674	ASSOCIATED_WITH__INFER__	["22838182_fullText_25"]	multi-organ disease	C1141933
PMM2 gene	C1418674	ASSOCIATED_WITH__INFER__	["33619652_fullText_77"]	Peripheral Neuropathy	C0031117
PMM2 gene	C1418674	ASSOCIATED_WITH__INFER__	["33619652_fullText_62"]	Ataxia, Spinocerebellar	C0087012
PMM2 gene	C1418674	ASSOCIATED_WITH__INFER__	["27053713_fullText_5"]	Protein Deficiency	C0033626
PMM2 gene	C1418674	ASSOCIATED_WITH__INFER__	["12244009_fullText_1","11875054_fullText_6","10602363_fullText_1","21949237_fullText_7"]	Congenital disorder of glycosylation type 1A	C0349653
PMM2 gene	C1418674	ASSOCIATED_WITH__INFER__	["37542768_fullText_1"]	Lupus Erythematosus, Systemic	C0024141
PMM2 gene	C1418674	ASSOCIATED_WITH__INFER__	["35308014_fullText_13","35308014_fullText_5","35308014_fullText_146","35308014_fullText_190"]	Hypoglycemia	C0020615
PMM2 gene	C1418674	ASSOCIATED_WITH__SPEC__	["31454904_fullText_5"]	Congenital Disorders	C0242354
MAN1B1 gene	C1416994	CAUSES	["29908352_fullText_4","24348268_fullText_8"]	Syndrome	C0039082
MAN1B1 gene	C1416994	CAUSES	["29947113_fullText_2"]	CONGENITAL DISORDER OF GLYCOSYLATION, TYPE Ii	C1842836
MAN1B1 gene	C1416994	CAUSES	["34831340_fullText_144"]	Obesity	C0028754
MAN1B1 gene	C1416994	CAUSES__SPEC__	["24348268_fullText_8"]	CONGENITAL DISORDER OF GLYCOSYLATION, TYPE Ii	C1842836
MAN1B1 gene	C1416994	ASSOCIATED_WITH	["29112118_fullText_123"]	Obesity	C0028754
MAN1B1 gene	C1416994	ASSOCIATED_WITH__INFER__	["34831340_fullText_21"]	Epileptic encephalopathy	C0543888
MAN1B1 gene	C1416994	ASSOCIATED_WITH__INFER__	["34831340_fullText_21"]	Neonatal stroke	C1299567
MAN1B1 gene	C1416994	ASSOCIATED_WITH__INFER__	["24348268_fullText_24","24348268_fullText_117"]	CONGENITAL DISORDER OF GLYCOSYLATION, TYPE Ii	C1842836
ALG12 gene	C1426190	ASSOCIATED_WITH		Congenital Disorders of Glycosylation	C0282577
ALG12 gene	C1426190	ASSOCIATED_WITH		Congenital disorder of glycosylation type 1G	C2931001
ALG12 gene	C1426190	ASSOCIATED_WITH__INFER__	["38876156_fullText_3"]	Syndrome	C0039082
MOGS gene	C1832467	ASSOCIATED_WITH		Congenital Disorder Of Glycosylation, Type IIB	C1853736
MOGS gene	C1832467	CAUSES	["35137040_fullText_1","33261925_fullText_1"]	Congenital Disorders	C0242354
MOGS gene	C1832467	CAUSES	["30587846_fullText_1"]	Congenital Disorder Of Glycosylation, Type IIB	C1853736
TMEM199 gene	C1425293	ASSOCIATED_WITH__INFER__	["31800099_fullText_91"]	Liver diseases	C0023895
ALG3 gene	C1427879	ASSOCIATED_WITH		Congenital Disorders of Glycosylation	C0282577
ALG3 gene	C1427879	ASSOCIATED_WITH		CONGENITAL DISORDER OF GLYCOSYLATION, TYPE Id	C1832736
COG5 gene	C1423002	ASSOCIATED_WITH		Congenital Disorders of Glycosylation	C0282577
COG5 gene	C1423002	ASSOCIATED_WITH		CONGENITAL DISORDER OF GLYCOSYLATION, TYPE IIi	C3150876
COG6 gene	C1425653	ASSOCIATED_WITH		Hypohidrosis	C0020620
COG6 gene	C1425653	ASSOCIATED_WITH		Congenital Disorders of Glycosylation	C0282577
COG6 gene	C1425653	ASSOCIATED_WITH		SHAHEEN SYNDROME	C3809160
COG6 gene	C1425653	ASSOCIATED_WITH		CONGENITAL DISORDER OF GLYCOSYLATION, TYPE IIl	C3553230
SLC35A1 gene	C1420187	ASSOCIATED_WITH		Congenital Disorders of Glycosylation	C0282577
SLC35A1 gene	C1420187	ASSOCIATED_WITH		Congenital Disorder Of Glycosylation, Type IIF	C1970344
SLC35A1 gene	C1420187	ASSOCIATED_WITH	["23506892_fullText_5"]	Congenital Disorders	C0242354
TF gene	C1442762	ASSOCIATED_WITH		Chronic Persistent Hepatitis	C0149519
TF gene	C1442762	ASSOCIATED_WITH		Kidney Failure, Acute	C0022660
TF gene	C1442762	ASSOCIATED_WITH		Nephrotic Syndrome	C0027726
TF gene	C1442762	ASSOCIATED_WITH		Hyperglycemia	C0020456
TF gene	C1442762	ASSOCIATED_WITH		Fatty Liver	C0015695
TF gene	C1442762	ASSOCIATED_WITH		Alzheimer's Disease	C0002395
TF gene	C1442762	ASSOCIATED_WITH		Iron Overload	C0282193
TF gene	C1442762	ASSOCIATED_WITH		Anemia	C0002871
TF gene	C1442762	ASSOCIATED_WITH		Obesity	C0028754
TF gene	C1442762	ASSOCIATED_WITH		Diabetes Mellitus, Insulin-Dependent	C0011854
TF gene	C1442762	ASSOCIATED_WITH		Restless Legs Syndrome	C0035258
ALG6 gene	C1427953	ASSOCIATED_WITH		Congenital Disorders of Glycosylation	C0282577
ALG6 gene	C1427953	ASSOCIATED_WITH		Congenital disorder of glycosylation type 1C	C2930997
ALG6 gene	C1427953	ASSOCIATED_WITH	["20398363_fullText_56"]	Cardiomyopathy, Dilated	C0007193
ALG6 gene	C1427953	ASSOCIATED_WITH	["11558905_fullText_1"]	Congenital Disorders	C0242354
B4GALT1 gene	C1412719	ASSOCIATED_WITH		Congenital Disorders of Glycosylation	C0282577
PGM3 gene	C1418518	ASSOCIATED_WITH		Job Syndrome	C3887645
PGM3 gene	C1418518	ASSOCIATED_WITH		Severe Combined Immunodeficiency	C0085110
PGM3 gene	C1418518	ASSOCIATED_WITH		IMMUNODEFICIENCY 23	C4014371
PROCR gene	C1418944	ASSOCIATED_WITH		Coronary heart disease	C0010068
PROCR gene	C1418944	ASSOCIATED_WITH		Coronary Arteriosclerosis	C0010054
THBD gene	C1420720	ASSOCIATED_WITH		Purpura, Thrombotic Thrombocytopenic	C0034155
THBD gene	C1420720	ASSOCIATED_WITH		Pulmonary Embolism	C0034065
THBD gene	C1420720	ASSOCIATED_WITH		Rheumatoid Arthritis	C0003873
THBD gene	C1420720	ASSOCIATED_WITH		Asthma	C0004096
THBD gene	C1420720	ASSOCIATED_WITH		Cerebral Infarction	C0007785
THBD gene	C1420720	ASSOCIATED_WITH		Respiratory Distress Syndrome, Adult	C0035222
THBD gene	C1420720	ASSOCIATED_WITH		Thrombophilia due to Thrombomodulin Defect	C3280976
THBD gene	C1420720	ASSOCIATED_WITH		Liver diseases	C0023895
THBD gene	C1420720	ASSOCIATED_WITH		Myocardial Infarction	C0027051
THBD gene	C1420720	ASSOCIATED_WITH		Kidney Diseases	C0022658
THBD gene	C1420720	ASSOCIATED_WITH		Kidney Failure, Acute	C0022660
THBD gene	C1420720	ASSOCIATED_WITH		Disseminated Intravascular Coagulation	C0012739
THBD gene	C1420720	ASSOCIATED_WITH		Thrombophilia	C0398623
THBD gene	C1420720	ASSOCIATED_WITH		Atypical Hemolytic Uremic Syndrome	C2931788
HNF1B gene	C1420636	ASSOCIATED_WITH		Kidney Diseases	C0022658
HNF1B gene	C1420636	ASSOCIATED_WITH		Diabetes Mellitus, Non-Insulin-Dependent	C0011860
HNF1B gene	C1420636	ASSOCIATED_WITH		Renal cysts and diabetes syndrome	C0431693
FOXC2 gene	C1414669	ASSOCIATED_WITH		Hydrops Fetalis, Non-Immune	C0455988
FOXC2 gene	C1414669	ASSOCIATED_WITH		Diabetes Mellitus, Non-Insulin-Dependent	C0011860
FOXC2 gene	C1414669	ASSOCIATED_WITH		Obesity	C0028754
FOXC2 gene	C1414669	ASSOCIATED_WITH		Lymphedema	C0024236
FOXC2 gene	C1414669	ASSOCIATED_WITH		Lymphedema distichiasis syndrome	C0265345
PROC gene	C1418943	ASSOCIATED_WITH		Hypertensive disease	C0020538
PROC gene	C1418943	ASSOCIATED_WITH		Kidney Failure, Acute	C0022660
PROC gene	C1418943	ASSOCIATED_WITH		Thrombophilia, Hereditary, Due To Protein C Deficiency, Autosomal Dominant	C2674321
PROC gene	C1418943	ASSOCIATED_WITH		Central retinal vein occlusion	C0154841
PROC gene	C1418943	ASSOCIATED_WITH		Thrombophilia due to Activated Protein C Resistance	C1861171
PROC gene	C1418943	ASSOCIATED_WITH		Asthma	C0004096
PROC gene	C1418943	ASSOCIATED_WITH		Purpura Fulminans	C0085650
PROC gene	C1418943	ASSOCIATED_WITH		Antiphospholipid Syndrome	C0085278
PROC gene	C1418943	ASSOCIATED_WITH		Thromboembolism	C0040038
PROC gene	C1418943	ASSOCIATED_WITH		Deep Vein Thrombosis	C0149871
PROC gene	C1418943	ASSOCIATED_WITH		Disseminated Intravascular Coagulation	C0012739
PROC gene	C1418943	ASSOCIATED_WITH		Sepsis	C0243026
PROC gene	C1418943	ASSOCIATED_WITH		Protein C Deficiency	C0398625
PROC gene	C1418943	ASSOCIATED_WITH		Thrombophilia	C0398623
PROC gene	C1418943	ASSOCIATED_WITH		THROMBOPHILIA DUE TO PROTEIN C DEFICIENCY, AUTOSOMAL RECESSIVE	C2676759
ALG8 gene	C1427957	ASSOCIATED_WITH		Congenital Disorders of Glycosylation	C0282577
ALG8 gene	C1427957	ASSOCIATED_WITH		Congenital disorder of glycosylation type 1H	C2931002
ALG1 gene	C1425428	CAUSES	["26931382_fullText_3"]	Rare Diseases	C0678236
ALG1 gene	C1425428	ASSOCIATED_WITH		Congenital Disorders of Glycosylation	C0282577
ALG1 gene	C1425428	ASSOCIATED_WITH		Congenital disorder of glycosylation type 1K	C2931005
ALG1 gene	C1425428	ASSOCIATED_WITH	["35279850_fullText_87"]	Dermatitis	C0011603
ALG1 gene	C1425428	ASSOCIATED_WITH__INFER__	["28300031_fullText_5"]	Epileptic spasms	C3263982
ALG1 gene	C1425428	ASSOCIATED_WITH__INFER__	["28300031_fullText_5"]	CONGENITAL DISORDER OF GLYCOSYLATION, TYPE Ix	C3810067
ALG9 gene	C1538263	ASSOCIATED_WITH		Congenital Disorders of Glycosylation	C0282577
ALG9 gene	C1538263	ASSOCIATED_WITH		Polycystic Kidney, Autosomal Dominant	C0085413
ALG9 gene	C1538263	ASSOCIATED_WITH		Congenital disorder of glycosylation type 1L	C2931006
ALG9 gene	C1538263	CAUSES	["35839600_fullText_7"]	Infantile spasms	C0037769
ALG11 gene	C1876205	ASSOCIATED_WITH		Congenital Disorders of Glycosylation	C0282577
ALG11 gene	C1876205	AFFECTS	["35279850_fullText_4"]	Sensorineural Hearing Loss (disorder)	C0018784
ALG11 gene	C1876205	ASSOCIATED_WITH	["30770273_fullText_6"]	Congenital Disorders	C0242354
RFT1 gene	C1538829	ASSOCIATED_WITH		Congenital Disorders of Glycosylation	C0282577
RFT1 gene	C1538829	AFFECTS	["35279850_fullText_4"]	Sensorineural Hearing Loss (disorder)	C0018784
RFT1 gene	C1538829	ASSOCIATED_WITH__INFER__	["23111317_fullText_2"]	Failure to Thrive	C0015544
SRD5A3 gene	C2240046	CAUSES	["33403770_fullText_1"]	Congenital Disorders	C0242354
SRD5A3 gene	C2240046	CAUSES	["28253385_fullText_12"]	Retinal Dystrophies	C0854723
SRD5A3 gene	C2240046	CAUSES	["25270028_fullText_89"]	nervous system disorder	C0027765
SRD5A3 gene	C2240046	ASSOCIATED_WITH		Kahrizi Syndrome	C2675185
SRD5A3 gene	C2240046	ASSOCIATED_WITH		Congenital Disorders of Glycosylation	C0282577
SRD5A3 gene	C2240046	ASSOCIATED_WITH	["35279850_fullText_87"]	Dermatitis	C0011603
DPM1 gene	C1414137	ASSOCIATED_WITH		Congenital Disorders of Glycosylation	C0282577
DPM3 gene	C1414139	ASSOCIATED_WITH		Cardiomyopathies	C0878544
DPM3 gene	C1414139	ASSOCIATED_WITH		Myopathy	C0026848
DPM3 gene	C1414139	ASSOCIATED_WITH	["31266720_fullText_1"]	alpha-Dystroglycanopathies	C2936406
DPM3 gene	C1414139	ASSOCIATED_WITH	["31266720_fullText_1"]	Congenital Disorders	C0242354
MPDU1 gene	C1417235	ASSOCIATED_WITH		Congenital Disorders of Glycosylation	C0282577
MPDU1 gene	C1417235	CAUSES	["29721919_fullText_3"]	Ichthyoses	C0020757
ALG13 gene	C1823172	ASSOCIATED_WITH		Early infantile epileptic encephalopathy with suppression bursts	C0393706
ALG13 gene	C1823172	ASSOCIATED_WITH		Congenital Disorders of Glycosylation	C0282577
ALG13 gene	C1823172	ASSOCIATED_WITH	["35327592_fullText_5"]	Epilepsy	C0014544
ALG13 gene	C1823172	ASSOCIATED_WITH	["35240324_fullText_2"]	Epileptic encephalopathy	C0543888
COG1 gene	C1416821	ASSOCIATED_WITH		Congenital Disorders of Glycosylation	C0282577
COG1 gene	C1416821	CAUSES	["34625039_fullText_7"]	Congenital disorder of glycosylation, type 2G	C2931011
COG1 gene	C1416821	ASSOCIATED_WITH	["34625039_fullText_59"]	Congenital disorder of glycosylation, type 2G	C2931011
RPLP2 gene	C1419693	CAUSES__SPEC__	["32145091_fullText_62"]	Viral hepatitis	C0042721
RPLP2 gene	C1419693	CAUSES__SPEC__	["32145091_fullText_62"]	Hepatitis, Autoimmune	C0241910
RPLP2 gene	C1419693	CAUSES	["32145091_fullText_62"]	Hepatitis	C0019158
POFUT1 gene	C1423114	ASSOCIATED_WITH		DOWLING-DEGOS DISEASE 2	C3809147
POFUT1 gene	C1423114	ASSOCIATED_WITH	["33554500_fullText_67"]	Syndrome	C0039082
SLC35C1 gene	C1426768	ASSOCIATED_WITH		Congenital Disorders of Glycosylation	C0282577
SLC35C1 gene	C1426768	ASSOCIATED_WITH		Congenital disorder of glycosylation, type 2C	C0398739
SLC35C1 gene	C1426768	ASSOCIATED_WITH	["23506892_fullText_5"]	Congenital Disorders	C0242354
SLC37A4 gene	C1414895	ASSOCIATED_WITH		Congenital Disorders of Glycosylation	C0282577
SLC37A4 gene	C1414895	ASSOCIATED_WITH		Glycogen Storage Disease	C0017919
SLC37A4 gene	C1414895	ASSOCIATED_WITH		Glycogen Storage Disease Type I	C0017920
ALG2 gene	C1427955	ASSOCIATED_WITH		Myasthenic Syndromes, Congenital	C0751882
ALG2 gene	C1427955	ASSOCIATED_WITH		Congenital Disorders of Glycosylation	C0282577
ALG2 gene	C1427955	ASSOCIATED_WITH		CONGENITAL DISORDER OF GLYCOSYLATION, TYPE Ii	C1842836
PGM1 gene	C1418516	PREDISPOSES	["38917675_fullText_21"]	Cardiomyopathies	C0878544
PGM1 gene	C1418516	ASSOCIATED_WITH		Congenital Disorders of Glycosylation	C0282577
PGM1 gene	C1418516	ASSOCIATED_WITH		Glycogen Storage Disease XIV	C2752015
PGM1 gene	C1418516	ASSOCIATED_WITH	["31563034_fullText_10"]	Cardiomyopathies	C0878544
PGM1 gene	C1418516	ASSOCIATED_WITH__INFER__	["23928051_fullText_6"]	multiple pathologies	C0679225
NUS1 gene	C1826501	ASSOCIATED_WITH		Fatty Liver	C0015695
NUS1 gene	C1826501	ASSOCIATED_WITH		Congenital Disorders of Glycosylation	C0282577
NUS1 gene	C1826501	ASSOCIATED_WITH		Diabetes Mellitus, Non-Insulin-Dependent	C0011860
FERMT3 gene	C1842840	ASSOCIATED_WITH		Leukocyte adhesion deficiency type 1	C0398738
FERMT3 gene	C1842840	ASSOCIATED_WITH		Osteopetrosis	C0029454
FERMT3 gene	C1842840	ASSOCIATED_WITH		Congenital leukocyte adherence deficiency	C0272187
SSR4 gene	C1420431	ASSOCIATED_WITH__INFER__	["38917675_fullText_15"]	Cardiomyopathies	C0878544
SSR4 gene	C1420431	CAUSES	["33300232_fullText_2"]	Congenital Disorders	C0242354
KMT2D gene	C1334512	ASSOCIATED_WITH		Dandy-Walker Syndrome	C0010964
BOMBAY PHENOTYPE	C1859408	ASSOCIATED_WITH	["29664201_fullText_1"]	Congenital disorder of glycosylation, type 2C	C0398739
SEC23B gene	C1419926	ASSOCIATED_WITH		Congenital dyserythropoietic anemia	C0002876
SEC23B gene	C1419926	ASSOCIATED_WITH		Congenital dyserythropoietic anemia, type II	C1306589
GYPA gene	C1367455	ASSOCIATED_WITH		Malaria	C0024530
ALG5 gene	C1426822	ASSOCIATED_WITH		Polycystic Kidney Diseases	C0022680
ALG5 gene	C1426822	ASSOCIATED_WITH		Polycystic Kidney, Autosomal Dominant	C0085413
DDOST gene	C1413949	ASSOCIATED_WITH		Congenital Disorders of Glycosylation	C0282577
COG3 gene	C1425651	ASSOCIATED_WITH		Congenital Disorders of Glycosylation	C0282577
PGAP3 gene	C1538624	ASSOCIATED_WITH		Hyperphosphatasemia with intellectual disability	C1855923
PGAP3 gene	C1538624	ASSOCIATED_WITH		HYPERPHOSPHATASIA WITH IMPAIRED INTELLECTUAL DEVELOPMENT SYNDROME 4	C3810354
PGAP3 gene	C1538624	CAUSES	["37647829_fullText_1"]	Rare Diseases	C0678236
NANS gene	C1426104	ASSOCIATED_WITH		Spondyloepimetaphyseal dysplasia, Genevieve type	C1864872
CTSC gene	C1413811	ASSOCIATED_WITH		Periodontal Diseases	C0031090
CTSC gene	C1413811	ASSOCIATED_WITH		Periodontitis, Juvenile	C0031106
CTSC gene	C1413811	ASSOCIATED_WITH		Papillon-Lefevre Disease	C0030360
POMT2 gene	C1426379	ASSOCIATED_WITH		Pachygyria	C0266483
POMT2 gene	C1426379	ASSOCIATED_WITH		Muscular Dystrophy-Dystroglycanopathy (Congenital with Brain and Eye Anomalies) Type A, 1	C4284790
POMT2 gene	C1426379	ASSOCIATED_WITH		Muscle eye brain disease	C0457133
POMT2 gene	C1426379	ASSOCIATED_WITH		MUSCULAR DYSTROPHY, LIMB-GIRDLE, TYPE 2K	C1836373
POMT2 gene	C1426379	ASSOCIATED_WITH		Fukuyama Type Congenital Muscular Dystrophy	C0410174
POMT2 gene	C1426379	ASSOCIATED_WITH		Muscular Dystrophy	C0026850
POMT2 gene	C1426379	ASSOCIATED_WITH		alpha-Dystroglycanopathies	C2936406
POMT2 gene	C1426379	ASSOCIATED_WITH		Walker-Warburg congenital muscular dystrophy	C0265221
B3GALNT2 gene	C1538312	ASSOCIATED_WITH		Walker-Warburg congenital muscular dystrophy	C0265221
B3GALNT2 gene	C1538312	ASSOCIATED_WITH		alpha-Dystroglycanopathies	C2936406
HNF4A gene	C1415629	ASSOCIATED_WITH		Hyperlipidemia, Familial Combined	C0020474
HNF4A gene	C1415629	ASSOCIATED_WITH		Ulcerative Colitis	C0009324
HNF4A gene	C1415629	ASSOCIATED_WITH		Congenital Hyperinsulinism	C3888018
HNF4A gene	C1415629	ASSOCIATED_WITH		Hypoglycemia	C0020615
HNF4A gene	C1415629	ASSOCIATED_WITH		Hyperinsulinism	C0020459
HNF4A gene	C1415629	ASSOCIATED_WITH		Diabetes Mellitus, Non-Insulin-Dependent	C0011860
ATP7B gene	C1412689	ASSOCIATED_WITH		Fatty Liver	C0015695
ATP7B gene	C1412689	ASSOCIATED_WITH		Hepatitis, Chronic	C0019189
ATP7B gene	C1412689	ASSOCIATED_WITH		Kayser-Fleischer ring	C0152457
ATP7B gene	C1412689	ASSOCIATED_WITH		Liver Failure, Acute	C0162557
ATP7B gene	C1412689	ASSOCIATED_WITH		Liver Cirrhosis	C0023890
ATP7B gene	C1412689	ASSOCIATED_WITH		Liver diseases	C0023895
ATP7B gene	C1412689	ASSOCIATED_WITH		Hepatolenticular Degeneration	C0019202
MAN2B2 gene	C1428881	ASSOCIATED_WITH		Congenital Disorders of Glycosylation	C0282577
IFT74 gene	C1825569	ASSOCIATED_WITH		Bardet-Biedl Syndrome	C0752166
IFT74 gene	C1825569	ASSOCIATED_WITH		Familial aplasia of the vermis	C0431399
SEMA3A gene	C1419942	ASSOCIATED_WITH		Brugada Syndrome (disorder)	C1142166
SEMA3A gene	C1419942	ASSOCIATED_WITH		Panhypopituitarism	C0242343
SEMA3A gene	C1419942	ASSOCIATED_WITH		Hypogonadotropic hypogonadism	C0271623
SEMA3A gene	C1419942	ASSOCIATED_WITH		Kallmann Syndrome	C0162809
CTGF gene	C1413791	ASSOCIATED_WITH		Gestational Diabetes	C0085207
CTGF gene	C1413791	ASSOCIATED_WITH		Focal glomerulosclerosis	C0017668
CTGF gene	C1413791	ASSOCIATED_WITH		Hypertensive disease	C0020538
CTGF gene	C1413791	ASSOCIATED_WITH		Hepatitis B, Chronic	C0524909
CTGF gene	C1413791	ASSOCIATED_WITH		Lung diseases	C0024115
CTGF gene	C1413791	ASSOCIATED_WITH		Liver Cirrhosis	C0023890
CTGF gene	C1413791	ASSOCIATED_WITH		Rheumatoid Arthritis	C0003873
CTGF gene	C1413791	ASSOCIATED_WITH		Systemic Scleroderma	C0036421
CTGF gene	C1413791	ASSOCIATED_WITH		Heart failure	C0018801
CTGF gene	C1413791	ASSOCIATED_WITH		Congestive heart failure	C0018802
CTGF gene	C1413791	ASSOCIATED_WITH		Pulmonary Fibrosis	C0034069
GMPPA gene	C1539585	ASSOCIATED_WITH__INFER__	["35665995_fullText_46"]	Adrenal gland hypofunction	C0001623
GDNF gene	C1333669	ASSOCIATED_WITH		Status Epilepticus	C0038220
GDNF gene	C1333669	ASSOCIATED_WITH		Retinal Degeneration	C0035304
GDNF gene	C1333669	ASSOCIATED_WITH		Huntington Disease	C0020179
GDNF gene	C1333669	ASSOCIATED_WITH		Parkinsonian Disorders	C0242422
GDNF gene	C1333669	ASSOCIATED_WITH		Epilepsy	C0014544
GDNF gene	C1333669	ASSOCIATED_WITH		Neurodegenerative Disorders	C0524851
GDNF gene	C1333669	ASSOCIATED_WITH		Hirschsprung Disease	C0019569
GDNF gene	C1333669	ASSOCIATED_WITH		Parkinson Disease	C0030567
CSGALNACT1 gene	C2239313	ASSOCIATED_WITH		Desbuquois syndrome	C0432242
CSGALNACT1 gene	C2239313	CAUSES	["31705726_fullText_8"]	Skeletal dysplasia	C0410528
COG8 gene	C1425655	ASSOCIATED_WITH		Congenital Disorders of Glycosylation	C0282577
COG8 gene	C1425655	ASSOCIATED_WITH		Congenital Disorder Of Glycosylation, Type IIH	C1970021
TRAPPC11 gene	C2240268	ASSOCIATED_WITH		Myopathy	C0026848
TRAPPC11 gene	C2240268	ASSOCIATED_WITH		Muscular Dystrophies, Limb-Girdle	C0686353
TRAPPC11 gene	C2240268	ASSOCIATED_WITH		Muscular Dystrophy	C0026850
STT3B gene	C1823139	CAUSES	["25135935_fullText_19"]	Congenital Disorders	C0242354
VMA21 gene	C2681112	ASSOCIATED_WITH		MYOPATHY, X-LINKED, WITH EXCESSIVE AUTOPHAGY (disorder)	C1839615
VMA21 gene	C2681112	CAUSES	["32145091_fullText_49"]	Liver diseases	C0023895
VMA21 gene	C2681112	ASSOCIATED_WITH	["32145091_fullText_182"]	Fatty Liver	C0015695
VMA21 gene	C2681112	CAUSES	["32145091_fullText_185"]	Chronic liver disease	C0341439
VMA21 gene	C2681112	ASSOCIATED_WITH	["32145091_fullText_17"]	Myopathy	C0026848
VMA21 gene	C2681112	ASSOCIATED_WITH__SPEC__	["32145091_fullText_21"]	Fatty Liver	C0015695
PCSK9 gene	C1426592	ASSOCIATED_WITH		Chronic myocardial ischemia	C0264694
PCSK9 gene	C1426592	ASSOCIATED_WITH		Myocardial Ischemia	C0151744
PCSK9 gene	C1426592	ASSOCIATED_WITH		Hypobetalipoproteinemias	C0020597
PCSK9 gene	C1426592	ASSOCIATED_WITH		Hyperlipoproteinemia Type IIa	C0745103
PCSK9 gene	C1426592	ASSOCIATED_WITH		Coronary heart disease	C0010068
PCSK9 gene	C1426592	ASSOCIATED_WITH		Coronary Arteriosclerosis	C0010054
PCSK9 gene	C1426592	ASSOCIATED_WITH		Hypercholesterolemia, Familial	C0020445
PCSK9 gene	C1426592	ASSOCIATED_WITH		Hypercholesterolemia	C0020443
MAGT1 gene	C2239666	ASSOCIATED_WITH		Congenital Disorders of Glycosylation	C0282577
MAGT1 gene	C2239666	ASSOCIATED_WITH		IMMUNODEFICIENCY, X-LINKED, WITH MAGNESIUM DEFECT, EPSTEIN-BARR VIRUS INFECTION, AND NEOPLASIA	C3275445
MAGT1 gene	C2239666	ASSOCIATED_WITH	["29702557_fullText_103"]	X-Linked Combined Immunodeficiency Diseases	C1279481
MAGT1 gene	C2239666	ASSOCIATED_WITH	["25135935_fullText_140"]	Hyperostosis, Diffuse Idiopathic Skeletal	C0020498
MAGT1 gene	C2239666	ASSOCIATED_WITH	["31036665_fullText_6","37858231_fullText_84"]	Primary immune deficiency disorder	C0398686
TUSC3 gene	C1428945	ASSOCIATED_WITH		Congenital Disorders of Glycosylation	C0282577
VWF gene	C1336938	ASSOCIATED_WITH		Cerebral Thrombosis	C0079102
VWF gene	C1336938	ASSOCIATED_WITH		Behcet Syndrome	C0004943
VWF gene	C1336938	ASSOCIATED_WITH		Pulmonary Hypertension	C0020542
VWF gene	C1336938	ASSOCIATED_WITH		Congestive heart failure	C0018802
VWF gene	C1336938	ASSOCIATED_WITH		Thrombocythemia, Essential	C0040028
VWF gene	C1336938	ASSOCIATED_WITH		Heart failure	C0018801
VWF gene	C1336938	ASSOCIATED_WITH		Hypertensive disease	C0020538
VWF gene	C1336938	ASSOCIATED_WITH		Bernard-Soulier Syndrome	C0005129
VWF gene	C1336938	ASSOCIATED_WITH		Kidney Failure, Chronic	C0022661
VWF gene	C1336938	ASSOCIATED_WITH		Atrial Fibrillation	C0004238
VWF gene	C1336938	ASSOCIATED_WITH		Cardiovascular Diseases	C0007222
VWF gene	C1336938	ASSOCIATED_WITH		Hemophilia A	C0019069
VWF gene	C1336938	ASSOCIATED_WITH		von Willebrand Disease, Type 3	C1264041
VWF gene	C1336938	ASSOCIATED_WITH		von Willebrand Disease, Type 2	C1264040
VWF gene	C1336938	ASSOCIATED_WITH		von Willebrand Disease, Type 1	C1264039
VWF gene	C1336938	ASSOCIATED_WITH		von Willebrand Disease	C0042974
VWF gene	C1336938	ASSOCIATED_WITH		von Willebrand Disease, Type 2B	C1282971
ATP2B3 gene	C1412642	ASSOCIATED_WITH		Hyperaldosteronism	C0020428
ATP2B3 gene	C1412642	ASSOCIATED_WITH		Cushing Syndrome	C0010481
ATP2B3 gene	C1412642	ASSOCIATED_WITH		Hypertensive disease	C0020538
CTRC gene	C1413808	ASSOCIATED_WITH		Hereditary pancreatitis	C0238339
CTRC gene	C1413808	ASSOCIATED_WITH		Pancreatitis, Chronic	C0149521
COL6A2 gene	C1413590	ASSOCIATED_WITH		Muscular Dystrophy	C0026850
COL6A2 gene	C1413590	ASSOCIATED_WITH		Myopathy	C0026848
COL6A2 gene	C1413590	ASSOCIATED_WITH		Scleroatonic muscular dystrophy	C0410179
COL6A2 gene	C1413590	ASSOCIATED_WITH		Bethlem myopathy	C1834674
B4GALNT1 gene	C1825858	ASSOCIATED_WITH		Complicated hereditary spastic paraplegia	C0393556
B4GALNT1 gene	C1825858	ASSOCIATED_WITH		Spastic Paraplegia, Hereditary	C0037773
NR5A1 gene	C1417838	ASSOCIATED_WITH		Sex Differentiation Disorders	C2930619
NR5A1 gene	C1417838	ASSOCIATED_WITH		46, XX Testicular Disorders of Sex Development	C2936419
NR5A1 gene	C1417838	ASSOCIATED_WITH		Gonadal Dysgenesis, 46,XY	C0018054
NR5A1 gene	C1417838	ASSOCIATED_WITH		Male infertility	C0021364
NR5A1 gene	C1417838	ASSOCIATED_WITH		Endometriosis	C0014175
NR5A1 gene	C1417838	ASSOCIATED_WITH		Ovarian Failure, Premature	C0085215
NR5A1 gene	C1417838	ASSOCIATED_WITH		Adrenal gland hypofunction	C0001623
NR5A1 gene	C1417838	ASSOCIATED_WITH		46, XY Disorders of Sex Development	C2751824
BMP15 gene	C1332423	ASSOCIATED_WITH		Primary physiologic amenorrhea	C0232939
BMP15 gene	C1332423	ASSOCIATED_WITH		Ovarian Failure, Premature	C0085215
BMP15 gene	C1332423	ASSOCIATED_WITH		Polycystic Ovary Syndrome	C0032460
GDF9 gene	C1333668	ASSOCIATED_WITH		Ovarian Failure, Premature	C0085215
GDF9 gene	C1333668	ASSOCIATED_WITH		Polycystic Ovary Syndrome	C0032460
NOBOX gene	C1826445	ASSOCIATED_WITH		Ovarian Failure, Premature	C0085215
GANAB gene	C1414965	ASSOCIATED_WITH		Polycystic Kidney Diseases	C0022680
GANAB gene	C1414965	ASSOCIATED_WITH		Polycystic Kidney, Autosomal Dominant	C0085413
PIGY gene	C1826587	ASSOCIATED_WITH		HYPERPHOSPHATASIA WITH IMPAIRED INTELLECTUAL DEVELOPMENT SYNDROME 6	C4225201
PIGW gene	C1427992	ASSOCIATED_WITH		Hyperphosphatasemia with intellectual disability	C1855923
PIGW gene	C1427992	ASSOCIATED_WITH		GLYCOSYLPHOSPHATIDYLINOSITOL BIOSYNTHESIS DEFECT 11	C4014958
VPS13B gene	C1540183	ASSOCIATED_WITH		Severe myopia	C0271183
VPS13B gene	C1540183	ASSOCIATED_WITH		Retinal Dystrophies	C0854723
VPS13B gene	C1540183	ASSOCIATED_WITH		Retinitis Pigmentosa	C0035334
ATP6V1A gene	C1412672	ASSOCIATED_WITH		Encephalopathies	C0085584
ATP6V1A gene	C1412672	ASSOCIATED_WITH		Cutis Laxa	C0010495
ATP6V1E1 gene	C1412677	ASSOCIATED_WITH		Cutis Laxa	C0010495
XYLT1 gene	C1423546	ASSOCIATED_WITH		Pseudoxanthoma Elasticum	C0033847
XYLT1 gene	C1423546	ASSOCIATED_WITH		Diabetes Mellitus, Insulin-Dependent	C0011854
XYLT1 gene	C1423546	ASSOCIATED_WITH		Desbuquois syndrome	C0432242
XYLT1 gene	C1423546	ASSOCIATED_WITH		Gronblad-Strandberg Syndrome	C0376359
XYLT1 gene	C1423546	ASSOCIATED_WITH	["33554500_fullText_88"]	BARATELA-SCOTT SYNDROME	C3550876
XYLT2 gene	C1423547	ASSOCIATED_WITH		Pseudoxanthoma Elasticum	C0033847
XYLT2 gene	C1423547	ASSOCIATED_WITH		Gronblad-Strandberg Syndrome	C0376359
PIGA gene	C1418558	ASSOCIATED_WITH		Cold paroxysmal hemoglobinuria	C0086774
PIGA gene	C1418558	ASSOCIATED_WITH		Infantile spasms	C0037769
PIGA gene	C1418558	ASSOCIATED_WITH		Hemoglobinuria, Paroxysmal	C0019050
PIGA gene	C1418558	ASSOCIATED_WITH		Epileptic encephalopathy	C0543888
PIGA gene	C1418558	ASSOCIATED_WITH		Paroxysmal nocturnal hemoglobinuria	C0024790
TMEM5 gene	C1422041	ASSOCIATED_WITH		Walker-Warburg congenital muscular dystrophy	C0265221
TMEM5 gene	C1422041	ASSOCIATED_WITH		alpha-Dystroglycanopathies	C2936406
ISPD gene	C2829592	ASSOCIATED_WITH		Muscle eye brain disease	C0457133
ISPD gene	C2829592	ASSOCIATED_WITH		alpha-Dystroglycanopathies	C2936406
ISPD gene	C2829592	ASSOCIATED_WITH		Myopathy	C0026848
ISPD gene	C2829592	ASSOCIATED_WITH		Walker-Warburg congenital muscular dystrophy	C0265221
ISPD gene	C2829592	ASSOCIATED_WITH		Muscular Dystrophy	C0026850
FKRP gene	C1425226	ASSOCIATED_WITH		Muscular Dystrophy-Dystroglycanopathy (Congenital with Brain and Eye Anomalies) Type A, 1	C4284790
FKRP gene	C1425226	ASSOCIATED_WITH		MUSCULAR DYSTROPHY, LIMB-GIRDLE, TYPE 2K	C1836373
FKRP gene	C1425226	ASSOCIATED_WITH		Cardiomyopathy, Dilated	C0007193
FKRP gene	C1425226	ASSOCIATED_WITH		Muscle eye brain disease	C0457133
FKRP gene	C1425226	ASSOCIATED_WITH		Fukuyama Type Congenital Muscular Dystrophy	C0410174
FKRP gene	C1425226	ASSOCIATED_WITH		Myopathy	C0026848
FKRP gene	C1425226	ASSOCIATED_WITH		alpha-Dystroglycanopathies	C2936406
FKRP gene	C1425226	ASSOCIATED_WITH		Muscular Dystrophies, Limb-Girdle	C0686353
FKRP gene	C1425226	ASSOCIATED_WITH		Walker-Warburg congenital muscular dystrophy	C0265221
FKRP gene	C1425226	ASSOCIATED_WITH	["15833424_fullText_1"]	Muscular Dystrophy	C0026850
APOC3 gene	C1412478	ASSOCIATED_WITH		Hypercholesterolemia, Familial	C0020445
APOC3 gene	C1412478	ASSOCIATED_WITH		Chronic myocardial ischemia	C0264694
APOC3 gene	C1412478	ASSOCIATED_WITH		Hyperlipoproteinemia Type III	C0020479
APOC3 gene	C1412478	ASSOCIATED_WITH		Hyperlipoproteinemias	C0020476
APOC3 gene	C1412478	ASSOCIATED_WITH		Kidney Failure, Chronic	C0022661
APOC3 gene	C1412478	ASSOCIATED_WITH		Hyperlipidemia, Familial Combined	C0020474
APOC3 gene	C1412478	ASSOCIATED_WITH		Impaired glucose tolerance	C0271650
APOC3 gene	C1412478	ASSOCIATED_WITH		Myocardial Ischemia	C0151744
APOC3 gene	C1412478	ASSOCIATED_WITH		Diabetes Mellitus, Insulin-Dependent	C0011854
APOC3 gene	C1412478	ASSOCIATED_WITH		Cardiovascular Diseases	C0007222
APOC3 gene	C1412478	ASSOCIATED_WITH		Coronary Arteriosclerosis	C0010054
APOC3 gene	C1412478	ASSOCIATED_WITH		Coronary heart disease	C0010068
KLRK1 gene	C1425775	ASSOCIATED_WITH		Tropical Spastic Paraparesis	C0030481
CD244 gene	C1425360	ASSOCIATED_WITH		Rheumatoid Arthritis	C0003873
FUCA1 gene	C1414857	ASSOCIATED_WITH		Fucosidase Deficiency Disease	C0016788
G6PC gene	C1414892	ASSOCIATED_WITH		Glycogen Storage Disease	C0017919
G6PC gene	C1414892	ASSOCIATED_WITH		Hypoglycemia	C0020615
G6PC gene	C1414892	ASSOCIATED_WITH		Glycogen Storage Disease Type I	C0017920
G6PC gene	C1414892	ASSOCIATED_WITH		Glycogen storage disease type Ia	C2919796
STX6 gene	C1420503	ASSOCIATED_WITH		Progressive supranuclear palsy	C0038868
STX16 gene	C1420496	ASSOCIATED_WITH		PSEUDOHYPOPARATHYROIDISM, TYPE IB	C1864100
STX16 gene	C1420496	CAUSES	["34943782_fullText_227"]	Pseudohypoparathyroidism Type 1B	C2932715
NSUN2 gene	C1538489	ASSOCIATED_WITH		Dubowitz syndrome	C0175691
IGHD5-12 gene	C1415963	ASSOCIATED_WITH__INFER__	["22327749_fullText_93"]	Cardiomyopathy, Dilated	C0007193
IGHD5-12 gene	C1415963	ASSOCIATED_WITH	["22327749_fullText_13","22327749_fullText_131"]	Syndrome	C0039082
ASPN gene	C1423015	ASSOCIATED_WITH		Ankylosing spondylitis	C0038013
ASPN gene	C1423015	ASSOCIATED_WITH		Lumbar disc disease	C0221775
AHCY gene	C1412291	ASSOCIATED_WITH		Aortic Aneurysm, Abdominal	C0162871
AHCY gene	C1412291	ASSOCIATED_WITH		Nonalcoholic Steatohepatitis	C3241937
AHCY gene	C1412291	ASSOCIATED_WITH		Hepatolenticular Degeneration	C0019202
AHCY gene	C1412291	ASSOCIATED_WITH		Hepatic methionine adenosyltransferase deficiency	C0268621
SLC26A3 gene	C1335836	ASSOCIATED_WITH		Ulcerative Colitis	C0009324
SLC26A3 gene	C1335836	ASSOCIATED_WITH		Dysentery	C0013369
EXT2 gene	C0694879	ASSOCIATED_WITH		Chromosome 11p11.2 Deletion Syndrome	C1832588
EXT2 gene	C0694879	ASSOCIATED_WITH		Hereditary Multiple Exostoses	C0015306
ALDH18A1 gene	C1538262	ASSOCIATED_WITH		Rothmund-Thomson syndrome	C0032339
ALDH18A1 gene	C1538262	ASSOCIATED_WITH		Familial benign pemphigus	C0085106
ALDH18A1 gene	C1538262	ASSOCIATED_WITH		De Barsy syndrome	C0268354
ALDH18A1 gene	C1538262	ASSOCIATED_WITH		Cutis Laxa, Autosomal Dominant	C0268350
ALDH18A1 gene	C1538262	ASSOCIATED_WITH		Spastic Paraplegia, Hereditary	C0037773
ALDH18A1 gene	C1538262	ASSOCIATED_WITH		Cutis Laxa	C0010495
PYCR1 gene	C1419152	ASSOCIATED_WITH		Progeria	C0033300
PYCR1 gene	C1419152	ASSOCIATED_WITH		Geroderma osteodysplastica	C0432255
PYCR1 gene	C1419152	ASSOCIATED_WITH		Cutis Laxa	C0010495
PYCR1 gene	C1419152	ASSOCIATED_WITH		Cutis Laxa, Autosomal Recessive, Type IIB	C2751987
PYCR1 gene	C1419152	ASSOCIATED_WITH	["21431621_fullText_131"]	Syndrome	C0039082
PYCR1 gene	C1419152	ASSOCIATED_WITH__SPEC__	["21431621_fullText_131"]	Cutis Laxa	C0010495
COMP gene	C1456376	ASSOCIATED_WITH		Connective Tissue Diseases	C0009782
COMP gene	C1456376	ASSOCIATED_WITH		Osteoarthritis of hip	C0029410
COMP gene	C1456376	ASSOCIATED_WITH		Osteochondrodysplasias	C0029422
COMP gene	C1456376	ASSOCIATED_WITH		Epiphyseal dysplasia, multiple, 1	C1838280
ALDOB gene	C1412347	ASSOCIATED_WITH		Diabetes Mellitus, Non-Insulin-Dependent	C0011860
ALDOB gene	C1412347	ASSOCIATED_WITH		Hereditary fructose intolerance syndrome	C0016751
FBP1 gene	C1414544	ASSOCIATED_WITH		Fructose-1,6-Diphosphatase Deficiency	C0016756
ADAMTS13 gene	C1413036	ASSOCIATED_WITH		Immune thrombocytopenic purpura	C0398650
ADAMTS13 gene	C1413036	ASSOCIATED_WITH		Atypical Hemolytic Uremic Syndrome	C2931788
ADAMTS13 gene	C1413036	ASSOCIATED_WITH		Thrombotic Microangiopathies	C2717961
ADAMTS13 gene	C1413036	ASSOCIATED_WITH		Purpura, Thrombotic Thrombocytopenic	C0034155
KCNJ11 gene	C1416578	ASSOCIATED_WITH		Hypertrichosis	C0020555
KCNJ11 gene	C1416578	ASSOCIATED_WITH		Hyperinsulinemic hypoglycemia, familial, 2	C2931833
KCNJ11 gene	C1416578	ASSOCIATED_WITH		Hypoglycemia	C0020615
KCNJ11 gene	C1416578	ASSOCIATED_WITH		Diabetes Mellitus, Insulin-Dependent	C0011854
KCNJ11 gene	C1416578	ASSOCIATED_WITH		Neonatal diabetes mellitus	C0158981
KCNJ11 gene	C1416578	ASSOCIATED_WITH		Hyperinsulinism	C0020459
KCNJ11 gene	C1416578	ASSOCIATED_WITH		Congenital Hyperinsulinism	C3888018
KCNJ11 gene	C1416578	ASSOCIATED_WITH		Diabetes Mellitus	C0011849
KCNJ11 gene	C1416578	ASSOCIATED_WITH		Diabetes Mellitus, Non-Insulin-Dependent	C0011860
KCNJ11 gene	C1416578	ASSOCIATED_WITH		Nesidioblastosis	C0027773
SLC16A1 gene	C1420102	ASSOCIATED_WITH		Hyperinsulinism	C0020459
SLC16A1 gene	C1420102	ASSOCIATED_WITH		Hyperinsulinemic hypoglycemia, familial, 7	C1864902
SLC16A1 gene	C1420102	ASSOCIATED_WITH	["29112118_fullText_121"]	Lymphangiectasis	C0024214
ANKRD1 gene	C1423753	ASSOCIATED_WITH		Spinal Muscular Atrophy	C0026847
ANKRD1 gene	C1423753	ASSOCIATED_WITH		Congenital heart disease	C0152021
ANKRD1 gene	C1423753	ASSOCIATED_WITH		Cardiomyopathies	C0878544
ANKRD1 gene	C1423753	ASSOCIATED_WITH		Hypertrophic Cardiomyopathy	C0007194
ANKRD1 gene	C1423753	ASSOCIATED_WITH		Cardiomyopathy, Dilated	C0007193
PHEX gene	C1418526	CAUSES	["35932552_fullText_1"]	Inborn Errors of Metabolism	C0025521
PHEX gene	C1418526	CAUSES	["33396635_fullText_1"]	Peroxisomal Disorders	C0282528
PHEX gene	C1418526	AFFECTS	["35854306_fullText_2"]	Mendelian disorders	C1285355
PHEX gene	C1418526	ASSOCIATED_WITH		Hypophosphatemic Rickets, X-Linked Recessive	C1845168
PHEX gene	C1418526	ASSOCIATED_WITH		Nephrocalcinosis	C0027709
PHEX gene	C1418526	ASSOCIATED_WITH		Familial Hypophosphatemic Rickets	C3536983
PHEX gene	C1418526	ASSOCIATED_WITH		Hypophosphatemic Rickets, X-Linked Dominant	C0733682
PHEX gene	C1418526	ASSOCIATED_WITH		Rickets, X-Linked Hypophosphatemic	C3540852
PHEX gene	C1418526	ASSOCIATED_WITH		Vitamin D-Resistant Rickets, X-Linked	C3536984
PHEX gene	C1418526	ASSOCIATED_WITH	["21669930_fullText_3"]	Peroxisome biogenesis disorders	C1832200
PEX10 gene	C1418470	ASSOCIATED_WITH		Peroxisomal Disorders	C0282528
PEX10 gene	C1418470	ASSOCIATED_WITH		Adrenoleukodystrophy, Neonatal	C0282525
PEX10 gene	C1418470	ASSOCIATED_WITH		Zellweger Syndrome	C0043459
PEX10 gene	C1418470	ASSOCIATED_WITH		Peroxisome biogenesis disorders	C1832200
PEX10 gene	C1418470	ASSOCIATED_WITH		Peroxisome Biogenesis Disorder, Complementation Group 7	C1864399
PEX10 gene	C1418470	ASSOCIATED_WITH__SPEC__	["28784167_fullText_7"]	Zellweger Spectrum	C3658299
PEX14 gene	C1418475	ASSOCIATED_WITH		Peroxisome biogenesis disorders	C1832200
SMO gene	C1364142	ASSOCIATED_WITH		Osteoarthritis of hip	C0029410
PEX2 gene	C1419149	ASSOCIATED_WITH		Adrenoleukodystrophy, Neonatal	C0282525
PEX2 gene	C1419149	ASSOCIATED_WITH		Infantile Refsum Disease (disorder)	C0282527
PEX2 gene	C1419149	ASSOCIATED_WITH		Zellweger Syndrome	C0043459
PEX2 gene	C1419149	ASSOCIATED_WITH		Peroxisome biogenesis disorders	C1832200
PEX2 gene	C1419149	ASSOCIATED_WITH		PEROXISOME BIOGENESIS DISORDER, COMPLEMENTATION GROUP 10	C3553942
PEX2 gene	C1419149	ASSOCIATED_WITH	["21826223_fullText_27"]	Syndrome	C0039082
PEX2 gene	C1419149	ASSOCIATED_WITH	["8967760_fullText_3"]	Peroxisomal Disorders	C0282528
PEX2 gene	C1419149	DISRUPTS	["17393522_fullText_5"]	Steatohepatitis	C2711227
PEX2 gene	C1419149	ASSOCIATED_WITH__INFER__	["2576087_fullText_1"]	Pseudo-Zellweger syndrome	C1533628
PEX2 gene	C1419149	ASSOCIATED_WITH__INFER__	["10447258_fullText_8"]	Peroxisome Biogenesis Disorder, Complementation Group 1	C1865803
PEX2 gene	C1419149	ASSOCIATED_WITH__INFER__	["1639130_fullText_2","1994902_fullText_3"]	Adrenoleukodystrophy, Neonatal	C0282525
PEX6 gene	C1418478	CAUSES	["37567036_fullText_4"]	Peroxisomal Disorders	C0282528
PEX6 gene	C1418478	CAUSES	["25079577_fullText_7"]	Late-Onset Disorders	C0376415
PEX6 gene	C1418478	ASSOCIATED_WITH		Adrenoleukodystrophy, Neonatal	C0282525
PEX6 gene	C1418478	ASSOCIATED_WITH		Retinal Dystrophies	C0854723
PEX6 gene	C1418478	ASSOCIATED_WITH		Peroxisomal Disorders	C0282528
PEX6 gene	C1418478	ASSOCIATED_WITH		Infantile Refsum Disease (disorder)	C0282527
PEX6 gene	C1418478	ASSOCIATED_WITH		Sensorineural Hearing Loss (disorder)	C0018784
PEX6 gene	C1418478	ASSOCIATED_WITH		Deafness enamel hypoplasia nail defects	C1856186
PEX6 gene	C1418478	ASSOCIATED_WITH		Zellweger Syndrome	C0043459
PEX6 gene	C1418478	ASSOCIATED_WITH		Peroxisome biogenesis disorders	C1832200
PEX6 gene	C1418478	ASSOCIATED_WITH		Peroxisome Biogenesis Disorder, Complementation Group 4	C1832230
PEX6 gene	C1418478	ASSOCIATED_WITH	["36293220_fullText_60"]	Syndrome	C0039082
PEX3 gene	C1418477	ASSOCIATED_WITH		Infantile Refsum Disease (disorder)	C0282527
PEX3 gene	C1418477	ASSOCIATED_WITH		Adrenoleukodystrophy, Neonatal	C0282525
PEX3 gene	C1418477	ASSOCIATED_WITH		Peroxisomal Disorders	C0282528
PEX3 gene	C1418477	ASSOCIATED_WITH		Zellweger Syndrome	C0043459
PEX3 gene	C1418477	ASSOCIATED_WITH		Peroxisome biogenesis disorders	C1832200
PEX3 gene	C1418477	ASSOCIATED_WITH		Peroxisome Biogenesis Disorder, Complementation Group 12	C1864171
PEX16 gene	C1418476	ASSOCIATED_WITH		Zellweger Syndrome	C0043459
PEX16 gene	C1418476	ASSOCIATED_WITH		Peroxisome biogenesis disorders	C1832200
PEX16 gene	C1418476	ASSOCIATED_WITH		Peroxisome Biogenesis Disorder, Complementation Group 9	C1863998
SEC61A1 gene	C1425414	ASSOCIATED_WITH		Common Variable Immunodeficiency	C0009447
TMCO1 gene	C1823293	ASSOCIATED_WITH		Glaucoma, Open-Angle	C0017612
PEX19 gene	C1419147	ASSOCIATED_WITH		Peroxisome biogenesis disorders	C1832200
PEX19 gene	C1419147	ASSOCIATED_WITH		Zellweger Syndrome	C0043459
HNRNPA1 gene	C1415634	ASSOCIATED_WITH		Distal Muscular Dystrophies	C0751336
HNRNPA1 gene	C1415634	ASSOCIATED_WITH		Amyotrophic Lateral Sclerosis	C0002736
HSD17B4 gene	C1415740	ASSOCIATED_WITH		Infantile spasms	C0037769
HSD17B4 gene	C1415740	ASSOCIATED_WITH		Zellweger Syndrome	C0043459
HSD17B4 gene	C1415740	ASSOCIATED_WITH		Peroxisomal Disorders	C0282528
HSD17B4 gene	C1415740	ASSOCIATED_WITH		Gonadal dysgenesis XX type deafness	C0685838
ABCD1 gene	C1412084	ASSOCIATED_WITH		Hirschsprung Disease	C0019569
ABCD1 gene	C1412084	ASSOCIATED_WITH		Spastic Paraplegia	C0037772
ABCD1 gene	C1412084	ASSOCIATED_WITH		Addison Disease	C0001403
ABCD1 gene	C1412084	ASSOCIATED_WITH		Adrenomyeloneuropathy	C1527231
ABCD1 gene	C1412084	ASSOCIATED_WITH	["28456629_fullText_67"]	Adrenoleukodystrophy	C0162309
ABCD1 gene	C1412084	ASSOCIATED_WITH__INFER__	["32368833_fullText_18"]	Adrenoleukodystrophy	C0162309
PEX26 gene	C1427818	ASSOCIATED_WITH		Adrenoleukodystrophy, Neonatal	C0282525
PEX26 gene	C1427818	ASSOCIATED_WITH		Peroxisomal Disorders	C0282528
PEX26 gene	C1427818	ASSOCIATED_WITH		Infantile Refsum Disease (disorder)	C0282527
PEX26 gene	C1427818	ASSOCIATED_WITH		Zellweger Syndrome	C0043459
PEX26 gene	C1427818	ASSOCIATED_WITH		Peroxisome biogenesis disorders	C1832200
PEX26 gene	C1427818	ASSOCIATED_WITH		PEROXISOME BIOGENESIS DISORDER 7B	C3553951
PEX26 gene	C1427818	CAUSES	["30446579_fullText_8"]	Nonsyndromic Deafness	C3711374
PEX26 gene	C1427818	DISRUPTS	["30446579_fullText_50"]	Papillon-Lefevre Disease	C0030360
PEX26 gene	C1427818	ASSOCIATED_WITH	["30446579_fullText_46"]	Sensorineural Hearing Loss (disorder)	C0018784
PEX26 gene	C1427818	ASSOCIATED_WITH	["36293220_fullText_60"]	Syndrome	C0039082
PEX26 gene	C1427818	ASSOCIATED_WITH	["12851857_fullText_1"]	PEROXISOME BIOGENESIS DISORDER, COMPLEMENTATION GROUP 8	C3553950
PEX5 gene	C1419151	ASSOCIATED_WITH		Chondrodysplasia Punctata, Rhizomelic	C0282529
PEX5 gene	C1419151	ASSOCIATED_WITH		Zellweger Syndrome	C0043459
PEX5 gene	C1419151	ASSOCIATED_WITH		Peroxisome biogenesis disorders	C1832200
PEX5 gene	C1419151	ASSOCIATED_WITH		PEROXISOME BIOGENESIS DISORDER, COMPLEMENTATION GROUP 2	C3550274
HSD3B7 gene	C1425449	ASSOCIATED_WITH		Intrahepatic Cholestasis	C0008372
HSD3B7 gene	C1425449	ASSOCIATED_WITH		Cholestasis	C0008370
ABCD3 gene	C1412090	ASSOCIATED_WITH		Zellweger Syndrome	C0043459
PEX12 gene	C1418473	ASSOCIATED_WITH		Infantile Refsum Disease (disorder)	C0282527
PEX12 gene	C1418473	ASSOCIATED_WITH		Zellweger Syndrome	C0043459
PEX12 gene	C1418473	ASSOCIATED_WITH		Peroxisome biogenesis disorders	C1832200
PEX12 gene	C1418473	ASSOCIATED_WITH		Peroxisome Biogenesis Disorder, Complementation Group 3	C1866340
ACOX1 gene	C1412128	ASSOCIATED_WITH		Peroxisomal ACYL-COA oxidase deficiency	C1849678
GNPAT gene	C1415166	ASSOCIATED_WITH		Rhizomelic chondrodysplasia punctata, type 2	C1857242
GNPAT gene	C1415166	ASSOCIATED_WITH	["2183242_fullText_3"]	Chondrodysplasia Punctata, Rhizomelic	C0282529
UGCG gene	C1421319	ASSOCIATED_WITH		Influenza	C0021400
LARGE gene	C1416798	ASSOCIATED_WITH		Muscle eye brain disease	C0457133
LARGE gene	C1416798	ASSOCIATED_WITH		Fukuyama Type Congenital Muscular Dystrophy	C0410174
LARGE gene	C1416798	ASSOCIATED_WITH		alpha-Dystroglycanopathies	C2936406
LARGE gene	C1416798	ASSOCIATED_WITH		Walker-Warburg congenital muscular dystrophy	C0265221
LARGE gene	C1416798	ASSOCIATED_WITH		Muscular Dystrophy	C0026850
LARGE gene	C1416798	ASSOCIATED_WITH		Muscular Dystrophy, Congenital, Type 1D	C1837229
SRSF1 gene	C1419989	ASSOCIATED_WITH	["31721251_fullText_50"]	SPINOCEREBELLAR ATAXIA 31 (disorder)	C1861736
SRSF1 gene	C1419989	ASSOCIATED_WITH	["20443086_fullText_1"]	Myotonic Dystrophy	C0027126
PEX7 gene	C1418479	ASSOCIATED_WITH		Chondrodysplasia Punctata	C0008445
PEX7 gene	C1418479	ASSOCIATED_WITH		Peroxisomal Disorders	C0282528
PEX7 gene	C1418479	ASSOCIATED_WITH		Refsum Disease	C0034960
PEX7 gene	C1418479	ASSOCIATED_WITH		Peroxisome biogenesis disorders	C1832200
PEX7 gene	C1418479	ASSOCIATED_WITH		Chondrodysplasia Punctata, Rhizomelic	C0282529
PEX7 gene	C1418479	ASSOCIATED_WITH		Peroxisome Biogenesis Disorder, Complementation Group 11	C1866351
CPT2 gene	C1413690	ASSOCIATED_WITH		Encephalopathies	C0085584
CPT2 gene	C1413690	ASSOCIATED_WITH		Carnitine palmitoyl transferase 2 deficiency	C0342790
CPT2 gene	C1413690	ASSOCIATED_WITH		Myopathy	C0026848
PEX11B gene	C1418472	ASSOCIATED_WITH		Peroxisome biogenesis disorders	C1832200
DBP gene	C1413924	ASSOCIATED_WITH		Osteoporosis	C0029456
PAFAH1B1 gene	C1418245	ASSOCIATED_WITH		Pachygyria	C0266483
PAFAH1B1 gene	C1418245	ASSOCIATED_WITH		Miller Dieker syndrome	C0265219
PAFAH1B1 gene	C1418245	ASSOCIATED_WITH		Subcortical Band Heterotopia	C1848201
PAFAH1B1 gene	C1418245	ASSOCIATED_WITH		Classical Lissencephaly	C0431375
SCP2 gene	C1419874	ASSOCIATED_WITH		Dystonia Disorders	C0393593
SCP2 gene	C1419874	ASSOCIATED_WITH		Leukoencephalopathies	C0270612
ACAT1 gene	C1412111	ASSOCIATED_WITH		Kidney Failure, Chronic	C0022661
ACAT1 gene	C1412111	ASSOCIATED_WITH		Deficiency of acetyl-CoA acetyltransferase	C1536500
GALNS gene	C1414950	ASSOCIATED_WITH		Skeletal dysplasia	C0410528
GALNS gene	C1414950	ASSOCIATED_WITH		Mucopolysaccharidosis IV	C0026707
GALNS gene	C1414950	ASSOCIATED_WITH		Mucopolysaccharidosis, MPS-IV-A	C0086651
MVK gene	C1417508	ASSOCIATED_WITH		Methylmalonic acidemia	C0268583
MVK gene	C1417508	ASSOCIATED_WITH		Porokeratosis, Disseminated Superficial Actinic	C0265970
MVK gene	C1417508	ASSOCIATED_WITH		Deficiency of mevalonate kinase	C0342731
MVK gene	C1417508	ASSOCIATED_WITH		Mevalonic Aciduria	C1959626
MVK gene	C1417508	ASSOCIATED_WITH		Hyperimmunoglobulinemia D	C0398691
CAT gene	C1413138	ASSOCIATED_WITH		Angle Closure Glaucoma	C0017605
CAT gene	C1413138	ASSOCIATED_WITH		Turner Syndrome	C0041408
CAT gene	C1413138	ASSOCIATED_WITH		Hepatitis, Chronic	C0019189
CAT gene	C1413138	ASSOCIATED_WITH		Pulmonary Edema	C0034063
CAT gene	C1413138	ASSOCIATED_WITH		Hyaline Membrane Disease	C0020192
CAT gene	C1413138	ASSOCIATED_WITH		Keratosis	C0022593
CAT gene	C1413138	ASSOCIATED_WITH		Brain Ischemia	C0007786
CAT gene	C1413138	ASSOCIATED_WITH		Osteoporosis, Postmenopausal	C0029458
CAT gene	C1413138	ASSOCIATED_WITH		Optic Neuritis	C0029134
CAT gene	C1413138	ASSOCIATED_WITH		Acatalasia	C0268419
CAT gene	C1413138	ASSOCIATED_WITH		Diabetes Mellitus	C0011849
CAT gene	C1413138	ASSOCIATED_WITH		Diabetes Mellitus, Non-Insulin-Dependent	C0011860
CAT gene	C1413138	ASSOCIATED_WITH		Hypertensive disease	C0020538
CAT gene	C1413138	ASSOCIATED_WITH		Diabetes Mellitus, Insulin-Dependent	C0011854
CAT gene	C1413138	ASSOCIATED_WITH		Asthma	C0004096
CAT gene	C1413138	ASSOCIATED_WITH		Non-alcoholic Fatty Liver Disease	C0400966
CAT gene	C1413138	ASSOCIATED_WITH		Vitiligo	C0042900
CAT gene	C1413138	ASSOCIATED_WITH		Psoriasis	C0033860
CAT gene	C1413138	ASSOCIATED_WITH		Fatty Liver	C0015695
CAT gene	C1413138	ASSOCIATED_WITH		Lupus Erythematosus, Systemic	C0024141
CAT gene	C1413138	ASSOCIATED_WITH		Cardiomyopathies	C0878544
CAT gene	C1413138	ASSOCIATED_WITH		Kidney Failure, Chronic	C0022661
CAT gene	C1413138	ASSOCIATED_WITH		Gastric ulcer	C0038358
CAT gene	C1413138	ASSOCIATED_WITH		Hyperthyroidism	C0020550
CAT gene	C1413138	ASSOCIATED_WITH		Myocardial Infarction	C0027051
CAT gene	C1413138	ASSOCIATED_WITH		Pulmonary Fibrosis	C0034069
CAT gene	C1413138	ASSOCIATED_WITH		Cholestasis	C0008370
CAT gene	C1413138	ASSOCIATED_WITH		Heart failure	C0018801
CAT gene	C1413138	ASSOCIATED_WITH		Congestive heart failure	C0018802
CAT gene	C1413138	ASSOCIATED_WITH		Retinitis Pigmentosa	C0035334
CAT gene	C1413138	ASSOCIATED_WITH		Rheumatoid Arthritis	C0003873
CAT gene	C1413138	ASSOCIATED_WITH		Lung diseases	C0024115
CAT gene	C1413138	ASSOCIATED_WITH		Status Epilepticus	C0038220
CAT gene	C1413138	ASSOCIATED_WITH		Essential Hypertension	C0085580
CAT gene	C1413138	ASSOCIATED_WITH		Nonalcoholic Steatohepatitis	C3241937
CAT gene	C1413138	ASSOCIATED_WITH		Behcet Syndrome	C0004943
CAT gene	C1413138	ASSOCIATED_WITH		Diabetic Neuropathies	C0011882
DES gene	C1413980	ASSOCIATED_WITH		Scapuloperoneal Syndrome, Neurogenic, Kaeser Type	C1867005
DES gene	C1413980	ASSOCIATED_WITH		Muscular Dystrophies, Limb-Girdle	C0686353
DES gene	C1413980	ASSOCIATED_WITH		Nephrosis	C0027720
DES gene	C1413980	ASSOCIATED_WITH		Atrial Fibrillation	C0004238
DES gene	C1413980	ASSOCIATED_WITH		Arrhythmogenic Right Ventricular Dysplasia	C0349788
DES gene	C1413980	ASSOCIATED_WITH		Muscular Dystrophy	C0026850
DES gene	C1413980	ASSOCIATED_WITH		Myofibrillar Myopathy	C2678065
DES gene	C1413980	ASSOCIATED_WITH		Restrictive cardiomyopathy	C0007196
DES gene	C1413980	ASSOCIATED_WITH		Cardiomyopathy, Dilated	C0007193
ABCG1 gene	C1412096	ASSOCIATED_WITH		Kidney Failure, Chronic	C0022661
AMACR gene	C1412374	ASSOCIATED_WITH		Alpha-Methylacyl-CoA Racemase Deficiency	C3280428
FRRS1L gene	C1413032	ASSOCIATED_WITH		Early infantile epileptic encephalopathy with suppression bursts	C0393706
CCT3 gene	C1413195	CAUSES	["19306311_fullText_1"]	Neurodegenerative Disorders	C0524851
CNBP gene	C1824763	ASSOCIATED_WITH		Myotonic Disorders	C0553604
CNBP gene	C1824763	ASSOCIATED_WITH		Dystrophia myotonica 2	C2931689
Myotonic dystrophy gene	C1508293	ASSOCIATED_WITH	["15284213_fullText_1"]	Azoospermia	C0004509
CALD1 gene	C1413086	ASSOCIATED_WITH__INFER__	["26747623_fullText_8"]	Macrocephaly	C0221355
CLCN1 gene	C1413450	CAUSES	["27266866_fullText_52"]	Epilepsy	C0014544
CLCN1 gene	C1413450	CAUSES	["18008009_fullText_6"]	Myotonic Dystrophy	C0027126
CLCN1 gene	C1413450	ASSOCIATED_WITH		Myocardial Infarction	C0027051
CLCN1 gene	C1413450	ASSOCIATED_WITH		Hyperkalemic periodic paralysis	C0238357
CLCN1 gene	C1413450	ASSOCIATED_WITH		Myopathy	C0026848
CLCN1 gene	C1413450	ASSOCIATED_WITH		Myotonia Congenita	C0027127
CLCN1 gene	C1413450	ASSOCIATED_WITH		Generalized Myotonia of Thomsen	C2936781
CLCN1 gene	C1413450	ASSOCIATED_WITH		Becker Generalized Myotonia	C0751360
CLCN1 gene	C1413450	ASSOCIATED_WITH		Myotonia Levior	C0270959
MBNL3 gene	C1427004	CAUSES	["20709755_fullText_9"]	Myopathy	C0026848
MBNL3 gene	C1427004	CAUSES__SPEC__	["20709755_fullText_9"]	Myotonic Dystrophy	C0027126
MBNL3 gene	C1427004	ASSOCIATED_WITH	["26501102_fullText_141"]	IMMUNODEFICIENCY 13	C3809768
DMWD gene	C1414088	ASSOCIATED_WITH	["10852476_fullText_9"]	Myotonic Dystrophy	C0027126
CTNNB1 gene	C1332803	ASSOCIATED_WITH		Stevens-Johnson Syndrome	C0038325
CTNNB1 gene	C1332803	ASSOCIATED_WITH		Desmoid disease, hereditary	C1851124
CTNNB1 gene	C1332803	ASSOCIATED_WITH		Anus, Imperforate	C0003466
CTNNB1 gene	C1332803	ASSOCIATED_WITH		Left Ventricular Hypertrophy	C0149721
CTNNB1 gene	C1332803	ASSOCIATED_WITH		Liver Cirrhosis	C0023890
CTNNB1 gene	C1332803	ASSOCIATED_WITH		Myocardial Ischemia	C0151744
CTNNB1 gene	C1332803	ASSOCIATED_WITH		Cardiomyopathy, Dilated	C0007193
CTPS1 gene	C1413804	ASSOCIATED_WITH		IMMUNODEFICIENCY 24	C4014617
MAP2K2 gene	C1456385	ASSOCIATED_WITH		LEOPARD Syndrome	C0175704
MAP2K2 gene	C1456385	ASSOCIATED_WITH		Noonan Syndrome	C0028326
APOC2 gene	C1412477	ASSOCIATED_WITH		Multiple Sclerosis	C0026769
APOC2 gene	C1412477	ASSOCIATED_WITH		Hyperlipoproteinemias	C0020476
APOC2 gene	C1412477	ASSOCIATED_WITH		Hyperlipidemia	C0020473
APOC2 gene	C1412477	ASSOCIATED_WITH	["3762959_fullText_3"]	myotonic muscular dystrophy	C0242007
PEPD gene	C1418462	ASSOCIATED_WITH		Chronic skin ulcer	C0157738
PEPD gene	C1418462	ASSOCIATED_WITH		Diabetes Mellitus, Non-Insulin-Dependent	C0011860
PEPD gene	C1418462	ASSOCIATED_WITH		Deficiency of prolidase	C0268532
PEPD gene	C1418462	ASSOCIATED_WITH	["6881909_fullText_2"]	Myotonic Dystrophy	C0027126
MMD gene	C1417198	ASSOCIATED_WITH__INFER__	["8363445_fullText_4"]	Pelizaeus-Merzbacher Disease	C0205711
MMD gene	C1417198	ASSOCIATED_WITH__INFER__	["21642844_fullText_4","18226657_fullText_1"]	Muscular Dystrophy, Facioscapulohumeral	C0238288
CA3 gene	C1413044	ASSOCIATED_WITH		Obesity	C0028754
CA3 gene	C1413044	ASSOCIATED_WITH	["3084971_fullText_5"]	Myotonic Dystrophy	C0027126
LIPE gene	C1416868	ASSOCIATED_WITH		Familial partial lipodystrophy	C0271694
LIPE gene	C1416868	ASSOCIATED_WITH		Hypertensive disease	C0020538
GC gene	C1367452	ASSOCIATED_WITH		Rheumatic Fever	C0035436
GC gene	C1367452	ASSOCIATED_WITH		Uveitis	C0042164
GC gene	C1367452	ASSOCIATED_WITH		Arthritis	C0003864
GC gene	C1367452	ASSOCIATED_WITH		Hepatic Encephalopathy	C0019151
GC gene	C1367452	ASSOCIATED_WITH		Liver Cirrhosis	C0023890
GC gene	C1367452	ASSOCIATED_WITH		Liver Failure, Acute	C0162557
GC gene	C1367452	ASSOCIATED_WITH		Ulcerative Colitis	C0009324
GC gene	C1367452	ASSOCIATED_WITH		Rheumatoid Arthritis	C0003873
GC gene	C1367452	ASSOCIATED_WITH		HIV Infections	C0019693
GC gene	C1367452	ASSOCIATED_WITH		Graves Disease	C0018213
GC gene	C1367452	ASSOCIATED_WITH		Diabetes Mellitus, Insulin-Dependent	C0011854
GC gene	C1367452	ASSOCIATED_WITH		Chronic Obstructive Airway Disease	C0024117
GC gene	C1367452	ASSOCIATED_WITH		Multiple Sclerosis	C0026769
PTH1R gene	C1419073	ASSOCIATED_WITH		Rickets	C0035579
PTH1R gene	C1419073	ASSOCIATED_WITH		Pseudohypoparathyroidism	C0033806
PTH1R gene	C1419073	ASSOCIATED_WITH		Enchondromatosis	C0014084
PTH1R gene	C1419073	ASSOCIATED_WITH		Chondrodysplasia, blomstrand type	C1859148
PTH1R gene	C1419073	ASSOCIATED_WITH		Failure of Tooth Eruption, Primary	C1852222
MMEL1 gene	C1826261	ASSOCIATED_WITH		Primary biliary cirrhosis	C0008312
MMEL1 gene	C1826261	ASSOCIATED_WITH		Rheumatoid Arthritis	C0003873
C3 gene	C1332656	ASSOCIATED_WITH		Anemia, Sickle Cell	C0002895
C3 gene	C1332656	ASSOCIATED_WITH		Hemoglobinuria, Paroxysmal	C0019050
C3 gene	C1332656	ASSOCIATED_WITH		Henoch-Schoenlein Purpura	C0034152
C3 gene	C1332656	ASSOCIATED_WITH		Paroxysmal nocturnal hemoglobinuria	C0024790
C3 gene	C1332656	ASSOCIATED_WITH		Ulcerative Colitis	C0009324
C3 gene	C1332656	ASSOCIATED_WITH		Membranous glomerulonephritis	C0017665
C3 gene	C1332656	ASSOCIATED_WITH		Kidney Failure, Acute	C0022660
C3 gene	C1332656	ASSOCIATED_WITH		Exudative age-related macular degeneration	C0271084
C3 gene	C1332656	ASSOCIATED_WITH		Macular degeneration	C0024437
C3 gene	C1332656	ASSOCIATED_WITH		Diabetes Mellitus, Non-Insulin-Dependent	C0011860
C3 gene	C1332656	ASSOCIATED_WITH		Asthma	C0004096
C3 gene	C1332656	ASSOCIATED_WITH		Complement component 3 deficiency	C1332655
C3 gene	C1332656	ASSOCIATED_WITH		Alzheimer's Disease	C0002395
C3 gene	C1332656	ASSOCIATED_WITH		COVID-19 Virus Disease	C5203670
C3 gene	C1332656	ASSOCIATED_WITH		Lupus Nephritis	C0024143
C3 gene	C1332656	ASSOCIATED_WITH		Lupus Erythematosus, Systemic	C0024141
C3 gene	C1332656	ASSOCIATED_WITH		Atypical Hemolytic Uremic Syndrome	C2931788
C3 gene	C1332656	ASSOCIATED_WITH		COMPLEMENT COMPONENT 3 DEFICIENCY, AUTOSOMAL RECESSIVE	C3151071
XPR1 gene	C1421546	ASSOCIATED_WITH		Fahr's syndrome (disorder)	C0393590
GNRH1 gene	C1415169	ASSOCIATED_WITH		Male infertility	C0021364
GNRH1 gene	C1415169	ASSOCIATED_WITH		Sheehan Syndrome	C0242342
GNRH1 gene	C1415169	ASSOCIATED_WITH		Isolated gonadotropin deficiency	C0271577
GNRH1 gene	C1415169	ASSOCIATED_WITH		Pituitary dwarfism	C0013338
GNRH1 gene	C1415169	ASSOCIATED_WITH		Amenorrhea	C0002453
GNRH1 gene	C1415169	ASSOCIATED_WITH		Panhypopituitarism	C0242343
GNRH1 gene	C1415169	ASSOCIATED_WITH		Hypertensive disease	C0020538
GNRH1 gene	C1415169	ASSOCIATED_WITH		Hyperprolactinemia	C0020514
GNRH1 gene	C1415169	ASSOCIATED_WITH		Hypopituitarism	C0020635
GNRH1 gene	C1415169	ASSOCIATED_WITH		Precocious Puberty	C0034013
GNRH1 gene	C1415169	ASSOCIATED_WITH		Hypogonadism	C0020619
GNRH1 gene	C1415169	ASSOCIATED_WITH		Kallmann Syndrome	C0162809
GNRH1 gene	C1415169	ASSOCIATED_WITH		Hypogonadotropic hypogonadism	C0271623
LMBR1 gene	C1825862	ASSOCIATED_WITH		LAURIN-SANDROW SYNDROME	C1851100
LMBR1 gene	C1825862	ASSOCIATED_WITH		Syndactyly, Type IV	C1861355
Major Histocompatibility Complex	C0024518	AFFECTS	["7071816_fullText_6"]	Myotonic Dystrophy	C0027126
ADD1 gene	C1412230	ASSOCIATED_WITH		Hyperlipidemia, Familial Combined	C0020474
ADD1 gene	C1412230	ASSOCIATED_WITH		IGA Glomerulonephritis	C0017661
ADD1 gene	C1412230	ASSOCIATED_WITH		Gastroschisis	C0265706
ADD1 gene	C1412230	ASSOCIATED_WITH		Atherosclerosis	C0004153
ADD1 gene	C1412230	ASSOCIATED_WITH		Myocardial Infarction	C0027051
ADD1 gene	C1412230	ASSOCIATED_WITH		Essential Hypertension	C0085580
ADD1 gene	C1412230	ASSOCIATED_WITH		Hypertensive disease	C0020538
SPTAN1 gene	C1420386	ASSOCIATED_WITH		Epileptic encephalopathy	C0543888
SPTAN1 gene	C1420386	ASSOCIATED_WITH		Early infantile epileptic encephalopathy with suppression bursts	C0393706
SPTAN1 gene	C1420386	ASSOCIATED_WITH		Infantile spasms	C0037769
IKBKG gene	C1416380	ASSOCIATED_WITH		Nonalcoholic Steatohepatitis	C3241937
IKBKG gene	C1416380	ASSOCIATED_WITH		Bloch Sulzberger syndrome	C0021171
MFF gene	C1540223	ASSOCIATED_WITH		Myocardial Infarction	C0027051
MFF gene	C1540223	ASSOCIATED_WITH		Encephalopathies	C0085584
CELF1 gene	C1413824	CAUSES	["26169831_fullText_2"]	Male infertility	C0021364
CELF1 gene	C1413824	ASSOCIATED_WITH	["21439371_fullText_11"]	Dystrophia myotonica 1	C2931688
CELF1 gene	C1413824	ASSOCIATED_WITH	["22892953_fullText_3"]	Myotonic Dystrophy	C0027126
CELF1 gene	C1413824	ASSOCIATED_WITH	["33269537_fullText_10"]	Myopathy	C0026848
UCN gene	C1421312	ASSOCIATED_WITH		Hypertensive disease	C0020538
TRIM8 gene	C1423591	ASSOCIATED_WITH		Focal glomerulosclerosis	C0017668
BMI1 gene	C1826623	ASSOCIATED_WITH		Hirschsprung Disease	C0019569
CASQ1 gene	C1413134	ASSOCIATED_WITH		Vacuolar myopathy	C2931230
CASQ1 gene	C1413134	ASSOCIATED_WITH		Diabetes Mellitus, Non-Insulin-Dependent	C0011860
CASQ1 gene	C1413134	ASSOCIATED_WITH		Tubular Aggregate Myopathy	C0410207
CASQ1 gene	C1413134	ASSOCIATED_WITH		Myopathy	C0026848
LMNA gene	C1416877	ASSOCIATED_WITH		Polyneuropathy	C0152025
LMNA gene	C1416877	ASSOCIATED_WITH		Myocarditis	C0027059
LMNA gene	C1416877	ASSOCIATED_WITH		Hereditary liability to pressure palsies	C0393814
LMNA gene	C1416877	ASSOCIATED_WITH		Sick Sinus Syndrome	C0037052
LMNA gene	C1416877	ASSOCIATED_WITH		Familial Partial Lipodystrophy, Type 1	C1720859
LMNA gene	C1416877	ASSOCIATED_WITH		Familial Partial Lipodystrophy, Type 3	C1720861
LMNA gene	C1416877	ASSOCIATED_WITH		Long QT Syndrome	C0023976
LMNA gene	C1416877	ASSOCIATED_WITH		Left ventricular noncompaction	C1960469
LMNA gene	C1416877	ASSOCIATED_WITH		Peripheral Neuropathy	C0031117
LMNA gene	C1416877	ASSOCIATED_WITH		Autosomal Recessive Emery-Dreifuss Muscular Dystrophy	C1450051
LMNA gene	C1416877	ASSOCIATED_WITH		Heart Block	C0018794
LMNA gene	C1416877	ASSOCIATED_WITH		Werner Syndrome	C0043119
LMNA gene	C1416877	ASSOCIATED_WITH		Polycystic Ovary Syndrome	C0032460
LMNA gene	C1416877	ASSOCIATED_WITH		Tachycardia, Ventricular	C0042514
LMNA gene	C1416877	ASSOCIATED_WITH		Neuromuscular Diseases	C0027868
LMNA gene	C1416877	ASSOCIATED_WITH		Arrhythmogenic Right Ventricular Dysplasia	C0349788
LMNA gene	C1416877	ASSOCIATED_WITH		Hypertrophic Cardiomyopathy	C0007194
LMNA gene	C1416877	ASSOCIATED_WITH		Charcot-Marie-Tooth Disease	C0007959
LMNA gene	C1416877	ASSOCIATED_WITH		Lethal tight skin contracture syndrome (disorder)	C0406585
LMNA gene	C1416877	ASSOCIATED_WITH		Metabolic Diseases	C0025517
LMNA gene	C1416877	ASSOCIATED_WITH		Familial dilated cardiomyopathy	C0340427
LMNA gene	C1416877	ASSOCIATED_WITH		Diabetes Mellitus, Non-Insulin-Dependent	C0011860
LMNA gene	C1416877	ASSOCIATED_WITH		Muscular Dystrophies, Limb-Girdle	C0686353
LMNA gene	C1416877	ASSOCIATED_WITH		Atrioventricular Block	C0004245
LMNA gene	C1416877	ASSOCIATED_WITH		Muscular Dystrophy, Emery-Dreifuss	C0410189
LMNA gene	C1416877	ASSOCIATED_WITH		Muscular Dystrophy	C0026850
LMNA gene	C1416877	ASSOCIATED_WITH		Familial partial lipodystrophy	C0271694
LMNA gene	C1416877	ASSOCIATED_WITH		Familial Partial Lipodystrophy, Type 2	C1720860
LMNA gene	C1416877	ASSOCIATED_WITH		Lipodystrophy	C0023787
LMNA gene	C1416877	ASSOCIATED_WITH		Cardiomyopathies	C0878544
LMNA gene	C1416877	ASSOCIATED_WITH		Cardiomyopathy, Dilated	C0007193
LMNA gene	C1416877	ASSOCIATED_WITH		Najjar syndrome	C0796083
LMNA gene	C1416877	ASSOCIATED_WITH		Progeria	C0033300
LMNA gene	C1416877	ASSOCIATED_WITH		Cardiomyopathy, Familial Idiopathic	C1449563
SUN1 gene	C1425625	ASSOCIATED_WITH		Muscular Dystrophy, Emery-Dreifuss	C0410189
SYNE1 gene	C1424736	ASSOCIATED_WITH		Muscular Dystrophy	C0026850
SYNE1 gene	C1424736	ASSOCIATED_WITH		Spastic Ataxia	C1849156
SYNE1 gene	C1424736	ASSOCIATED_WITH		Cardiomyopathies	C0878544
SYNE1 gene	C1424736	ASSOCIATED_WITH		Muscular Dystrophy, Emery-Dreifuss	C0410189
SYNE1 gene	C1424736	ASSOCIATED_WITH		Cardiomyopathy, Dilated	C0007193
SYNE1 gene	C1424736	ASSOCIATED_WITH		Arthrogryposis multiplex congenita	C5779613
TPM4 gene	C1420875	ASSOCIATED_WITH		Blood Platelet Disorders	C0005818
TPM4 gene	C1420875	ASSOCIATED_WITH		Asbestosis	C0003949
TPM4 gene	C1420875	ASSOCIATED_WITH		Osteoporosis	C0029456
TPM4 gene	C1420875	ASSOCIATED_WITH		Acute Coronary Syndrome	C0948089
CYP2J2 gene	C1413880	ASSOCIATED_WITH		Myocardial Infarction	C0027051
CYP2J2 gene	C1413880	ASSOCIATED_WITH		Hypertensive disease	C0020538
ACTB gene	C1384510	ASSOCIATED_WITH		Sensorineural Hearing Loss (disorder)	C0018784
ACTB gene	C1384510	ASSOCIATED_WITH		Dystonia Disorders	C0393593
TPM1 gene	C1420872	ASSOCIATED_WITH		Hypertensive disease	C0020538
TPM1 gene	C1420872	ASSOCIATED_WITH		Left ventricular noncompaction	C1960469
TPM1 gene	C1420872	ASSOCIATED_WITH		Cardiomyopathies	C0878544
TPM1 gene	C1420872	ASSOCIATED_WITH		Hypertrophic Cardiomyopathy	C0007194
TPM1 gene	C1420872	ASSOCIATED_WITH		Cardiomyopathy, Hypertrophic, Familial	C0949658
TPM1 gene	C1420872	ASSOCIATED_WITH		Cardiomyopathy, Dilated	C0007193
NEBL gene	C1538053	ASSOCIATED_WITH		Atrial Fibrillation	C0004238
NEBL gene	C1538053	ASSOCIATED_WITH		Hypertrophic Cardiomyopathy	C0007194
NEBL gene	C1538053	ASSOCIATED_WITH		Cardiomyopathies	C0878544
NEBL gene	C1538053	ASSOCIATED_WITH		Cardiomyopathy, Dilated	C0007193
LDB3 gene	C1423674	ASSOCIATED_WITH		Neuromuscular Diseases	C0027868
LDB3 gene	C1423674	ASSOCIATED_WITH		Arrhythmogenic Right Ventricular Dysplasia	C0349788
LDB3 gene	C1423674	ASSOCIATED_WITH		Cardiomyopathy, Familial Idiopathic	C1449563
LDB3 gene	C1423674	ASSOCIATED_WITH		Hypertrophic Cardiomyopathy	C0007194
LDB3 gene	C1423674	ASSOCIATED_WITH		Distal Muscular Dystrophies	C0751336
LDB3 gene	C1423674	ASSOCIATED_WITH		Cardiomyopathies	C0878544
LDB3 gene	C1423674	ASSOCIATED_WITH		Myofibrillar Myopathy	C2678065
LDB3 gene	C1423674	ASSOCIATED_WITH		Cardiomyopathy, Dilated	C0007193
ADD3 gene	C1412232	ASSOCIATED_WITH		Cerebral Palsy	C0007789
ZNF9 gene	C1421847	ASSOCIATED_WITH	["19218442_fullText_3"]	Dystrophia myotonica 2	C2931689
SIX5 gene	C1420076	CAUSES	["27484195_fullText_64"]	Nuclear cataract	C0392557
SIX5 gene	C1420076	PREDISPOSES	["10802667_fullText_4"]	Myotonic Dystrophy	C0027126
SIX5 gene	C1420076	ASSOCIATED_WITH		Branchio-Oto-Renal Syndrome	C0265234
CNBP wt Allele	C3273677	ASSOCIATED_WITH__INFER__	["10680573_fullText_1"]	Multisystem disorder	C0559758
PYGM gene	C1419157	ASSOCIATED_WITH		Glycogen Storage Disease	C0017919
PYGM gene	C1419157	ASSOCIATED_WITH		Myopathy	C0026848
PYGM gene	C1419157	ASSOCIATED_WITH		Glycogen Storage Disease Type V	C0017924
APEX1 gene	C1332102	ASSOCIATED_WITH		Myocardial Infarction	C0027051
DLX4 gene	C1414078	ASSOCIATED_WITH	["27484195_fullText_49"]	Impaired glucose tolerance	C0271650
MLH1 wt Allele	C1704807	CAUSES	["8698331_fullText_6"]	Peroxisome Biogenesis Disorder, Complementation Group G	C1864172
EEF2 gene	C1414295	ASSOCIATED_WITH		SPINOCEREBELLAR ATAXIA 26	C1836395
ARSA gene	C1412553	ASSOCIATED_WITH		Congenital neurologic anomalies	C0497552
ARSA gene	C1412553	ASSOCIATED_WITH		Metachromatic leukodystrophy, juvenile type	C0751276
ARSA gene	C1412553	ASSOCIATED_WITH		Leukodystrophy, Metachromatic, Adult	C0751279
ARSA gene	C1412553	ASSOCIATED_WITH		Metachromatic Leukodystrophy, Infant	C0751278
ARSA gene	C1412553	ASSOCIATED_WITH		Leukodystrophy	C0023520
ARSA gene	C1412553	ASSOCIATED_WITH		Leukodystrophy, Metachromatic	C0023522
ARSA gene	C1412553	ASSOCIATED_WITH		Arylsulfatase A Deficiency	C2713319
CKM gene	C1413435	PREDISPOSES	["2703233_fullText_2"]	Myotonic Dystrophy	C0027126
MAN2B1 gene	C1416997	ASSOCIATED_WITH		alpha-Mannosidosis	C0024748
XRCC1 gene	C1366475	ASSOCIATED_WITH		Erectile dysfunction	C0242350
XRCC1 gene	C1366475	ASSOCIATED_WITH		Diabetic Retinopathy	C0011884
XRCC1 gene	C1366475	ASSOCIATED_WITH		Hepatitis A	C0019159
XRCC1 gene	C1366475	ASSOCIATED_WITH		Male infertility	C0021364
XRCC1 gene	C1366475	ASSOCIATED_WITH		Stomatitis	C0038362
XRCC1 gene	C1366475	ASSOCIATED_WITH		Coronary Arteriosclerosis	C0010054
XRCC1 gene	C1366475	ASSOCIATED_WITH		Hypertensive disease	C0020538
XRCC1 gene	C1366475	ASSOCIATED_WITH		Hepatitis B	C0019163
XRCC1 gene	C1366475	ASSOCIATED_WITH		Liver Cirrhosis	C0023890
XRCC1 gene	C1366475	ASSOCIATED_WITH		Diabetes Mellitus, Non-Insulin-Dependent	C0011860
ATP1A3 gene	C1412630	ASSOCIATED_WITH		Congestive heart failure	C0018802
ATP1A3 gene	C1412630	ASSOCIATED_WITH		Heart failure	C0018801
ATP1A3 gene	C1412630	ASSOCIATED_WITH		Dyskinetic syndrome	C0013384
ATP1A3 gene	C1412630	ASSOCIATED_WITH		Epileptic encephalopathy	C0543888
ATP1A3 gene	C1412630	ASSOCIATED_WITH		Parkinsonian Disorders	C0242422
ATP1A3 gene	C1412630	ASSOCIATED_WITH		Dystonia Disorders	C0393593
ATP1A3 gene	C1412630	ASSOCIATED_WITH		Epilepsy	C0014544
ERCC1 gene	C1333355	ASSOCIATED_WITH		Anemia	C0002871
ERCC1 gene	C1333355	ASSOCIATED_WITH		Azoospermia	C0004509
ERCC1 gene	C1333355	ASSOCIATED_WITH		Kidney Failure	C0035078
ERCC1 gene	C1333355	ASSOCIATED_WITH		Peripheral Neuropathy	C0031117
TNNT1 gene	C1420827	ASSOCIATED_WITH		Cardiomyopathies	C0878544
TNNT1 gene	C1420827	ASSOCIATED_WITH		Myopathy	C0026848
TNNT1 gene	C1420827	ASSOCIATED_WITH		Myopathies, Nemaline	C0206157
FTL gene	C1414852	ASSOCIATED_WITH		Degenerative disorder	C1285162
FTL gene	C1414852	ASSOCIATED_WITH		Obesity	C0028754
FTL gene	C1414852	ASSOCIATED_WITH		Neurodegenerative Disorders	C0524851
FTL gene	C1414852	ASSOCIATED_WITH		Neuroferritinopathy	C1853578
FTL gene	C1414852	ASSOCIATED_WITH		Hyperferritinemia, hereditary, with congenital cataracts	C1833213
LHCGR gene	C1416843	ASSOCIATED_WITH		46, XY Disorders of Sex Development	C2751824
LHCGR gene	C1416843	ASSOCIATED_WITH		Male infertility	C0021364
LHCGR gene	C1416843	ASSOCIATED_WITH		Primary hypogonadism	C0948896
LHCGR gene	C1416843	ASSOCIATED_WITH		Testotoxicosis	C1504412
KLK1 gene	C1416669	ASSOCIATED_WITH		Diabetic Nephropathy	C0011881
KLK1 gene	C1416669	ASSOCIATED_WITH		Diabetic Cardiomyopathies	C0853897
KLK1 gene	C1416669	ASSOCIATED_WITH		Cardiomyopathies	C0878544
KLK1 gene	C1416669	ASSOCIATED_WITH		Kidney Failure, Acute	C0022660
KLK1 gene	C1416669	ASSOCIATED_WITH		Kidney Failure, Chronic	C0022661
KLK1 gene	C1416669	ASSOCIATED_WITH		Myocardial Infarction	C0027051
KLK1 gene	C1416669	ASSOCIATED_WITH		Hypertensive disease	C0020538
RRAS gene	C1419756	ASSOCIATED_WITH		Noonan Syndrome	C0028326
TNFRSF10A gene	C1336643	ASSOCIATED_WITH		Macular degeneration	C0024437
APOC1 gene	C1412475	ASSOCIATED_WITH		Obesity	C0028754
APOC1 gene	C1412475	ASSOCIATED_WITH		Alzheimer's Disease	C0002395
HAL gene	C1415465	ASSOCIATED_WITH		Histidinemia	C0220992
OCA2 gene	C1417925	ASSOCIATED_WITH		Oculocutaneous albinism type 2	C0268495
MICU1 gene	C1413147	ASSOCIATED_WITH		Movement Disorders	C0026650
MICU1 gene	C1413147	ASSOCIATED_WITH		Myopathy	C0026848
MICU1 gene	C1413147	ASSOCIATED_WITH		Mitochondrial Diseases	C0751651
HRAS gene	C0079471	ASSOCIATED_WITH		Congenital arteriovenous malformation	C0003857
HRAS gene	C0079471	ASSOCIATED_WITH		Hepatitis, Autoimmune	C0241910
HRAS gene	C0079471	ASSOCIATED_WITH		Noonan Syndrome	C0028326
LIMCH1 gene	C2239652	ASSOCIATED_WITH	["36977593_fullText_7"]	Dystrophia myotonica 1	C2931688
SNRNP70 gene	C1420282	ASSOCIATED_WITH		Lupus Erythematosus, Systemic	C0024141
RPS19 gene	C1335641	ASSOCIATED_WITH		Diamond-Blackfan Anemia 1	C2676137
GPI gene	C1333690	ASSOCIATED_WITH		Hereditary spherocytosis	C0037889
GPI gene	C1333690	ASSOCIATED_WITH		Anemia, Hemolytic, Congenital	C0002881
GPI gene	C1333690	ASSOCIATED_WITH		Anemia, Hemolytic	C0002878
GPI gene	C1333690	ASSOCIATED_WITH		Anemia, Hemolytic, Congenital Nonspherocytic	C0002882
CAPN3 gene	C1413113	ASSOCIATED_WITH		MUSCULAR DYSTROPHY, LIMB-GIRDLE, TYPE 2B	C1850889
CAPN3 gene	C1413113	ASSOCIATED_WITH		Muscular Dystrophies, Limb-Girdle	C0686353
CAPN3 gene	C1413113	ASSOCIATED_WITH		Myopathy	C0026848
CAPN3 gene	C1413113	ASSOCIATED_WITH		Muscular Dystrophy	C0026850
CAPN3 gene	C1413113	ASSOCIATED_WITH		Limb-girdle muscular dystrophy type 2A	C1869123
FLNC gene	C1414637	ASSOCIATED_WITH		Familial dilated cardiomyopathy	C0340427
FLNC gene	C1414637	ASSOCIATED_WITH		Cardiomyopathy, Hypertrophic, Familial	C0949658
FLNC gene	C1414637	ASSOCIATED_WITH		Myopathies, Nemaline	C0206157
FLNC gene	C1414637	ASSOCIATED_WITH		Arrhythmogenic Right Ventricular Dysplasia	C0349788
FLNC gene	C1414637	ASSOCIATED_WITH		Hypertrophic Cardiomyopathy	C0007194
FLNC gene	C1414637	ASSOCIATED_WITH		Restrictive cardiomyopathy	C0007196
FLNC gene	C1414637	ASSOCIATED_WITH		Myofibrillar Myopathy	C2678065
FLNC gene	C1414637	ASSOCIATED_WITH		Cardiomyopathy, Dilated	C0007193
FLNC gene	C1414637	ASSOCIATED_WITH		Cardiomyopathies	C0878544
CSRP3 gene	C1413769	ASSOCIATED_WITH		Cardiomyopathy, Hypertrophic, Familial	C0949658
CSRP3 gene	C1413769	ASSOCIATED_WITH		Cardiomyopathies	C0878544
CSRP3 gene	C1413769	ASSOCIATED_WITH		Hypertrophic Cardiomyopathy	C0007194
CSRP3 gene	C1413769	ASSOCIATED_WITH		Cardiomyopathy, Dilated	C0007193
KIF1C gene	C1416632	ASSOCIATED_WITH		Spastic Ataxia	C1849156
KIF1C gene	C1416632	ASSOCIATED_WITH		Spastic Paraplegia, Hereditary	C0037773
TNFRSF12A gene	C1425348	ASSOCIATED_WITH		Myocardial Infarction	C0027051
TNFRSF12A gene	C1425348	ASSOCIATED_WITH		Kidney Failure, Acute	C0022660
MSH2 gene	C0879290	ASSOCIATED_WITH		Ovarian Cysts	C0029927
MSH2 gene	C0879290	ASSOCIATED_WITH		Colorectal cancer, hereditary nonpolyposis, type 1	C2936783
MSH2 gene	C0879290	ASSOCIATED_WITH		Lynch Syndrome	C4552100
MSH6 gene	C0879393	ASSOCIATED_WITH		Lynch Syndrome	C4552100
PMS2 gene	C0879391	ASSOCIATED_WITH		Lynch Syndrome	C4552100
ATM gene	C0919524	ASSOCIATED_WITH		Cardiomyopathy, Dilated	C0007193
ATM gene	C0919524	ASSOCIATED_WITH		Ataxia Telangiectasia	C0004135
ATM gene	C0919524	ASSOCIATED_WITH		Myocardial Infarction	C0027051
ATM gene	C0919524	ASSOCIATED_WITH		Immunologic Deficiency Syndromes	C0021051
ATM gene	C0919524	ASSOCIATED_WITH		Parkinson Disease	C0030567
ANO5 gene	C1428652	ASSOCIATED_WITH		Myopathy	C0026848
ANO5 gene	C1428652	ASSOCIATED_WITH		Muscular Dystrophies, Limb-Girdle	C0686353
ANO5 gene	C1428652	ASSOCIATED_WITH		Muscular Dystrophy	C0026850
ANO5 gene	C1428652	ASSOCIATED_WITH		MUSCULAR DYSTROPHY, LIMB-GIRDLE, TYPE 2L (disorder)	C1969785
ANO5 gene	C1428652	ASSOCIATED_WITH		Osteogenesis imperfecta, Levin type	C1833736
RBFOX2 gene	C1419304	ASSOCIATED_WITH		Congenital heart disease	C0152021
RBFOX2 gene	C1419304	ASSOCIATED_WITH		Hypoplastic Left Heart Syndrome	C0152101
RBFOX2 gene	C1419304	ASSOCIATED_WITH	["29789616_fullText_153"]	Myotonic Dystrophy	C0027126
RBFOX2 gene	C1419304	ASSOCIATED_WITH	["28698297_fullText_3"]	Myopathy	C0026848
RBFOX2 gene	C1419304	ASSOCIATED_WITH	["29789616_fullText_54"]	Dystrophia myotonica 2	C2931689
CELF2 gene	C1413825	ASSOCIATED_WITH	["21439371_fullText_11"]	Dystrophia myotonica 1	C2931688
DMRT3 gene	C1422263	ASSOCIATED_WITH		Ovarian Failure, Premature	C0085215
TNR gene	C1420832	ASSOCIATED_WITH		Parkinson Disease	C0030567
LRSAM1 gene	C1428449	ASSOCIATED_WITH		Hereditary Motor and Sensory Neuropathies	C0027888
LRSAM1 gene	C1428449	ASSOCIATED_WITH		Roussy-Levy Syndrome (disorder)	C0205713
LRSAM1 gene	C1428449	ASSOCIATED_WITH		Dejerine-Sottas Disease (disorder)	C0011195
LRSAM1 gene	C1428449	ASSOCIATED_WITH		Charcot-Marie-Tooth Disease	C0007959
RAD50 gene	C1419239	ASSOCIATED_WITH		Asthma	C0004096
CRYAB gene	C1439328	ASSOCIATED_WITH		CARDIOMYOPATHY, FAMILIAL RESTRICTIVE, 1 (disorder)	C1861861
CRYAB gene	C1439328	ASSOCIATED_WITH		Degenerative disorder	C1285162
CRYAB gene	C1439328	ASSOCIATED_WITH		Hypertrophic Cardiomyopathy	C0007194
CRYAB gene	C1439328	ASSOCIATED_WITH		Neurodegenerative Disorders	C0524851
CRYAB gene	C1439328	ASSOCIATED_WITH		Myofibrillar Myopathy	C2678065
CRYAB gene	C1439328	ASSOCIATED_WITH		Cardiomyopathy, Dilated	C0007193
CRYAB gene	C1439328	ASSOCIATED_WITH		Cardiomyopathies	C0878544
DYSF gene	C1414209	ASSOCIATED_WITH		Cardiomyopathy, Dilated	C0007193
DYSF gene	C1414209	ASSOCIATED_WITH		Myopathy	C0026848
DYSF gene	C1414209	ASSOCIATED_WITH		Dysferlinopathy	C2931687
DYSF gene	C1414209	ASSOCIATED_WITH		Muscular Dystrophy	C0026850
DYSF gene	C1414209	ASSOCIATED_WITH		MUSCULAR DYSTROPHY, LIMB-GIRDLE, TYPE 2B	C1850889
MYH7 gene	C1417542	ASSOCIATED_WITH		Familial cardiomyopathy	C0264789
MYH7 gene	C1417542	ASSOCIATED_WITH		Wolff-Parkinson-White Syndrome	C0043202
MYH7 gene	C1417542	ASSOCIATED_WITH		Coronary Stenosis	C0242231
MYH7 gene	C1417542	ASSOCIATED_WITH		Congenital heart disease	C0152021
MYH7 gene	C1417542	ASSOCIATED_WITH		Familial dilated cardiomyopathy	C0340427
MYH7 gene	C1417542	ASSOCIATED_WITH		Neuromuscular Diseases	C0027868
MYH7 gene	C1417542	ASSOCIATED_WITH		Myocarditis	C0027059
MYH7 gene	C1417542	ASSOCIATED_WITH		Long QT Syndrome	C0023976
MYH7 gene	C1417542	ASSOCIATED_WITH		Restrictive cardiomyopathy	C0007196
MYH7 gene	C1417542	ASSOCIATED_WITH		Hypoplastic Left Heart Syndrome	C0152101
MYH7 gene	C1417542	ASSOCIATED_WITH		Arrhythmogenic Right Ventricular Dysplasia	C0349788
MYH7 gene	C1417542	ASSOCIATED_WITH		Cardiomyopathy, Familial Idiopathic	C1449563
MYH7 gene	C1417542	ASSOCIATED_WITH		Myocardial Infarction	C0027051
MYH7 gene	C1417542	ASSOCIATED_WITH		Atrial Fibrillation	C0004238
MYH7 gene	C1417542	ASSOCIATED_WITH		Distal Muscular Dystrophies	C0751336
MYH7 gene	C1417542	ASSOCIATED_WITH		Cardiomyopathy, Familial Hypertrophic, 1 (disorder)	C3495498
MYH7 gene	C1417542	ASSOCIATED_WITH		Left ventricular noncompaction cardiomyopathy	C4021133
MYH7 gene	C1417542	ASSOCIATED_WITH		Left Ventricular Hypertrophy	C0149721
MYH7 gene	C1417542	ASSOCIATED_WITH		Left ventricular noncompaction	C1960469
MYH7 gene	C1417542	ASSOCIATED_WITH		Myopathy	C0026848
MYH7 gene	C1417542	ASSOCIATED_WITH		Cardiomyopathy, Hypertrophic, Familial	C0949658
MYH7 gene	C1417542	ASSOCIATED_WITH		Cardiomyopathies	C0878544
MYH7 gene	C1417542	ASSOCIATED_WITH		Cardiomyopathy, Dilated	C0007193
MYH7 gene	C1417542	ASSOCIATED_WITH		Hypertrophic Cardiomyopathy	C0007194
MYH7 gene	C1417542	ASSOCIATED_WITH		Distal Myopathy 1	C4552004
MYH7 gene	C1417542	ASSOCIATED_WITH		Scapuloperoneal Myopathy, MYH7-Related	C4759774
MYH7 gene	C1417542	ASSOCIATED_WITH		Asymmetric Septal Hypertrophy	C0205700
MSTN gene	C1333667	ASSOCIATED_WITH		Congestive heart failure	C0018802
MSTN gene	C1333667	ASSOCIATED_WITH		Heart failure	C0018801
GJA5 gene	C1415073	ASSOCIATED_WITH		Congenital heart disease	C0152021
GJA5 gene	C1415073	ASSOCIATED_WITH		Hypertensive disease	C0020538
GJA5 gene	C1415073	ASSOCIATED_WITH		Atrial Fibrillation	C0004238
RBM20 gene	C1428654	ASSOCIATED_WITH		Arrhythmogenic Right Ventricular Dysplasia	C0349788
RBM20 gene	C1428654	ASSOCIATED_WITH		Left ventricular noncompaction cardiomyopathy	C4021133
RBM20 gene	C1428654	ASSOCIATED_WITH		Cardiomyopathy, Familial Idiopathic	C1449563
RBM20 gene	C1428654	ASSOCIATED_WITH		Hypertrophic Cardiomyopathy	C0007194
RBM20 gene	C1428654	ASSOCIATED_WITH		Familial dilated cardiomyopathy	C0340427
RBM20 gene	C1428654	ASSOCIATED_WITH		Atrial Fibrillation	C0004238
RBM20 gene	C1428654	ASSOCIATED_WITH		Cardiomyopathies	C0878544
RBM20 gene	C1428654	ASSOCIATED_WITH		Cardiomyopathy, Dilated	C0007193
MESP2 gene	C1825969	ASSOCIATED_WITH		Jarcho-Levin syndrome	C0265343
CASR gene	C1413136	ASSOCIATED_WITH		Idiopathic generalized epilepsy	C0270850
CASR gene	C1413136	ASSOCIATED_WITH		Epilepsy, Generalized	C0014548
CASR gene	C1413136	ASSOCIATED_WITH		Hypoparathyroidism familial isolated	C1832648
CASR gene	C1413136	ASSOCIATED_WITH		Gitelman Syndrome	C0268450
CASR gene	C1413136	ASSOCIATED_WITH		Epilepsy	C0014544
CASR gene	C1413136	ASSOCIATED_WITH		Calcium Metabolism Disorders	C0006705
CASR gene	C1413136	ASSOCIATED_WITH		Bartter Disease	C0004775
CASR gene	C1413136	ASSOCIATED_WITH		Hypoparathyroidism	C0020626
CASR gene	C1413136	ASSOCIATED_WITH		Hypocalciuria	C0020599
CASR gene	C1413136	ASSOCIATED_WITH		Hyperparathyroidism, Secondary	C0020503
CASR gene	C1413136	ASSOCIATED_WITH		Hyperparathyroidism	C0020502
CASR gene	C1413136	ASSOCIATED_WITH		Hypercalcemia	C0020437
CASR gene	C1413136	ASSOCIATED_WITH		Hypocalciuric hypercalcemia, familial, type 1	C0342637
RBFOX1 gene	C1854634	ASSOCIATED_WITH		Epilepsy, Rolandic	C0376532
RBFOX1 gene	C1854634	ASSOCIATED_WITH		Idiopathic generalized epilepsy	C0270850
RBFOX1 gene	C1854634	ASSOCIATED_WITH	["29789616_fullText_153"]	Myotonic Dystrophy	C0027126
RBFOX1 gene	C1854634	ASSOCIATED_WITH	["29789616_fullText_54"]	Dystrophia myotonica 2	C2931689
RBFOX1 gene	C1854634	ASSOCIATED_WITH	["25630614_fullText_140"]	Epilepsy	C0014544
RBFOX1 gene	C1854634	DISRUPTS	["29789616_fullText_16","29789616_fullText_111"]	Muscular Atrophy	C0026846
CTNS gene	C1413803	ASSOCIATED_WITH		Nephropathic cystinosis	C2931187
CTNS gene	C1413803	ASSOCIATED_WITH		Cystinosis	C4316899
THRB gene	C0242988	ASSOCIATED_WITH		Atrial Fibrillation	C0004238
THRB gene	C0242988	ASSOCIATED_WITH		Generalized Thyroid Hormone Resistance	C4722330
THRB gene	C0242988	ASSOCIATED_WITH		Thyroid Hormone Resistance Syndrome	C2940786
THRB gene	C0242988	ASSOCIATED_WITH		THYROID HORMONE RESISTANCE, SELECTIVE PITUITARY	C1840364
MEF2A gene	C1417099	ASSOCIATED_WITH		Cardiomyopathy, Dilated	C0007193
FABP3 gene	C1333526	ASSOCIATED_WITH		Diabetes Mellitus, Non-Insulin-Dependent	C0011860
FABP3 gene	C1333526	ASSOCIATED_WITH		Hypertensive disease	C0020538
BCAP31 gene	C1424489	ASSOCIATED_WITH		Adrenoleukodystrophy	C0162309
BCAP31 gene	C1424489	ASSOCIATED_WITH		Sensorineural Hearing Loss (disorder)	C0018784
DICER1 gene	C1333218	ASSOCIATED_WITH		Endometriosis	C0014175
CFHR1 gene	C1538441	ASSOCIATED_WITH		IGA Glomerulonephritis	C0017661
CFHR1 gene	C1538441	ASSOCIATED_WITH		Atypical Hemolytic Uremic Syndrome	C2931788
RCAN1 gene	C1414160	ASSOCIATED_WITH		Huntington Disease	C0020179
RCAN1 gene	C1414160	ASSOCIATED_WITH		Down Syndrome	C0013080
RCAN1 gene	C1414160	ASSOCIATED_WITH		Alzheimer's Disease	C0002395
FGF21 gene	C1333538	ASSOCIATED_WITH		Vascular Diseases	C0042373
FGF21 gene	C1333538	ASSOCIATED_WITH		Fatty Liver, Alcoholic	C0015696
FGF21 gene	C1333538	ASSOCIATED_WITH		Hypertensive disease	C0020538
FGF21 gene	C1333538	ASSOCIATED_WITH		Diabetes Mellitus, Insulin-Dependent	C0011854
FGF21 gene	C1333538	ASSOCIATED_WITH		Nonalcoholic Steatohepatitis	C3241937
FGF21 gene	C1333538	ASSOCIATED_WITH		Fatty Liver	C0015695
FGF21 gene	C1333538	ASSOCIATED_WITH		Non-alcoholic Fatty Liver Disease	C0400966
FGF21 gene	C1333538	ASSOCIATED_WITH		Diabetes Mellitus, Non-Insulin-Dependent	C0011860
FGF21 gene	C1333538	ASSOCIATED_WITH		Obesity	C0028754
DDX3X gene	C1413962	ASSOCIATED_WITH		HIV Infections	C0019693
DDX3X gene	C1413962	ASSOCIATED_WITH		Epilepsy	C0014544
MSH3 gene	C0879392	ASSOCIATED_WITH		Lynch Syndrome	C4552100
CCND1 gene	C1413172	ASSOCIATED_WITH		Hyperparathyroidism	C0020502
CCND1 gene	C1413172	ASSOCIATED_WITH		Von Hippel-Lindau Syndrome	C0019562
CCND1 gene	C1413172	ASSOCIATED_WITH		Primary amyloidosis	C0268381
CDK4 gene	C0694873	ASSOCIATED_WITH		Obesity	C0028754
CDK4 gene	C0694873	ASSOCIATED_WITH		Diabetes Mellitus, Non-Insulin-Dependent	C0011860
TNFSF12 gene	C1420814	ASSOCIATED_WITH		Atrial Fibrillation	C0004238
TNFSF12 gene	C1420814	ASSOCIATED_WITH		Common Variable Immunodeficiency	C0009447
SETX gene	C1822695	ASSOCIATED_WITH		Spastic Paraplegia, Hereditary	C0037773
SETX gene	C1822695	ASSOCIATED_WITH		Frontotemporal dementia	C0338451
SETX gene	C1822695	ASSOCIATED_WITH		Charcot-Marie-Tooth Disease	C0007959
SETX gene	C1822695	ASSOCIATED_WITH		Atrophy of cerebellum	C0740279
SETX gene	C1822695	ASSOCIATED_WITH		Distal Spinal Muscular Atrophy	C0393541
SETX gene	C1822695	ASSOCIATED_WITH		Motor Neuron Disease	C0085084
SETX gene	C1822695	ASSOCIATED_WITH		Amyotrophic Lateral Sclerosis	C0002736
SETX gene	C1822695	ASSOCIATED_WITH		SPINOCEREBELLAR ATAXIA, AUTOSOMAL RECESSIVE 1	C1853761
ATP11A gene	C1422060	ASSOCIATED_WITH		Sensorineural hearing loss, bilateral	C0452138
ATP11A gene	C1422060	ASSOCIATED_WITH		COVID-19 Virus Disease	C5203670
ATP11A gene	C1422060	ASSOCIATED_WITH		Idiopathic Pulmonary Fibrosis	C1800706
PDLIM3 gene	C1427121	ASSOCIATED_WITH		Cardiomyopathy, Dilated	C0007193
SORBS1 gene	C1422760	ASSOCIATED_WITH		Diabetes Mellitus, Non-Insulin-Dependent	C0011860
SORBS1 gene	C1422760	ASSOCIATED_WITH		Obesity	C0028754
SPAG9 gene	C1422725	ASSOCIATED_WITH		Liver Cirrhosis	C0023890
MYOM1 gene	C1417576	ASSOCIATED_WITH		Cardiomyopathy, Dilated	C0007193
EMD gene	C1414386	ASSOCIATED_WITH		Cardiomyopathy, Familial Idiopathic	C1449563
EMD gene	C1414386	ASSOCIATED_WITH		Neuromuscular Diseases	C0027868
EMD gene	C1414386	ASSOCIATED_WITH		Myopathy	C0026848
EMD gene	C1414386	ASSOCIATED_WITH		Cardiomyopathy, Dilated	C0007193
EMD gene	C1414386	ASSOCIATED_WITH		Cardiomyopathies	C0878544
EMD gene	C1414386	ASSOCIATED_WITH		Muscular Dystrophy, Emery-Dreifuss	C0410189
KCND3 gene	C1416562	ASSOCIATED_WITH		Atrial Fibrillation	C0004238
KCND3 gene	C1416562	ASSOCIATED_WITH		Brugada Syndrome (disorder)	C1142166
DUX4 gene	C1414197	ASSOCIATED_WITH		Muscular Dystrophy, Facioscapulohumeral	C0238288
DDX5 gene	C1413963	ASSOCIATED_WITH	["22892953_fullText_3"]	Myotonic Dystrophy	C0027126
CBY1 gene	C1538626	ASSOCIATED_WITH		Familial aplasia of the vermis	C0431399
TCN2 gene	C1420653	ASSOCIATED_WITH		Pancytopenia	C0030312
TCN2 gene	C1420653	ASSOCIATED_WITH		Anemia, Megaloblastic	C0002888
ANXA2 gene	C1412420	ASSOCIATED_WITH		Avascular necrosis of bone	C0027543
ANXA2 gene	C1412420	ASSOCIATED_WITH		Osteoporosis	C0029456
MTTP gene	C1826328	ASSOCIATED_WITH		Hyperinsulinism	C0020459
MTTP gene	C1826328	ASSOCIATED_WITH		Hypertensive disease	C0020538
MTTP gene	C1826328	ASSOCIATED_WITH		Fatty Liver, Alcoholic	C0015696
MTTP gene	C1826328	ASSOCIATED_WITH		Hypercholesterolemia, Familial	C0020445
MTTP gene	C1826328	ASSOCIATED_WITH		Obesity	C0028754
MTTP gene	C1826328	ASSOCIATED_WITH		Fatty Liver	C0015695
MTTP gene	C1826328	ASSOCIATED_WITH		Nonalcoholic Steatohepatitis	C3241937
MTTP gene	C1826328	ASSOCIATED_WITH		Non-alcoholic Fatty Liver Disease	C0400966
MTTP gene	C1826328	ASSOCIATED_WITH		Abetalipoproteinemia	C0000744
CHMP2B gene	C1538456	ASSOCIATED_WITH		Pallidopontonigral degeneration	C0520716
CHMP2B gene	C1538456	ASSOCIATED_WITH		Frontotemporal dementia	C0338451
CHMP2B gene	C1538456	ASSOCIATED_WITH		Amyotrophic Lateral Sclerosis	C0002736
CHMP2B gene	C1538456	ASSOCIATED_WITH		FRONTOTEMPORAL DEMENTIA, CHROMOSOME 3-LINKED	C1833296
ALOX5AP gene	C1412362	ASSOCIATED_WITH		Brain Infarction	C0751955
ALOX5AP gene	C1412362	ASSOCIATED_WITH		Coronary heart disease	C0010068
ALOX5AP gene	C1412362	ASSOCIATED_WITH		Cerebral Infarction	C0007785
ALOX5AP gene	C1412362	ASSOCIATED_WITH		Coronary Arteriosclerosis	C0010054
ALOX5AP gene	C1412362	ASSOCIATED_WITH		Atherosclerosis	C0004153
ALOX5AP gene	C1412362	ASSOCIATED_WITH		Asthma	C0004096
ALOX5AP gene	C1412362	ASSOCIATED_WITH		Myocardial Infarction	C0027051
ALOX5AP gene	C1412362	ASSOCIATED_WITH		Cerebrovascular accident	C0038454
LIG1 gene	C1416851	ASSOCIATED_WITH		Immunologic Deficiency Syndromes	C0021051
MYH7B gene	C1423823	ASSOCIATED_WITH		Hypertrophic Cardiomyopathy	C0007194
MYH14 gene	C1427991	ASSOCIATED_WITH		Sensorineural hearing loss, bilateral	C0452138
MYH14 gene	C1427991	ASSOCIATED_WITH		Peripheral Neuropathy	C0031117
MYH14 gene	C1427991	ASSOCIATED_WITH		Nonsyndromic Deafness	C3711374
MYH14 gene	C1427991	ASSOCIATED_WITH		Sensorineural Hearing Loss (disorder)	C0018784
MYH14 gene	C1427991	ASSOCIATED_WITH		Cardiomyopathy, Dilated	C0007193
PTGER2 gene	C1419062	ASSOCIATED_WITH		Endometriosis	C0014175
KCNE2 gene	C1416565	ASSOCIATED_WITH		Congenital long QT syndrome	C1141890
KCNE2 gene	C1416565	ASSOCIATED_WITH		Ventricular Fibrillation	C0042510
KCNE2 gene	C1416565	ASSOCIATED_WITH		Cardiomyopathy, Dilated	C0007193
KCNE2 gene	C1416565	ASSOCIATED_WITH		Coronary Arteriosclerosis	C0010054
KCNE2 gene	C1416565	ASSOCIATED_WITH		Atrial Fibrillation	C0004238
KCNE2 gene	C1416565	ASSOCIATED_WITH		Long QT Syndrome	C0023976
MSR1 gene	C1417374	ASSOCIATED_WITH		Barrett Esophagus	C0004763
LMNB1 gene	C1334345	ASSOCIATED_WITH		Adult onset autosomal dominant leukodystrophy	C3164344
HSPA9 gene	C1825549	ASSOCIATED_WITH		Parkinson Disease	C0030567
TNNT3 gene	C1420829	ASSOCIATED_WITH		Arthrogryposis multiplex congenita	C5779613
TNNT3 gene	C1420829	ASSOCIATED_WITH		Myopathies, Nemaline	C0206157
TNNT3 gene	C1420829	ASSOCIATED_WITH		Distal arthrogryposis syndrome	C0265213
RPS6KB1 gene	C1419748	ASSOCIATED_WITH		Hypertrophic Cardiomyopathy	C0007194
RPS6KB1 gene	C1419748	ASSOCIATED_WITH		Left Ventricular Hypertrophy	C0149721
MTM1 gene	C1417434	ASSOCIATED_WITH		Neonatal Hypotonia	C2267233
MTM1 gene	C1417434	ASSOCIATED_WITH		Centronuclear myopathy	C0175709
MTM1 gene	C1417434	ASSOCIATED_WITH		Myopathy	C0026848
MTM1 gene	C1417434	ASSOCIATED_WITH		Congenital Structural Myopathy	C0752282
GJB1 gene	C1415076	ASSOCIATED_WITH		Roussy-Levy Syndrome (disorder)	C0205713
GJB1 gene	C1415076	ASSOCIATED_WITH		Sensory neuropathy	C0151313
GJB1 gene	C1415076	ASSOCIATED_WITH		Dejerine-Sottas Disease (disorder)	C0011195
GJB1 gene	C1415076	ASSOCIATED_WITH		Hereditary Motor and Sensory Neuropathies	C0027888
GJB1 gene	C1415076	ASSOCIATED_WITH		Peripheral Neuropathy	C0031117
GJB1 gene	C1415076	ASSOCIATED_WITH		Charcot-Marie-Tooth Disease	C0007959
GJB1 gene	C1415076	ASSOCIATED_WITH		Charcot-Marie-Tooth disease, X-linked, 1	C0393808
HSPB6 gene	C1537388	ASSOCIATED_WITH		Heart Diseases	C0018799
TPM3 gene	C1420874	ASSOCIATED_WITH		Cap Myopathy	C3710589
TPM3 gene	C1420874	ASSOCIATED_WITH		Myopathy	C0026848
TPM3 gene	C1420874	ASSOCIATED_WITH		Myopathies, Nemaline	C0206157
DHCR7 gene	C1414040	ASSOCIATED_WITH		Smith-Lemli-Opitz Syndrome	C0175694
SEPN1 gene	C1423899	ASSOCIATED_WITH		Muscular Dystrophy	C0026850
SEPN1 gene	C1423899	ASSOCIATED_WITH		Eichsfeld type congenital muscular dystrophy	C0410180
PAX2 gene	C1418274	ASSOCIATED_WITH		Renal cysts and diabetes syndrome	C0431693
PAX2 gene	C1418274	ASSOCIATED_WITH		Steroid-resistant nephrotic syndrome	C0403397
PAX2 gene	C1418274	ASSOCIATED_WITH		Endometriosis	C0014175
PAX2 gene	C1418274	ASSOCIATED_WITH		Nephrotic Syndrome	C0027726
PAX2 gene	C1418274	ASSOCIATED_WITH		Kidney Failure, Chronic	C0022661
PAX2 gene	C1418274	ASSOCIATED_WITH		Renal cyst	C3887499
PAX2 gene	C1418274	ASSOCIATED_WITH		Focal glomerulosclerosis	C0017668
IGF2 gene	C1334091	ASSOCIATED_WITH		Lewy Body Disease	C0752347
IGF2 gene	C1334091	ASSOCIATED_WITH		HEMIHYPERPLASIA, ISOLATED	C1856184
IGF2 gene	C1334091	ASSOCIATED_WITH		Anemia	C0002871
IGF2 gene	C1334091	ASSOCIATED_WITH		Rheumatoid Arthritis	C0003873
IGF2 gene	C1334091	ASSOCIATED_WITH		Atherosclerosis	C0004153
IGF2 gene	C1334091	ASSOCIATED_WITH		Obesity	C0028754
IGF2 gene	C1334091	ASSOCIATED_WITH		Parkinson Disease	C0030567
IGF2 gene	C1334091	ASSOCIATED_WITH		Alzheimer's Disease	C0002395
IGF2 gene	C1334091	ASSOCIATED_WITH		Beckwith-Wiedemann Syndrome	C0004903
IGF2 gene	C1334091	ASSOCIATED_WITH		Hypoglycemia	C0020615
GLE1 gene	C1415101	ASSOCIATED_WITH		Amyotrophic Lateral Sclerosis	C0002736
GLE1 gene	C1415101	ASSOCIATED_WITH		LETHAL CONGENITAL CONTRACTURE SYNDROME 1	C1854664
POMT1 gene	C1418752	ASSOCIATED_WITH		Cardiomyopathies	C0878544
POMT1 gene	C1418752	ASSOCIATED_WITH		Pachygyria	C0266483
POMT1 gene	C1418752	ASSOCIATED_WITH		Muscular Dystrophy-Dystroglycanopathy (Congenital with Brain and Eye Anomalies) Type A, 1	C4284790
POMT1 gene	C1418752	ASSOCIATED_WITH		Fukuyama Type Congenital Muscular Dystrophy	C0410174
POMT1 gene	C1418752	ASSOCIATED_WITH		Muscle eye brain disease	C0457133
POMT1 gene	C1418752	ASSOCIATED_WITH		alpha-Dystroglycanopathies	C2936406
POMT1 gene	C1418752	ASSOCIATED_WITH		Muscular Dystrophy	C0026850
POMT1 gene	C1418752	ASSOCIATED_WITH		MUSCULAR DYSTROPHY, LIMB-GIRDLE, TYPE 2K	C1836373
POMT1 gene	C1418752	ASSOCIATED_WITH	["18640039_fullText_5"]	Walker-Warburg congenital muscular dystrophy	C0265221
POMGNT1 gene	C1826644	ASSOCIATED_WITH		Congenital neurologic anomalies	C0497552
POMGNT1 gene	C1826644	ASSOCIATED_WITH		Pachygyria	C0266483
POMGNT1 gene	C1826644	ASSOCIATED_WITH		Hydrocephalus	C0020255
POMGNT1 gene	C1826644	ASSOCIATED_WITH		Muscular Dystrophy-Dystroglycanopathy (Congenital with Brain and Eye Anomalies) Type A, 1	C4284790
POMGNT1 gene	C1826644	ASSOCIATED_WITH		MUSCULAR DYSTROPHY, LIMB-GIRDLE, TYPE 2K	C1836373
POMGNT1 gene	C1826644	ASSOCIATED_WITH		Retinitis Pigmentosa	C0035334
POMGNT1 gene	C1826644	ASSOCIATED_WITH		Fukuyama Type Congenital Muscular Dystrophy	C0410174
POMGNT1 gene	C1826644	ASSOCIATED_WITH		alpha-Dystroglycanopathies	C2936406
POMGNT1 gene	C1826644	ASSOCIATED_WITH		Walker-Warburg congenital muscular dystrophy	C0265221
POMGNT1 gene	C1826644	ASSOCIATED_WITH		Muscle eye brain disease	C0457133
POMGNT1 gene	C1826644	ASSOCIATED_WITH	["15833424_fullText_1"]	Muscular Dystrophy	C0026850
HSPG2 gene	C1415793	ASSOCIATED_WITH		Atrial Fibrillation	C0004238
HSPG2 gene	C1415793	ASSOCIATED_WITH		Osteochondrodysplasias	C0029422
HSPG2 gene	C1415793	ASSOCIATED_WITH		Myotonic Disorders	C0553604
HSPG2 gene	C1415793	ASSOCIATED_WITH		Schwartz-Jampel Syndrome, Type 1	C4551479
HSPG2 gene	C1415793	ASSOCIATED_WITH		Schwartz-Jampel Syndrome	C0036391
DTNA gene	C1414176	ASSOCIATED_WITH		Congenital heart disease	C0152021
DTNA gene	C1414176	ASSOCIATED_WITH		Cardiomyopathies	C0878544
DTNA gene	C1414176	ASSOCIATED_WITH		Left ventricular noncompaction cardiomyopathy	C4021133
DTNA gene	C1414176	ASSOCIATED_WITH		Hypertrophic Cardiomyopathy	C0007194
DTNA gene	C1414176	ASSOCIATED_WITH		Meniere Disease	C0025281
DTNA gene	C1414176	ASSOCIATED_WITH		Left ventricular noncompaction	C1960469
NKX2-5 gene	C1413784	ASSOCIATED_WITH		Hypertrophic Cardiomyopathy	C0007194
NKX2-5 gene	C1413784	ASSOCIATED_WITH		Hereditary bundle branch system defect	C1879286
NKX2-5 gene	C1413784	ASSOCIATED_WITH		Cerebrovascular accident	C0038454
NKX2-5 gene	C1413784	ASSOCIATED_WITH		Cardiomyopathy, Dilated	C0007193
NKX2-5 gene	C1413784	ASSOCIATED_WITH		Hypoplastic Left Heart Syndrome	C0152101
NKX2-5 gene	C1413784	ASSOCIATED_WITH		Atrial Fibrillation	C0004238
NKX2-5 gene	C1413784	ASSOCIATED_WITH		Atrioventricular Block	C0004245
NKX2-5 gene	C1413784	ASSOCIATED_WITH		Congenital Hypothyroidism	C0010308
NKX2-5 gene	C1413784	ASSOCIATED_WITH		Congenital heart disease	C0152021
NKX2-5 gene	C1413784	ASSOCIATED_WITH		CONOTRUNCAL ANOMALY FACE SYNDROME	C0795907
CEBPB gene	C1413323	ASSOCIATED_WITH		Pulmonary Fibrosis	C0034069
F8 gene	C1366370	ASSOCIATED_WITH		COVID-19 Virus Disease	C5203670
F8 gene	C1366370	ASSOCIATED_WITH		Thrombophilia	C0398623
F8 gene	C1366370	ASSOCIATED_WITH		Hemophilia A	C0019069
JPH3 gene	C1422484	ASSOCIATED_WITH		Huntington Disease	C0020179
JPH3 gene	C1422484	ASSOCIATED_WITH		HUNTINGTON DISEASE-LIKE 2	C1847987
TSC2 gene	C0694895	ASSOCIATED_WITH		Congenital neurologic anomalies	C0497552
TSC2 gene	C0694895	ASSOCIATED_WITH		POLYCYSTIC KIDNEY DISEASE 1	C3149841
TSC2 gene	C0694895	ASSOCIATED_WITH		Infantile spasms	C0037769
TSC2 gene	C0694895	ASSOCIATED_WITH		Epilepsy	C0014544
AP2M1 gene	C1412444	ASSOCIATED_WITH		Myoclonic Astatic Epilepsy	C0393702
SP1 gene	C1335858	ASSOCIATED_WITH		Hyperglycemia	C0020456
CTNNBL1 gene	C1423800	ASSOCIATED_WITH		Common Variable Immunodeficiency	C0009447
TNFRSF1B gene	C1363982	ASSOCIATED_WITH		Lupus Nephritis	C0024143
TNFRSF1B gene	C1363982	ASSOCIATED_WITH		Non-alcoholic Fatty Liver Disease	C0400966
TNFRSF1B gene	C1363982	ASSOCIATED_WITH		Pneumonia	C0032285
TNFRSF1B gene	C1363982	ASSOCIATED_WITH		Parkinsonian Disorders	C0242422
TNFRSF1B gene	C1363982	ASSOCIATED_WITH		Acne	C0702166
TNFRSF1B gene	C1363982	ASSOCIATED_WITH		IGA Glomerulonephritis	C0017661
TNFRSF1B gene	C1363982	ASSOCIATED_WITH		Respiratory Distress Syndrome, Adult	C0035222
TNFRSF1B gene	C1363982	ASSOCIATED_WITH		Osteoporosis	C0029456
TNFRSF1B gene	C1363982	ASSOCIATED_WITH		Congestive heart failure	C0018802
TNFRSF1B gene	C1363982	ASSOCIATED_WITH		Ankylosing spondylitis	C0038013
TNFRSF1B gene	C1363982	ASSOCIATED_WITH		Endometriosis	C0014175
TNFRSF1B gene	C1363982	ASSOCIATED_WITH		Heart failure	C0018801
TNFRSF1B gene	C1363982	ASSOCIATED_WITH		Diabetes Mellitus, Non-Insulin-Dependent	C0011860
TNFRSF1B gene	C1363982	ASSOCIATED_WITH		Obesity	C0028754
CHAT gene	C1413376	ASSOCIATED_WITH		Congenital Myasthenic Syndromes, Presynaptic	C0751884
CHAT gene	C1413376	ASSOCIATED_WITH		Angle Closure Glaucoma	C0017605
CHAT gene	C1413376	ASSOCIATED_WITH		Myasthenic Syndromes, Congenital	C0751882
CHAT gene	C1413376	ASSOCIATED_WITH		Familial infantile myasthenia	C0393929
CHAT gene	C1413376	ASSOCIATED_WITH		Alzheimer's Disease	C0002395
CHAT gene	C1413376	CAUSES	["26789281_fullText_1"]	Myasthenic Syndromes, Congenital	C0751882
BCL2A1 gene	C1412761	ASSOCIATED_WITH		Rheumatoid Arthritis	C0003873
MUSK gene	C1367702	ASSOCIATED_WITH		Myasthenic Syndromes, Congenital	C0751882
MUSK gene	C1367702	ASSOCIATED_WITH		Myasthenia Gravis	C0026896
MUSK gene	C1367702	ASSOCIATED_WITH		Pena-Shokeir syndrome type I	C1276035
SLC3A1 gene	C1420191	ASSOCIATED_WITH		Hypotonia-Cystinuria Syndrome	C1848030
SLC3A1 gene	C1420191	ASSOCIATED_WITH		Nephrolithiasis	C0392525
SLC3A1 gene	C1420191	ASSOCIATED_WITH		Cystinuria	C0010691
SLC3A1 gene	C1420191	ASSOCIATED_WITH		Cystinuria, Type A	C1857388
LAMB1 gene	C1416780	ASSOCIATED_WITH		Pulmonary Fibrosis	C0034069
LAMB1 gene	C1416780	ASSOCIATED_WITH		Ulcerative Colitis	C0009324
CORIN gene	C1539125	ASSOCIATED_WITH		Cardiomyopathies	C0878544
CORIN gene	C1539125	ASSOCIATED_WITH		Atrial Fibrillation	C0004238
CORIN gene	C1539125	ASSOCIATED_WITH		Hypertensive disease	C0020538
KALRN gene	C1537432	ASSOCIATED_WITH		Coronary Arteriosclerosis	C0010054
GPNMB gene	C1415205	ASSOCIATED_WITH		Kidney Failure, Acute	C0022660
GPNMB gene	C1415205	ASSOCIATED_WITH__INFER__	["37453187_fullText_7"]	Anterior segment mesenchymal dysgenesis	C1862839
GPNMB gene	C1415205	ASSOCIATED_WITH	["37453187_fullText_8"]	Anterior segment mesenchymal dysgenesis	C1862839
CACNB2 gene	C1413068	ASSOCIATED_WITH		Short Qt Syndrome	C2348199
CACNB2 gene	C1413068	ASSOCIATED_WITH		Hypertrophic Cardiomyopathy	C0007194
CACNB2 gene	C1413068	ASSOCIATED_WITH		Brugada Syndrome (disorder)	C1142166
CACNB2 gene	C1413068	ASSOCIATED_WITH		Hypertensive disease	C0020538
DNM2 gene	C1414120	ASSOCIATED_WITH		Peripheral Neuropathy	C0031117
DNM2 gene	C1414120	ASSOCIATED_WITH		Congenital Structural Myopathy	C0752282
DNM2 gene	C1414120	ASSOCIATED_WITH		Myopathy, Centronuclear, 1	C4551952
DNM2 gene	C1414120	ASSOCIATED_WITH		Myopathy	C0026848
DNM2 gene	C1414120	ASSOCIATED_WITH		Charcot-Marie-Tooth Disease	C0007959
DNM2 gene	C1414120	ASSOCIATED_WITH		Centronuclear myopathy	C0175709
DNM2 gene	C1414120	ASSOCIATED_WITH		Myopathy, Centronuclear, Autosomal Dominant	C1834558
PURA gene	C1335290	ASSOCIATED_WITH		Neonatal Hypotonia	C2267233
PURA gene	C1335290	ASSOCIATED_WITH		Epilepsy	C0014544
COL4A4 gene	C1413585	ASSOCIATED_WITH		Glomerulonephritis	C0017658
COL4A4 gene	C1413585	ASSOCIATED_WITH		Hypertensive disease	C0020538
COL4A4 gene	C1413585	ASSOCIATED_WITH		Myopia	C0027092
COL4A4 gene	C1413585	ASSOCIATED_WITH		Chronic Kidney Diseases	C1561643
COL4A4 gene	C1413585	ASSOCIATED_WITH		Nephrotic Syndrome	C0027726
COL4A4 gene	C1413585	ASSOCIATED_WITH		Focal glomerulosclerosis	C0017668
COL4A4 gene	C1413585	ASSOCIATED_WITH		Alport Syndrome, Autosomal Dominant	C1567743
COL4A4 gene	C1413585	ASSOCIATED_WITH		Kidney Failure, Chronic	C0022661
COL4A4 gene	C1413585	ASSOCIATED_WITH		Chronic kidney disease stage 5	C2316810
COL4A4 gene	C1413585	ASSOCIATED_WITH		Kidney Diseases	C0022658
COL4A4 gene	C1413585	ASSOCIATED_WITH		Alport Syndrome	C1567741
COL4A4 gene	C1413585	ASSOCIATED_WITH		Alport Syndrome, Autosomal Recessive	C1567744
COL4A5 gene	C1413586	ASSOCIATED_WITH		Steroid-resistant nephrotic syndrome	C0403397
COL4A5 gene	C1413586	ASSOCIATED_WITH		Atypical Hemolytic Uremic Syndrome	C2931788
COL4A5 gene	C1413586	ASSOCIATED_WITH		Hypertensive disease	C0020538
COL4A5 gene	C1413586	ASSOCIATED_WITH		Nephrotic Syndrome	C0027726
COL4A5 gene	C1413586	ASSOCIATED_WITH		Chronic Kidney Diseases	C1561643
COL4A5 gene	C1413586	ASSOCIATED_WITH		Focal glomerulosclerosis	C0017668
COL4A5 gene	C1413586	ASSOCIATED_WITH		Renal glomerular disease	C0268731
COL4A5 gene	C1413586	ASSOCIATED_WITH		Kidney Diseases	C0022658
COL4A5 gene	C1413586	ASSOCIATED_WITH		Hereditary nephritis	C0027706
COL4A5 gene	C1413586	ASSOCIATED_WITH		Alport Syndrome	C1567741
COL4A5 gene	C1413586	ASSOCIATED_WITH		Alport Syndrome, X-Linked	C1567742
SQSTM1 gene	C1420393	ASSOCIATED_WITH		NONAKA MYOPATHY	C1853926
SQSTM1 gene	C1420393	ASSOCIATED_WITH		Amyotrophic Lateral Sclerosis	C0002736
SQSTM1 gene	C1420393	ASSOCIATED_WITH		Osteitis Deformans	C0029401
PRKG1 gene	C1418929	ASSOCIATED_WITH		Aortic Aneurysm, Thoracic	C0162872
PRKG1 gene	C1418929	ASSOCIATED_WITH		Pulmonary Hypertension	C0020542
TEK gene	C1336602	ASSOCIATED_WITH		Hydrophthalmos	C0020302
TDP1 gene	C1425854	ASSOCIATED_WITH		SPINOCEREBELLAR ATAXIA, AUTOSOMAL RECESSIVE, WITH AXONAL NEUROPATHY 1	C4759870
TDP2 gene	C1425071	ASSOCIATED_WITH		Ataxia, Spinocerebellar	C0087012
APTX gene	C1423885	ASSOCIATED_WITH		SPINOCEREBELLAR ATAXIA, AUTOSOMAL RECESSIVE 1	C1853761
APTX gene	C1423885	ASSOCIATED_WITH	["25633985_fullText_67"]	nervous system disorder	C0027765
RHO gene	C1419385	ASSOCIATED_WITH		Cone-Rod Dystrophies	C4085590
RHO gene	C1419385	ASSOCIATED_WITH		Rod-Cone Dystrophy	C4551714
RHO gene	C1419385	ASSOCIATED_WITH		Retinitis Pigmentosa 4	C3151001
RHO gene	C1419385	ASSOCIATED_WITH		RETINITIS PIGMENTOSA 1	C0220701
RHO gene	C1419385	ASSOCIATED_WITH		Retinal Dystrophies	C0854723
RHO gene	C1419385	ASSOCIATED_WITH		Oguchi disease	C1306122
RHO gene	C1419385	ASSOCIATED_WITH		Night Blindness	C0028077
RHO gene	C1419385	ASSOCIATED_WITH		Retinal Degeneration	C0035304
RHO gene	C1419385	ASSOCIATED_WITH		Retinitis Pigmentosa	C0035334
OCLN gene	C1417928	ASSOCIATED_WITH		Retinal Diseases	C0035309
OCLN gene	C1417928	ASSOCIATED_WITH		Kidney Failure, Acute	C0022660
HSF1 gene	C1415749	ASSOCIATED_WITH		Huntington Disease	C0020179
IGFBP3 gene	C1334094	ASSOCIATED_WITH		Myocardial Ischemia	C0151744
IGFBP3 gene	C1334094	ASSOCIATED_WITH		Rheumatoid Arthritis	C0003873
IGFBP3 gene	C1334094	ASSOCIATED_WITH		Inflammatory Bowel Diseases	C0021390
IGFBP3 gene	C1334094	ASSOCIATED_WITH		Turner Syndrome	C0041408
IGFBP3 gene	C1334094	ASSOCIATED_WITH		Alzheimer's Disease	C0002395
IGFBP3 gene	C1334094	ASSOCIATED_WITH		Diabetes Mellitus, Non-Insulin-Dependent	C0011860
IGFBP3 gene	C1334094	ASSOCIATED_WITH		Diabetes Mellitus, Insulin-Dependent	C0011854
NPY gene	C1417815	ASSOCIATED_WITH		Rhinitis	C0035455
NPY gene	C1417815	ASSOCIATED_WITH		Hyperkinesia	C3887506
NPY gene	C1417815	ASSOCIATED_WITH		Alcohol Related Disorders	C0236664
NPY gene	C1417815	ASSOCIATED_WITH		Absence Epilepsy	C0014553
NPY gene	C1417815	ASSOCIATED_WITH		Asthma	C0004096
NPY gene	C1417815	ASSOCIATED_WITH		Cerebral Infarction	C0007785
NPY gene	C1417815	ASSOCIATED_WITH		Cardiovascular Diseases	C0007222
NPY gene	C1417815	ASSOCIATED_WITH		Huntington Disease	C0020179
NPY gene	C1417815	ASSOCIATED_WITH		Epilepsy, Temporal Lobe	C0014556
NPY gene	C1417815	ASSOCIATED_WITH		Alzheimer's Disease	C0002395
NPY gene	C1417815	ASSOCIATED_WITH		Epilepsy	C0014544
NPY gene	C1417815	ASSOCIATED_WITH		Hypertensive disease	C0020538
NPY gene	C1417815	ASSOCIATED_WITH		Anorexia	C0003123
NPY gene	C1417815	ASSOCIATED_WITH		Diabetes Mellitus, Non-Insulin-Dependent	C0011860
ATG16L1 gene	C1825502	ASSOCIATED_WITH		Inflammatory Bowel Diseases	C0021390
JRK gene	C1416531	ASSOCIATED_WITH		Myoclonic Epilepsy, Juvenile	C0270853
ATP2A2 gene	C1412638	ASSOCIATED_WITH		Essential Hypertension	C0085580
ATP2A2 gene	C1412638	ASSOCIATED_WITH		Pulmonary Hypertension	C0020542
ATP2A2 gene	C1412638	ASSOCIATED_WITH		Diabetic Cardiomyopathies	C0853897
ATP2A2 gene	C1412638	ASSOCIATED_WITH		Heart Diseases	C0018799
ATP2A2 gene	C1412638	ASSOCIATED_WITH		Diabetes Mellitus, Non-Insulin-Dependent	C0011860
ATP2A2 gene	C1412638	ASSOCIATED_WITH		Congestive heart failure	C0018802
ATP2A2 gene	C1412638	ASSOCIATED_WITH		Heart failure	C0018801
ATP2A2 gene	C1412638	ASSOCIATED_WITH		Keratosis Follicularis	C0022595
TUBB3 gene	C1540126	ASSOCIATED_WITH		Pachygyria	C0266483
TUBB3 gene	C1540126	ASSOCIATED_WITH		Congenital Fibrosis of the Extraocular Muscles	C1302995
BLNK gene	C1332420	ASSOCIATED_WITH		Hypogammaglobulinemia	C0086438
BLNK gene	C1332420	ASSOCIATED_WITH		Agammaglobulinemia	C0001768
CTF1 gene	C1332801	ASSOCIATED_WITH		Hypertrophic Cardiomyopathy	C0007194
CTF1 gene	C1332801	ASSOCIATED_WITH		Cardiomyopathy, Dilated	C0007193
CTF1 gene	C1332801	ASSOCIATED_WITH		Cardiomyopathies	C0878544
CTF1 gene	C1332801	ASSOCIATED_WITH		Obesity	C0028754
SIK1 gene	C1420279	ASSOCIATED_WITH		Early myoclonic encephalopathy	C0270855
SIK1 gene	C1420279	ASSOCIATED_WITH		Early infantile epileptic encephalopathy with suppression bursts	C0393706
SIK1 gene	C1420279	ASSOCIATED_WITH		Infantile spasms	C0037769
AMT gene	C1412390	ASSOCIATED_WITH		Nonketotic Hyperglycinemia	C0751748
MDH1 gene	C1417087	ASSOCIATED_WITH		Liver Failure, Acute	C0162557
MDH1 gene	C1417087	ASSOCIATED_WITH		Respiratory Distress Syndrome, Adult	C0035222
COX7C gene	C1413659	ASSOCIATED_WITH		Obesity	C0028754
COX6B1 gene	C1539128	ASSOCIATED_WITH		MITOCHONDRIAL COMPLEX IV DEFICIENCY, NUCLEAR TYPE 7	C5436685
NDUFA4 gene	C1417624	ASSOCIATED_WITH		Leigh Disease	C0023264
NDUFA4 gene	C1417624	ASSOCIATED_WITH		MITOCHONDRIAL COMPLEX IV DEFICIENCY, NUCLEAR TYPE 21	C5436727
NDUFA4 gene	C1417624	CAUSES	["38674434_fullText_2","38674434_fullText_25"]	MITOCHONDRIAL COMPLEX IV DEFICIENCY, NUCLEAR TYPE 21	C5436727
SLC25A4 gene	C1335833	ASSOCIATED_WITH		Left Ventricular Hypertrophy	C0149721
SLC25A4 gene	C1335833	ASSOCIATED_WITH		Diabetic Cardiomyopathies	C0853897
SLC25A4 gene	C1335833	ASSOCIATED_WITH		Leigh Disease	C0023264
SLC25A4 gene	C1335833	ASSOCIATED_WITH		Mitochondrial Dysfunction	C4021734
SLC25A4 gene	C1335833	ASSOCIATED_WITH		Mitochondrial Diseases	C0751651
SLC25A4 gene	C1335833	ASSOCIATED_WITH		Hypertrophic Cardiomyopathy	C0007194
SLC25A4 gene	C1335833	ASSOCIATED_WITH		Cardiomyopathy, Dilated	C0007193
SLC25A4 gene	C1335833	ASSOCIATED_WITH		Mitochondrial Myopathies	C0162670
SLC25A4 gene	C1335833	ASSOCIATED_WITH		Chronic progressive external ophthalmoplegia	C0162674
TK2 gene	C1420748	ASSOCIATED_WITH		PROGRESSIVE EXTERNAL OPHTHALMOPLEGIA WITH MITOCHONDRIAL DNA DELETIONS, AUTOSOMAL RECESSIVE	C1850303
TK2 gene	C1420748	ASSOCIATED_WITH		Mitochondrial Diseases	C0751651
TK2 gene	C1420748	ASSOCIATED_WITH		Depletion of mitochondrial DNA	C0342782
TK2 gene	C1420748	ASSOCIATED_WITH		Mitochondrial Myopathies	C0162670
TK2 gene	C1420748	ASSOCIATED_WITH		Myopathy	C0026848
RRM2B gene	C1424883	ASSOCIATED_WITH		Kearns-Sayre syndrome	C0022541
RRM2B gene	C1424883	ASSOCIATED_WITH		Rod-Cone Dystrophy	C4551714
RRM2B gene	C1424883	ASSOCIATED_WITH		Sensorineural Hearing Loss (disorder)	C0018784
RRM2B gene	C1424883	ASSOCIATED_WITH		Mitochondrial Myopathies	C0162670
RRM2B gene	C1424883	ASSOCIATED_WITH		Mitochondrial Diseases	C0751651
RRM2B gene	C1424883	ASSOCIATED_WITH		Acidosis, Lactic	C0001125
RRM2B gene	C1424883	ASSOCIATED_WITH		Chronic progressive external ophthalmoplegia	C0162674
RRM2B gene	C1424883	ASSOCIATED_WITH		MITOCHONDRIAL NEUROGASTROINTESTINAL ENCEPHALOPATHY SYNDROME	C0872218
RRM2B gene	C1424883	ASSOCIATED_WITH		Depletion of mitochondrial DNA	C0342782
CLPX gene	C1413508	ASSOCIATED_WITH		Erythropoietic Protoporphyria	C0162568
UQCRC2 gene	C1442768	ASSOCIATED_WITH		MITOCHONDRIAL COMPLEX III DEFICIENCY (disorder)	C1852372
NUP62 gene	C1417895	ASSOCIATED_WITH		STRIATONIGRAL DEGENERATION, INFANTILE (disorder)	C0795996
COX14 gene	C1824382	ASSOCIATED_WITH		MITOCHONDRIAL COMPLEX IV DEFICIENCY, NUCLEAR TYPE 10	C5436692
COX20 gene	C3469918	ASSOCIATED_WITH		MITOCHONDRIAL COMPLEX IV DEFICIENCY, NUCLEAR TYPE 11	C5436694
FDX1L gene	C2239449	ASSOCIATED_WITH		Mitochondrial Myopathies	C0162670
COA3 gene	C1824580	ASSOCIATED_WITH		Mitochondrial Diseases	C0751651
COA3 gene	C1824580	ASSOCIATED_WITH		MITOCHONDRIAL COMPLEX IV DEFICIENCY, NUCLEAR TYPE 14	C5436710
COX16 gene	C1426780	ASSOCIATED_WITH		MITOCHONDRIAL COMPLEX IV DEFICIENCY, NUCLEAR TYPE 22	C5543491
FARS2 gene	C1539476	ASSOCIATED_WITH		Mitochondrial Encephalomyopathies	C0162666
FARS2 gene	C1539476	ASSOCIATED_WITH		Leigh Disease	C0023264
FARS2 gene	C1539476	ASSOCIATED_WITH		Spastic Paraplegia, Hereditary	C0037773
UQCRFS1 gene	C1421371	ASSOCIATED_WITH		Cardiomyopathies	C0878544
UQCRFS1 gene	C1421371	ASSOCIATED_WITH		Acidosis, Lactic	C0001125
UQCRFS1 gene	C1421371	ASSOCIATED_WITH		MITOCHONDRIAL COMPLEX III DEFICIENCY (disorder)	C1852372
RARS2 gene	C1427551	ASSOCIATED_WITH		Mitochondrial Diseases	C0751651
RARS2 gene	C1427551	ASSOCIATED_WITH		Pontoneocerebellar hypoplasia	C1261175
RARS2 gene	C1427551	ASSOCIATED_WITH		Pontocerebellar Hypoplasia Type 6	C1969084
MYO7A gene	C1417569	ASSOCIATED_WITH		Auditory neuropathy	C1852271
MYO7A gene	C1417569	ASSOCIATED_WITH		Hereditary retinal dystrophy	C0154860
MYO7A gene	C1417569	ASSOCIATED_WITH		Leber Congenital Amaurosis	C0339527
MYO7A gene	C1417569	ASSOCIATED_WITH		Retinal Dystrophies	C0854723
MYO7A gene	C1417569	ASSOCIATED_WITH		Sensorineural hearing loss, bilateral	C0452138
MYO7A gene	C1417569	ASSOCIATED_WITH		Meniere Disease	C0025281
MYO7A gene	C1417569	ASSOCIATED_WITH		Sensorineural Hearing Loss (disorder)	C0018784
MYO7A gene	C1417569	ASSOCIATED_WITH		Nonsyndromic Deafness	C3711374
MYO7A gene	C1417569	ASSOCIATED_WITH		Retinitis Pigmentosa	C0035334
MYO7A gene	C1417569	ASSOCIATED_WITH		DEAFNESS, AUTOSOMAL RECESSIVE 2	C1838701
MYO7A gene	C1417569	ASSOCIATED_WITH		Usher Syndrome	C0271097
MYO7A gene	C1417569	ASSOCIATED_WITH		Usher Syndrome, Type I	C1568247
MYO15A gene	C1417557	ASSOCIATED_WITH		Sensorineural hearing loss, bilateral	C0452138
MYO15A gene	C1417557	ASSOCIATED_WITH		Sensorineural Hearing Loss (disorder)	C0018784
CNGA1 gene	C1413543	ASSOCIATED_WITH		Retinal Dystrophies	C0854723
CNGA1 gene	C1413543	ASSOCIATED_WITH		Hereditary retinal dystrophy	C0154860
CNGA1 gene	C1413543	ASSOCIATED_WITH		RETINITIS PIGMENTOSA 1	C0220701
CNGA1 gene	C1413543	ASSOCIATED_WITH		Retinitis Pigmentosa	C0035334
SLC9A1 gene	C1420232	ASSOCIATED_WITH		Barrett Esophagus	C0004763
SLC9A1 gene	C1420232	ASSOCIATED_WITH		Congestive heart failure	C0018802
SLC9A1 gene	C1420232	ASSOCIATED_WITH		Heart failure	C0018801
IDH3B gene	C1415879	ASSOCIATED_WITH		Retinitis Pigmentosa	C0035334
PANK2 gene	C1423814	ASSOCIATED_WITH		Retinitis Pigmentosa	C0035334
PANK2 gene	C1423814	ASSOCIATED_WITH		Neurodegeneration with brain iron accumulation (NBIA)	C2931845
PANK2 gene	C1423814	ASSOCIATED_WITH		Neurodegenerative Disorders	C0524851
PANK2 gene	C1423814	ASSOCIATED_WITH		Hallervorden-Spatz Syndrome	C0018523
OTX2 gene	C1418202	ASSOCIATED_WITH		Fetal Alcohol Spectrum Disorders	C2985290
OTX2 gene	C1418202	ASSOCIATED_WITH		Fetal Alcohol Syndrome	C0015923
OTX2 gene	C1418202	ASSOCIATED_WITH		Leber Congenital Amaurosis	C0339527
OTX2 gene	C1418202	ASSOCIATED_WITH		Retinal Dystrophies	C0854723
OTX2 gene	C1418202	ASSOCIATED_WITH		Panhypopituitarism	C0242343
BCL11B gene	C1421887	ASSOCIATED_WITH		IMMUNODEFICIENCY 49	C4310656
FAS gene	C1539477	ASSOCIATED_WITH		Cystic Fibrosis	C0010674
FAS gene	C1539477	ASSOCIATED_WITH		Behcet Syndrome	C0004943
FAS gene	C1539477	ASSOCIATED_WITH		Hypersplenism	C0020532
FAS gene	C1539477	ASSOCIATED_WITH		Nonalcoholic Steatohepatitis	C3241937
FAS gene	C1539477	ASSOCIATED_WITH		Cardiomyopathy, Dilated	C0007193
FAS gene	C1539477	ASSOCIATED_WITH		Liver Failure, Acute	C0162557
FAS gene	C1539477	ASSOCIATED_WITH		Myasthenia Gravis	C0026896
FAS gene	C1539477	ASSOCIATED_WITH		Multiple Sclerosis, Relapsing-Remitting	C0751967
FAS gene	C1539477	ASSOCIATED_WITH		Non-alcoholic Fatty Liver Disease	C0400966
FAS gene	C1539477	ASSOCIATED_WITH		Nephritis	C0027697
FAS gene	C1539477	ASSOCIATED_WITH		Alzheimer's Disease	C0002395
FAS gene	C1539477	ASSOCIATED_WITH		Lupus Nephritis	C0024143
FAS gene	C1539477	ASSOCIATED_WITH		Glomerulonephritis	C0017658
FAS gene	C1539477	ASSOCIATED_WITH		Rheumatoid Arthritis	C0003873
FAS gene	C1539477	ASSOCIATED_WITH		HIV Infections	C0019693
FAS gene	C1539477	ASSOCIATED_WITH		Diabetes Mellitus, Non-Insulin-Dependent	C0011860
FAS gene	C1539477	ASSOCIATED_WITH		Multiple Sclerosis	C0026769
FAS gene	C1539477	ASSOCIATED_WITH		Lupus Erythematosus, Systemic	C0024141
FAS gene	C1539477	ASSOCIATED_WITH		Autoimmune Lymphoproliferative Syndrome	C1328840
DSG1 gene	C1414168	ASSOCIATED_WITH		Dermatitis	C0011603
DSG1 gene	C1414168	ASSOCIATED_WITH	["32130224_fullText_92","27390132_fullText_139","21303839_fullText_145","28582438_fullText_193","28582438_fullText_200"]	Painful Bladder Syndrome	C1720830
CXCL2 gene	C0812310	ASSOCIATED_WITH		Rheumatoid Arthritis	C0003873
CXCL2 gene	C0812310	ASSOCIATED_WITH		Chronic Obstructive Airway Disease	C0024117
NDUFB11 gene	C1538052	ASSOCIATED_WITH		Mitochondrial Diseases	C0751651
NDUFB11 gene	C1538052	ASSOCIATED_WITH		MITOCHONDRIAL COMPLEX I DEFICIENCY	C1838979
NDUFB11 gene	C1538052	ASSOCIATED_WITH		MICROPHTHALMIA, SYNDROMIC 7	C0796070
BTD gene	C1412833	ASSOCIATED_WITH		Biotinidase Deficiency	C0220754
NAMPT gene	C1428933	ASSOCIATED_WITH		Colitis	C0009319
NAMPT gene	C1428933	ASSOCIATED_WITH		Obesity	C0028754
RPS6 gene	C1419741	ASSOCIATED_WITH		Hemimegalencephaly	C0431391
RICTOR gene	C1836945	ASSOCIATED_WITH		Ovarian Failure, Premature	C0085215
MTOR gene	C1414805	ASSOCIATED_WITH		Endocrine System Diseases	C0014130
MTOR gene	C1414805	ASSOCIATED_WITH		Left Ventricular Hypertrophy	C0149721
MTOR gene	C1414805	ASSOCIATED_WITH		Pulmonary Fibrosis	C0034069
MTOR gene	C1414805	ASSOCIATED_WITH		Hypertensive disease	C0020538
MTOR gene	C1414805	ASSOCIATED_WITH		Polycystic Kidney Diseases	C0022680
MTOR gene	C1414805	ASSOCIATED_WITH		Hemimegalencephaly	C0431391
MTOR gene	C1414805	ASSOCIATED_WITH		Diabetes Mellitus, Non-Insulin-Dependent	C0011860
C1QBP gene	C1412933	ASSOCIATED_WITH		Mitochondrial Diseases	C0751651
DGUOK gene	C1414038	ASSOCIATED_WITH		Hypertension, Portal	C0020541
DGUOK gene	C1414038	ASSOCIATED_WITH		Deoxyguanosine Kinase Deficiency	C3711385
DGUOK gene	C1414038	ASSOCIATED_WITH		Mitochondrial Diseases	C0751651
DGUOK gene	C1414038	ASSOCIATED_WITH		Depletion of mitochondrial DNA	C0342782
GTPBP3 gene	C1423020	ASSOCIATED_WITH		Leigh Disease	C0023264
GTPBP3 gene	C1423020	ASSOCIATED_WITH		Hypertrophic Cardiomyopathy	C0007194
RMND1 gene	C1826833	ASSOCIATED_WITH		Mitochondrial Diseases	C0751651
SLC25A26 gene	C1427063	ASSOCIATED_WITH		Mitochondrial Diseases	C0751651
DLK1 gene	C1414069	ASSOCIATED_WITH		Central Precocious Puberty	C0342543
NEFM gene	C1826396	ASSOCIATED_WITH		Alzheimer's Disease	C0002395
MEIS2 gene	C1417106	ASSOCIATED_WITH		Cleft Palate	C0008925
MEIS2 gene	C1417106	ASSOCIATED_WITH		Cardiac Malformation, Cleft Lip-Palate, Microcephaly and Digital Anomalies	C1832950
SFRP2 gene	C1419987	ASSOCIATED_WITH		Inflammatory Bowel Diseases	C0021390
ANXA1 gene	C1412417	ASSOCIATED_WITH		Hypertensive disease	C0020538
ANXA1 gene	C1412417	ASSOCIATED_WITH		Kidney Diseases	C0022658
G6PD gene	C1333652	ASSOCIATED_WITH		Bloch Sulzberger syndrome	C0021171
G6PD gene	C1333652	ASSOCIATED_WITH		Chronic granulomatous disease	C0018203
G6PD gene	C1333652	ASSOCIATED_WITH		Kidney Failure, Acute	C0022660
G6PD gene	C1333652	ASSOCIATED_WITH		Anemia, Hemolytic, Congenital	C0002881
G6PD gene	C1333652	ASSOCIATED_WITH		Anemia, Hemolytic, Congenital Nonspherocytic	C0002882
G6PD gene	C1333652	ASSOCIATED_WITH		Anemia	C0002871
G6PD gene	C1333652	ASSOCIATED_WITH		Anemia, Hemolytic	C0002878
G6PD gene	C1333652	ASSOCIATED_WITH		Malaria, Falciparum	C0024535
G6PD gene	C1333652	ASSOCIATED_WITH		Favism	C0015702
G6PD gene	C1333652	ASSOCIATED_WITH		Diabetes Mellitus	C0011849
G6PD gene	C1333652	ASSOCIATED_WITH		Malaria	C0024530
G6PD gene	C1333652	ASSOCIATED_WITH		Deficiency of glucose-6-phosphate dehydrogenase	C2939465
G6PD gene	C1333652	ASSOCIATED_WITH	["35502621_fullText_3"]	Phenylketonurias	C0031485
CENPE gene	C1413342	ASSOCIATED_WITH		Seckel syndrome	C0265202
DNMT3B gene	C1333242	ASSOCIATED_WITH		Rheumatoid Arthritis	C0003873
DNMT3B gene	C1333242	ASSOCIATED_WITH		Immune thrombocytopenic purpura	C0398650
DNMT3B gene	C1333242	ASSOCIATED_WITH		Immunologic Deficiency Syndromes	C0021051
DNMT3B gene	C1333242	ASSOCIATED_WITH		Muscular Dystrophy, Facioscapulohumeral	C0238288
BMP4 gene	C1412805	ASSOCIATED_WITH		Arthritis, Psoriatic	C0003872
BMP4 gene	C1412805	ASSOCIATED_WITH		Rheumatoid Arthritis	C0003873
BMP4 gene	C1412805	ASSOCIATED_WITH		Osteoporosis	C0029456
BMP4 gene	C1412805	ASSOCIATED_WITH		Cleft Lip, Congenital Healed	C1833563
PGK1 gene	C1418508	ASSOCIATED_WITH		Epileptic encephalopathy	C0543888
PGK1 gene	C1418508	ASSOCIATED_WITH		Menkes Kinky Hair Syndrome	C0022716
PGK1 gene	C1418508	ASSOCIATED_WITH		Anemia, Hemolytic	C0002878
PGK1 gene	C1418508	ASSOCIATED_WITH		Phosphoglycerate Kinase 1 Deficiency	C1970848
ISCA2 gene	C2239551	ASSOCIATED_WITH		Optic Atrophy	C0029124
ISCA2 gene	C2239551	ASSOCIATED_WITH		Mitochondrial Diseases	C0751651
ISCA2 gene	C2239551	ASSOCIATED_WITH		Multiple Mitochondrial Dysfunctions Syndrome	C3502075
UQCRC1 gene	C1442767	ASSOCIATED_WITH		Alzheimer's Disease	C0002395
YARS2 gene	C1823881	ASSOCIATED_WITH		Mitochondrial Diseases	C0751651
NDUFB10 gene	C1417633	ASSOCIATED_WITH		Mitochondrial Diseases	C0751651
NDUFB10 gene	C1417633	ASSOCIATED_WITH		MITOCHONDRIAL COMPLEX I DEFICIENCY	C1838979
citrate synthase gene	C1413745	ASSOCIATED_WITH		Heart failure	C0018801
citrate synthase gene	C1413745	ASSOCIATED_WITH		Obesity	C0028754
SQRDL gene	C1426907	ASSOCIATED_WITH		Leigh Disease	C0023264
OXCT1 gene	C1538557	ASSOCIATED_WITH		Succinyl-CoA:3-oxoacid CoA transferase deficiency	C0342792
ELAVL1 gene	C1414371	ASSOCIATED_WITH		Endometriosis	C0014175
AFG3L2 gene	C1412274	ASSOCIATED_WITH		Ataxia, Spinocerebellar	C0087012
AFG3L2 gene	C1412274	ASSOCIATED_WITH		Optic Atrophy	C0029124
AFG3L2 gene	C1412274	ASSOCIATED_WITH		Autosomal dominant cerebellar ataxia	C4087347
AFG3L2 gene	C1412274	ASSOCIATED_WITH		Spastic Ataxia	C1849156
GSTM1 gene	C0919534	ASSOCIATED_WITH		Bronchopulmonary Dysplasia	C0006287
GSTM1 gene	C0919534	ASSOCIATED_WITH		Infectious Mononucleosis	C0021345
GSTM1 gene	C0919534	ASSOCIATED_WITH		Angle Closure Glaucoma	C0017605
GSTM1 gene	C0919534	ASSOCIATED_WITH		Lynch Syndrome	C4552100
GSTM1 gene	C0919534	ASSOCIATED_WITH		Myocardial Ischemia	C0151744
GSTM1 gene	C0919534	ASSOCIATED_WITH		Thalassemia	C0039730
GSTM1 gene	C0919534	ASSOCIATED_WITH		Pterygium	C0033999
GSTM1 gene	C0919534	ASSOCIATED_WITH		Dermatologic disorders	C0037274
GSTM1 gene	C0919534	ASSOCIATED_WITH		Diabetes Mellitus, Insulin-Dependent	C0011854
GSTM1 gene	C0919534	ASSOCIATED_WITH		Non-alcoholic Fatty Liver Disease	C0400966
GSTM1 gene	C0919534	ASSOCIATED_WITH		Atherosclerosis	C0004153
GSTM1 gene	C0919534	ASSOCIATED_WITH		Exudative age-related macular degeneration	C0271084
GSTM1 gene	C0919534	ASSOCIATED_WITH		Graft-vs-Host Disease	C0018133
GSTM1 gene	C0919534	ASSOCIATED_WITH		Acute Chest Syndrome	C0742343
GSTM1 gene	C0919534	ASSOCIATED_WITH		Porphyria Cutanea Tarda	C0162566
GSTM1 gene	C0919534	ASSOCIATED_WITH		Keratosis	C0022593
GSTM1 gene	C0919534	ASSOCIATED_WITH		Hepatic Veno-Occlusive Disease	C0019156
GSTM1 gene	C0919534	ASSOCIATED_WITH		Systemic Scleroderma	C0036421
GSTM1 gene	C0919534	ASSOCIATED_WITH		Periodontitis	C0031099
GSTM1 gene	C0919534	ASSOCIATED_WITH		Asbestosis	C0003949
GSTM1 gene	C0919534	ASSOCIATED_WITH		Aplastic Anemia	C0002874
GSTM1 gene	C0919534	ASSOCIATED_WITH		Tuberculosis, Pulmonary	C0041327
GSTM1 gene	C0919534	ASSOCIATED_WITH		Oral Submucous Fibrosis	C0029172
GSTM1 gene	C0919534	ASSOCIATED_WITH		Exfoliation Syndrome	C0206368
GSTM1 gene	C0919534	ASSOCIATED_WITH		Asthma	C0004096
GSTM1 gene	C0919534	ASSOCIATED_WITH		Parkinson Disease	C0030567
GSTM1 gene	C0919534	ASSOCIATED_WITH		Diabetes Mellitus, Non-Insulin-Dependent	C0011860
GSTM1 gene	C0919534	ASSOCIATED_WITH		Chronic Obstructive Airway Disease	C0024117
GSTM1 gene	C0919534	ASSOCIATED_WITH		Diabetes Mellitus	C0011849
GSTM1 gene	C0919534	ASSOCIATED_WITH		Rheumatoid Arthritis	C0003873
GSTM1 gene	C0919534	ASSOCIATED_WITH		Coronary Arteriosclerosis	C0010054
GSTM1 gene	C0919534	ASSOCIATED_WITH		Lupus Erythematosus, Systemic	C0024141
GSTM1 gene	C0919534	ASSOCIATED_WITH		Glaucoma, Primary Open Angle	C0339573
GSTM1 gene	C0919534	ASSOCIATED_WITH		Inflammatory Bowel Diseases	C0021390
GSTM1 gene	C0919534	ASSOCIATED_WITH		Lung diseases	C0024115
GSTM1 gene	C0919534	ASSOCIATED_WITH		Liver Cirrhosis	C0023890
GSTM1 gene	C0919534	ASSOCIATED_WITH		Coronary heart disease	C0010068
GSTM1 gene	C0919534	ASSOCIATED_WITH		Kidney Failure, Chronic	C0022661
GSTM1 gene	C0919534	ASSOCIATED_WITH		Human papilloma virus infection	C0343641
GSTM1 gene	C0919534	ASSOCIATED_WITH		Cystic Fibrosis	C0010674
GSTM1 gene	C0919534	ASSOCIATED_WITH		Ulcerative Colitis	C0009324
GSTM1 gene	C0919534	ASSOCIATED_WITH		Multiple Sclerosis	C0026769
GSTM1 gene	C0919534	ASSOCIATED_WITH		Dermatitis, Atopic	C0011615
GSTM1 gene	C0919534	ASSOCIATED_WITH		Diabetic Retinopathy	C0011884
CRB1 gene	C1413701	ASSOCIATED_WITH		RETINITIS PIGMENTOSA 1	C0220701
CRB1 gene	C1413701	ASSOCIATED_WITH		Hereditary retinal dystrophy	C0154860
CRB1 gene	C1413701	ASSOCIATED_WITH		Retinal telangiectasia	C0154835
CRB1 gene	C1413701	ASSOCIATED_WITH		Amaurosis congenita of Leber, type 1	C2931258
CRB1 gene	C1413701	ASSOCIATED_WITH		Cone-Rod Dystrophies	C4085590
CRB1 gene	C1413701	ASSOCIATED_WITH		Retinal Dystrophies	C0854723
CRB1 gene	C1413701	ASSOCIATED_WITH		Pigmented Paravenous Chorioretinal Atrophy	C1868310
CRB1 gene	C1413701	ASSOCIATED_WITH		Leber Congenital Amaurosis	C0339527
CRB1 gene	C1413701	ASSOCIATED_WITH		Retinitis Pigmentosa	C0035334
RPGRIP1 gene	C1421991	ASSOCIATED_WITH		Amaurosis congenita of Leber, type 1	C2931258
RPGRIP1 gene	C1421991	ASSOCIATED_WITH		RETINITIS PIGMENTOSA 1	C0220701
RPGRIP1 gene	C1421991	ASSOCIATED_WITH		Nystagmus	C0028738
RPGRIP1 gene	C1421991	ASSOCIATED_WITH		Retinal Dystrophies	C0854723
RPGRIP1 gene	C1421991	ASSOCIATED_WITH		Cone-Rod Dystrophies	C4085590
RPGRIP1 gene	C1421991	ASSOCIATED_WITH		Leber Congenital Amaurosis	C0339527
RPGRIP1 gene	C1421991	ASSOCIATED_WITH		Retinitis Pigmentosa	C0035334
TBX1 gene	C1420603	ASSOCIATED_WITH		Epilepsy	C0014544
TBX1 gene	C1420603	ASSOCIATED_WITH		Hypoparathyroidism	C0020626
TBX1 gene	C1420603	ASSOCIATED_WITH		Shprintzen syndrome	C0220704
TBX1 gene	C1420603	ASSOCIATED_WITH		DiGeorge Syndrome	C0012236
TBX1 gene	C1420603	ASSOCIATED_WITH		CONOTRUNCAL ANOMALY FACE SYNDROME	C0795907
TMEM67 gene	C1823331	ASSOCIATED_WITH		Renal cyst	C3887499
TMEM67 gene	C1823331	ASSOCIATED_WITH		Hypertension, Portal	C0020541
TMEM67 gene	C1823331	ASSOCIATED_WITH		RHYNS syndrome	C1865794
TMEM67 gene	C1823331	ASSOCIATED_WITH		Kidney Diseases	C0022658
TMEM67 gene	C1823331	ASSOCIATED_WITH		Cystic Kidney Diseases	C1691228
TMEM67 gene	C1823331	ASSOCIATED_WITH		Cystic kidney	C0022679
TMEM67 gene	C1823331	ASSOCIATED_WITH		Bardet-Biedl Syndrome	C0752166
TMEM67 gene	C1823331	ASSOCIATED_WITH		Nephronophthisis	C0687120
TMEM67 gene	C1823331	ASSOCIATED_WITH		Familial aplasia of the vermis	C0431399
TMEM67 gene	C1823331	ASSOCIATED_WITH		Meckel-Gruber syndrome	C0265215
TMEM67 gene	C1823331	ASSOCIATED_WITH		COACH syndrome	C1857662
MKS1 gene	C1417186	ASSOCIATED_WITH		Cystic Kidney Diseases	C1691228
MKS1 gene	C1417186	ASSOCIATED_WITH		Polycystic Kidney Diseases	C0022680
MKS1 gene	C1417186	ASSOCIATED_WITH		Chronic Kidney Diseases	C1561643
MKS1 gene	C1417186	ASSOCIATED_WITH		Familial aplasia of the vermis	C0431399
MKS1 gene	C1417186	ASSOCIATED_WITH		Bardet-Biedl Syndrome	C0752166
MKS1 gene	C1417186	ASSOCIATED_WITH		Meckel syndrome type 1	C3714506
MKS1 gene	C1417186	ASSOCIATED_WITH		Meckel-Gruber syndrome	C0265215
TMEM216 gene	C2680482	ASSOCIATED_WITH		Cystic Kidney Diseases	C1691228
TMEM216 gene	C2680482	ASSOCIATED_WITH		Familial aplasia of the vermis	C0431399
TMEM216 gene	C2680482	ASSOCIATED_WITH		Meckel-Gruber syndrome	C0265215
CSPP1 gene	C1824808	ASSOCIATED_WITH		Meckel-Gruber syndrome	C0265215
CSPP1 gene	C1824808	ASSOCIATED_WITH		Familial aplasia of the vermis	C0431399
RPGRIP1L gene	C2242767	ASSOCIATED_WITH		Cystic kidney	C0022679
RPGRIP1L gene	C2242767	ASSOCIATED_WITH		COACH syndrome	C1857662
RPGRIP1L gene	C2242767	ASSOCIATED_WITH		Leber Congenital Amaurosis	C0339527
RPGRIP1L gene	C2242767	ASSOCIATED_WITH		Kidney Diseases	C0022658
RPGRIP1L gene	C2242767	ASSOCIATED_WITH		Familial aplasia of the vermis	C0431399
RPGRIP1L gene	C2242767	ASSOCIATED_WITH		Nephronophthisis	C0687120
RPGRIP1L gene	C2242767	ASSOCIATED_WITH		Meckel-Gruber syndrome	C0265215
CELSR2 gene	C1414309	ASSOCIATED_WITH		Coronary heart disease	C0010068
CELSR2 gene	C1414309	ASSOCIATED_WITH		Coronary Arteriosclerosis	C0010054
SPG7 gene	C1420354	ASSOCIATED_WITH		Mitochondrial Diseases	C0751651
SPG7 gene	C1420354	ASSOCIATED_WITH		Lateral Sclerosis	C0154682
SPG7 gene	C1420354	ASSOCIATED_WITH		Spastic Ataxia	C1849156
SPG7 gene	C1420354	ASSOCIATED_WITH		Spastic Paraplegia	C0037772
SPG7 gene	C1420354	ASSOCIATED_WITH		Spastic Paraplegia, Hereditary	C0037773
EXOSC3 gene	C1425194	ASSOCIATED_WITH		Pontocerebellar Hypoplasia Type 1	C1843504
EXOSC3 gene	C1425194	ASSOCIATED_WITH		Pontoneocerebellar hypoplasia	C1261175
BCAT1 gene	C1412751	CAUSES__SPEC__	["32145091_fullText_62"]	Hepatitis, Autoimmune	C0241910
BCAT1 gene	C1412751	CAUSES__SPEC__	["32145091_fullText_62"]	Viral hepatitis	C0042721
BCAT1 gene	C1412751	CAUSES	["32145091_fullText_62"]	Hepatitis	C0019158
NHS gene	C1417725	ASSOCIATED_WITH		Nance-Horan syndrome	C0796085
NHS gene	C1417725	ASSOCIATED_WITH		Cataract, congenital, with microcornea or slight microphthalmia	C2930878
MAF gene	C0919481	ASSOCIATED_WITH		Cataracts, Congenital, with Sensorineural Deafness, Down Syndrome-Like Facial Appearance, Short Stature, and Mental Retardation	C1832812
POLG2 gene	C1418732	ASSOCIATED_WITH		Liver Failure, Acute	C0162557
POLG2 gene	C1418732	CAUSES	["31479473_fullText_8"]	Mitochondrial Diseases	C0751651
MGME1 gene	C1424082	ASSOCIATED_WITH		Mitochondrial Diseases	C0751651
MGME1 gene	C1424082	CAUSES	["36056365_fullText_85"]	Mitochondrial Diseases	C0751651
PDGFB gene	C0751995	ASSOCIATED_WITH		Fahr's syndrome (disorder)	C0393590
PDGFB gene	C0751995	ASSOCIATED_WITH		Basal Ganglia Diseases	C0004782
PDGFB gene	C0751995	ASSOCIATED_WITH		Thrombocythemia, Essential	C0040028
PDGFB gene	C0751995	ASSOCIATED_WITH		Retinal Diseases	C0035309
PDGFB gene	C0751995	ASSOCIATED_WITH		Pulmonary Fibrosis	C0034069
TUB gene	C1421225	ASSOCIATED_WITH		Retinitis Pigmentosa	C0035334
TUB gene	C1421225	ASSOCIATED_WITH		Retinal Dystrophies	C0854723
HIF1A gene	C1333897	ASSOCIATED_WITH		Idiopathic Pulmonary Fibrosis	C1800706
HIF1A gene	C1333897	ASSOCIATED_WITH		Enchondromatosis	C0014084
HIF1A gene	C1333897	ASSOCIATED_WITH		Hypoxia-Ischemia, Brain	C0752308
HIF1A gene	C1333897	ASSOCIATED_WITH		Congestive heart failure	C0018802
HIF1A gene	C1333897	ASSOCIATED_WITH		Lung diseases	C0024115
HIF1A gene	C1333897	ASSOCIATED_WITH		Liver Cirrhosis	C0023890
HIF1A gene	C1333897	ASSOCIATED_WITH		Heart failure	C0018801
HIF1A gene	C1333897	ASSOCIATED_WITH		Hypertensive disease	C0020538
HIF1A gene	C1333897	ASSOCIATED_WITH		Pulmonary Hypertension	C0020542
HIF1A gene	C1333897	ASSOCIATED_WITH		Myocardial Infarction	C0027051
HIF1A gene	C1333897	ASSOCIATED_WITH		Chronic Obstructive Airway Disease	C0024117
HIF1A gene	C1333897	ASSOCIATED_WITH		Diabetes Mellitus, Non-Insulin-Dependent	C0011860
CALY gene	C1539311	ASSOCIATED_WITH		Essential Hypertension	C0085580
IL19 gene	C1334110	ASSOCIATED_WITH		Rheumatoid Arthritis	C0003873
IL19 gene	C1334110	ASSOCIATED_WITH		Inflammatory Bowel Diseases	C0021390
ATP5I gene	C1412667	ASSOCIATED_WITH		Heart Diseases	C0018799
USP19 gene	C1421396	AUGMENTS	["35449354_fullText_7"]	Pulmonary Hypertension, Primary, 1, With Hereditary Hemorrhagic Telangiectasia	C3714844
HADH gene	C1415458	ASSOCIATED_WITH		Obesity	C0028754
HADH gene	C1415458	ASSOCIATED_WITH		3-Hydroxyacyl-CoA Dehydrogenase Deficiency	C1291230
HADH gene	C1415458	ASSOCIATED_WITH		Hyperinsulinism	C0020459
ANKH gene	C1423529	ASSOCIATED_WITH		Calcium pyrophosphate deposition disease	C0553730
ANKH gene	C1423529	ASSOCIATED_WITH		CRANIOMETAPHYSEAL DYSPLASIA, AUTOSOMAL DOMINANT	C1852502
ESRRA gene	C1414463	ASSOCIATED_WITH		Amyotrophic Lateral Sclerosis	C0002736
ESRRA gene	C1414463	ASSOCIATED_WITH		Metabolic Diseases	C0025517
TXNIP gene	C1424661	ASSOCIATED_WITH		Rheumatoid Arthritis	C0003873
TXNIP gene	C1424661	ASSOCIATED_WITH		Endometriosis	C0014175
TXNIP gene	C1424661	ASSOCIATED_WITH		Diabetic Nephropathy	C0011881
ATP5O gene	C1412671	ASSOCIATED_WITH		Leigh Disease	C0023264
ASPA gene	C1412591	ASSOCIATED_WITH		Canavan Disease, Juvenile	C0751667
ASPA gene	C1412591	ASSOCIATED_WITH		Canavan Disease	C0206307
ISCU gene	C1825620	ASSOCIATED_WITH		Myopathy	C0026848
IDH1 gene	C1415876	ASSOCIATED_WITH		Liver Failure, Acute	C0162557
IDH1 gene	C1415876	ASSOCIATED_WITH		Enchondromatosis	C0014084
IDH1 gene	C1415876	ASSOCIATED_WITH		Maffucci Syndrome	C0024454
LDHB gene	C1416817	ASSOCIATED_WITH		Acute Coronary Syndrome	C0948089
GDAP1 gene	C1423872	ASSOCIATED_WITH		Peripheral axonal neuropathy	C1263857
GDAP1 gene	C1423872	ASSOCIATED_WITH		Roussy-Levy Syndrome (disorder)	C0205713
GDAP1 gene	C1423872	ASSOCIATED_WITH		Charcot-Marie-Tooth disease type 4	C4082197
GDAP1 gene	C1423872	ASSOCIATED_WITH		Polyneuropathy	C0152025
GDAP1 gene	C1423872	ASSOCIATED_WITH		Sensory neuropathy	C0151313
GDAP1 gene	C1423872	ASSOCIATED_WITH		Dejerine-Sottas Disease (disorder)	C0011195
GDAP1 gene	C1423872	ASSOCIATED_WITH		Peripheral Neuropathy	C0031117
GDAP1 gene	C1423872	ASSOCIATED_WITH		Hereditary Motor and Sensory Neuropathies	C0027888
GDAP1 gene	C1423872	ASSOCIATED_WITH		Charcot-Marie-Tooth Disease	C0007959
FPR1 gene	C1333574	ASSOCIATED_WITH		Periodontitis	C0031099
TNFSF15 gene	C1336647	ASSOCIATED_WITH		Enteritis	C0014335
TNFSF15 gene	C1336647	ASSOCIATED_WITH		Primary biliary cirrhosis	C0008312
TNFSF15 gene	C1336647	ASSOCIATED_WITH		Inflammatory Bowel Diseases	C0021390
TNFSF15 gene	C1336647	ASSOCIATED_WITH		Ulcerative Colitis	C0009324
FMO3 gene	C1414645	ASSOCIATED_WITH		Hypertensive disease	C0020538
FMO3 gene	C1414645	ASSOCIATED_WITH		Trimethylaminuria	C0342739
TKT gene	C1420750	ASSOCIATED_WITH		Wernicke Encephalopathy	C0043121
CD55 gene	C1824670	ASSOCIATED_WITH		Endometriosis	C0014175
CD55 gene	C1824670	ASSOCIATED_WITH		Protein-Losing Enteropathies	C0033680
BRD4 gene	C1422073	ASSOCIATED_WITH		Pulmonary Hypertension	C0020542
BRD4 gene	C1422073	ASSOCIATED_WITH		Idiopathic Pulmonary Fibrosis	C1800706
HPRT1 gene	C1415701	ASSOCIATED_WITH		Hyperuricemia	C0740394
HPRT1 gene	C1415701	ASSOCIATED_WITH		Lesch-Nyhan Syndrome	C0023374
HPRT1 gene	C1415701	ASSOCIATED_WITH__INFER__	["2235121_fullText_2"]	Phenylketonurias	C0031485
MTCH2 gene	C1425005	ASSOCIATED_WITH		Obesity	C0028754
EMC1 gene	C3541711	ASSOCIATED_WITH		Retinal Dystrophies	C0854723
EMC1 gene	C3541711	ASSOCIATED_WITH		Atrophy of cerebellum	C0740279
MDM2 gene	C0812222	ASSOCIATED_WITH		Male infertility	C0021364
MDM2 gene	C0812222	ASSOCIATED_WITH		Synovitis, Acne, Pustulosis, Hyperostosis, and Osteitis Syndrome	C0263859
MDM2 gene	C0812222	ASSOCIATED_WITH		HIV Infections	C0019693
TTPA gene	C1421223	ASSOCIATED_WITH		nervous system disorder	C0027765
TTPA gene	C1421223	ASSOCIATED_WITH		Retinitis Pigmentosa	C0035334
TTPA gene	C1421223	ASSOCIATED_WITH		Atherosclerosis	C0004153
TTPA gene	C1421223	ASSOCIATED_WITH		Vitamin E Deficiency	C0042875
HLA-DQA1 gene	C1415570	ASSOCIATED_WITH		Dermatitis	C0011603
HLA-DQA1 gene	C1415570	ASSOCIATED_WITH		Diabetes Mellitus, Insulin-Dependent	C0011854
HLA-DQA1 gene	C1415570	ASSOCIATED_WITH		Multiple Sclerosis	C0026769
HLA-DQA1 gene	C1415570	ASSOCIATED_WITH		Celiac Disease	C0007570
HLA-DQA1 gene	C1415570	ASSOCIATED_WITH		Rheumatoid Arthritis	C0003873
HLA-DQA1 gene	C1415570	ASSOCIATED_WITH		Membranous glomerulonephritis	C0017665
HLA-DQA1 gene	C1415570	ASSOCIATED_WITH		Lupus Erythematosus, Systemic	C0024141
HLA-DQA1 gene	C1415570	ASSOCIATED_WITH		Asthma	C0004096
HLA-DQA1 gene	C1415570	ASSOCIATED_WITH		Diabetes Mellitus, Non-Insulin-Dependent	C0011860
HLA-DQA1 gene	C1415570	ASSOCIATED_WITH		Arthritis	C0003864
HLA-DQA1 gene	C1415570	ASSOCIATED_WITH		Graves Disease	C0018213
HLA-DQA1 gene	C1415570	ASSOCIATED_WITH		Hepatitis B	C0019163
HLA-DQA1 gene	C1415570	ASSOCIATED_WITH		Systemic Scleroderma	C0036421
HLA-DQA1 gene	C1415570	ASSOCIATED_WITH		Myasthenia Gravis	C0026896
HLA-DQA1 gene	C1415570	ASSOCIATED_WITH		Psoriasis	C0033860
HLA-DQA1 gene	C1415570	ASSOCIATED_WITH		Polyendocrinopathies, Autoimmune	C0085409
HLA-DQA1 gene	C1415570	ASSOCIATED_WITH		Liver Cirrhosis	C0023890
HLA-DQA1 gene	C1415570	ASSOCIATED_WITH		Narcolepsy	C0027404
HLA-DQA1 gene	C1415570	ASSOCIATED_WITH		Myositis	C0027121
HLA-DQA1 gene	C1415570	ASSOCIATED_WITH		Rheumatic Fever	C0035436
HLA-DQA1 gene	C1415570	ASSOCIATED_WITH		HIV Infections	C0019693
HLA-DQA1 gene	C1415570	ASSOCIATED_WITH		Pemphigus	C0030807
HLA-DQA1 gene	C1415570	ASSOCIATED_WITH		Aortic Aneurysm, Abdominal	C0162871
HLA-DQA1 gene	C1415570	ASSOCIATED_WITH		Brain Infarction	C0751955
HLA-DQA1 gene	C1415570	ASSOCIATED_WITH		Primary biliary cirrhosis	C0008312
HLA-DQA1 gene	C1415570	ASSOCIATED_WITH		Hemophilia A	C0019069
HLA-DQA1 gene	C1415570	ASSOCIATED_WITH		Ankylosing spondylitis	C0038013
HLA-DQA1 gene	C1415570	ASSOCIATED_WITH		Sjogren's Syndrome	C1527336
HLA-DQA1 gene	C1415570	ASSOCIATED_WITH		Autoimmune thyroiditis	C0920350
HLA-DQA1 gene	C1415570	ASSOCIATED_WITH		Vitiligo	C0042900
HLA-DQA1 gene	C1415570	ASSOCIATED_WITH		Hypertensive disease	C0020538
HLA-DQA1 gene	C1415570	ASSOCIATED_WITH		Diffuse Scleroderma	C1258104
HLA-DQA1 gene	C1415570	ASSOCIATED_WITH		Autoimmune Syndrome Type II, Polyglandular	C0085860
HLA-DQA1 gene	C1415570	ASSOCIATED_WITH		Hepatitis C	C0019196
HLA-DQA1 gene	C1415570	ASSOCIATED_WITH		Onchocerciasis	C0029001
HLA-DQA1 gene	C1415570	ASSOCIATED_WITH		Henoch-Schoenlein Purpura	C0034152
HLA-DQA1 gene	C1415570	ASSOCIATED_WITH		Chronic Fatigue Syndrome	C0015674
HLA-DQA1 gene	C1415570	ASSOCIATED_WITH		Antiphospholipid Syndrome	C0085278
HLA-DQA1 gene	C1415570	ASSOCIATED_WITH		Lupus Nephritis	C0024143
HLA-DQA1 gene	C1415570	ASSOCIATED_WITH		Toxoplasmosis, Congenital	C0040560
HLA-DQA1 gene	C1415570	ASSOCIATED_WITH		Esophageal Achalasia	C0014848
HLA-DQA1 gene	C1415570	ASSOCIATED_WITH		Leishmaniasis, Visceral	C0023290
DNASE1 gene	C1414107	ASSOCIATED_WITH		Lupus Erythematosus, Systemic	C0024141
ALDH2 gene	C1412335	ASSOCIATED_WITH		Vascular Diseases	C0042373
ALDH2 gene	C1412335	ASSOCIATED_WITH		Melanosis	C0025209
ALDH2 gene	C1412335	ASSOCIATED_WITH		Asthma	C0004096
ALDH2 gene	C1412335	ASSOCIATED_WITH		Diabetes Mellitus, Insulin-Dependent	C0011854
ALDH2 gene	C1412335	ASSOCIATED_WITH		Nonalcoholic Steatohepatitis	C3241937
ALDH2 gene	C1412335	ASSOCIATED_WITH		Non-alcoholic Fatty Liver Disease	C0400966
ALDH2 gene	C1412335	ASSOCIATED_WITH		Alcohol Related Disorders	C0236664
ALDH2 gene	C1412335	ASSOCIATED_WITH		Parkinson Disease	C0030567
ALDH2 gene	C1412335	ASSOCIATED_WITH		Liver Cirrhosis, Alcoholic	C0023891
ALDH2 gene	C1412335	ASSOCIATED_WITH		Alzheimer's Disease	C0002395
ALDH2 gene	C1412335	ASSOCIATED_WITH		Liver diseases	C0023895
ALDH2 gene	C1412335	ASSOCIATED_WITH		Diabetes Mellitus, Non-Insulin-Dependent	C0011860
ALDH2 gene	C1412335	ASSOCIATED_WITH		Myocardial Infarction	C0027051
ALDH2 gene	C1412335	ASSOCIATED_WITH		Hypertensive disease	C0020538
SLC52A1 gene	C1539608	ASSOCIATED_WITH		Riboflavin Deficiency	C0035528
SLC52A2 gene	C1539607	ASSOCIATED_WITH		Sensorineural Hearing Loss (disorder)	C0018784
ARSB gene	C1412554	ASSOCIATED_WITH		Leukodystrophy, Metachromatic	C0023522
ARSB gene	C1412554	ASSOCIATED_WITH		Mucopolysaccharidosis VI	C0026709
GLB1 gene	C1415090	ASSOCIATED_WITH		Spondyloepiphyseal Dysplasia	C0038015
GLB1 gene	C1415090	ASSOCIATED_WITH		Dermatitis, Atopic	C0011615
GLB1 gene	C1415090	ASSOCIATED_WITH		Mucopolysaccharidosis IV	C0026707
GLB1 gene	C1415090	ASSOCIATED_WITH		Mucopolysaccharidosis type IVB	C0086652
GLB1 gene	C1415090	ASSOCIATED_WITH		Gangliosidosis GM1	C0085131
GLB1 gene	C1415090	ASSOCIATED_WITH		Gangliosidosis, Generalized GM1, Type 3	C0268273
GLB1 gene	C1415090	ASSOCIATED_WITH		Gangliosidosis, Generalized GM1, Type 2	C0268272
GLB1 gene	C1415090	ASSOCIATED_WITH		Gangliosidosis, Generalized GM1, Type 1 (disorder)	C0268271
GNS gene	C1415172	ASSOCIATED_WITH		Mucopolysaccharidosis III	C0026706
GNS gene	C1415172	ASSOCIATED_WITH		MPS III D	C0086650
GUSB gene	C1439345	ASSOCIATED_WITH		Hydrops Fetalis, Non-Immune	C0455988
GUSB gene	C1439345	ASSOCIATED_WITH		Mucopolysaccharidosis VII	C0085132
HGSNAT gene	C1825466	ASSOCIATED_WITH		Retinitis Pigmentosa	C0035334
HGSNAT gene	C1825466	ASSOCIATED_WITH		Mucopolysaccharidosis III	C0026706
HGSNAT gene	C1825466	ASSOCIATED_WITH		MPS III C	C0086649
IDUA gene	C1442485	ASSOCIATED_WITH		Mucopolysaccharidosis, MPS-IV-A	C0086651
IDUA gene	C1442485	ASSOCIATED_WITH		Mucopolysaccharidosis II	C0026705
IDUA gene	C1442485	ASSOCIATED_WITH		Mucopolysaccharidoses	C0026703
IDUA gene	C1442485	ASSOCIATED_WITH		Hurler-Scheie Syndrome	C0086431
IDUA gene	C1442485	ASSOCIATED_WITH		Mucopolysaccharidosis V	C0026708
IDUA gene	C1442485	ASSOCIATED_WITH		Pfaundler-Hurler Syndrome	C0086795
IDUA gene	C1442485	ASSOCIATED_WITH		Mucopolysaccharidosis I	C0023786
MAPK10 gene	C1334478	ASSOCIATED_WITH		Epileptic encephalopathy	C0543888
VWA1 gene	C1823652	ASSOCIATED_WITH		Neuromuscular Diseases	C0027868
GJB2 gene	C1415077	ASSOCIATED_WITH		Ichthyoses	C0020757
GJB2 gene	C1415077	ASSOCIATED_WITH		Keratitis	C0022568
GJB2 gene	C1415077	ASSOCIATED_WITH		Psoriasis	C0033860
GJB2 gene	C1415077	ASSOCIATED_WITH		Sensorineural hearing loss, bilateral	C0452138
GJB2 gene	C1415077	ASSOCIATED_WITH		Nonsyndromic Deafness	C3711374
GJB2 gene	C1415077	ASSOCIATED_WITH		Palmoplantar Keratoderma with Deafness	C1835672
GJB2 gene	C1415077	ASSOCIATED_WITH		Sensorineural Hearing Loss (disorder)	C0018784
GJB3 gene	C1415078	ASSOCIATED_WITH		Skin Diseases, Genetic	C0037277
GJB3 gene	C1415078	ASSOCIATED_WITH		Peripheral Neuropathy	C0031117
GJB3 gene	C1415078	ASSOCIATED_WITH		Dermatologic disorders	C0037274
GJB3 gene	C1415078	ASSOCIATED_WITH		Nonsyndromic Deafness	C3711374
GJB3 gene	C1415078	ASSOCIATED_WITH		Sensorineural Hearing Loss (disorder)	C0018784
GJB3 gene	C1415078	ASSOCIATED_WITH		Erythrokeratodermia variabilis	C0265961
GJB3 gene	C1415078	ASSOCIATED_WITH		Greither Disease	C1851480
ARG1 gene	C1412515	ASSOCIATED_WITH		Asthma	C0004096
ARG1 gene	C1412515	ASSOCIATED_WITH		Hyperargininemia	C0268548
MMACHC gene	C1826260	ASSOCIATED_WITH		Atypical Hemolytic Uremic Syndrome	C2931788
MMACHC gene	C1826260	ASSOCIATED_WITH		Homocystinuria	C0019880
MTHFR gene	C0919427	ASSOCIATED_WITH		Neutropenia	C0027947
MTHFR gene	C0919427	ASSOCIATED_WITH		Leukopenia	C0023530
MTHFR gene	C0919427	ASSOCIATED_WITH		Graves Disease	C0018213
MTHFR gene	C0919427	ASSOCIATED_WITH		Graft-vs-Host Disease	C0018133
MTHFR gene	C0919427	ASSOCIATED_WITH		Angle Closure Glaucoma	C0017605
MTHFR gene	C0919427	ASSOCIATED_WITH		Amyotrophic Lateral Sclerosis	C0002736
MTHFR gene	C0919427	ASSOCIATED_WITH		Ankylosing spondylitis	C0038013
MTHFR gene	C0919427	ASSOCIATED_WITH		Nonalcoholic Steatohepatitis	C3241937
MTHFR gene	C0919427	ASSOCIATED_WITH		Hepatitis B	C0019163
MTHFR gene	C0919427	ASSOCIATED_WITH		Hepatic Vein Thrombosis	C0019154
MTHFR gene	C0919427	ASSOCIATED_WITH		Glaucoma, Open-Angle	C0017612
MTHFR gene	C0919427	ASSOCIATED_WITH		Asthma	C0004096
MTHFR gene	C0919427	ASSOCIATED_WITH		Liver Cirrhosis	C0023890
MTHFR gene	C0919427	ASSOCIATED_WITH		Peripheral Arterial Diseases	C1704436
MTHFR gene	C0919427	ASSOCIATED_WITH		Malnutrition	C0162429
MTHFR gene	C0919427	ASSOCIATED_WITH		Carotid Stenosis	C0007282
MTHFR gene	C0919427	ASSOCIATED_WITH		nervous system disorder	C0027765
MTHFR gene	C0919427	ASSOCIATED_WITH		Fatty Liver	C0015695
MTHFR gene	C0919427	ASSOCIATED_WITH		Anemia	C0002871
MTHFR gene	C0919427	ASSOCIATED_WITH		Dementia, Vascular	C0011269
MTHFR gene	C0919427	ASSOCIATED_WITH		Kidney Diseases	C0022658
MTHFR gene	C0919427	ASSOCIATED_WITH		Anemia, Sickle Cell	C0002895
MTHFR gene	C0919427	ASSOCIATED_WITH		Parkinson Disease	C0030567
MTHFR gene	C0919427	ASSOCIATED_WITH		Atherosclerosis	C0004153
MTHFR gene	C0919427	ASSOCIATED_WITH		Kidney Failure	C0035078
MTHFR gene	C0919427	ASSOCIATED_WITH		Inflammatory Bowel Diseases	C0021390
MTHFR gene	C0919427	ASSOCIATED_WITH		Portal vein thrombosis	C0155773
MTHFR gene	C0919427	ASSOCIATED_WITH	["32872442_fullText_126","32872442_fullText_179"]	Hyperhomocysteinemia	C0598608
MTHFR gene	C0919427	ASSOCIATED_WITH		Thromboembolism	C0040038
MTHFR gene	C0919427	ASSOCIATED_WITH		Cerebrovascular accident	C0038454
MTHFR gene	C0919427	ASSOCIATED_WITH		Cardiovascular Diseases	C0007222
MTHFR gene	C0919427	ASSOCIATED_WITH		Coronary Arteriosclerosis	C0010054
MTHFR gene	C0919427	ASSOCIATED_WITH		Thrombophilia	C0398623
MTHFR gene	C0919427	ASSOCIATED_WITH		Down Syndrome	C0013080
MTHFR gene	C0919427	ASSOCIATED_WITH		Male infertility	C0021364
MTHFR gene	C0919427	ASSOCIATED_WITH		Rheumatoid Arthritis	C0003873
MTHFR gene	C0919427	ASSOCIATED_WITH		Migraine Disorders	C0149931
MTHFR gene	C0919427	ASSOCIATED_WITH		Coronary heart disease	C0010068
MTHFR gene	C0919427	ASSOCIATED_WITH		Non-alcoholic Fatty Liver Disease	C0400966
MTHFR gene	C0919427	ASSOCIATED_WITH		Vascular Diseases	C0042373
MTHFR gene	C0919427	ASSOCIATED_WITH		Diabetes Mellitus, Non-Insulin-Dependent	C0011860
MTHFR gene	C0919427	ASSOCIATED_WITH		Myocardial Infarction	C0027051
MTHFR gene	C0919427	ASSOCIATED_WITH		Alzheimer's Disease	C0002395
MTHFR gene	C0919427	ASSOCIATED_WITH		Retinal Vein Occlusion	C0035328
MTHFR gene	C0919427	ASSOCIATED_WITH		Kidney Failure, Chronic	C0022661
MTHFR gene	C0919427	ASSOCIATED_WITH		Diabetic Retinopathy	C0011884
MTHFR gene	C0919427	ASSOCIATED_WITH		Myocardial Ischemia	C0151744
MTHFR gene	C0919427	ASSOCIATED_WITH		Cerebral Infarction	C0007785
MTHFR gene	C0919427	ASSOCIATED_WITH		Migraine with Aura	C0154723
MTHFR gene	C0919427	ASSOCIATED_WITH		Pulmonary Embolism	C0034065
MTHFR gene	C0919427	ASSOCIATED_WITH		Aortic Aneurysm, Abdominal	C0162871
HPX gene	C1415712	ASSOCIATED_WITH		Kidney Failure, Acute	C0022660
NCR3 gene	C1425993	ASSOCIATED_WITH		Malaria	C0024530
CD226 gene	C1424664	ASSOCIATED_WITH		Endometriosis	C0014175
CD226 gene	C1424664	ASSOCIATED_WITH		Lupus Erythematosus, Systemic	C0024141
PIGM gene	C1425829	ASSOCIATED_WITH		GLYCOSYLPHOSPHATIDYLINOSITOL BIOSYNTHESIS DEFECT 1	C5201145
GALNT3 gene	C1414953	ASSOCIATED_WITH		Hyperphosphatemia (disorder)	C0085681
GALNT3 gene	C1414953	ASSOCIATED_WITH		TUMORAL CALCINOSIS, HYPERPHOSPHATEMIC, FAMILIAL	C1876187
SLC35D1 gene	C1427133	ASSOCIATED_WITH		Schneckenbecken dysplasia	C0432194
LFNG gene	C1416828	ASSOCIATED_WITH		Jarcho-Levin syndrome	C0265343
B3GALTL gene	C1825855	ASSOCIATED_WITH		Krause-Kivlin syndrome	C0796012
F9 gene	C1366464	ASSOCIATED_WITH		Thrombophilia, X-Linked, Due To Factor Ix Defect	C2749016
F9 gene	C1366464	ASSOCIATED_WITH		Hemophilia A	C0019069
F9 gene	C1366464	ASSOCIATED_WITH		Hemophilia B	C0008533
MIB1 gene	C1537692	ASSOCIATED_WITH		Left ventricular noncompaction	C1960469
ERBB4 gene	C0812267	ASSOCIATED_WITH		Frontotemporal dementia	C0338451
ERBB4 gene	C0812267	ASSOCIATED_WITH		Amyotrophic Lateral Sclerosis	C0002736
IFNL1 gene	C1425473	ASSOCIATED_WITH		Severe Dengue	C0019100
IFNL1 gene	C1425473	ASSOCIATED_WITH		COVID-19 Virus Disease	C5203670
IFNL1 gene	C1425473	ASSOCIATED_WITH		Hepatitis C	C0019196
AQP1 gene	C1412491	ASSOCIATED_WITH		Hypertensive disease	C0020538
AQP1 gene	C1412491	ASSOCIATED_WITH		Autosomal Recessive Polycystic Kidney Disease	C0085548
AQP1 gene	C1412491	ASSOCIATED_WITH		Pulmonary arterial hypertension	C2973725
GNAT1 gene	C1415148	ASSOCIATED_WITH		Retinal Dystrophies	C0854723
GNAT1 gene	C1415148	ASSOCIATED_WITH		Oguchi disease	C1306122
GNAT1 gene	C1415148	ASSOCIATED_WITH		Night Blindness	C0028077
GNAT1 gene	C1415148	ASSOCIATED_WITH		Retinitis Pigmentosa	C0035334
AKR1C1 gene	C1412324	ASSOCIATED_WITH		Polycystic Ovary Syndrome	C0032460
AKR1C1 gene	C1412324	ASSOCIATED_WITH		Endometriosis	C0014175
PRKCSH gene	C1418927	ASSOCIATED_WITH		Polycystic Kidney Diseases	C0022680
PRKCSH gene	C1418927	ASSOCIATED_WITH		Polycystic Kidney, Type 1 Autosomal Dominant Disease	C0887850
LMAN1 gene	C1416874	ASSOCIATED_WITH		Hemophilia A	C0019069
SEC23A gene	C1419925	ASSOCIATED_WITH		Craniolenticulosutural Dysplasia	C1843042
ATP6V1B1 gene	C1412673	ASSOCIATED_WITH		Nephrocalcinosis	C0027709
ATP6V1B1 gene	C1412673	ASSOCIATED_WITH		Nephrolithiasis	C0392525
ATP6V1B1 gene	C1412673	ASSOCIATED_WITH		Distal Renal Tubular Acidosis	C1704380
ATP6V1B1 gene	C1412673	ASSOCIATED_WITH		Renal tubular acidosis	C0001126
SREBF1 gene	C1420398	ASSOCIATED_WITH		Hirschsprung Disease	C0019569
SREBF1 gene	C1420398	ASSOCIATED_WITH		Myocardial Ischemia	C0151744
SREBF1 gene	C1420398	ASSOCIATED_WITH		Coronary heart disease	C0010068
SREBF1 gene	C1420398	ASSOCIATED_WITH		Coronary Arteriosclerosis	C0010054
SREBF1 gene	C1420398	ASSOCIATED_WITH		Fatty Liver, Alcoholic	C0015696
SREBF1 gene	C1420398	ASSOCIATED_WITH		Nonalcoholic Steatohepatitis	C3241937
SREBF1 gene	C1420398	ASSOCIATED_WITH		Metabolic Diseases	C0025517
SREBF1 gene	C1420398	ASSOCIATED_WITH		Obesity	C0028754
SREBF1 gene	C1420398	ASSOCIATED_WITH		Non-alcoholic Fatty Liver Disease	C0400966
SREBF1 gene	C1420398	ASSOCIATED_WITH		Fatty Liver	C0015695
SREBF1 gene	C1420398	ASSOCIATED_WITH		Diabetes Mellitus, Non-Insulin-Dependent	C0011860
EOGT gene	C1824159	ASSOCIATED_WITH		Adams Oliver syndrome	C0265268
EOGT gene	C1824159	ASSOCIATED_WITH		ADAMS-OLIVER SYNDROME 4	C3809092
B4GALT7 gene	C1412725	ASSOCIATED_WITH		Ehlers-Danlos Syndrome	C0013720
PIGO gene	C1427994	ASSOCIATED_WITH		Hyperphosphatasemia with intellectual disability	C1855923
PIGO gene	C1427994	ASSOCIATED_WITH		HYPERPHOSPHATASIA WITH IMPAIRED INTELLECTUAL DEVELOPMENT SYNDROME 2	C3553637
TEAD1 gene	C1420679	ASSOCIATED_WITH		SVEINSSON CHORIORETINAL ATROPHY	C1862382
C4orf6 gene	C1540046	ASSOCIATED_WITH		Arthritis, Psoriatic	C0003872
C4orf6 gene	C1540046	ASSOCIATED_WITH		Candidiasis, Chronic Mucocutaneous	C0006845
C4orf6 gene	C1540046	ASSOCIATED_WITH		Psoriasis	C0033860
IFNAR1 gene	C1334081	ASSOCIATED_WITH		Virus Diseases	C0042769
IFNAR1 gene	C1334081	ASSOCIATED_WITH		Hepatitis C	C0019196
RNASEH2A gene	C1425573	ASSOCIATED_WITH		AICARDI-GOUTIERES SYNDROME	C0393591
PSAP gene	C1418975	ASSOCIATED_WITH		Metachromatic Leukodystrophy, Infant	C0751278
PSAP gene	C1418975	ASSOCIATED_WITH		PARKINSON DISEASE, LATE-ONSET	C3160718
PSAP gene	C1418975	ASSOCIATED_WITH		Globoid cell leukodystrophy	C0023521
PSAP gene	C1418975	ASSOCIATED_WITH		Leukodystrophy, Metachromatic	C0023522
MICA gene	C1417162	ASSOCIATED_WITH		Oral Submucous Fibrosis	C0029172
C4A gene	C1412999	ASSOCIATED_WITH		Behcet Syndrome	C0004943
C4A gene	C1412999	ASSOCIATED_WITH		Immunologic Deficiency Syndromes	C0021051
C4A gene	C1412999	ASSOCIATED_WITH		Vitiligo	C0042900
C4A gene	C1412999	ASSOCIATED_WITH		Graves Disease	C0018213
C4A gene	C1412999	ASSOCIATED_WITH		Lupus Erythematosus, Systemic	C0024141
ELN gene	C1414382	ASSOCIATED_WITH		Muscular Dystrophy, Facioscapulohumeral	C0238288
ELN gene	C1414382	ASSOCIATED_WITH		Myocardial Ischemia	C0151744
ELN gene	C1414382	ASSOCIATED_WITH		Dermatitis Herpetiformis	C0011608
ELN gene	C1414382	ASSOCIATED_WITH		Aortic Valve Stenosis	C0003507
ELN gene	C1414382	ASSOCIATED_WITH		Systemic Scleroderma	C0036421
ELN gene	C1414382	ASSOCIATED_WITH		Varicosity	C0042345
ELN gene	C1414382	ASSOCIATED_WITH		Pulmonary Fibrosis	C0034069
ELN gene	C1414382	ASSOCIATED_WITH		Giant Cell Arteritis	C0039483
ELN gene	C1414382	ASSOCIATED_WITH		Exudative age-related macular degeneration	C0271084
ELN gene	C1414382	ASSOCIATED_WITH		Pseudoxanthoma Elasticum	C0033847
ELN gene	C1414382	ASSOCIATED_WITH		Hypertensive disease	C0020538
ELN gene	C1414382	ASSOCIATED_WITH		Aneurysm	C0002940
ELN gene	C1414382	ASSOCIATED_WITH		Cutis Laxa, Autosomal Dominant	C0268350
ELN gene	C1414382	ASSOCIATED_WITH		Aortic Aneurysm, Abdominal	C0162871
ELN gene	C1414382	ASSOCIATED_WITH		Aortic Aneurysm	C0003486
ELN gene	C1414382	ASSOCIATED_WITH		Chronic Obstructive Airway Disease	C0024117
ELN gene	C1414382	ASSOCIATED_WITH		Cutis Laxa	C0010495
ELN gene	C1414382	ASSOCIATED_WITH		Supravalvular aortic stenosis	C0003499
ELN gene	C1414382	ASSOCIATED_WITH		Williams Syndrome	C0175702
FBLN5 gene	C1414541	ASSOCIATED_WITH		Charcot-Marie-Tooth Disease	C0007959
FBLN5 gene	C1414541	ASSOCIATED_WITH		Cutis Laxa, Autosomal Dominant	C0268350
FBLN5 gene	C1414541	ASSOCIATED_WITH		Aneurysm	C0002940
FBLN5 gene	C1414541	ASSOCIATED_WITH		Age related macular degeneration	C0242383
FBLN5 gene	C1414541	ASSOCIATED_WITH		Cutis Laxa, Autosomal Recessive, Type I	C0268351
FBLN5 gene	C1414541	ASSOCIATED_WITH		Cutis Laxa	C0010495
EFEMP2 gene	C1414298	ASSOCIATED_WITH		Ruptured abdominal aortic aneurysm	C0265012
EFEMP2 gene	C1414298	ASSOCIATED_WITH		Thoracoabdominal aortic aneurysm, ruptured	C1305122
EFEMP2 gene	C1414298	ASSOCIATED_WITH		Cutis Laxa, Autosomal Recessive, Type I	C0268351
EFEMP2 gene	C1414298	ASSOCIATED_WITH		Aortic Aneurysm	C0003486
EFEMP2 gene	C1414298	ASSOCIATED_WITH		Cutis Laxa	C0010495
TCAP gene	C1420621	ASSOCIATED_WITH		Cardiomyopathies	C0878544
TCAP gene	C1420621	ASSOCIATED_WITH		Hypertrophic Cardiomyopathy	C0007194
TCAP gene	C1420621	ASSOCIATED_WITH		Cardiomyopathy, Dilated	C0007193
TCAP gene	C1420621	ASSOCIATED_WITH		Muscular Dystrophy	C0026850
MAP2K1 gene	C1334474	ASSOCIATED_WITH		Heart failure	C0018801
MAP2K1 gene	C1334474	ASSOCIATED_WITH		Congestive heart failure	C0018802
MAP2K1 gene	C1334474	ASSOCIATED_WITH		LEOPARD Syndrome	C0175704
MAP2K1 gene	C1334474	ASSOCIATED_WITH		Noonan Syndrome	C0028326
MAP2K1 gene	C1334474	ASSOCIATED_WITH		Melorheostosis	C0025239
RAF1 gene	C0812215	ASSOCIATED_WITH		Noonan Syndrome 5	C1969057
RAF1 gene	C0812215	ASSOCIATED_WITH		Cardiomyopathy, Dilated	C0007193
RAF1 gene	C0812215	ASSOCIATED_WITH		Hypertrophic Cardiomyopathy	C0007194
RAF1 gene	C0812215	ASSOCIATED_WITH		LEOPARD Syndrome	C0175704
RAF1 gene	C0812215	ASSOCIATED_WITH		Noonan Syndrome	C0028326
AKT2 gene	C0812230	ASSOCIATED_WITH		Familial partial lipodystrophy	C0271694
AKT2 gene	C0812230	ASSOCIATED_WITH		Hypoglycemia	C0020615
AKT2 gene	C0812230	ASSOCIATED_WITH		Diabetes Mellitus, Non-Insulin-Dependent	C0011860
XPC gene	C1421540	ASSOCIATED_WITH		Xeroderma pigmentosum, group A	C0268135
AAAS gene	C1422135	ASSOCIATED_WITH		Esophageal Achalasia	C0014848
AAAS gene	C1422135	ASSOCIATED_WITH		Glucocorticoid deficiency with achalasia	C0271742
BANF1 gene	C1424954	ASSOCIATED_WITH		NESTOR-GUILLERMO PROGERIA SYNDROME	C3151446
NR1H2 gene	C1417823	ASSOCIATED_WITH		Obesity	C0028754
NR1H2 gene	C1417823	ASSOCIATED_WITH		Diabetes Mellitus, Non-Insulin-Dependent	C0011860
LEMD3 gene	C1537562	ASSOCIATED_WITH		Osteopoikilosis (disorder)	C0029455
LEMD3 gene	C1537562	ASSOCIATED_WITH		Dermatofibrosis lenticularis disseminata	C0265514
RP1L1 gene	C1423850	ASSOCIATED_WITH		Retinal Dystrophies	C0854723
RP1L1 gene	C1423850	ASSOCIATED_WITH		Retinitis Pigmentosa	C0035334
RP1L1 gene	C1423850	ASSOCIATED_WITH		OCCULT MACULAR DYSTROPHY	C3150833
RP1L1 gene	C1423850	ASSOCIATED_WITH	["35205402_fullText_36"]	Spastic syndrome	C0270814
TULP1 gene	C1421241	ASSOCIATED_WITH		Amaurosis congenita of Leber, type 1	C2931258
TULP1 gene	C1421241	ASSOCIATED_WITH		Retinal Dystrophies	C0854723
TULP1 gene	C1421241	ASSOCIATED_WITH		Retinal Degeneration	C0035304
TULP1 gene	C1421241	ASSOCIATED_WITH		Leber Congenital Amaurosis	C0339527
TULP1 gene	C1421241	ASSOCIATED_WITH		Retinitis Pigmentosa	C0035334
RP1 gene	C1419605	ASSOCIATED_WITH		Retinal Dystrophies	C0854723
RP1 gene	C1419605	ASSOCIATED_WITH		RETINITIS PIGMENTOSA 1	C0220701
RP1 gene	C1419605	ASSOCIATED_WITH		Retinitis Pigmentosa	C0035334
INS gene	C1337112	ASSOCIATED_WITH		Lewy Body Disease	C0752347
INS gene	C1337112	ASSOCIATED_WITH		Cystic kidney	C0022679
INS gene	C1337112	ASSOCIATED_WITH		Chronic Persistent Hepatitis	C0149519
INS gene	C1337112	ASSOCIATED_WITH		22q13.3 Deletion Syndrome	C1853490
INS gene	C1337112	ASSOCIATED_WITH		Liver Failure, Acute	C0162557
INS gene	C1337112	ASSOCIATED_WITH		Diabetes Mellitus	C0011849
INS gene	C1337112	ASSOCIATED_WITH		Diabetes Mellitus, Non-Insulin-Dependent	C0011860
INS gene	C1337112	ASSOCIATED_WITH		Diabetes Mellitus, Insulin-Dependent	C0011854
INS gene	C1337112	ASSOCIATED_WITH		Obesity	C0028754
INS gene	C1337112	ASSOCIATED_WITH		Hyperglycemia	C0020456
INS gene	C1337112	ASSOCIATED_WITH		Hyperinsulinism	C0020459
INS gene	C1337112	ASSOCIATED_WITH		Impaired glucose tolerance	C0271650
INS gene	C1337112	ASSOCIATED_WITH		Metabolic Diseases	C0025517
INS gene	C1337112	ASSOCIATED_WITH		Hypertensive disease	C0020538
INS gene	C1337112	ASSOCIATED_WITH		Alzheimer's Disease	C0002395
INS gene	C1337112	ASSOCIATED_WITH		Diabetic Ketoacidosis	C0011880
INS gene	C1337112	ASSOCIATED_WITH		Diabetic Retinopathy	C0011884
INS gene	C1337112	ASSOCIATED_WITH		Fatty Liver	C0015695
INS gene	C1337112	ASSOCIATED_WITH		Kidney Diseases	C0022658
INS gene	C1337112	ASSOCIATED_WITH		Hypoglycemia	C0020615
INS gene	C1337112	ASSOCIATED_WITH		Metabolic Syndrome X	C0524620
INS gene	C1337112	ASSOCIATED_WITH		Polycystic Ovary Syndrome	C0032460
INS gene	C1337112	ASSOCIATED_WITH		Non-alcoholic Fatty Liver Disease	C0400966
INS gene	C1337112	ASSOCIATED_WITH		Heart failure	C0018801
INS gene	C1337112	ASSOCIATED_WITH		Neonatal diabetes mellitus	C0158981
INS gene	C1337112	ASSOCIATED_WITH		Congestive heart failure	C0018802
INS gene	C1337112	ASSOCIATED_WITH		Diabetic Nephropathy	C0011881
INS gene	C1337112	ASSOCIATED_WITH		Parkinson Disease	C0030567
INS gene	C1337112	ASSOCIATED_WITH		Pancreatitis	C0030305
INS gene	C1337112	ASSOCIATED_WITH		Liver diseases	C0023895
INS gene	C1337112	ASSOCIATED_WITH		Diabetic Cardiomyopathies	C0853897
INS gene	C1337112	ASSOCIATED_WITH		Diabetes Mellitus, Ketosis-Prone	C3837958
INS gene	C1337112	ASSOCIATED_WITH		Hepatitis, Chronic	C0019189
INS gene	C1337112	ASSOCIATED_WITH		Nonalcoholic Steatohepatitis	C3241937
INS gene	C1337112	ASSOCIATED_WITH		Kidney Failure	C0035078
INS gene	C1337112	ASSOCIATED_WITH		Cardiac Arrest	C0018790
INS gene	C1337112	ASSOCIATED_WITH		Hypertrophic Cardiomyopathy	C0007194
INS gene	C1337112	ASSOCIATED_WITH		Myopathy	C0026848
INS gene	C1337112	ASSOCIATED_WITH		Kidney Failure, Acute	C0022660
INS gene	C1337112	ASSOCIATED_WITH		Fatty Liver, Alcoholic	C0015696
PARS2 gene	C1826544	ASSOCIATED_WITH		Mitochondrial Diseases	C0751651
ST3GAL3 gene	C1539861	ASSOCIATED_WITH		Infantile spasms	C0037769
PRKAA1 gene	C1418897	ASSOCIATED_WITH		Impaired glucose tolerance	C0271650
PRKAA1 gene	C1418897	ASSOCIATED_WITH		Huntington Disease	C0020179
STK11 gene	C0694883	ASSOCIATED_WITH		Left Ventricular Hypertrophy	C0149721
STK11 gene	C0694883	ASSOCIATED_WITH		Hypertensive disease	C0020538
DOCK6 gene	C1426077	ASSOCIATED_WITH		Osteitis Deformans	C0029401
DOCK6 gene	C1426077	ASSOCIATED_WITH		Adams Oliver syndrome	C0265268
ST6GAL1 gene	C1539865	ASSOCIATED_WITH		Diabetes Mellitus, Non-Insulin-Dependent	C0011860
GOSR2 gene	C1415180	ASSOCIATED_WITH		Myoclonic Epilepsies, Progressive	C0751778
GOSR2 gene	C1415180	ASSOCIATED_WITH	["34943782_fullText_202"]	Cardiovascular Diseases	C0007222
GOSR2 gene	C1415180	CAUSES	["34943782_fullText_203"]	Myoclonic Epilepsies, Progressive	C0751778
TRIP11 gene	C1421146	ASSOCIATED_WITH		Spondylometaphyseal dysplasia with dentinogenesis imperfecta	C2745953
TRIP11 gene	C1421146	CAUSES	["32629928_fullText_101"]	Skeletal dysplasia	C0410528
TRIP11 gene	C1421146	CAUSES	["32629928_fullText_107"]	Hereditary Diseases	C0019247
GOLGB1 gene	C1415178	CAUSES	["32629928_fullText_111"]	Cleft Palate	C0008925
CCL13 gene	C1332677	ASSOCIATED_WITH		Multiple Sclerosis	C0026769
SCFD1 gene	C1427098	ASSOCIATED_WITH		Amyotrophic Lateral Sclerosis	C0002736
SNAP29 gene	C1420271	ASSOCIATED_WITH		Cerebral dysgenesis, neuropathy, ichthyosis, and palmoplantar keratoderma syndrome	C1836033
SNAP29 gene	C1420271	ASSOCIATED_WITH	["32629928_fullText_211"]	Cerebral dysgenesis	C0456144
SNAP29 gene	C1420271	ASSOCIATED_WITH	["32629928_fullText_211"]	Neuropathy	C0442874
SNAP29 gene	C1420271	ASSOCIATED_WITH	["32629928_fullText_211"]	Ichthyoses	C0020757
KIAA0226 gene	C1537447	ASSOCIATED_WITH		Ataxia, Spinocerebellar	C0087012
HCFC1 gene	C1415493	ASSOCIATED_WITH		Mental Retardation, X-Linked	C1136249
GABPA gene	C1414905	ASSOCIATED_WITH		Fetal Alcohol Syndrome	C0015923
GABPA gene	C1414905	ASSOCIATED_WITH		Fetal Alcohol Spectrum Disorders	C2985290
TRAPPC2 gene	C1427889	ASSOCIATED_WITH		Osteochondrodysplasias	C0029422
TRAPPC2 gene	C1427889	ASSOCIATED_WITH		Spondyloepiphyseal Dysplasia	C0038015
TRAPPC2 gene	C1427889	ASSOCIATED_WITH		Spondyloepiphyseal Dysplasia Tarda, X-Linked	C3541456
NRF1 gene	C1417846	ASSOCIATED_WITH		Amyotrophic Lateral Sclerosis	C0002736
NRF1 gene	C1417846	ASSOCIATED_WITH		Huntington Disease	C0020179
LHFPL5 gene	C1427457	ASSOCIATED_WITH		Sensorineural hearing loss, bilateral	C0452138
KCNJ2 gene	C1416584	ASSOCIATED_WITH		Brugada Syndrome (disorder)	C1142166
KCNJ2 gene	C1416584	ASSOCIATED_WITH		Tachycardia, Ventricular	C0042514
KCNJ2 gene	C1416584	ASSOCIATED_WITH		Congenital long QT syndrome	C1141890
KCNJ2 gene	C1416584	ASSOCIATED_WITH		Ventricular Fibrillation	C0042510
KCNJ2 gene	C1416584	ASSOCIATED_WITH		Long QT Syndrome	C0023976
KCNJ2 gene	C1416584	ASSOCIATED_WITH		Familial Periodic Paralysis	C0030443
KCNJ2 gene	C1416584	ASSOCIATED_WITH		Atrial Fibrillation	C0004238
KCNJ2 gene	C1416584	ASSOCIATED_WITH		Short Qt Syndrome	C2348199
KCNJ2 gene	C1416584	ASSOCIATED_WITH		Andersen Syndrome	C1563715
RBM10 gene	C1419296	ASSOCIATED_WITH		TARP syndrome	C1839463
SOS1 gene	C1420314	ASSOCIATED_WITH		Pulmonary Stenosis	C1956257
SOS1 gene	C1420314	ASSOCIATED_WITH		Cardiomyopathy, Dilated	C0007193
SOS1 gene	C1420314	ASSOCIATED_WITH		Pulmonary Valve Stenosis	C0034089
SOS1 gene	C1420314	ASSOCIATED_WITH		Noonan Syndrome	C0028326
SOS1 gene	C1420314	ASSOCIATED_WITH		Hereditary gingival fibromatosis	C0399440
TBX20 gene	C1420609	ASSOCIATED_WITH		Left ventricular noncompaction	C1960469
TBX20 gene	C1420609	ASSOCIATED_WITH		Heart failure	C0018801
TBX20 gene	C1420609	ASSOCIATED_WITH		Congestive heart failure	C0018802
TBX20 gene	C1420609	ASSOCIATED_WITH		Congenital heart disease	C0152021
TBX20 gene	C1420609	ASSOCIATED_WITH		Cardiomyopathy, Dilated	C0007193
TLL1 gene	C1420758	ASSOCIATED_WITH		Coronary heart disease	C0010068
TLL1 gene	C1420758	ASSOCIATED_WITH		Coronary Arteriosclerosis	C0010054
TLL1 gene	C1420758	ASSOCIATED_WITH		Congenital heart disease	C0152021
GATA4 gene	C1414995	ASSOCIATED_WITH		Congenital atresia of pulmonary valve	C0242855
GATA4 gene	C1414995	ASSOCIATED_WITH		Atrial Fibrillation	C0004238
GATA4 gene	C1414995	ASSOCIATED_WITH		Cardiomyopathy, Dilated	C0007193
GATA4 gene	C1414995	ASSOCIATED_WITH		Myocardial Infarction	C0027051
GATA4 gene	C1414995	ASSOCIATED_WITH		Congenital heart disease	C0152021
TBX5 gene	C1420615	ASSOCIATED_WITH		Cardiomyopathy, Dilated	C0007193
TBX5 gene	C1420615	ASSOCIATED_WITH		Atrial Fibrillation	C0004238
TBX5 gene	C1420615	ASSOCIATED_WITH		Holt-Oram syndrome	C0265264
CRELD1 gene	C1422802	ASSOCIATED_WITH		Congenital heart disease	C0152021
JAG1 gene	C1416525	ASSOCIATED_WITH		Retinal Dystrophies	C0854723
JAG1 gene	C1416525	ASSOCIATED_WITH		Eye Abnormalities	C0015393
JAG1 gene	C1416525	ASSOCIATED_WITH		Multiple Sclerosis	C0026769
JAG1 gene	C1416525	ASSOCIATED_WITH		Alagille Syndrome 1	C1956125
JAG1 gene	C1416525	ASSOCIATED_WITH		Hepatic ductular hypoplasia	C2930797
PDSS1 gene	C1843919	ASSOCIATED_WITH		COENZYME Q10 DEFICIENCY	C1843920
HMBS gene	C1415597	ASSOCIATED_WITH		Acute intermittent porphyria	C0162565
HMBS gene	C1415597	ASSOCIATED_WITH		Chester-type porphyria	C0268322
PITX3 gene	C1418597	ASSOCIATED_WITH		Posterior subcapsular cataract	C0858617
PITX3 gene	C1418597	ASSOCIATED_WITH		Other cataract	C0029531
PITX3 gene	C1418597	ASSOCIATED_WITH		Anterior segment mesenchymal dysgenesis	C1862839
IGFBP1 gene	C1334092	ASSOCIATED_WITH		Liver Cirrhosis	C0023890
IGFBP1 gene	C1334092	ASSOCIATED_WITH		Kidney Failure, Acute	C0022660
IGFBP1 gene	C1334092	ASSOCIATED_WITH		Endometriosis	C0014175
SERPINC1 gene	C1412610	ASSOCIATED_WITH		Liver Failure, Acute	C0162557
SERPINC1 gene	C1412610	ASSOCIATED_WITH		Cerebral Thrombosis	C0079102
SERPINC1 gene	C1412610	ASSOCIATED_WITH		Angina, Unstable	C0002965
SERPINC1 gene	C1412610	ASSOCIATED_WITH		Respiratory Distress Syndrome, Adult	C0035222
SERPINC1 gene	C1412610	ASSOCIATED_WITH		Acute Coronary Syndrome	C0948089
SERPINC1 gene	C1412610	ASSOCIATED_WITH		Deep Vein Thrombosis	C0149871
SERPINC1 gene	C1412610	ASSOCIATED_WITH		Nephrotic Syndrome	C0027726
SERPINC1 gene	C1412610	ASSOCIATED_WITH		Disseminated Intravascular Coagulation	C0012739
SERPINC1 gene	C1412610	ASSOCIATED_WITH		Blood Coagulation Disorders	C0005779
SERPINC1 gene	C1412610	ASSOCIATED_WITH		Thromboembolism	C0040038
SERPINC1 gene	C1412610	ASSOCIATED_WITH		Antithrombin III Deficiency	C0272375
KERA gene	C1416626	ASSOCIATED_WITH		Arcus Senilis	C0003742
SRD5A1 gene	C1420395	ASSOCIATED_WITH		Prostatic Hypertrophy	C1739363
SRD5A1 gene	C1420395	ASSOCIATED_WITH		Endometriosis	C0014175
SRD5A1 gene	C1420395	ASSOCIATED_WITH		Polycystic Ovary Syndrome	C0032460
IL17RA gene	C1825593	ASSOCIATED_WITH		Candidiasis, Chronic Mucocutaneous	C0006845
IL17RA gene	C1825593	ASSOCIATED_WITH		Psoriasis	C0033860
LAMA4 gene	C1416778	ASSOCIATED_WITH		Cardiomyopathies	C0878544
LAMA4 gene	C1416778	ASSOCIATED_WITH		Arrhythmogenic Right Ventricular Dysplasia	C0349788
LAMA4 gene	C1416778	ASSOCIATED_WITH		Cardiomyopathy, Dilated	C0007193
SERPINH1 gene	C1413153	ASSOCIATED_WITH		Liver Cirrhosis	C0023890
SERPINH1 gene	C1413153	ASSOCIATED_WITH		Respiratory Distress Syndrome, Adult	C0035222
SERPINH1 gene	C1413153	ASSOCIATED_WITH		Osteogenesis Imperfecta	C0029434
B3GALT6 gene	C1425214	ASSOCIATED_WITH		Al-Gazali Syndrome	C1836121
CANT1 gene	C1538435	ASSOCIATED_WITH		Desbuquois syndrome	C0432242
PIGL gene	C1418567	ASSOCIATED_WITH		Hyperphosphatasemia with intellectual disability	C1855923
PIGL gene	C1418567	ASSOCIATED_WITH		Zunich neuroectodermal syndrome	C1848392
AMBP gene	C1412376	ASSOCIATED_WITH		Acute Kidney Insufficiency	C1565662
AMBP gene	C1412376	ASSOCIATED_WITH		Respiratory Distress Syndrome, Adult	C0035222
AMBP gene	C1412376	ASSOCIATED_WITH		Kidney Failure, Acute	C0022660
LOX gene	C1334349	ASSOCIATED_WITH		Primary biliary cirrhosis	C0008312
LOX gene	C1334349	ASSOCIATED_WITH		Hepatolenticular Degeneration	C0019202
LOX gene	C1334349	ASSOCIATED_WITH		Connective Tissue Diseases	C0009782
LOX gene	C1334349	ASSOCIATED_WITH		Liver Cirrhosis	C0023890
LOX gene	C1334349	ASSOCIATED_WITH		Oral Submucous Fibrosis	C0029172
LOX gene	C1334349	ASSOCIATED_WITH		Pulmonary Emphysema	C0034067
LOX gene	C1334349	ASSOCIATED_WITH		Pulmonary Hypertension	C0020542
LOX gene	C1334349	ASSOCIATED_WITH		Aortic Aneurysm, Thoracic	C0162872
LOX gene	C1334349	ASSOCIATED_WITH		Cutis Laxa	C0010495
LOX gene	C1334349	ASSOCIATED_WITH		Ehlers-Danlos Syndrome	C0013720
LOX gene	C1334349	ASSOCIATED_WITH		Menkes Kinky Hair Syndrome	C0022716
LOX gene	C1334349	ASSOCIATED_WITH		Hypertensive disease	C0020538
BMP1 gene	C1412804	ASSOCIATED_WITH		Osteogenesis Imperfecta	C0029434
SFTPC gene	C1442758	ASSOCIATED_WITH		Pulmonary Alveolar Proteinosis	C0034050
SFTPC gene	C1442758	ASSOCIATED_WITH		Chronic Obstructive Airway Disease	C0024117
SFTPC gene	C1442758	ASSOCIATED_WITH		Asthma	C0004096
SFTPC gene	C1442758	ASSOCIATED_WITH		Respiratory Distress Syndrome, Adult	C0035222
SFTPC gene	C1442758	ASSOCIATED_WITH		Idiopathic Pulmonary Fibrosis	C1800706
SFTPC gene	C1442758	ASSOCIATED_WITH		Lung Diseases, Interstitial	C0206062
SFTPC gene	C1442758	ASSOCIATED_WITH		Lung diseases	C0024115
SFTPC gene	C1442758	ASSOCIATED_WITH		Pulmonary Fibrosis	C0034069
ITGA3 gene	C1416486	ASSOCIATED_WITH		Junctional Epidermolysis Bullosa	C0079301
ITGA3 gene	C1416486	ASSOCIATED_WITH		Nephrotic Syndrome	C0027726
ITGA2 gene	C1416484	ASSOCIATED_WITH		Retinal Vein Occlusion	C0035328
ITGA2 gene	C1416484	ASSOCIATED_WITH		Angina, Unstable	C0002965
ITGA2 gene	C1416484	ASSOCIATED_WITH		Diabetic Retinopathy	C0011884
ITGA2 gene	C1416484	ASSOCIATED_WITH		Diabetes Mellitus	C0011849
ITGA2 gene	C1416484	ASSOCIATED_WITH		Diabetes Mellitus, Non-Insulin-Dependent	C0011860
ITGA2 gene	C1416484	ASSOCIATED_WITH		Myocardial Infarction	C0027051
LAMB3 gene	C1416783	ASSOCIATED_WITH		Junctional Epidermolysis Bullosa	C0079301
LAMB3 gene	C1416783	ASSOCIATED_WITH		Herlitz Disease	C0079683
LAMB3 gene	C1416783	ASSOCIATED_WITH		Epidermolysis Bullosa Progressiva	C0079297
OLR1 gene	C1417947	ASSOCIATED_WITH		Congestive heart failure	C0018802
OLR1 gene	C1417947	ASSOCIATED_WITH		Heart failure	C0018801
OLR1 gene	C1417947	ASSOCIATED_WITH		Coronary heart disease	C0010068
OLR1 gene	C1417947	ASSOCIATED_WITH		Myocardial Ischemia	C0151744
OLR1 gene	C1417947	ASSOCIATED_WITH		Coronary Arteriosclerosis	C0010054
OLR1 gene	C1417947	ASSOCIATED_WITH		Hypertensive disease	C0020538
OLR1 gene	C1417947	ASSOCIATED_WITH		Myocardial Infarction	C0027051
SORD gene	C1420311	ASSOCIATED_WITH		Peripheral Neuropathy	C0031117
SORD gene	C1420311	ASSOCIATED_WITH		Charcot-Marie-Tooth Disease	C0007959
HAPLN1 gene	C1413721	ASSOCIATED_WITH		Rheumatoid Arthritis	C0003873
HAPLN1 gene	C1413721	ASSOCIATED_WITH		Dwarfism	C0013336
PODXL gene	C1418724	ASSOCIATED_WITH		PARKINSON DISEASE 2, AUTOSOMAL RECESSIVE JUVENILE	C1868675
FGG gene	C1414607	ASSOCIATED_WITH		Thromboembolism	C0040038
FGG gene	C1414607	ASSOCIATED_WITH		Afibrinogenemia	C0001733
FGG gene	C1414607	ASSOCIATED_WITH		Congenital hypofibrinogenemia	C2584774
ARF1 gene	C1412504	ASSOCIATED_WITH		Periventricular Nodular Heterotopia	C1868720
IGF2R gene	C1334090	ASSOCIATED_WITH		Ovarian Failure, Premature	C0085215
IGF2R gene	C1334090	ASSOCIATED_WITH		Alzheimer's Disease	C0002395
IGF2R gene	C1334090	ASSOCIATED_WITH		Diabetic Cardiomyopathies	C0853897
IGF2R gene	C1334090	ASSOCIATED_WITH		Beckwith-Wiedemann Syndrome	C0004903
IGF2R gene	C1334090	ASSOCIATED_WITH		Diabetes Mellitus, Insulin-Dependent	C0011854
IGF2R gene	C1334090	ASSOCIATED_WITH		Parkinson Disease	C0030567
IGF2R gene	C1334090	ASSOCIATED_WITH		Diabetes Mellitus, Non-Insulin-Dependent	C0011860
CNGB1 gene	C1413546	ASSOCIATED_WITH		RETINITIS PIGMENTOSA 1	C0220701
CNGB1 gene	C1413546	ASSOCIATED_WITH		Retinitis Pigmentosa	C0035334
ALOXE3 gene	C1422178	ASSOCIATED_WITH		Harlequin Fetus	C0239849
ALOXE3 gene	C1422178	ASSOCIATED_WITH		Ichthyosis Congenita I	C4551630
ALOXE3 gene	C1422178	ASSOCIATED_WITH		Ichthyosis Congenita II	C3536797
ALOXE3 gene	C1422178	ASSOCIATED_WITH		Collodion Fetus	C3543867
ALOXE3 gene	C1422178	ASSOCIATED_WITH		Ichthyosiform Erythroderma, Congenital	C0079583
ALOXE3 gene	C1422178	ASSOCIATED_WITH		Ichthyoses	C0020757
ALOXE3 gene	C1422178	ASSOCIATED_WITH		Congenital ichthyosis	C0020758
ABCA12 gene	C1422805	ASSOCIATED_WITH		Collodion Fetus	C3543867
ABCA12 gene	C1422805	ASSOCIATED_WITH		Ichthyosis Congenita II	C3536797
ABCA12 gene	C1422805	ASSOCIATED_WITH		Ichthyosis Congenita I	C4551630
ABCA12 gene	C1422805	ASSOCIATED_WITH		Ichthyosiform Erythroderma, Congenital	C0079583
ABCA12 gene	C1422805	ASSOCIATED_WITH		Congenital ichthyosis	C0020758
ABCA12 gene	C1422805	ASSOCIATED_WITH		Harlequin Fetus	C0239849
ABCA12 gene	C1422805	ASSOCIATED_WITH		Harlequin type ichthyosis	C0598226
ABCA12 gene	C1422805	CAUSES	["32147747_fullText_29"]	Harlequin type ichthyosis	C0598226
NIPAL4 gene	C1836267	ASSOCIATED_WITH		Ichthyosiform Erythroderma, Congenital	C0079583
KRT1 gene	C1416713	ASSOCIATED_WITH		Ichthyoses	C0020757
KRT1 gene	C1416713	ASSOCIATED_WITH		Keratosis	C0022593
KRT1 gene	C1416713	ASSOCIATED_WITH		Ichthyosis, Cyclic, with Epidermolytic Hyperkeratosis	C1843463
KRT1 gene	C1416713	ASSOCIATED_WITH		Hyperkeratosis, Epidermolytic	C0079153
KRT10 gene	C1416714	ASSOCIATED_WITH		Keratosis	C0022593
KRT10 gene	C1416714	ASSOCIATED_WITH		Hyperkeratosis, Epidermolytic	C0079153
KRT10 gene	C1416714	ASSOCIATED_WITH		Ichthyosis, Cyclic, with Epidermolytic Hyperkeratosis	C1843463
SPINK5 gene	C1423506	ASSOCIATED_WITH		Exfoliative dermatitis	C0011606
SPINK5 gene	C1423506	ASSOCIATED_WITH		Ichthyosis linearis circumflexa	C0265962
CLDN1 gene	C1413460	ASSOCIATED_WITH		Contact Dermatitis	C0011616
CLDN1 gene	C1413460	ASSOCIATED_WITH		Dermatitis, Atopic	C0011615
ERCC3 gene	C1333357	ASSOCIATED_WITH		Xeroderma pigmentosum and Cockayne syndrome complex	C4304411
ERCC3 gene	C1333357	ASSOCIATED_WITH		Trichothiodystrophy Syndromes	C1955934
ERCC3 gene	C1333357	ASSOCIATED_WITH	["32147747_fullText_86"]	PHOTOPAROXYSMAL RESPONSE 1	C1868677
ERCC3 gene	C1333357	ASSOCIATED_WITH	["32147747_fullText_86"]	Congenital ichthyosis	C0020758
GTF2H5 gene	C1539623	ASSOCIATED_WITH		Trichothiodystrophy Syndromes	C1955934
GTF2H5 gene	C1539623	ASSOCIATED_WITH	["32147747_fullText_86"]	Congenital ichthyosis	C0020758
GTF2H5 gene	C1539623	ASSOCIATED_WITH	["32147747_fullText_86"]	PHOTOPAROXYSMAL RESPONSE 1	C1868677
ALDH3A2 gene	C1412334	ASSOCIATED_WITH		Sjogren-Larsson Syndrome	C0037231
AP1S1 gene	C1412439	ASSOCIATED_WITH		Intrahepatic Cholestasis	C0008372
AP1S1 gene	C1412439	ASSOCIATED_WITH		ERYTHROKERATODERMIA VARIABILIS 3 (disorder)	C1836330
ELOVL1 gene	C1422635	ASSOCIATED_WITH	["32147747_fullText_107"]	Cerebral dysgenesis, neuropathy, ichthyosis, and palmoplantar keratoderma syndrome	C1836033
SUMF1 gene	C1539893	ASSOCIATED_WITH		Multiple Sulfatase Deficiency Disease	C0268263
SUMF1 gene	C1539893	CAUSES	["32048457_abstract_1"]	Congenital Disorders	C0242354
MMP1 gene	C1417199	ASSOCIATED_WITH		Lung Diseases, Obstructive	C0600260
MMP1 gene	C1417199	ASSOCIATED_WITH		Oral Submucous Fibrosis	C0029172
MMP1 gene	C1417199	ASSOCIATED_WITH		Epidermolysis Bullosa Dystrophica	C0079294
MMP1 gene	C1417199	ASSOCIATED_WITH		Aortic Valve Stenosis	C0003507
MMP1 gene	C1417199	ASSOCIATED_WITH		Hypertrophic Cardiomyopathy	C0007194
MMP1 gene	C1417199	ASSOCIATED_WITH		Aortic Aneurysm, Thoracic	C0162872
MMP1 gene	C1417199	ASSOCIATED_WITH		Ocular Hypertension	C0028840
MMP1 gene	C1417199	ASSOCIATED_WITH		Non-alcoholic Fatty Liver Disease	C0400966
MMP1 gene	C1417199	ASSOCIATED_WITH		Kidney Failure, Chronic	C0022661
MMP1 gene	C1417199	ASSOCIATED_WITH		Nonalcoholic Steatohepatitis	C3241937
MMP1 gene	C1417199	ASSOCIATED_WITH		Aneurysm	C0002940
MMP1 gene	C1417199	ASSOCIATED_WITH		Varicosity	C0042345
MMP1 gene	C1417199	ASSOCIATED_WITH		Carotid Stenosis	C0007282
MMP1 gene	C1417199	ASSOCIATED_WITH		Barrett Esophagus	C0004763
MMP1 gene	C1417199	ASSOCIATED_WITH		Hypertensive disease	C0020538
MMP1 gene	C1417199	ASSOCIATED_WITH		Glaucoma, Primary Open Angle	C0339573
MMP1 gene	C1417199	ASSOCIATED_WITH		Coronary heart disease	C0010068
MMP1 gene	C1417199	ASSOCIATED_WITH		Myocardial Ischemia	C0151744
MMP1 gene	C1417199	ASSOCIATED_WITH		Cardiomyopathy, Dilated	C0007193
MMP1 gene	C1417199	ASSOCIATED_WITH		Atrial Fibrillation	C0004238
MMP1 gene	C1417199	ASSOCIATED_WITH		Heart failure	C0018801
MMP1 gene	C1417199	ASSOCIATED_WITH		Aortic Aneurysm, Abdominal	C0162871
MMP1 gene	C1417199	ASSOCIATED_WITH		Congestive heart failure	C0018802
MMP1 gene	C1417199	ASSOCIATED_WITH		Myocardial Infarction	C0027051
MMP1 gene	C1417199	ASSOCIATED_WITH		Coronary Arteriosclerosis	C0010054
MMP1 gene	C1417199	ASSOCIATED_WITH		Chronic Obstructive Airway Disease	C0024117
MMP1 gene	C1417199	ASSOCIATED_WITH		Asthma	C0004096
MMP1 gene	C1417199	ASSOCIATED_WITH		Atherosclerosis	C0004153
MNX1 gene	C1415596	ASSOCIATED_WITH		Currarino triad	C1531773
GLI1 gene	C0812304	ASSOCIATED_WITH		Peripheral Neuropathy	C0031117
GLI1 gene	C0812304	ASSOCIATED_WITH		Ellis-Van Creveld Syndrome	C0013903
BICD2 gene	C1424822	ASSOCIATED_WITH		Myopathy	C0026848
BICD2 gene	C1424822	ASSOCIATED_WITH		Spastic Paraplegia, Hereditary	C0037773
BICD2 gene	C1424822	ASSOCIATED_WITH		Arthrogryposis multiplex congenita	C5779613
TMC8 gene	C1823292	AFFECTS	["15502140_fullText_7"]	Phenylketonurias	C0031485
DGCR6 gene	C1414027	ASSOCIATED_WITH		DiGeorge Syndrome	C0012236
CRYBB1 gene	C1413729	ASSOCIATED_WITH		Other cataract	C0029531
DFNB59 gene	C1539285	ASSOCIATED_WITH		Sensorineural hearing loss, bilateral	C0452138
ABCD4 gene	C1412091	ASSOCIATED_WITH		Vitamin B 12 Deficiency	C0042847
CXCL8 gene	C1366571	ASSOCIATED_WITH		Tuberculoma	C0041295
CXCL8 gene	C1366571	ASSOCIATED_WITH		Brucellosis	C0006309
CXCL8 gene	C1366571	ASSOCIATED_WITH		Leprosy	C0023343
CXCL8 gene	C1366571	ASSOCIATED_WITH		Leishmaniasis, Visceral	C0023290
CXCL8 gene	C1366571	ASSOCIATED_WITH		Acute pyelonephritis	C0520575
CXCL8 gene	C1366571	ASSOCIATED_WITH		Pulmonary Fibrosis	C0034069
CXCL8 gene	C1366571	ASSOCIATED_WITH		Respiratory Distress Syndrome, Adult	C0035222
CXCL8 gene	C1366571	ASSOCIATED_WITH		Urinary tract infection	C0042029
CXCL8 gene	C1366571	ASSOCIATED_WITH		Gastritis	C0017152
HTRA2 gene	C1825553	ASSOCIATED_WITH		Parkinsonian Disorders	C0242422
HTRA2 gene	C1825553	ASSOCIATED_WITH		Motor Neuron Disease	C0085084
HTRA2 gene	C1825553	ASSOCIATED_WITH		Parkinson Disease	C0030567
NCOA3 gene	C1334868	ASSOCIATED_WITH		Obesity	C0028754
SGCB gene	C1420006	ASSOCIATED_WITH		Cardiomyopathies	C0878544
SGCB gene	C1420006	ASSOCIATED_WITH		Muscular Dystrophy	C0026850
SGCG gene	C1420009	ASSOCIATED_WITH		Diabetes Mellitus, Non-Insulin-Dependent	C0011860
SGCG gene	C1420009	ASSOCIATED_WITH		Muscular Dystrophy	C0026850
SGCG gene	C1420009	ASSOCIATED_WITH		Severe autosomal recessive muscular dystrophy of childhood - North African type (disorder)	C0410173
SGCD gene	C1420007	ASSOCIATED_WITH		Familial dilated cardiomyopathy	C0340427
SGCD gene	C1420007	ASSOCIATED_WITH		Cardiomyopathy, Familial Idiopathic	C1449563
SGCD gene	C1420007	ASSOCIATED_WITH		Cardiomyopathies	C0878544
SGCD gene	C1420007	ASSOCIATED_WITH		Muscular Dystrophy	C0026850
SGCD gene	C1420007	ASSOCIATED_WITH		Cardiomyopathy, Dilated	C0007193
AGPAT1 gene	C1412281	ASSOCIATED_WITH		Exfoliation Syndrome	C0206368
ARL6IP1 gene	C1824208	ASSOCIATED_WITH		Spastic Paraplegia, Hereditary	C0037773
SEC63 gene	C1427303	ASSOCIATED_WITH		Polycystic Kidney Diseases	C0022680
PLOD2 gene	C1418652	ASSOCIATED_WITH		Osteogenesis Imperfecta	C0029434
HLA-C gene	C1415562	ASSOCIATED_WITH		Allergic asthma	C0155877
HLA-C gene	C1415562	ASSOCIATED_WITH		HIV Infections	C0019693
HLA-C gene	C1415562	ASSOCIATED_WITH		COVID-19 Virus Disease	C5203670
TMEM237 gene	C3146739	ASSOCIATED_WITH		Meckel-Gruber syndrome	C0265215
TMEM237 gene	C3146739	ASSOCIATED_WITH		Familial aplasia of the vermis	C0431399
ITGA1 gene	C1442490	ASSOCIATED_WITH		Diabetes Mellitus, Non-Insulin-Dependent	C0011860
ANXA3 gene	C1412424	ASSOCIATED_WITH		Lupus Erythematosus, Systemic	C0024141
ANXA3 gene	C1412424	ASSOCIATED_WITH		Rheumatoid Arthritis	C0003873
AGPS gene	C1412284	ASSOCIATED_WITH		Chondrodysplasia Punctata, Rhizomelic	C0282529
ATL3 gene	C1836273	ASSOCIATED_WITH		Hereditary Sensory Autonomic Neuropathy, Type 1	C0020071
COL4A2 gene	C1413583	ASSOCIATED_WITH		Cerebral Palsy	C0007789
COL4A2 gene	C1413583	ASSOCIATED_WITH		PORENCEPHALY, FAMILIAL	C1867983
MIA3 gene	C1825987	ASSOCIATED_WITH		Coronary heart disease	C0010068
MIA3 gene	C1825987	ASSOCIATED_WITH		Coronary Arteriosclerosis	C0010054
MIA3 gene	C1825987	ASSOCIATED_WITH		Myocardial Infarction	C0027051
BAAT gene	C1412726	ASSOCIATED_WITH		Metabolic Diseases	C0025517
FGF19 gene	C1414603	ASSOCIATED_WITH		Colitis	C0009319
FGF19 gene	C1414603	ASSOCIATED_WITH		Liver Cirrhosis	C0023890
FGF19 gene	C1414603	ASSOCIATED_WITH		Metabolic Syndrome X	C0524620
CDH23 gene	C1422171	ASSOCIATED_WITH		Pituitary-dependent Cushing's disease	C0221406
CDH23 gene	C1422171	ASSOCIATED_WITH		Hereditary retinal dystrophy	C0154860
CDH23 gene	C1422171	ASSOCIATED_WITH		Sensorineural hearing loss, bilateral	C0452138
CDH23 gene	C1422171	ASSOCIATED_WITH		Sensorineural Hearing Loss (disorder)	C0018784
CDH23 gene	C1422171	ASSOCIATED_WITH		Retinitis Pigmentosa	C0035334
CDH23 gene	C1422171	ASSOCIATED_WITH		Usher Syndrome	C0271097
CDH23 gene	C1422171	ASSOCIATED_WITH		Usher Syndrome, Type I	C1568247
CIB2 gene	C1538465	ASSOCIATED_WITH		Sensorineural hearing loss, bilateral	C0452138
CIB2 gene	C1538465	ASSOCIATED_WITH		Usher Syndrome	C0271097
DFNB31 gene	C1424217	ASSOCIATED_WITH		Retinal Dystrophies	C0854723
DFNB31 gene	C1424217	ASSOCIATED_WITH		Hereditary retinal dystrophy	C0154860
DFNB31 gene	C1424217	ASSOCIATED_WITH		Sensorineural hearing loss, bilateral	C0452138
DFNB31 gene	C1424217	ASSOCIATED_WITH		Sensorineural Hearing Loss (disorder)	C0018784
DFNB31 gene	C1424217	ASSOCIATED_WITH		Usher Syndrome	C0271097
DFNB31 gene	C1424217	ASSOCIATED_WITH		Usher Syndrome, Type II	C1568249
HARS gene	C1415473	ASSOCIATED_WITH		Charcot-Marie-Tooth Disease	C0007959
HARS gene	C1415473	ASSOCIATED_WITH		Usher Syndrome	C0271097
HARS gene	C1415473	ASSOCIATED_WITH		Peripheral Neuropathy	C0031117
PCDH15 gene	C1422830	ASSOCIATED_WITH		Sensorineural hearing loss, bilateral	C0452138
PCDH15 gene	C1422830	ASSOCIATED_WITH		Hereditary retinal dystrophy	C0154860
PCDH15 gene	C1422830	ASSOCIATED_WITH		Nonsyndromic Deafness	C3711374
PCDH15 gene	C1422830	ASSOCIATED_WITH		Usher Syndrome, Type I	C1568247
PCDH15 gene	C1422830	ASSOCIATED_WITH		Retinitis Pigmentosa	C0035334
PCDH15 gene	C1422830	ASSOCIATED_WITH		Usher Syndrome	C0271097
PDZD7 gene	C1428568	ASSOCIATED_WITH		Usher Syndrome	C0271097
USH1C gene	C1421379	ASSOCIATED_WITH		Sensorineural hearing loss, bilateral	C0452138
USH1C gene	C1421379	ASSOCIATED_WITH		Hereditary retinal dystrophy	C0154860
USH1C gene	C1421379	ASSOCIATED_WITH		Retinitis Pigmentosa	C0035334
USH1C gene	C1421379	ASSOCIATED_WITH		Usher Syndrome	C0271097
USH1C gene	C1421379	ASSOCIATED_WITH		Usher Syndrome, Type I	C1568247
USH1G gene	C1424214	ASSOCIATED_WITH		Hereditary retinal dystrophy	C0154860
USH1G gene	C1424214	ASSOCIATED_WITH		Usher Syndrome, Type I	C1568247
USH1G gene	C1424214	ASSOCIATED_WITH		Usher Syndrome	C0271097
USH2A gene	C1421381	ASSOCIATED_WITH		Usher Syndrome, Type I	C1568247
USH2A gene	C1421381	ASSOCIATED_WITH		RETINITIS PIGMENTOSA 1	C0220701
USH2A gene	C1421381	ASSOCIATED_WITH		Hereditary retinal dystrophy	C0154860
USH2A gene	C1421381	ASSOCIATED_WITH		Rod-Cone Dystrophy	C4551714
USH2A gene	C1421381	ASSOCIATED_WITH		Retinal Dystrophies	C0854723
USH2A gene	C1421381	ASSOCIATED_WITH		Usher Syndrome, Type III	C1568248
USH2A gene	C1421381	ASSOCIATED_WITH		Usher Syndrome, Type II	C1568249
USH2A gene	C1421381	ASSOCIATED_WITH		Retinal Degeneration	C0035304
USH2A gene	C1421381	ASSOCIATED_WITH		Usher Syndrome	C0271097
USH2A gene	C1421381	ASSOCIATED_WITH		Retinitis Pigmentosa	C0035334
GSK3A gene	C1415320	ASSOCIATED_WITH		Amyotrophic Lateral Sclerosis	C0002736
MITF gene	C1417172	ASSOCIATED_WITH		Nonsyndromic Deafness	C3711374
MITF gene	C1417172	ASSOCIATED_WITH		Waardenburg Syndrome Type 1	C1847800
MITF gene	C1417172	ASSOCIATED_WITH		Tietze's Syndrome	C0040213
MITF gene	C1417172	ASSOCIATED_WITH		Waardenburg Syndrome	C3266898
BAK1 gene	C1332379	ASSOCIATED_WITH		Ataxia Telangiectasia	C0004135
EHHADH gene	C1414322	ASSOCIATED_WITH		Fanconi Syndrome	C0015624
EHHADH gene	C1414322	ASSOCIATED_WITH		Adult Fanconi syndrome	C0341703
EHHADH gene	C1414322	ASSOCIATED_WITH		De Toni-Debre-Fanconi Syndrome	C1857395
OPTN gene	C1424774	ASSOCIATED_WITH		Motor Neuron Disease	C0085084
OPTN gene	C1424774	ASSOCIATED_WITH		Frontotemporal dementia	C0338451
OPTN gene	C1424774	ASSOCIATED_WITH		Glaucoma	C0017601
OPTN gene	C1424774	ASSOCIATED_WITH		Glaucoma, Open-Angle	C0017612
OPTN gene	C1424774	ASSOCIATED_WITH		Low Tension Glaucoma	C0152136
OPTN gene	C1424774	ASSOCIATED_WITH		Osteitis Deformans	C0029401
OPTN gene	C1424774	ASSOCIATED_WITH		Amyotrophic Lateral Sclerosis	C0002736
OPTN gene	C1424774	ASSOCIATED_WITH		Glaucoma, Primary Open Angle	C0339573
SLC26A5 gene	C1822756	ASSOCIATED_WITH		Sensorineural hearing loss, bilateral	C0452138
ARL3 gene	C1412538	ASSOCIATED_WITH		Retinal Dystrophies	C0854723
ARL3 gene	C1412538	ASSOCIATED_WITH		Familial aplasia of the vermis	C0431399
ARL3 gene	C1412538	ASSOCIATED_WITH		Retinitis Pigmentosa	C0035334
FANCC gene	C1414529	ASSOCIATED_WITH		Pancytopenia	C0030312
FANCC gene	C1414529	ASSOCIATED_WITH		Fanconi Anemia	C0015625
XDH gene	C1421531	ASSOCIATED_WITH		Lesch-Nyhan Syndrome	C0023374
XDH gene	C1421531	ASSOCIATED_WITH		Xanthinuria, Type II	C1863688
XDH gene	C1421531	ASSOCIATED_WITH		Congestive heart failure	C0018802
XDH gene	C1421531	ASSOCIATED_WITH		Cardiovascular Diseases	C0007222
XDH gene	C1421531	ASSOCIATED_WITH		Heart failure	C0018801
XDH gene	C1421531	ASSOCIATED_WITH		Gout	C0018099
XDH gene	C1421531	ASSOCIATED_WITH		Xanthinuria (disorder)	C0220988
XDH gene	C1421531	ASSOCIATED_WITH		Hyperuricemia	C0740394
XDH gene	C1421531	ASSOCIATED_WITH		Hypertensive disease	C0020538
XDH gene	C1421531	ASSOCIATED_WITH		Xanthinuria, Type I	C0268118
NOD2 gene	C1826449	ASSOCIATED_WITH		Chronic Obstructive Airway Disease	C0024117
NOD2 gene	C1826449	ASSOCIATED_WITH		Sarcoidosis, Pulmonary	C0036205
NOD2 gene	C1826449	ASSOCIATED_WITH		Familial Mediterranean Fever	C0031069
NOD2 gene	C1826449	ASSOCIATED_WITH		Meningococcal meningitis	C0025294
NOD2 gene	C1826449	ASSOCIATED_WITH		Coronary Arteriosclerosis	C0010054
NOD2 gene	C1826449	ASSOCIATED_WITH		Crohn's disease of large bowel	C0156147
NOD2 gene	C1826449	ASSOCIATED_WITH		Hidradenitis Suppurativa	C0162836
NOD2 gene	C1826449	ASSOCIATED_WITH		Pyoderma Gangrenosum	C0085652
NOD2 gene	C1826449	ASSOCIATED_WITH		Bronchiolitis Obliterans	C0006272
NOD2 gene	C1826449	ASSOCIATED_WITH		Coronary heart disease	C0010068
NOD2 gene	C1826449	ASSOCIATED_WITH		Tuberculosis, Pulmonary	C0041327
NOD2 gene	C1826449	ASSOCIATED_WITH		Lupus Erythematosus, Systemic	C0024141
NOD2 gene	C1826449	ASSOCIATED_WITH		Behcet Syndrome	C0004943
NOD2 gene	C1826449	ASSOCIATED_WITH		Asthma	C0004096
NOD2 gene	C1826449	ASSOCIATED_WITH		Graft-vs-Host Disease	C0018133
NOD2 gene	C1826449	ASSOCIATED_WITH		Intestinal Diseases	C0021831
NOD2 gene	C1826449	ASSOCIATED_WITH		Dermatitis	C0011603
NOD2 gene	C1826449	ASSOCIATED_WITH		Leprosy	C0023343
NOD2 gene	C1826449	ASSOCIATED_WITH		Ulcerative Colitis	C0009324
NOD2 gene	C1826449	ASSOCIATED_WITH		Inflammatory Bowel Diseases	C0021390
NOD2 gene	C1826449	ASSOCIATED_WITH		Crohn Disease	C0010346
CYP7A1 gene	C1413893	ASSOCIATED_WITH		Cholestasis	C0008370
CYP7A1 gene	C1413893	ASSOCIATED_WITH		Hypercholesterolemia	C0020443
SLC10A1 gene	C1420086	ASSOCIATED_WITH		Fibrosis, Liver	C0239946
SLC10A1 gene	C1420086	ASSOCIATED_WITH		Cholestasis	C0008370
SLC10A1 gene	C1420086	ASSOCIATED_WITH		Hepatitis B	C0019163
ABCC3 gene	C1412078	ASSOCIATED_WITH		Rheumatoid Arthritis	C0003873
ABCC3 gene	C1412078	ASSOCIATED_WITH		Cholestasis	C0008370
PGAP2 gene	C2828415	ASSOCIATED_WITH		Hyperphosphatasemia with intellectual disability	C1855923
PGAP2 gene	C2828415	ASSOCIATED_WITH		HYPERPHOSPHATASIA WITH IMPAIRED INTELLECTUAL DEVELOPMENT SYNDROME 3	C3280153
CLN8 gene	C1413500	ASSOCIATED_WITH		Adult Neuronal Ceroid Lipofuscinosis	C0022797
CLN8 gene	C1413500	ASSOCIATED_WITH		Juvenile Neuronal Ceroid Lipofuscinosis	C0751383
CLN8 gene	C1413500	ASSOCIATED_WITH		Late-Infantile Neuronal Ceroid Lipofuscinosis	C0022340
CLN8 gene	C1413500	ASSOCIATED_WITH		Neuronal Ceroid-Lipofuscinoses	C0027877
KRT18 gene	C1416731	ASSOCIATED_WITH		Liver Failure, Acute	C0162557
KRT18 gene	C1416731	ASSOCIATED_WITH		Liver Cirrhosis	C0023890
KRT18 gene	C1416731	ASSOCIATED_WITH		COPPER TOXICOSIS, IDIOPATHIC	C1859088
KRT19 gene	C1334314	ASSOCIATED_WITH		Asthma	C0004096
CYP1B1 gene	C1413859	ASSOCIATED_WITH		Fatty Liver	C0015695
CYP1B1 gene	C1413859	ASSOCIATED_WITH		Obesity	C0028754
CYP1B1 gene	C1413859	ASSOCIATED_WITH		Anterior segment mesenchymal dysgenesis	C1862839
CYP1B1 gene	C1413859	ASSOCIATED_WITH		Glaucoma, Primary Open Angle	C0339573
CYP1B1 gene	C1413859	ASSOCIATED_WITH		Hydrophthalmos	C0020302
ELOVL5 gene	C1427485	ASSOCIATED_WITH		Ataxia, Spinocerebellar	C0087012
DPF2 gene	C1419344	ASSOCIATED_WITH		Coffin-Siris syndrome	C0265338
DPF2 gene	C1419344	ASSOCIATED_WITH	["10662702_fullText_4"]	Phenylketonurias	C0031485
PNKD gene	C1418706	ASSOCIATED_WITH		Dyskinesias, Paroxysmal	C0752210
LIPG gene	C1416870	ASSOCIATED_WITH		Myocardial Infarction	C0027051
LIPG gene	C1416870	ASSOCIATED_WITH		Coronary heart disease	C0010068
LIPG gene	C1416870	ASSOCIATED_WITH		Cardiovascular Diseases	C0007222
LIPG gene	C1416870	ASSOCIATED_WITH		Coronary Arteriosclerosis	C0010054
TNNC1 gene	C1420822	ASSOCIATED_WITH		Cardiomyopathies	C0878544
TNNC1 gene	C1420822	ASSOCIATED_WITH		Hypertrophic Cardiomyopathy	C0007194
TNNC1 gene	C1420822	ASSOCIATED_WITH		Cardiomyopathy, Dilated	C0007193
CSK gene	C1332794	ASSOCIATED_WITH		Lupus Erythematosus, Systemic	C0024141
ATE1 gene	C1412614	ASSOCIATED_WITH		Congenital heart disease	C0152021
FHL1 gene	C1414612	ASSOCIATED_WITH		Hypertrophic Cardiomyopathy	C0007194
PARN gene	C1418272	ASSOCIATED_WITH		Pulmonary Fibrosis	C0034069
PARN gene	C1418272	ASSOCIATED_WITH		Idiopathic Pulmonary Fibrosis	C1800706
PARN gene	C1418272	ASSOCIATED_WITH		Dyskeratosis Congenita	C0265965
AGBL1 gene	C1540192	ASSOCIATED_WITH		Fuchs Endothelial Dystrophy	C0016781
PRPF8 gene	C1424915	ASSOCIATED_WITH		Retinitis Pigmentosa	C0035334
PRPF31 gene	C1423492	ASSOCIATED_WITH		Retinal Dystrophies	C0854723
PRPF31 gene	C1423492	ASSOCIATED_WITH		Retinitis Pigmentosa	C0035334
SNRNP200 gene	C1540207	ASSOCIATED_WITH		Retinal Dystrophies	C0854723
SNRNP200 gene	C1540207	ASSOCIATED_WITH		Rod-Cone Dystrophy	C4551714
SNRNP200 gene	C1540207	ASSOCIATED_WITH		Retinitis Pigmentosa	C0035334
KHDRBS1 gene	C1425322	ASSOCIATED_WITH		Ovarian Failure, Premature	C0085215
TIA1 gene	C1420729	ASSOCIATED_WITH		Welander Distal Myopathy	C0221054
RBM24 gene	C1538790	CAUSES	["25630614_fullText_125"]	Myopathy	C0026848
RBM24 gene	C1538790	CAUSES	["25630614_fullText_125"]	Cardiomyopathies	C0878544
ABCC9 gene	C1412083	ASSOCIATED_WITH		Cardiomyopathies	C0878544
ABCC9 gene	C1412083	ASSOCIATED_WITH		Cardiomyopathy, Familial Idiopathic	C1449563
ABCC9 gene	C1412083	ASSOCIATED_WITH		Cardiomyopathy, Dilated	C0007193
BCL2L11 gene	C1337096	ASSOCIATED_WITH		Diabetes Mellitus, Non-Insulin-Dependent	C0011860
QKI gene	C1427319	ASSOCIATED_WITH		Demyelinating Diseases	C0011303
GNAS gene	C1366550	ASSOCIATED_WITH		Cholelithiasis	C0008350
GNAS gene	C1366550	ASSOCIATED_WITH		Tetany	C0039621
GNAS gene	C1366550	ASSOCIATED_WITH		Cholecystolithiasis	C0947622
GNAS gene	C1366550	ASSOCIATED_WITH		Polycystic Ovary Syndrome	C0032460
GNAS gene	C1366550	ASSOCIATED_WITH		Hemorrhagic Disorders	C0019087
GNAS gene	C1366550	ASSOCIATED_WITH		Brachydactyly	C0221357
GNAS gene	C1366550	ASSOCIATED_WITH		Endocrine System Diseases	C0014130
GNAS gene	C1366550	ASSOCIATED_WITH		Precocious Puberty	C0034013
GNAS gene	C1366550	ASSOCIATED_WITH		Cushing Syndrome	C0010481
GNAS gene	C1366550	ASSOCIATED_WITH		Acromegaly	C0001206
GNAS gene	C1366550	ASSOCIATED_WITH		PSEUDOHYPOPARATHYROIDISM, TYPE IB	C1864100
GNAS gene	C1366550	ASSOCIATED_WITH		Hypertensive disease	C0020538
GNAS gene	C1366550	ASSOCIATED_WITH		Obesity	C0028754
GNAS gene	C1366550	ASSOCIATED_WITH		Pseudopseudohypoparathyroidism	C0033835
GNAS gene	C1366550	ASSOCIATED_WITH		Pseudohypoparathyroidism	C0033806
GNAS gene	C1366550	ASSOCIATED_WITH		Pseudohypoparathyroidism, Type Ia	C3494506
GNAS gene	C1366550	ASSOCIATED_WITH		Osteoma cutis	C0334041
PHKA1 gene	C1418532	ASSOCIATED_WITH		Glycogen Storage Disease	C0017919
MBOAT7 gene	C1423536	ASSOCIATED_WITH		Liver Cirrhosis, Alcoholic	C0023891
LAMC2 gene	C1416786	ASSOCIATED_WITH		Herlitz Disease	C0079683
LAMC2 gene	C1416786	ASSOCIATED_WITH		Junctional Epidermolysis Bullosa	C0079301
LCN1 gene	C1416805	ASSOCIATED_WITH		Chronic Obstructive Airway Disease	C0024117
LMNB2 gene	C1416878	ASSOCIATED_WITH		Myoclonic Epilepsies, Progressive	C0751778
BLK gene	C1332419	ASSOCIATED_WITH		Mucocutaneous Lymph Node Syndrome	C0026691
BLK gene	C1332419	ASSOCIATED_WITH		Rheumatoid Arthritis	C0003873
BLK gene	C1332419	ASSOCIATED_WITH		Lupus Erythematosus, Systemic	C0024141
TNF gene	C0812246	ASSOCIATED_WITH		Glomerulonephritis	C0017658
TNF gene	C0812246	ASSOCIATED_WITH		Retinal Diseases	C0035309
TNF gene	C0812246	ASSOCIATED_WITH		Dermatomyositis	C0011633
TNF gene	C0812246	ASSOCIATED_WITH		Vitiligo	C0042900
TNF gene	C0812246	ASSOCIATED_WITH		Fatty Liver	C0015695
TNF gene	C0812246	ASSOCIATED_WITH		Hyperinsulinism	C0020459
TNF gene	C0812246	ASSOCIATED_WITH		Tuberculosis, Pulmonary	C0041327
TNF gene	C0812246	ASSOCIATED_WITH		Pneumonia	C0032285
TNF gene	C0812246	ASSOCIATED_WITH		Parkinson Disease	C0030567
TNF gene	C0812246	ASSOCIATED_WITH		Hepatitis B	C0019163
TNF gene	C0812246	ASSOCIATED_WITH		Colitis	C0009319
TNF gene	C0812246	ASSOCIATED_WITH		Leishmaniasis, Visceral	C0023290
TNF gene	C0812246	ASSOCIATED_WITH		Sjogren's Syndrome	C1527336
TNF gene	C0812246	ASSOCIATED_WITH		Dementia, Vascular	C0011269
TNF gene	C0812246	ASSOCIATED_WITH		Liver Failure, Acute	C0162557
TNF gene	C0812246	ASSOCIATED_WITH		Fanconi Anemia	C0015625
TNF gene	C0812246	ASSOCIATED_WITH		Dermatitis	C0011603
TNF gene	C0812246	ASSOCIATED_WITH		Silicosis	C0037116
TNF gene	C0812246	ASSOCIATED_WITH		Subarachnoid Hemorrhage	C0038525
TNF gene	C0812246	ASSOCIATED_WITH		Idiopathic Pulmonary Fibrosis	C1800706
TNF gene	C0812246	ASSOCIATED_WITH		Cerebral Infarction	C0007785
TNF gene	C0812246	ASSOCIATED_WITH		Anemia, Sickle Cell	C0002895
TNF gene	C0812246	ASSOCIATED_WITH		Lung diseases	C0024115
TNF gene	C0812246	ASSOCIATED_WITH		Migraine Disorders	C0149931
TNF gene	C0812246	ASSOCIATED_WITH		Diabetic Retinopathy	C0011884
TNF gene	C0812246	ASSOCIATED_WITH		Kidney Failure, Chronic	C0022661
TNF gene	C0812246	ASSOCIATED_WITH		Asthma	C0004096
TNF gene	C0812246	ASSOCIATED_WITH		Rheumatoid Arthritis	C0003873
TNF gene	C0812246	ASSOCIATED_WITH		Obesity	C0028754
TNF gene	C0812246	ASSOCIATED_WITH		Diabetes Mellitus, Non-Insulin-Dependent	C0011860
TNF gene	C0812246	ASSOCIATED_WITH		Inflammatory Bowel Diseases	C0021390
TNF gene	C0812246	ASSOCIATED_WITH		Psoriasis	C0033860
TNF gene	C0812246	ASSOCIATED_WITH		Sepsis	C0243026
TNF gene	C0812246	ASSOCIATED_WITH		Lupus Erythematosus, Systemic	C0024141
TNF gene	C0812246	ASSOCIATED_WITH		Alzheimer's Disease	C0002395
TNF gene	C0812246	ASSOCIATED_WITH		Multiple Sclerosis	C0026769
TNF gene	C0812246	ASSOCIATED_WITH		Ulcerative Colitis	C0009324
TNF gene	C0812246	ASSOCIATED_WITH		COVID-19 Virus Disease	C5203670
TNF gene	C0812246	ASSOCIATED_WITH		Diabetes Mellitus, Insulin-Dependent	C0011854
TNF gene	C0812246	ASSOCIATED_WITH		Chronic Obstructive Airway Disease	C0024117
TNF gene	C0812246	ASSOCIATED_WITH		Atherosclerosis	C0004153
TNF gene	C0812246	ASSOCIATED_WITH		Heart failure	C0018801
TNF gene	C0812246	ASSOCIATED_WITH		Arthritis, Psoriatic	C0003872
TNF gene	C0812246	ASSOCIATED_WITH		Non-alcoholic Fatty Liver Disease	C0400966
TNF gene	C0812246	ASSOCIATED_WITH		Hypertensive disease	C0020538
TNF gene	C0812246	ASSOCIATED_WITH		Malaria	C0024530
TNF gene	C0812246	ASSOCIATED_WITH		Liver diseases	C0023895
TNF gene	C0812246	ASSOCIATED_WITH		Pulmonary Fibrosis	C0034069
TNF gene	C0812246	ASSOCIATED_WITH		Myocardial Ischemia	C0151744
TNF gene	C0812246	ASSOCIATED_WITH		Dermatologic disorders	C0037274
TNF gene	C0812246	ASSOCIATED_WITH		Congestive heart failure	C0018802
TNF gene	C0812246	ASSOCIATED_WITH		Coronary Arteriosclerosis	C0010054
TNF gene	C0812246	ASSOCIATED_WITH		Behcet Syndrome	C0004943
TNF gene	C0812246	ASSOCIATED_WITH		Myocardial Infarction	C0027051
TNF gene	C0812246	ASSOCIATED_WITH		Endometriosis	C0014175
TNF gene	C0812246	ASSOCIATED_WITH		Anemia	C0002871
TNF gene	C0812246	ASSOCIATED_WITH		Cerebrovascular accident	C0038454
TNF gene	C0812246	ASSOCIATED_WITH		Sleep Apnea, Obstructive	C0520679
TNF gene	C0812246	ASSOCIATED_WITH		Coronary heart disease	C0010068
TNF gene	C0812246	ASSOCIATED_WITH		Uveitis	C0042164
TNF gene	C0812246	ASSOCIATED_WITH		Dermatitis, Atopic	C0011615
TNF gene	C0812246	ASSOCIATED_WITH		Cystic Fibrosis	C0010674
FERMT2 gene	C1423716	ASSOCIATED_WITH		Angle Closure Glaucoma	C0017605
NRAP gene	C1417841	ASSOCIATED_WITH		Cardiomyopathies	C0878544
NRAP gene	C1417841	ASSOCIATED_WITH		Cardiomyopathy, Dilated	C0007193
ELF2 gene	C1414376	ASSOCIATED_WITH		CEREBELLAR ATAXIA, NEUROPATHY, AND VESTIBULAR AREFLEXIA SYNDROME	C3281223
OGG1 gene	C1335081	ASSOCIATED_WITH		HIV Infections	C0019693
OGG1 gene	C1335081	ASSOCIATED_WITH		Obesity	C0028754
OGG1 gene	C1335081	ASSOCIATED_WITH		Glaucoma, Primary Open Angle	C0339573
OGG1 gene	C1335081	ASSOCIATED_WITH		Graves Disease	C0018213
OGG1 gene	C1335081	ASSOCIATED_WITH		Coronary Arteriosclerosis	C0010054
OGG1 gene	C1335081	ASSOCIATED_WITH		Male infertility	C0021364
OGG1 gene	C1335081	ASSOCIATED_WITH		Huntington Disease	C0020179
OGG1 gene	C1335081	ASSOCIATED_WITH		Hypertensive disease	C0020538
OGG1 gene	C1335081	ASSOCIATED_WITH		Pterygium	C0033999
OGG1 gene	C1335081	ASSOCIATED_WITH		Pulmonary Fibrosis	C0034069
OGG1 gene	C1335081	ASSOCIATED_WITH		Diabetes Mellitus, Non-Insulin-Dependent	C0011860
NEIL1 gene	C1425521	ASSOCIATED_WITH		Obesity	C0028754
NEIL1 gene	C1425521	ASSOCIATED_WITH		Metabolic Syndrome X	C0524620
DHFR gene	C1333216	ASSOCIATED_WITH		nervous system disorder	C0027765
DHFR gene	C1333216	ASSOCIATED_WITH		Inborn Errors of Metabolism	C0025521
DHFR gene	C1333216	ASSOCIATED_WITH		Pancytopenia	C0030312
DHFR gene	C1333216	ASSOCIATED_WITH		Anemia, Megaloblastic	C0002888
DHFR gene	C1333216	ASSOCIATED_WITH		Rheumatoid Arthritis	C0003873
CDC73 gene	C1708291	ASSOCIATED_WITH		Hyperparathyroidism	C0020502
TNIP1 gene	C1424624	ASSOCIATED_WITH		Asthma	C0004096
TNIP1 gene	C1424624	ASSOCIATED_WITH		Sjogren's Syndrome	C1527336
TNIP1 gene	C1424624	ASSOCIATED_WITH		Systemic Scleroderma	C0036421
TNIP1 gene	C1424624	ASSOCIATED_WITH		Amyotrophic Lateral Sclerosis	C0002736
TNIP1 gene	C1424624	ASSOCIATED_WITH		Psoriasis	C0033860
TNIP1 gene	C1424624	ASSOCIATED_WITH		Lupus Erythematosus, Systemic	C0024141
DDX39B gene	C1422269	ASSOCIATED_WITH		Diabetes Mellitus, Insulin-Dependent	C0011854
EIF4A3 gene	C1825045	ASSOCIATED_WITH		Richieri Costa Pereira syndrome	C1849348
SGPL1 gene	C1420014	ASSOCIATED_WITH		Nephrotic Syndrome	C0027726
VCL gene	C1336929	ASSOCIATED_WITH		Familial dilated cardiomyopathy	C0340427
VCL gene	C1336929	ASSOCIATED_WITH		Cardiomyopathy, Hypertrophic, Familial	C0949658
VCL gene	C1336929	ASSOCIATED_WITH		Congestive heart failure	C0018802
VCL gene	C1336929	ASSOCIATED_WITH		Cardiomyopathies	C0878544
VCL gene	C1336929	ASSOCIATED_WITH		Hypertrophic Cardiomyopathy	C0007194
VCL gene	C1336929	ASSOCIATED_WITH		Cardiomyopathy, Dilated	C0007193
NOL3 gene	C1417756	ASSOCIATED_WITH		MYOCLONUS, FAMILIAL CORTICAL	C3539916
MMP3 gene	C1366358	ASSOCIATED_WITH		Coronary Restenosis	C0948480
MMP3 gene	C1366358	ASSOCIATED_WITH		Chronic myocardial ischemia	C0264694
MMP3 gene	C1366358	ASSOCIATED_WITH		Arteriosclerosis	C0003850
MMP3 gene	C1366358	ASSOCIATED_WITH		Celiac Disease	C0007570
MMP3 gene	C1366358	ASSOCIATED_WITH		Carotid Stenosis	C0007282
MMP3 gene	C1366358	ASSOCIATED_WITH		Atrial Fibrillation	C0004238
MMP3 gene	C1366358	ASSOCIATED_WITH		Idiopathic Pulmonary Fibrosis	C1800706
MMP3 gene	C1366358	ASSOCIATED_WITH		Myocardial Infarction	C0027051
MMP3 gene	C1366358	ASSOCIATED_WITH		Myocardial Ischemia	C0151744
MMP3 gene	C1366358	ASSOCIATED_WITH		Systemic Scleroderma	C0036421
MMP3 gene	C1366358	ASSOCIATED_WITH		Coronary Arteriosclerosis	C0010054
MMP3 gene	C1366358	ASSOCIATED_WITH		Coronary heart disease	C0010068
DPYSL2 gene	C1414145	ASSOCIATED_WITH		Alzheimer's Disease	C0002395
UTRN gene	C1421412	ASSOCIATED_WITH	["20487562_fullText_119"]	Muscular Dystrophy, Duchenne	C0013264
SRF gene	C1420400	ASSOCIATED_WITH		Fetal Alcohol Syndrome	C0015923
SRF gene	C1420400	ASSOCIATED_WITH		Fetal Alcohol Spectrum Disorders	C2985290
SRF gene	C1420400	ASSOCIATED_WITH		Cardiomyopathies	C0878544
MLH3 gene	C1334511	ASSOCIATED_WITH		Lynch Syndrome	C4552100
MYF5 gene	C1417532	ASSOCIATED_WITH		External Ophthalmoplegia	C0162292
MYRF gene	C1412879	ASSOCIATED_WITH		Scimitar Syndrome	C0036400
MYRF gene	C1412879	ASSOCIATED_WITH		Primary angle-closure glaucoma	C0017606
MYRF gene	C1412879	ASSOCIATED_WITH		Hyperopia	C0020490
KCNB1 gene	C1416554	ASSOCIATED_WITH		Epileptic encephalopathy	C0543888
KCNB1 gene	C1416554	ASSOCIATED_WITH		Epilepsy	C0014544
DGCR8 gene	C1414028	ASSOCIATED_WITH		DiGeorge Syndrome	C0012236
ATXN10 gene	C1538308	ASSOCIATED_WITH		Spinocerebellar Ataxia 10	C1963674
PPP2R2B gene	C1418839	ASSOCIATED_WITH		Brain Diseases	C0006111
PPP2R2B gene	C1418839	ASSOCIATED_WITH		Encephalopathies	C0085584
PPP2R2B gene	C1418839	ASSOCIATED_WITH		Ataxia, Spinocerebellar	C0087012
PPP2R2B gene	C1418839	ASSOCIATED_WITH		Alzheimer's Disease	C0002395
PPP2R2B gene	C1418839	ASSOCIATED_WITH		Spinocerebellar Ataxia 12	C1858501
BEAN1 gene	C2677573	ASSOCIATED_WITH		SPINOCEREBELLAR ATAXIA 31 (disorder)	C1861736
NOP56 gene	C2678521	ASSOCIATED_WITH		Ataxia, Spinocerebellar	C0087012
NOP56 gene	C2678521	ASSOCIATED_WITH		Spinocerebellar ataxia 36	C3472711
ADARB2 gene	C1412217	ASSOCIATED_WITH		Parkinson Disease	C0030567
TUBA1A gene	C1865269	ASSOCIATED_WITH		Dandy-Walker Syndrome	C0010964
TUBA1A gene	C1865269	ASSOCIATED_WITH		Cerebral Palsy	C0007789
TUBA1A gene	C1865269	ASSOCIATED_WITH		Pena-Shokeir syndrome type I	C1276035
TUBA1A gene	C1865269	ASSOCIATED_WITH		Congenital Fibrosis of the Extraocular Muscles	C1302995
TUBA1A gene	C1865269	ASSOCIATED_WITH		Malformations of Cortical Development, Group II	C1837249
TUBA1A gene	C1865269	ASSOCIATED_WITH		Agenesis of corpus callosum	C0175754
TUBA1A gene	C1865269	ASSOCIATED_WITH		Pachygyria	C0266483
NOTCH3 gene	C1417768	ASSOCIATED_WITH		Common Migraine	C0338480
NOTCH3 gene	C1417768	ASSOCIATED_WITH		Transient Ischemic Attack	C0007787
NOTCH3 gene	C1417768	ASSOCIATED_WITH		Dementia, Vascular	C0011269
NOTCH3 gene	C1417768	ASSOCIATED_WITH		Migraine with Aura	C0154723
NOTCH3 gene	C1417768	ASSOCIATED_WITH		Pulmonary arterial hypertension	C2973725
NOTCH3 gene	C1417768	ASSOCIATED_WITH		Migraine Disorders	C0149931
NOTCH3 gene	C1417768	ASSOCIATED_WITH		Ischemic stroke	C0948008
NOTCH3 gene	C1417768	ASSOCIATED_WITH		Cerebrovascular accident	C0038454
NOTCH3 gene	C1417768	ASSOCIATED_WITH		LATERAL MENINGOCELE SYNDROME	C1851710
NOTCH3 gene	C1417768	ASSOCIATED_WITH		CADASIL Syndrome	C0751587
ID3 gene	C1415856	ASSOCIATED_WITH		nervous system disorder	C0027765
TBX3 gene	C1420613	ASSOCIATED_WITH		Ulnar-mammary syndrome	C1866994
VLDLR gene	C1421455	ASSOCIATED_WITH		Non-alcoholic Fatty Liver Disease	C0400966
VLDLR gene	C1421455	ASSOCIATED_WITH		Obesity	C0028754
VLDLR gene	C1421455	ASSOCIATED_WITH		Dysequilibrium syndrome	C0394006
VLDLR gene	C1421455	ASSOCIATED_WITH		Alzheimer's Disease	C0002395
DEPDC5 gene	C1539268	ASSOCIATED_WITH		Epilepsy, Rolandic	C0376532
DEPDC5 gene	C1539268	ASSOCIATED_WITH		Autosomal Dominant Nocturnal Frontal Lobe Epilepsy	C3696898
DEPDC5 gene	C1539268	ASSOCIATED_WITH		Epilepsies, Partial	C0014547
DEPDC5 gene	C1539268	ASSOCIATED_WITH		Epilepsy	C0014544
MAP2K7 gene	C1456387	ASSOCIATED_WITH		Congestive heart failure	C0018802
MAP2K7 gene	C1456387	ASSOCIATED_WITH		Heart failure	C0018801
EPB41 gene	C1414422	ASSOCIATED_WITH		Elliptocytosis, Hereditary	C0013902
MYO9B gene	C1417572	ASSOCIATED_WITH		Celiac Disease	C0007570
FLNB gene	C1414636	ASSOCIATED_WITH		Osteochondrodysplasias	C0029422
FLNB gene	C1414636	ASSOCIATED_WITH		SPONDYLOCARPOTARSAL SYNOSTOSIS SYNDROME	C1848934
SLMAP gene	C1424461	ASSOCIATED_WITH		Brugada Syndrome (disorder)	C1142166
HNRNPU gene	C1415649	ASSOCIATED_WITH		Epileptic encephalopathy	C0543888
HNRNPU gene	C1415649	ASSOCIATED_WITH		Epilepsy	C0014544
F3 gene	C1333522	ASSOCIATED_WITH		Purpura, Thrombotic Thrombocytopenic	C0034155
F3 gene	C1333522	ASSOCIATED_WITH		Nephrotic Syndrome	C0027726
F3 gene	C1333522	ASSOCIATED_WITH		von Willebrand Disease	C0042974
F3 gene	C1333522	ASSOCIATED_WITH		Myocardial Ischemia	C0151744
F3 gene	C1333522	ASSOCIATED_WITH		Liver Cirrhosis	C0023890
F3 gene	C1333522	ASSOCIATED_WITH		COVID-19 Virus Disease	C5203670
F3 gene	C1333522	ASSOCIATED_WITH		Disseminated Intravascular Coagulation	C0012739
ITGA7 gene	C1416489	ASSOCIATED_WITH		Muscular Dystrophy, Duchenne	C0013264
ITGA7 gene	C1416489	ASSOCIATED_WITH		Myopathy	C0026848
CACNA2D1 gene	C1413065	ASSOCIATED_WITH		Brugada Syndrome (disorder)	C1142166
CACNA2D1 gene	C1413065	ASSOCIATED_WITH		Short Qt Syndrome	C2348199
CACNA2D1 gene	C1413065	ASSOCIATED_WITH		Hypertensive disease	C0020538
GZMB gene	C1415380	ASSOCIATED_WITH		Hepatitis, Chronic	C0019189
IKZF3 gene	C1825590	ASSOCIATED_WITH		Immunologic Deficiency Syndromes	C0021051
IKZF3 gene	C1825590	ASSOCIATED_WITH		Rheumatoid Arthritis	C0003873
IKZF3 gene	C1825590	ASSOCIATED_WITH		Asthma	C0004096
CHKB gene	C1538453	ASSOCIATED_WITH		Narcolepsy	C0027404
CHKB gene	C1538453	ASSOCIATED_WITH		Muscular Dystrophy	C0026850
DYNC1H1 gene	C1825005	ASSOCIATED_WITH		Agenesis of corpus callosum	C0175754
DYNC1H1 gene	C1825005	ASSOCIATED_WITH		Roussy-Levy Syndrome (disorder)	C0205713
DYNC1H1 gene	C1825005	ASSOCIATED_WITH		Dejerine-Sottas Disease (disorder)	C0011195
DYNC1H1 gene	C1825005	ASSOCIATED_WITH		Familial Motor Neuron Disease	C0270763
DYNC1H1 gene	C1825005	ASSOCIATED_WITH		Arthrogryposis multiplex congenita	C5779613
DYNC1H1 gene	C1825005	ASSOCIATED_WITH		Peripheral Neuropathy	C0031117
DYNC1H1 gene	C1825005	ASSOCIATED_WITH		Polymicrogyria	C0266464
DYNC1H1 gene	C1825005	ASSOCIATED_WITH		Amyotrophic Lateral Sclerosis	C0002736
DYNC1H1 gene	C1825005	ASSOCIATED_WITH		Hereditary Motor and Sensory Neuropathies	C0027888
DYNC1H1 gene	C1825005	ASSOCIATED_WITH		Distal Spinal Muscular Atrophy	C0393541
DYNC1H1 gene	C1825005	ASSOCIATED_WITH		Pachygyria	C0266483
DYNC1H1 gene	C1825005	ASSOCIATED_WITH		Charcot-Marie-Tooth Disease	C0007959
DYNC1H1 gene	C1825005	ASSOCIATED_WITH		Spinal Muscular Atrophy	C0026847
MYL7 gene	C1427716	ASSOCIATED_WITH		Hypertrophic Cardiomyopathy	C0007194
CCR5 gene	C1332700	ASSOCIATED_WITH		Sjogren's Syndrome	C1527336
CCR5 gene	C1332700	ASSOCIATED_WITH		Nephritis	C0027697
CCR5 gene	C1332700	ASSOCIATED_WITH		Mucocutaneous Lymph Node Syndrome	C0026691
CCR5 gene	C1332700	ASSOCIATED_WITH		Granulomatosis with polyangiitis	C3495801
CCR5 gene	C1332700	ASSOCIATED_WITH		Sarcoidosis	C0036202
CCR5 gene	C1332700	ASSOCIATED_WITH		Dermatitis, Atopic	C0011615
CCR5 gene	C1332700	ASSOCIATED_WITH		Behcet Syndrome	C0004943
CCR5 gene	C1332700	ASSOCIATED_WITH		Hepatitis B	C0019163
CCR5 gene	C1332700	ASSOCIATED_WITH		West Nile Fever	C0043124
CCR5 gene	C1332700	ASSOCIATED_WITH		Hypertensive disease	C0020538
CCR5 gene	C1332700	ASSOCIATED_WITH		Diabetes Mellitus, Insulin-Dependent	C0011854
CCR5 gene	C1332700	ASSOCIATED_WITH		Hepatitis C	C0019196
CCR5 gene	C1332700	ASSOCIATED_WITH		Asthma	C0004096
CCR5 gene	C1332700	ASSOCIATED_WITH		Rheumatoid Arthritis	C0003873
CCR5 gene	C1332700	ASSOCIATED_WITH		Multiple Sclerosis	C0026769
CCR5 gene	C1332700	ASSOCIATED_WITH		HIV Infections	C0019693
HPS6 gene	C1425796	ASSOCIATED_WITH		Hermanski-Pudlak Syndrome	C0079504
SCN1B gene	C1419857	ASSOCIATED_WITH		Long QT Syndrome	C0023976
SCN1B gene	C1419857	ASSOCIATED_WITH		Early infantile epileptic encephalopathy with suppression bursts	C0393706
SCN1B gene	C1419857	ASSOCIATED_WITH		Epileptic encephalopathy	C0543888
SCN1B gene	C1419857	ASSOCIATED_WITH		Brugada Syndrome (disorder)	C1142166
SCN1B gene	C1419857	ASSOCIATED_WITH		Febrile Convulsions	C0009952
SCN1B gene	C1419857	ASSOCIATED_WITH		Infantile Severe Myoclonic Epilepsy	C0751122
NRG1 gene	C1367656	ASSOCIATED_WITH		Movement Disorders	C0026650
NRG1 gene	C1367656	ASSOCIATED_WITH		Malaria, Cerebral	C0024534
NRG1 gene	C1367656	ASSOCIATED_WITH		Charcot-Marie-Tooth Disease	C0007959
NRG1 gene	C1367656	ASSOCIATED_WITH		Polycystic Ovary Syndrome	C0032460
NRG1 gene	C1367656	ASSOCIATED_WITH		Myocardial Infarction	C0027051
NRG1 gene	C1367656	ASSOCIATED_WITH		Congestive heart failure	C0018802
NRG1 gene	C1367656	ASSOCIATED_WITH		Hirschsprung Disease	C0019569
NRG1 gene	C1367656	ASSOCIATED_WITH		Heart failure	C0018801
FN1 gene	C1367472	ASSOCIATED_WITH		Glomerulonephritis, Membranoproliferative	C0017662
FN1 gene	C1367472	ASSOCIATED_WITH		Focal glomerulosclerosis	C0017668
FN1 gene	C1367472	ASSOCIATED_WITH		Nephrotic Syndrome	C0027726
FN1 gene	C1367472	ASSOCIATED_WITH		Chronic Kidney Diseases	C1561643
FN1 gene	C1367472	ASSOCIATED_WITH		Pulmonary Fibrosis	C0034069
FN1 gene	C1367472	ASSOCIATED_WITH		Hypertensive disease	C0020538
FN1 gene	C1367472	ASSOCIATED_WITH		Diabetic Nephropathy	C0011881
FN1 gene	C1367472	ASSOCIATED_WITH		Diabetes Mellitus	C0011849
CLCN6 gene	C1413455	ASSOCIATED_WITH		Coronary heart disease	C0010068
HNRNPA2B1 gene	C1415636	ASSOCIATED_WITH		Vacuolar myopathy	C2931230
HNRNPA2B1 gene	C1415636	ASSOCIATED_WITH		Frontotemporal dementia	C0338451
ANK1 gene	C1412402	ASSOCIATED_WITH		Anemia	C0002871
ANK1 gene	C1412402	ASSOCIATED_WITH		Anemia, Hemolytic	C0002878
ANK1 gene	C1412402	ASSOCIATED_WITH		Hereditary spherocytosis	C0037889
ANK1 gene	C1412402	ASSOCIATED_WITH		SPHEROCYTOSIS, TYPE 1 (disorder)	C2674218
JAG2 gene	C1416526	ASSOCIATED_WITH		Muscular Dystrophy	C0026850
THRA gene	C0242987	ASSOCIATED_WITH		Endometriosis	C0014175
THRA gene	C0242987	ASSOCIATED_WITH		Congenital Hypothyroidism	C0010308
STAT5A gene	C1335875	ASSOCIATED_WITH		Myocardial Ischemia	C0151744
AKT3 gene	C1332074	ASSOCIATED_WITH		Polymicrogyria	C0266464
AKT3 gene	C1332074	ASSOCIATED_WITH		Hemimegalencephaly	C0431391
TOP3A gene	C1336659	ASSOCIATED_WITH		Mitochondrial Diseases	C0751651
AP3B1 gene	C1412446	ASSOCIATED_WITH		Pulmonary Fibrosis	C0034069
AP3B1 gene	C1412446	ASSOCIATED_WITH		Neutropenia	C0027947
AP3B1 gene	C1412446	ASSOCIATED_WITH		Hermanski-Pudlak Syndrome	C0079504
AP3B1 gene	C1412446	ASSOCIATED_WITH		HERMANSKY-PUDLAK SYNDROME 2	C1842362
ARHGEF12 gene	C1422475	ASSOCIATED_WITH		Glaucoma	C0017601
BCKDHB gene	C1412760	ASSOCIATED_WITH		Maple Syrup Urine Disease	C0024776
NAT8 gene	C1425280	ASSOCIATED_WITH	["37593415_fullText_3"]	Fabry Disease	C0002986
SOCS3 gene	C1426212	ASSOCIATED_WITH		Myocardial Ischemia	C0151744
SOCS3 gene	C1426212	ASSOCIATED_WITH		Liver diseases	C0023895
SOCS3 gene	C1426212	ASSOCIATED_WITH		Atherosclerosis	C0004153
IREB2 gene	C1442498	ASSOCIATED_WITH		Alzheimer's Disease	C0002395
GLA gene	C1439334	ASSOCIATED_WITH		Cardiomyopathies	C0878544
GLA gene	C1439334	ASSOCIATED_WITH		Hypertrophic Cardiomyopathy	C0007194
GLA gene	C1439334	ASSOCIATED_WITH		Fabry Disease	C0002986
GYS1 gene	C1415377	ASSOCIATED_WITH		Glycogen Storage Disease	C0017919
GYS2 gene	C1415378	ASSOCIATED_WITH		Glycogen Storage Disease	C0017919
ADSL gene	C1412262	ASSOCIATED_WITH		Adenylosuccinate lyase deficiency (disorder)	C0268126
BAG3 gene	C1412731	ASSOCIATED_WITH		Peripheral Neuropathy	C0031117
BAG3 gene	C1412731	ASSOCIATED_WITH		Myocarditis	C0027059
BAG3 gene	C1412731	ASSOCIATED_WITH		HIV Infections	C0019693
BAG3 gene	C1412731	ASSOCIATED_WITH		Cardiomyopathy, Familial Idiopathic	C1449563
BAG3 gene	C1412731	ASSOCIATED_WITH		Familial dilated cardiomyopathy	C0340427
BAG3 gene	C1412731	ASSOCIATED_WITH		Cardiomyopathies	C0878544
BAG3 gene	C1412731	ASSOCIATED_WITH		Myofibrillar Myopathy	C2678065
BAG3 gene	C1412731	ASSOCIATED_WITH		Cardiomyopathy, Dilated	C0007193
ZFP36 gene	C1421571	ASSOCIATED_WITH		Dermatitis	C0011603
ZFP36 gene	C1421571	ASSOCIATED_WITH		Arthritis	C0003864
SLC6A8 gene	C1420219	ASSOCIATED_WITH		Creatine deficiency, X-linked	C1845862
TBCE gene	C1420597	ASSOCIATED_WITH		Hypoparathyroidism	C0020626
TBCE gene	C1420597	ASSOCIATED_WITH		Hypoparathyroidism, intellectual disability, dysmorphism syndrome	C1855840
MCOLN1 gene	C1421947	ASSOCIATED_WITH		Mucolipidoses	C0026697
MCOLN1 gene	C1421947	ASSOCIATED_WITH		Mucolipidosis Type IV	C0238286
MCOLN1 gene	C1421947	ASSOCIATED_WITH		Corneal Dystrophy, Lisch Epithelial	C2749050
MCOLN1 gene	C1421947	ASSOCIATED_WITH__INFER__	["37972748_fullText_6"]	Corneal Dystrophy, Lisch Epithelial	C2749050
PHENYLKETONURIA, ARG408TRP	C2676525	CAUSES	["37922902_fullText_1"]	Phenylketonurias	C0031485
SLC25A13 gene	C1420154	ASSOCIATED_WITH		Citrullinemia Type 1	C4721769
SLC25A13 gene	C1420154	ASSOCIATED_WITH		Citrullinemia	C0175683
SLC25A13 gene	C1420154	ASSOCIATED_WITH		CITRULLINEMIA, TYPE II, NEONATAL-ONSET	C1853942
SLC25A13 gene	C1420154	ASSOCIATED_WITH		Adult-onset citrullinemia type 2	C1863844
HPD gene	C1415696	ASSOCIATED_WITH		Tyrosinemias	C0268483
HPD gene	C1415696	ASSOCIATED_WITH		Hawkinsinuria	C2931042
HPD gene	C1415696	ASSOCIATED_WITH		Tyrosinemia, Type III	C0268623
PCBD1 gene	C1418296	ASSOCIATED_WITH		Hyperphenylalaninemia with primapterinuria	C1849700
PCBD1 gene	C1418296	CAUSES	["24204001_fullText_1"]	Hyperphenylalaninemia with primapterinuria	C1849700
PCBD1 gene	C1418296	CAUSES	["24204001_fullText_1"]	Transient hyperphenylalaninemia	C0268464
F5 gene	C1414509	ASSOCIATED_WITH		Kidney Failure, Chronic	C0022661
F5 gene	C1414509	ASSOCIATED_WITH		Avascular necrosis of bone	C0027543
F5 gene	C1414509	ASSOCIATED_WITH		Mesenteric vascular insufficiency	C1412000
F5 gene	C1414509	ASSOCIATED_WITH		Sensorineural Hearing Loss (disorder)	C0018784
F5 gene	C1414509	ASSOCIATED_WITH		Thrombophilia due to Activated Protein C Resistance	C1861171
F5 gene	C1414509	ASSOCIATED_WITH		Liver Cirrhosis	C0023890
F5 gene	C1414509	ASSOCIATED_WITH		Cerebral Infarction	C0007785
F5 gene	C1414509	ASSOCIATED_WITH		Blood Coagulation Disorders	C0005779
F5 gene	C1414509	ASSOCIATED_WITH		Retinal Vein Occlusion	C0035328
F5 gene	C1414509	ASSOCIATED_WITH		Myocardial Infarction	C0027051
F5 gene	C1414509	ASSOCIATED_WITH		Pulmonary Embolism	C0034065
F5 gene	C1414509	ASSOCIATED_WITH		Thromboembolism	C0040038
F5 gene	C1414509	ASSOCIATED_WITH		Hepatic Vein Thrombosis	C0019154
F5 gene	C1414509	ASSOCIATED_WITH		Cerebrovascular accident	C0038454
F5 gene	C1414509	ASSOCIATED_WITH		Budd-Chiari Syndrome	C0856761
F5 gene	C1414509	ASSOCIATED_WITH		Activated Protein C Resistance	C0600433
F5 gene	C1414509	ASSOCIATED_WITH		Hereditary Factor V Deficiency	C0015499
GALT gene	C1414962	ASSOCIATED_WITH		Ovarian Failure, Premature	C0085215
GALT gene	C1414962	ASSOCIATED_WITH		Galactosemias	C0016952
GALT gene	C1414962	ASSOCIATED_WITH		Classical galactosemia	C0268151
NAGA gene	C1417592	ASSOCIATED_WITH		Neuroaxonal Dystrophies	C0338473
NAGA gene	C1417592	ASSOCIATED_WITH		Schindler Disease, Type I	C1836544
CLDN11 gene	C1418194	ASSOCIATED_WITH		Multiple Sclerosis	C0026769
PTPRN2 gene	C1419120	ASSOCIATED_WITH		Prediabetes syndrome	C0362046
PTPRN2 gene	C1419120	ASSOCIATED_WITH		Diabetes Mellitus, Insulin-Dependent	C0011854
MYBPC3 gene	C1417523	ASSOCIATED_WITH		Familial dilated cardiomyopathy	C0340427
MYBPC3 gene	C1417523	ASSOCIATED_WITH		Left ventricular noncompaction cardiomyopathy	C4021133
MYBPC3 gene	C1417523	ASSOCIATED_WITH		Long QT Syndrome	C0023976
MYBPC3 gene	C1417523	ASSOCIATED_WITH		Cardiomyopathy, Familial Idiopathic	C1449563
MYBPC3 gene	C1417523	ASSOCIATED_WITH		Brugada Syndrome (disorder)	C1142166
MYBPC3 gene	C1417523	ASSOCIATED_WITH		Asymmetric Septal Hypertrophy	C0205700
MYBPC3 gene	C1417523	ASSOCIATED_WITH		Arrhythmogenic Right Ventricular Dysplasia	C0349788
MYBPC3 gene	C1417523	ASSOCIATED_WITH		Left Ventricular Hypertrophy	C0149721
MYBPC3 gene	C1417523	ASSOCIATED_WITH		Left ventricular noncompaction	C1960469
MYBPC3 gene	C1417523	ASSOCIATED_WITH		Cardiomyopathy, Familial Hypertrophic, 1 (disorder)	C3495498
MYBPC3 gene	C1417523	ASSOCIATED_WITH		Cardiomyopathy, Dilated	C0007193
MYBPC3 gene	C1417523	ASSOCIATED_WITH		Cardiomyopathy, Hypertrophic, Familial	C0949658
MYBPC3 gene	C1417523	ASSOCIATED_WITH		Cardiomyopathies	C0878544
MYBPC3 gene	C1417523	ASSOCIATED_WITH		Hypertrophic Cardiomyopathy	C0007194
MYL2 gene	C1417547	ASSOCIATED_WITH		Congenital heart disease	C0152021
MYL2 gene	C1417547	ASSOCIATED_WITH		Cardiomyopathies	C0878544
MYL2 gene	C1417547	ASSOCIATED_WITH		Cardiomyopathy, Dilated	C0007193
MYL2 gene	C1417547	ASSOCIATED_WITH		Cardiomyopathy, Hypertrophic, Familial	C0949658
MYL2 gene	C1417547	ASSOCIATED_WITH		Hypertrophic Cardiomyopathy	C0007194
MYL3 gene	C1417548	ASSOCIATED_WITH		Cardiomyopathy, Hypertrophic, Familial	C0949658
MYL3 gene	C1417548	ASSOCIATED_WITH		Restrictive cardiomyopathy	C0007196
MYL3 gene	C1417548	ASSOCIATED_WITH		Cardiomyopathy, Dilated	C0007193
MYL3 gene	C1417548	ASSOCIATED_WITH		Cardiomyopathies	C0878544
MYL3 gene	C1417548	ASSOCIATED_WITH		Hypertrophic Cardiomyopathy	C0007194
PRKAG2 gene	C1418905	ASSOCIATED_WITH		Cerebrovascular accident	C0038454
PRKAG2 gene	C1418905	ASSOCIATED_WITH		Anomalous atrioventricular excitation	C0392470
PRKAG2 gene	C1418905	ASSOCIATED_WITH		Coronary Artery Disease	C1956346
PRKAG2 gene	C1418905	ASSOCIATED_WITH		Cardiomyopathy, Dilated	C0007193
PRKAG2 gene	C1418905	ASSOCIATED_WITH		Congestive heart failure	C0018802
PRKAG2 gene	C1418905	ASSOCIATED_WITH		Hypertensive disease	C0020538
PRKAG2 gene	C1418905	ASSOCIATED_WITH		Cardiomyopathy, Hypertrophic, Familial	C0949658
PRKAG2 gene	C1418905	ASSOCIATED_WITH		Left Ventricular Hypertrophy	C0149721
PRKAG2 gene	C1418905	ASSOCIATED_WITH		Glycogen Storage Disease	C0017919
PRKAG2 gene	C1418905	ASSOCIATED_WITH		Cardiomyopathies	C0878544
PRKAG2 gene	C1418905	ASSOCIATED_WITH		Hypertrophic Cardiomyopathy	C0007194
PRKAG2 gene	C1418905	ASSOCIATED_WITH		Wolff-Parkinson-White Syndrome	C0043202
PRKAG2 gene	C1418905	ASSOCIATED_WITH		Pre-Excitation Syndromes	C0032915
CYB5A gene	C1824837	ASSOCIATED_WITH		Obesity	C0028754
CYB5A gene	C1824837	ASSOCIATED_WITH		Methemoglobinemia	C0025637
SCARB2 gene	C1413219	ASSOCIATED_WITH		Unverricht-Lundborg Syndrome	C0751785
SCARB2 gene	C1413219	ASSOCIATED_WITH		Focal glomerulosclerosis	C0017668
SCARB2 gene	C1413219	ASSOCIATED_WITH		Myoclonic Epilepsies, Progressive	C0751778
SCARB2 gene	C1413219	ASSOCIATED_WITH		Action Myoclonus-Renal Failure Syndrome	C0751779
GNPTAB gene	C1825380	ASSOCIATED_WITH		Mucolipidoses	C0026697
GNPTAB gene	C1825380	ASSOCIATED_WITH		Pseudo-Hurler Polydystrophy	C0033788
GNPTAB gene	C1825380	ASSOCIATED_WITH		Type II Mucolipidosis	C0020725
GOT1 gene	C1415181	ASSOCIATED_WITH		Transient Ischemic Attack	C0007787
GOT1 gene	C1415181	ASSOCIATED_WITH		Amyloidosis	C0002726
GOT1 gene	C1415181	ASSOCIATED_WITH		Chemical and Drug Induced Liver Injury	C4277682
GOT1 gene	C1415181	ASSOCIATED_WITH		Amyotrophic Lateral Sclerosis	C0002736
NAGS gene	C1540311	ASSOCIATED_WITH		Amino Acid Metabolism, Inborn Errors	C0002514
NAGS gene	C1540311	ASSOCIATED_WITH		Hyperammonemia, type III	C0268543
NAGS gene	C1540311	CAUSES	["37847851_fullText_51","37847851_fullText_55"]	Hyperammonemia, type III	C0268543
HEXB gene	C1415523	ASSOCIATED_WITH		Adult Sandhoff Disease	C0751489
HEXB gene	C1415523	ASSOCIATED_WITH		Infantile Sandhoff Disease	C0751490
HEXB gene	C1415523	ASSOCIATED_WITH		Sandhoff Disease	C0036161
HEXB gene	C1415523	ASSOCIATED_WITH		Juvenile Sandhoff Disease	C0751491
OCRL gene	C1417931	ASSOCIATED_WITH		Dent's disease	C0878681
OCRL gene	C1417931	ASSOCIATED_WITH		Oculocerebrorenal Syndrome	C0028860
OCRL gene	C1417931	AFFECTS	["31967472_abstract_3"]	Oculocerebrorenal Syndrome	C0028860
CLCN5 gene	C1413454	ASSOCIATED_WITH		Hypophosphatemic Rickets, X-Linked Recessive	C1845168
CLCN5 gene	C1413454	ASSOCIATED_WITH		Familial Hypophosphatemic Rickets	C3536983
CLCN5 gene	C1413454	ASSOCIATED_WITH		Dent disease 1	C1848336
CLCN5 gene	C1413454	ASSOCIATED_WITH		Dent's disease	C0878681
HEPACAM gene	C1968841	ASSOCIATED_WITH		MEGALENCEPHALIC LEUKOENCEPHALOPATHY WITH SUBCORTICAL CYSTS	C1858854
HEPACAM gene	C1968841	ASSOCIATED_WITH		MEGALENCEPHALIC LEUKOENCEPHALOPATHY WITH SUBCORTICAL CYSTS 2B, REMITTING, WITH OR WITHOUT MENTAL RETARDATION	C3151356
MLC1 gene	C1424729	ASSOCIATED_WITH		MEGALENCEPHALIC LEUKOENCEPHALOPATHY WITH SUBCORTICAL CYSTS	C1858854
AFP gene	C1367597	ASSOCIATED_WITH		Hepatitis C	C0019196
AFP gene	C1367597	ASSOCIATED_WITH		Liver diseases	C0023895
POLR3A gene	C1538695	ASSOCIATED_WITH		Movement Disorders	C0026650
POLR3A gene	C1538695	ASSOCIATED_WITH		Spastic Ataxia	C1849156
POLR3A gene	C1538695	ASSOCIATED_WITH		Leukodystrophy	C0023520
REG1A gene	C1419333	ASSOCIATED_WITH		Diabetes Mellitus, Insulin-Dependent	C0011854
COL4A1 gene	C1413582	ASSOCIATED_WITH		Dementia, Vascular	C0011269
COL4A1 gene	C1413582	ASSOCIATED_WITH		Rieger syndrome	C0265341
COL4A1 gene	C1413582	ASSOCIATED_WITH		Keratoconus	C0022578
COL4A1 gene	C1413582	ASSOCIATED_WITH		Focal glomerulosclerosis	C0017668
COL4A1 gene	C1413582	ASSOCIATED_WITH		Chronic Kidney Diseases	C1561643
COL4A1 gene	C1413582	ASSOCIATED_WITH		Cerebral Palsy	C0007789
COL4A1 gene	C1413582	ASSOCIATED_WITH		Nephrotic Syndrome	C0027726
COL4A1 gene	C1413582	ASSOCIATED_WITH		Optic Nerve Hypoplasia	C0338502
COL4A1 gene	C1413582	ASSOCIATED_WITH		Anemia, Hemolytic	C0002878
COL4A1 gene	C1413582	ASSOCIATED_WITH		Diabetic Nephropathy	C0011881
COL4A1 gene	C1413582	ASSOCIATED_WITH		Myocardial Infarction	C0027051
COL4A1 gene	C1413582	ASSOCIATED_WITH		PORENCEPHALY, FAMILIAL	C1867983
COL4A1 gene	C1413582	ASSOCIATED_WITH		Anterior segment mesenchymal dysgenesis	C1862839
COL4A1 gene	C1413582	ASSOCIATED_WITH		Angiopathy, Hereditary, With Nephropathy, Aneurysms, And Muscle Cramps	C2673195
COL4A1 gene	C1413582	ASSOCIATED_WITH		Leukoencephalopathies	C0270612
COL4A1 gene	C1413582	ASSOCIATED_WITH		Schizencephaly	C0266484
DUOX2 gene	C1421916	ASSOCIATED_WITH		Endemic Cretinism	C0342200
DUOX2 gene	C1421916	ASSOCIATED_WITH		Congenital Hypothyroidism	C0010308
FAH gene	C1414525	ASSOCIATED_WITH		Tyrosinemias	C0268483
FAH gene	C1414525	ASSOCIATED_WITH		Tyrosinemia, Type I	C0268490
CNTNAP2 gene	C1422223	ASSOCIATED_WITH		Parkinson Disease	C0030567
CNTNAP2 gene	C1422223	ASSOCIATED_WITH		Epilepsy, Rolandic	C0376532
CNTNAP2 gene	C1422223	ASSOCIATED_WITH		PITT-HOPKINS SYNDROME	C1970431
CNTNAP2 gene	C1422223	ASSOCIATED_WITH		Epilepsy	C0014544
EDAR gene	C1414061	ASSOCIATED_WITH		Ectodermal Dysplasia	C0013575
EDAR gene	C1414061	ASSOCIATED_WITH		Christ-Siemens-Touraine syndrome	C0162359
SLC12A6 gene	C1420094	ASSOCIATED_WITH		Dejerine-Sottas Disease (disorder)	C0011195
SLC12A6 gene	C1420094	ASSOCIATED_WITH		Roussy-Levy Syndrome (disorder)	C0205713
SLC12A6 gene	C1420094	ASSOCIATED_WITH		Hereditary Motor and Sensory Neuropathies	C0027888
SLC12A6 gene	C1420094	ASSOCIATED_WITH		Charcot-Marie-Tooth Disease	C0007959
SLC12A6 gene	C1420094	ASSOCIATED_WITH		Agenesis of corpus callosum	C0175754
SLC12A6 gene	C1420094	ASSOCIATED_WITH		Peripheral Neuropathy	C0031117
SLC12A6 gene	C1420094	ASSOCIATED_WITH		Corpus callosum agenesis neuronopathy	C0795950
ERF gene	C1333360	ASSOCIATED_WITH		Synostotic Posterior Plagiocephaly	C1833340
ERF gene	C1333360	ASSOCIATED_WITH		Craniosynostosis	C0010278
VHL gene	C0694897	ASSOCIATED_WITH		Stress polycythemia	C0541719
VHL gene	C0694897	ASSOCIATED_WITH		Polycythemia due to excess erythopoetin production	C0391869
VHL gene	C0694897	ASSOCIATED_WITH		Secondary polycythemia	C1318533
VHL gene	C0694897	ASSOCIATED_WITH		Hypertensive disease	C0020538
VHL gene	C0694897	ASSOCIATED_WITH		Polycythemia	C0032461
VHL gene	C0694897	ASSOCIATED_WITH		Von Hippel-Lindau Syndrome	C0019562
SEPSECS gene	C2239920	ASSOCIATED_WITH		Pontoneocerebellar hypoplasia	C1261175
SMARCB1 gene	C0812273	ASSOCIATED_WITH		Coffin-Siris syndrome	C0265338
TNFSF11 gene	C1367028	ASSOCIATED_WITH		Osteosclerosis	C0029464
TNFSF11 gene	C1367028	ASSOCIATED_WITH		Hypercalcemia	C0020437
TNFSF11 gene	C1367028	ASSOCIATED_WITH		Osteopetrosis	C0029454
TNFSF11 gene	C1367028	ASSOCIATED_WITH		Alveolar Bone Loss	C0002382
TNFSF11 gene	C1367028	ASSOCIATED_WITH		Osteoporosis	C0029456
SLC6A19 gene	C1428660	ASSOCIATED_WITH		Hartnup Disease	C0018609
FZD4 gene	C1333586	ASSOCIATED_WITH		Exudative retinopathy	C0154832
FZD4 gene	C1333586	ASSOCIATED_WITH		Retinal Diseases	C0035309
FZD4 gene	C1333586	ASSOCIATED_WITH		Retinopathy of Prematurity	C0035344
NDP gene	C1417616	ASSOCIATED_WITH		Exudative retinopathy	C0154832
NDP gene	C1417616	ASSOCIATED_WITH		Retinopathy of Prematurity	C0035344
GPX3 gene	C1415277	ASSOCIATED_WITH		Fanconi Syndrome	C0015624
GPX3 gene	C1415277	ASSOCIATED_WITH		Barrett Esophagus	C0004763
GPX3 gene	C1415277	ASSOCIATED_WITH		Hypertensive disease	C0020538
GPX3 gene	C1415277	ASSOCIATED_WITH		Diabetes Mellitus, Non-Insulin-Dependent	C0011860
GPX3 gene	C1415277	ASSOCIATED_WITH		Obesity	C0028754
SP7 gene	C1424900	ASSOCIATED_WITH		Osteogenesis Imperfecta	C0029434
WT1 gene	C0694898	ASSOCIATED_WITH		Sex Differentiation Disorders	C2930619
WT1 gene	C0694898	ASSOCIATED_WITH		Alzheimer's Disease	C0002395
WT1 gene	C0694898	ASSOCIATED_WITH		Chronic Kidney Diseases	C1561643
WT1 gene	C0694898	ASSOCIATED_WITH		Ovarian Failure, Premature	C0085215
WT1 gene	C0694898	ASSOCIATED_WITH		Steroid-resistant nephrotic syndrome	C0403397
WT1 gene	C0694898	ASSOCIATED_WITH		Gonadal Dysgenesis	C0018051
WT1 gene	C0694898	ASSOCIATED_WITH		Nephrotic Syndrome	C0027726
WT1 gene	C0694898	ASSOCIATED_WITH		WAGR Syndrome	C0206115
WT1 gene	C0694898	ASSOCIATED_WITH		Focal glomerulosclerosis	C0017668
WT1 gene	C0694898	ASSOCIATED_WITH		Kidney Diseases	C0022658
WT1 gene	C0694898	ASSOCIATED_WITH		Frasier Syndrome	C0950122
WT1 gene	C0694898	ASSOCIATED_WITH		Denys-Drash Syndrome	C0950121
S100A6 gene	C1419788	ASSOCIATED_WITH		Diabetes Mellitus, Non-Insulin-Dependent	C0011860
MEFV gene	C1417104	ASSOCIATED_WITH		Arthritis, Psoriatic	C0003872
MEFV gene	C1417104	ASSOCIATED_WITH		Urticaria	C0042109
MEFV gene	C1417104	ASSOCIATED_WITH		Lung diseases	C0024115
MEFV gene	C1417104	ASSOCIATED_WITH		Acne	C0702166
MEFV gene	C1417104	ASSOCIATED_WITH		Hidradenitis Suppurativa	C0162836
MEFV gene	C1417104	ASSOCIATED_WITH		Pyoderma Gangrenosum	C0085652
MEFV gene	C1417104	ASSOCIATED_WITH		Asthma	C0004096
MEFV gene	C1417104	ASSOCIATED_WITH		Familial Mediterranean Fever, Autosomal Dominant	C1851347
MEFV gene	C1417104	ASSOCIATED_WITH		Henoch-Schoenlein Purpura	C0034152
MEFV gene	C1417104	ASSOCIATED_WITH		Behcet Syndrome	C0004943
MEFV gene	C1417104	ASSOCIATED_WITH		Familial Mediterranean Fever	C0031069
MEFV gene	C1417104	ASSOCIATED_WITH		Sweet Syndrome	C0085077
MEFV gene	C1417104	ASSOCIATED_WITH		Familial Mediterranean Fever, Autosomal Recessive	C5399837
WFS1 gene	C1421501	ASSOCIATED_WITH		Diabetic Retinopathy	C0011884
WFS1 gene	C1421501	ASSOCIATED_WITH		Optic Atrophy, Autosomal Dominant	C0338508
WFS1 gene	C1421501	ASSOCIATED_WITH		Nonsyndromic Deafness	C3711374
WFS1 gene	C1421501	ASSOCIATED_WITH		Sensorineural Hearing Loss (disorder)	C0018784
WFS1 gene	C1421501	ASSOCIATED_WITH		Diabetes Mellitus, Insulin-Dependent	C0011854
WFS1 gene	C1421501	ASSOCIATED_WITH		Optic Atrophy	C0029124
WFS1 gene	C1421501	ASSOCIATED_WITH		Diabetes Mellitus	C0011849
WFS1 gene	C1421501	ASSOCIATED_WITH		Diabetes Mellitus, Non-Insulin-Dependent	C0011860
WFS1 gene	C1421501	ASSOCIATED_WITH		Wolfram Syndrome	C0043207
HSPD1 gene	C1415782	ASSOCIATED_WITH		Hypertrophic Cardiomyopathy	C0007194
HSPD1 gene	C1415782	ASSOCIATED_WITH		Myocardial Ischemia	C0151744
HSPD1 gene	C1415782	ASSOCIATED_WITH		Arteriosclerosis	C0003850
HSPD1 gene	C1415782	ASSOCIATED_WITH		Hereditary Autosomal Dominant Spastic Paraplegia	C0751602
HSPD1 gene	C1415782	ASSOCIATED_WITH		HIV Infections	C0019693
HSPD1 gene	C1415782	ASSOCIATED_WITH		Acute Coronary Syndrome	C0948089
HSPD1 gene	C1415782	ASSOCIATED_WITH		Coronary Arteriosclerosis	C0010054
HSPD1 gene	C1415782	ASSOCIATED_WITH		Coronary heart disease	C0010068
HSPD1 gene	C1415782	ASSOCIATED_WITH		Spastic Paraplegia	C0037772
HSPD1 gene	C1415782	ASSOCIATED_WITH		Spastic Paraplegia, Hereditary	C0037773
HSPE1 gene	C1415790	ASSOCIATED_WITH		Cardiomyopathies	C0878544
KL gene	C1416656	ASSOCIATED_WITH		Chronic myocardial ischemia	C0264694
KL gene	C1416656	ASSOCIATED_WITH		Spondylosis	C0038019
KL gene	C1416656	ASSOCIATED_WITH		Dermatologic disorders	C0037274
KL gene	C1416656	ASSOCIATED_WITH		Myocardial Ischemia	C0151744
KL gene	C1416656	ASSOCIATED_WITH		Hypercalcemia	C0020437
KL gene	C1416656	ASSOCIATED_WITH		Coronary heart disease	C0010068
KL gene	C1416656	ASSOCIATED_WITH		Arteriosclerosis	C0003850
KL gene	C1416656	ASSOCIATED_WITH		Osteoporosis	C0029456
KL gene	C1416656	ASSOCIATED_WITH		Premature aging syndrome	C0231341
KL gene	C1416656	ASSOCIATED_WITH		Hyperphosphatemia (disorder)	C0085681
KL gene	C1416656	ASSOCIATED_WITH		Kidney Diseases	C0022658
KL gene	C1416656	ASSOCIATED_WITH		Coronary Arteriosclerosis	C0010054
KL gene	C1416656	ASSOCIATED_WITH		Diabetes Mellitus, Non-Insulin-Dependent	C0011860
PRLR gene	C1335265	ASSOCIATED_WITH		Ovarian Failure, Premature	C0085215
PRLR gene	C1335265	ASSOCIATED_WITH		Endometriosis	C0014175
PRLR gene	C1335265	ASSOCIATED_WITH		Hyperprolactinemia	C0020514
CYP27B1 gene	C1413865	ASSOCIATED_WITH		Hepatitis B	C0019163
CYP27B1 gene	C1413865	ASSOCIATED_WITH		Hypercalcemia	C0020437
CYP27B1 gene	C1413865	ASSOCIATED_WITH		Diabetes Mellitus, Insulin-Dependent	C0011854
CYP27B1 gene	C1413865	ASSOCIATED_WITH		Vitamin D-dependent rickets	C0221468
CYP27B1 gene	C1413865	ASSOCIATED_WITH		Obesity	C0028754
CYP27B1 gene	C1413865	ASSOCIATED_WITH		Rickets	C0035579
CYP27B1 gene	C1413865	ASSOCIATED_WITH		Vitamin D-dependent rickets, type 1	C0268689
CYP21A2 gene	C1413861	ASSOCIATED_WITH		Adrenogenital disorder	C0701163
CYP21A2 gene	C1413861	ASSOCIATED_WITH		Ehlers-Danlos Syndrome	C0013720
CYP21A2 gene	C1413861	ASSOCIATED_WITH		Adrenal hyperplasia	C1621895
CYP21A2 gene	C1413861	ASSOCIATED_WITH		Congenital adrenal hyperplasia	C0001627
SLC8A1 gene	C1420229	ASSOCIATED_WITH		Hypertensive disease	C0020538
SLC8A1 gene	C1420229	ASSOCIATED_WITH		Status Epilepticus	C0038220
MMP13 gene	C1417202	ASSOCIATED_WITH		Arteriosclerosis	C0003850
MMP13 gene	C1417202	ASSOCIATED_WITH		Spondyloepimetaphyseal disorder	C0432211
MMP13 gene	C1417202	ASSOCIATED_WITH		Aortic Aneurysm, Abdominal	C0162871
BGLAP gene	C1412791	ASSOCIATED_WITH		Asthma	C0004096
BGLAP gene	C1412791	ASSOCIATED_WITH		Vitamin K Deficiency	C0042880
BGLAP gene	C1412791	ASSOCIATED_WITH		Rheumatoid Arthritis	C0003873
BGLAP gene	C1412791	ASSOCIATED_WITH		Osteoporosis	C0029456
RS1 gene	C1419764	ASSOCIATED_WITH		Retinal Dystrophies	C0854723
RS1 gene	C1419764	ASSOCIATED_WITH		Retinoschisis	C0152439
RS1 gene	C1419764	ASSOCIATED_WITH		Retinoschisis, Juvenile, X-Linked	C0271091
RS1 gene	C1419764	ASSOCIATED_WITH		RETINOSCHISIS 1, X-LINKED, JUVENILE	C3714753
MYOC gene	C1417573	ASSOCIATED_WITH		Hydrophthalmos	C0020302
MYOC gene	C1417573	ASSOCIATED_WITH		Low Tension Glaucoma	C0152136
MYOC gene	C1417573	ASSOCIATED_WITH		Ocular Hypertension	C0028840
MYOC gene	C1417573	ASSOCIATED_WITH		Glaucoma, Open-Angle	C0017612
MYOC gene	C1417573	ASSOCIATED_WITH		Glaucoma	C0017601
MYOC gene	C1417573	ASSOCIATED_WITH		Glaucoma, Primary Open Angle	C0339573
MYOC gene	C1417573	ASSOCIATED_WITH__INFER__	["15925112_fullText_6"]	Phenylketonurias	C0031485
KRT14 gene	C1416717	ASSOCIATED_WITH		Dermatopathia pigmentosa reticularis	C0406778
KRT14 gene	C1416717	ASSOCIATED_WITH		Epidermolysis Bullosa Simplex	C0079298
KRT14 gene	C1416717	ASSOCIATED_WITH		Naegeli syndrome	C0343111
KRT14 gene	C1416717	ASSOCIATED_WITH		Weber-Cockayne Syndrome	C0080333
KRT14 gene	C1416717	ASSOCIATED_WITH		Epidermolysis Bullosa Herpetiformis Dowling-Meara	C0079295
APOB gene	C1412471	ASSOCIATED_WITH		Celiac Disease	C0007570
APOB gene	C1412471	ASSOCIATED_WITH		Anemia, Sickle Cell	C0002895
APOB gene	C1412471	ASSOCIATED_WITH		Arteriosclerosis	C0003850
APOB gene	C1412471	ASSOCIATED_WITH		Diabetic Retinopathy	C0011884
APOB gene	C1412471	ASSOCIATED_WITH		Hyperlipoproteinemia Type IIa	C0745103
APOB gene	C1412471	ASSOCIATED_WITH		Hyperlipoproteinemias	C0020476
APOB gene	C1412471	ASSOCIATED_WITH		Myocardial Ischemia	C0151744
APOB gene	C1412471	ASSOCIATED_WITH		Fatty Liver	C0015695
APOB gene	C1412471	ASSOCIATED_WITH		Dyslipidemias	C0242339
APOB gene	C1412471	ASSOCIATED_WITH		Coronary Arteriosclerosis	C0010054
APOB gene	C1412471	ASSOCIATED_WITH		Hypercholesterolemia, Familial	C0020445
APOB gene	C1412471	ASSOCIATED_WITH		Hyperlipidemia	C0020473
APOB gene	C1412471	ASSOCIATED_WITH		Hypobetalipoproteinemias	C0020597
APOB gene	C1412471	ASSOCIATED_WITH		Hypercholesterolemia	C0020443
APOB gene	C1412471	ASSOCIATED_WITH		Coronary heart disease	C0010068
APOB gene	C1412471	ASSOCIATED_WITH		Diabetes Mellitus, Non-Insulin-Dependent	C0011860
APOB gene	C1412471	ASSOCIATED_WITH		Cardiovascular Diseases	C0007222
APOB gene	C1412471	ASSOCIATED_WITH		Hyperlipoproteinemia Type IIb	C1704417
MLYCD gene	C1417196	ASSOCIATED_WITH		Cardiomyopathies	C0878544
MLYCD gene	C1417196	ASSOCIATED_WITH		Malonic aciduria	C0342793
ARSE gene	C1412558	ASSOCIATED_WITH		Chondrodysplasia Punctata	C0008445
GPR17 wt Allele	C1704993	CAUSES	["10607480_fullText_8"]	Dwarfism	C0013336
USP45 gene	C1426667	ASSOCIATED_WITH		Leber Congenital Amaurosis	C0339527
RBP4 gene	C1419320	ASSOCIATED_WITH		Alcoholic Liver Diseases	C0023896
RBP4 gene	C1419320	ASSOCIATED_WITH		Myocardial Ischemia	C0151744
RBP4 gene	C1419320	ASSOCIATED_WITH		Congestive heart failure	C0018802
RBP4 gene	C1419320	ASSOCIATED_WITH		Coronary heart disease	C0010068
RBP4 gene	C1419320	ASSOCIATED_WITH		Vitamin A Deficiency	C0042842
RBP4 gene	C1419320	ASSOCIATED_WITH		Heart failure	C0018801
RBP4 gene	C1419320	ASSOCIATED_WITH		Kidney Diseases	C0022658
RBP4 gene	C1419320	ASSOCIATED_WITH		Coronary Arteriosclerosis	C0010054
RBP4 gene	C1419320	ASSOCIATED_WITH		Polycystic Ovary Syndrome	C0032460
RBP4 gene	C1419320	ASSOCIATED_WITH		Diabetes Mellitus, Non-Insulin-Dependent	C0011860
EPM2A gene	C1414435	ASSOCIATED_WITH		Myoclonic Epilepsies, Progressive	C0751778
EPM2A gene	C1414435	ASSOCIATED_WITH		Lafora Disease	C0751783
GPSM2 gene	C1428865	ASSOCIATED_WITH		Sensorineural Hearing Loss (disorder)	C0018784
SLC17A5 gene	C1420113	ASSOCIATED_WITH		Sialuria	C0342853
SLC17A5 gene	C1420113	ASSOCIATED_WITH		Sialic Acid Storage Disease, Finnish Type (disorder)	C1096903
SLC17A5 gene	C1420113	ASSOCIATED_WITH		Infantile Sialic Acid Storage Disease	C1096902
MYCBP gene	C1417525	ASSOCIATED_WITH	["308492_fullText_1"]	Phenylketonurias	C0031485
GJA4 gene	C1415072	ASSOCIATED_WITH		Hypertensive disease	C0020538
GJA4 gene	C1415072	ASSOCIATED_WITH		Myocardial Ischemia	C0151744
GJA4 gene	C1415072	ASSOCIATED_WITH		Coronary heart disease	C0010068
GJA4 gene	C1415072	ASSOCIATED_WITH		Myocardial Infarction	C0027051
GJA4 gene	C1415072	ASSOCIATED_WITH		Coronary Arteriosclerosis	C0010054
BRCA1 gene	C0376571	ASSOCIATED_WITH		Fanconi Anemia	C0015625
KRAS gene	C1537502	ASSOCIATED_WITH		Anemia	C0002871
KRAS gene	C1537502	ASSOCIATED_WITH		APLASIA CUTIS CONGENITA WITH EPIBULBAR DERMOIDS	C1838329
KRAS gene	C1537502	ASSOCIATED_WITH		Noonan Syndrome	C0028326
KRAS gene	C1537502	ASSOCIATED_WITH		Endometriosis	C0014175
KRAS gene	C1537502	ASSOCIATED_WITH		Lynch Syndrome	C4552100
SOX3 gene	C1420326	ASSOCIATED_WITH		Septo-Optic Dysplasia	C0338503
SOX3 gene	C1420326	ASSOCIATED_WITH		Strabismus	C0038379
SOX3 gene	C1420326	ASSOCIATED_WITH		46, XX Testicular Disorders of Sex Development	C2936419
APP gene	C1364818	ASSOCIATED_WITH		Hereditary Cerebral Amyloid Angiopathy, Icelandic Type	C1527338
APP gene	C1364818	ASSOCIATED_WITH		Premature aging syndrome	C0231341
APP gene	C1364818	ASSOCIATED_WITH		Degenerative disorder	C1285162
APP gene	C1364818	ASSOCIATED_WITH		Familial Cerebral Amyloid Angiopathy	C0268393
APP gene	C1364818	ASSOCIATED_WITH		Brain Diseases	C0006111
APP gene	C1364818	ASSOCIATED_WITH		Encephalopathies	C0085584
APP gene	C1364818	ASSOCIATED_WITH		Dementia, Vascular	C0011269
APP gene	C1364818	ASSOCIATED_WITH		Cerebral Amyloid Angiopathy, Hereditary	C1510489
APP gene	C1364818	ASSOCIATED_WITH		Fragile X Syndrome	C0016667
APP gene	C1364818	ASSOCIATED_WITH		Amyloidosis	C0002726
APP gene	C1364818	ASSOCIATED_WITH		Neurodegenerative Disorders	C0524851
APP gene	C1364818	ASSOCIATED_WITH		Familial Alzheimer Disease (FAD)	C0276496
APP gene	C1364818	ASSOCIATED_WITH		Alzheimer's Disease	C0002395
IRF6 gene	C1416474	ASSOCIATED_WITH		Cleft Palate	C0008925
IRF6 gene	C1416474	ASSOCIATED_WITH		Popliteal pterygium syndrome	C0265259
IRF6 gene	C1416474	ASSOCIATED_WITH		Van der Woude syndrome	C0175697
STAT1 gene	C1335872	ASSOCIATED_WITH		Cytomegalovirus Infections	C0010823
STAT1 gene	C1335872	ASSOCIATED_WITH		Influenza	C0021400
STAT1 gene	C1335872	ASSOCIATED_WITH		Liver Cirrhosis	C0023890
STAT1 gene	C1335872	ASSOCIATED_WITH		Primary Hypothyroidism	C4316995
STAT1 gene	C1335872	ASSOCIATED_WITH		Hypothyroidism	C0020676
STAT1 gene	C1335872	ASSOCIATED_WITH		Bronchiectasis	C0006267
STAT1 gene	C1335872	ASSOCIATED_WITH		Lupus Nephritis	C0024143
STAT1 gene	C1335872	ASSOCIATED_WITH		Combined immunodeficiency disease	C2711630
STAT1 gene	C1335872	ASSOCIATED_WITH		Mycobacterium Infections	C0026918
STAT1 gene	C1335872	ASSOCIATED_WITH		Rheumatoid Arthritis	C0003873
STAT1 gene	C1335872	ASSOCIATED_WITH		Candidiasis, Chronic Mucocutaneous	C0006845
FBN2 gene	C1414543	ASSOCIATED_WITH		Cardiomyopathy, Dilated	C0007193
FBN2 gene	C1414543	ASSOCIATED_WITH		Connective Tissue Diseases	C0009782
FBN2 gene	C1414543	ASSOCIATED_WITH		Marfan Syndrome	C0024796
NLRP1 gene	C1826435	ASSOCIATED_WITH		Vitiligo	C0042900
NFKBIA gene	C1334877	ASSOCIATED_WITH		Vasculitis	C0042384
NFKBIA gene	C1334877	ASSOCIATED_WITH		Bronchopulmonary Dysplasia	C0006287
NFKBIA gene	C1334877	ASSOCIATED_WITH		Hepatitis B	C0019163
NFKBIA gene	C1334877	ASSOCIATED_WITH		Psoriasis	C0033860
NFKBIA gene	C1334877	ASSOCIATED_WITH		Pneumonia	C0032285
GBP1P1 gene	C3147377	ASSOCIATED_WITH	["38556470_fullText_6"]	Phenylketonurias	C0031485
CNDP1 gene	C1539109	ASSOCIATED_WITH		Homocarnosinosis	C0268632
CNDP1 gene	C1539109	ASSOCIATED_WITH		Glomerulonephritis	C0017658
CNDP1 gene	C1539109	ASSOCIATED_WITH		Diabetic Nephropathy	C0011881
ARMC9 gene	C1824218	CAUSES	["38949024_fullText_38"]	Familial aplasia of the vermis	C0431399
ARMC9 gene	C1824218	CAUSES	["38949024_fullText_3"]	Coloboma of the Retina	C3540764
ARMC9 gene	C1824218	CAUSES	["38949024_fullText_3"]	Photoreceptor degeneration	C1998028
ARMC9 gene	C1824218	ASSOCIATED_WITH	["38949024_fullText_3"]	Familial aplasia of the vermis	C0431399
RNF213 gene	C1422738	ASSOCIATED_WITH		Coronary Artery Disease	C1956346
RNF213 gene	C1422738	ASSOCIATED_WITH		Cerebrovascular accident	C0038454
RNF213 gene	C1422738	ASSOCIATED_WITH		Moyamoya Disease	C0026654
MX1 gene	C1417510	ASSOCIATED_WITH		Fanconi Anemia	C0015625
MX1 gene	C1417510	ASSOCIATED_WITH		Congestive heart failure	C0018802
MX1 gene	C1417510	ASSOCIATED_WITH		Heart failure	C0018801
MX1 gene	C1417510	ASSOCIATED_WITH		Alopecia Areata	C0002171
MX1 gene	C1417510	ASSOCIATED_WITH		Liver diseases	C0023895
MX1 gene	C1417510	ASSOCIATED_WITH		Influenza	C0021400
MARCO gene	C1417032	ASSOCIATED_WITH		Tuberculosis, Pulmonary	C0041327
POR gene	C1335232	ASSOCIATED_WITH		Sex Differentiation Disorders	C2930619
POR gene	C1335232	ASSOCIATED_WITH		Adrenogenital disorder	C0701163
POR gene	C1335232	ASSOCIATED_WITH		Amenorrhea	C0002453
POR gene	C1335232	ASSOCIATED_WITH		Congenital adrenal hyperplasia	C0001627
CTSA gene	C1824812	ASSOCIATED_WITH		Lysosomal Storage Diseases	C0085078
CTSA gene	C1824812	ASSOCIATED_WITH		GALACTOSIALIDOSIS	C0268233
PITX2 gene	C1418596	ASSOCIATED_WITH		RING DERMOID OF CORNEA	C1867155
PITX2 gene	C1418596	ASSOCIATED_WITH		Cerebrovascular accident	C0038454
PITX2 gene	C1418596	ASSOCIATED_WITH		Anterior segment mesenchymal dysgenesis	C1862839
PITX2 gene	C1418596	ASSOCIATED_WITH		Atrial Fibrillation	C0004238
PITX2 gene	C1418596	ASSOCIATED_WITH		Rieger syndrome	C0265341
PITX2 gene	C1418596	ASSOCIATED_WITH		IRIDOGONIODYSGENESIS, TYPE 2	C1842031
NBN gene	C1334862	ASSOCIATED_WITH		Stomatitis	C0038362
NBN gene	C1334862	ASSOCIATED_WITH		Metabolic Diseases	C0025517
NBN gene	C1334862	ASSOCIATED_WITH		Aplastic Anemia	C0002874
NBN gene	C1334862	ASSOCIATED_WITH		Premature Menopause	C0025322
NBN gene	C1334862	ASSOCIATED_WITH		Nijmegen Breakage Syndrome	C0398791
SOX2 gene	C1420322	ASSOCIATED_WITH		Septo-Optic Dysplasia	C0338503
PRDM10 gene	C1422332	ASSOCIATED_WITH		Birt-Hogg-Dube Syndrome	C0346010
SLC40A1 gene	C1456396	ASSOCIATED_WITH		Ceruloplasmin deficiency	C0878682
SLC40A1 gene	C1456396	ASSOCIATED_WITH		Hereditary hemochromatosis	C0392514
SLC40A1 gene	C1456396	ASSOCIATED_WITH		Hemochromatosis	C0018995
SLC40A1 gene	C1456396	ASSOCIATED_WITH		Anemia	C0002871
SLC40A1 gene	C1456396	ASSOCIATED_WITH		Iron Overload	C0282193
SLC40A1 gene	C1456396	ASSOCIATED_WITH		HEMOCHROMATOSIS, TYPE 4	C1853733
NRP1 gene	C1334905	ASSOCIATED_WITH		Endometriosis	C0014175
DOCK1 gene	C1333245	ASSOCIATED_WITH		Temporomandibular Joint Disorders	C0039494
RFC1 gene	C1419348	ASSOCIATED_WITH		Hereditary Motor and Sensory Neuropathies	C0027888
RFC1 gene	C1419348	ASSOCIATED_WITH		Parkinson Disease	C0030567
RFC1 gene	C1419348	ASSOCIATED_WITH		Bilateral Vestibulopathy	C4255193
RFC1 gene	C1419348	ASSOCIATED_WITH		CEREBELLAR ATAXIA, NEUROPATHY, AND VESTIBULAR AREFLEXIA SYNDROME	C3281223
HMGCR gene	C1415615	ASSOCIATED_WITH		Hyperimmunoglobulinemia D	C0398691
HMGCR gene	C1415615	ASSOCIATED_WITH		Angina, Unstable	C0002965
HMGCR gene	C1415615	ASSOCIATED_WITH		Deficiency of mevalonate kinase	C0342731
HMGCR gene	C1415615	ASSOCIATED_WITH		Muscular Dystrophy	C0026850
HMGCR gene	C1415615	ASSOCIATED_WITH		Muscular Dystrophies, Limb-Girdle	C0686353
HMGCR gene	C1415615	ASSOCIATED_WITH		Myocardial Ischemia	C0151744
HMGCR gene	C1415615	ASSOCIATED_WITH		Asthma	C0004096
HMGCR gene	C1415615	ASSOCIATED_WITH		Cholecystolithiasis	C0947622
HMGCR gene	C1415615	ASSOCIATED_WITH		Parkinson Disease	C0030567
HMGCR gene	C1415615	ASSOCIATED_WITH		Cholelithiasis	C0008350
HMGCR gene	C1415615	ASSOCIATED_WITH		Coronary Arteriosclerosis	C0010054
HMGCR gene	C1415615	ASSOCIATED_WITH		Kidney Failure, Chronic	C0022661
HMGCR gene	C1415615	ASSOCIATED_WITH		Alzheimer's Disease	C0002395
HMGCR gene	C1415615	ASSOCIATED_WITH		Coronary heart disease	C0010068
HMGCR gene	C1415615	ASSOCIATED_WITH		Hypercholesterolemia, Familial	C0020445
HMGCR gene	C1415615	ASSOCIATED_WITH		Diabetes Mellitus	C0011849
HMGCR gene	C1415615	ASSOCIATED_WITH		Diabetes Mellitus, Non-Insulin-Dependent	C0011860
HMGCR gene	C1415615	ASSOCIATED_WITH		Myopathy	C0026848
HMGCR gene	C1415615	ASSOCIATED_WITH		Hypercholesterolemia	C0020443
SREBF2 gene	C1420399	ASSOCIATED_WITH		Dementia, Vascular	C0011269
SREBF2 gene	C1420399	ASSOCIATED_WITH		Diabetes Mellitus, Insulin-Dependent	C0011854
SREBF2 gene	C1420399	ASSOCIATED_WITH		Kidney Failure, Chronic	C0022661
SREBF2 gene	C1420399	ASSOCIATED_WITH		Diabetes Mellitus, Non-Insulin-Dependent	C0011860
SREBF2 gene	C1420399	ASSOCIATED_WITH		Hypercholesterolemia	C0020443
DROSHA gene	C1709966	ASSOCIATED_WITH		Male infertility	C0021364
DNMT1 gene	C1414121	ASSOCIATED_WITH		Hereditary Sensory Radicular Neuropathy	C0086405
DNMT1 gene	C1414121	ASSOCIATED_WITH		Hereditary Sensory Autonomic Neuropathy, Type 1	C0020071
DNMT1 gene	C1414121	ASSOCIATED_WITH		HSAN Type IV	C0020074
DNMT1 gene	C1414121	ASSOCIATED_WITH		Hereditary Sensory Autonomic Neuropathy, Type 5	C0020075
DNMT1 gene	C1414121	ASSOCIATED_WITH		Hereditary Sensory Autonomic Neuropathy, Type 2	C0020072
DNMT1 gene	C1414121	ASSOCIATED_WITH		Graves Disease	C0018213
DNMT1 gene	C1414121	ASSOCIATED_WITH		Atrophy of cerebellum	C0740279
DNMT1 gene	C1414121	ASSOCIATED_WITH		Asthma	C0004096
DNMT1 gene	C1414121	ASSOCIATED_WITH		Sensory Neuropathy, Hereditary	C0699739
DNMT1 gene	C1414121	ASSOCIATED_WITH		Hereditary Sensory and Autonomic Neuropathies	C0027889
MBTPS2 gene	C1423501	ASSOCIATED_WITH		Osteogenesis Imperfecta	C0029434
MBTPS2 gene	C1423501	ASSOCIATED_WITH		Ichthyosis follicularis atrichia photophobia syndrome	C1839988
CREBBP gene	C1337090	ASSOCIATED_WITH		Agenesis of corpus callosum	C0175754
CREBBP gene	C1337090	ASSOCIATED_WITH		Rubinstein-Taybi Syndrome	C0035934
KRT85 gene	C1825772	ASSOCIATED_WITH		Ectodermal Dysplasia, Pure Hair-Nail Type	C1865951
UFD1 gene	C1421316	ASSOCIATED_WITH		DiGeorge Syndrome	C0012236
DAND5 gene	C1539218	ASSOCIATED_WITH		Congenital heart disease	C0152021
NEU1 gene	C1417680	ASSOCIATED_WITH		Hydrops Fetalis, Non-Immune	C0455988
NEU1 gene	C1417680	ASSOCIATED_WITH		Lipomucopolysaccharidosis	C0023806
NEU1 gene	C1417680	ASSOCIATED_WITH		Mucolipidoses	C0026697
NEU1 gene	C1417680	ASSOCIATED_WITH		Type I Mucolipidosis	C0268226
DNAAF11 gene	C1537595	ASSOCIATED_WITH		Primary Ciliary Dyskinesia	C4551720
TOGARAM1 gene	C4321218	ASSOCIATED_WITH		Familial aplasia of the vermis	C0431399
IFT88 gene	C1825572	ASSOCIATED_WITH		Autosomal Recessive Polycystic Kidney Disease	C0085548
NPHP1 gene	C1417782	ASSOCIATED_WITH		Kidney Diseases	C0022658
NPHP1 gene	C1417782	ASSOCIATED_WITH		Bardet-Biedl Syndrome	C0752166
NPHP1 gene	C1417782	ASSOCIATED_WITH		Familial aplasia of the vermis	C0431399
NPHP1 gene	C1417782	ASSOCIATED_WITH		Nephronophthisis	C0687120
NPHP1 gene	C1417782	ASSOCIATED_WITH		Renal dysplasia and retinal aplasia (disorder)	C0403553
GNAT2 gene	C1415149	ASSOCIATED_WITH		Cone dystrophy	C0730290
GNAT2 gene	C1415149	ASSOCIATED_WITH		Retinal Dystrophies	C0854723
GNAT2 gene	C1415149	ASSOCIATED_WITH		Color blindness	C0242225
GNAT2 gene	C1415149	ASSOCIATED_WITH		Achromatopsia	C0152200
BRCA2 gene	C0598034	ASSOCIATED_WITH		Obesity	C0028754
BRCA2 gene	C0598034	ASSOCIATED_WITH		Fanconi Anemia	C0015625
PET117 gene	C3471365	ASSOCIATED_WITH		MITOCHONDRIAL COMPLEX IV DEFICIENCY, NUCLEAR TYPE 19	C5436723
SLC25A15 gene	C1420156	ASSOCIATED_WITH		Citrullinemia	C0175683
