Gene1	Gene1_id	RELATION	PROVENANCE	Gene2	Gene2_id
ATXN3 gene	C1538301	COEXISTS_WITH	["38030858_fullText_77"]	GUCY2C wt Allele	C4084890
ATXN3 gene	C1538301	COEXISTS_WITH	["38030858_fullText_54"]	ATXN1 gene	C1538298
ATXN3 gene	C1538301	COEXISTS_WITH	["39516744_fullText_31"]	TMEM240 gene	C3470100
ATXN3 gene	C1538301	COEXISTS_WITH	["39088078_fullText_100","39088078_fullText_148"]	PARK2 gene	C1418270
ATXN3 gene	C1538301	COEXISTS_WITH	["38030858_fullText_77"]	FXN gene	C1414812
ATXN3 gene	C1538301	COEXISTS_WITH	["39320846_fullText_42"]	ALYREF gene	C1425988
ATXN3 gene	C1538301	COEXISTS_WITH	["37115382_fullText_133"]	TK2 gene	C1420748
ATXN3 gene	C1538301	COEXISTS_WITH	["37115382_fullText_133"]	CACNA1A gene	C1456413
ATXN3 gene	C1538301	COEXISTS_WITH	["38612794_fullText_23"]	Open Reading Frames	C0079941
ATXN3 gene	C1538301	COEXISTS_WITH	["39125643_fullText_9","39125643_fullText_89"]	SLCO2A1 gene	C1420129
ATXN3 gene	C1538301	COEXISTS_WITH	["31625269_fullText_30"]	LILRB1 gene	C1416857
ATXN3 gene	C1538301	COEXISTS_WITH	["31625269_fullText_30"]	LILRB2 gene	C1416858
ATXN3 gene	C1538301	COEXISTS_WITH	["33477953_fullText_10"]	CEL gene	C1413336
ATXN3 gene	C1538301	COEXISTS_WITH	["20865150_fullText_53"]	RAD23A gene	C1419236
ATXN3 gene	C1538301	COEXISTS_WITH	["25633985_fullText_2","25633985_fullText_6","25633985_fullText_8","25633985_fullText_126"]	PNKP gene	C1418707
ATXN3 gene	C1538301	COEXISTS_WITH	["34167352_fullText_1","39375222_fullText_116"]	Alleles	C0002085
ATXN3 gene	C1538301	INHIBITS	["38497605_fullText_144"]	HDAC3 gene	C1366355
ATXN3 gene	C1538301	INHIBITS	["25633985_fullText_3"]	PNKP gene	C1418707
ATXN3 gene	C1538301	INHIBITS	["21536589_fullText_4","21536589_fullText_8"]	SOD2 gene	C1420307
ATXN3 gene	C1538301	INHIBITS	["19429074_fullText_3"]	HSPB1 gene	C1333928
ATXN3 gene	C1538301	INTERACTS_WITH	["39320846_fullText_18","39320846_fullText_28","39320846_fullText_79","39320846_fullText_97","39320846_fullText_99"]	ALYREF gene	C1425988
ATXN3 gene	C1538301	INTERACTS_WITH	["39320846_fullText_36","38612794_fullText_117"]	VCP wt Allele	C4085181
ATXN3 gene	C1538301	INTERACTS_WITH	["25633985_fullText_16","25633985_fullText_19","25633985_fullText_22","25633985_fullText_31","25633985_fullText_38"]	PNKP gene	C1418707
ATXN3 gene	C1538301	INTERACTS_WITH	["25633985_fullText_77","39320846_fullText_143"]	DDR1 gene	C1333206
ATXN3 gene	C1538301	INTERACTS_WITH	["31625269_fullText_23","31625269_fullText_27","31625269_fullText_65"]	MAP1LC3C gene	C1825942
ATXN3 gene	C1538301	INTERACTS_WITH	["31625269_fullText_23","31625269_fullText_27"]	GABARAP gene	C1414901
ATXN3 gene	C1538301	INTERACTS_WITH	["19699305_fullText_2","39375222_fullText_126"]	HTT gene	C1415504
ATXN3 gene	C1538301	INTERACTS_WITH	["20940148_fullText_6","39320846_fullText_43","39088078_fullText_152"]	PARK2 gene	C1418270
ATXN3 gene	C1538301	INTERACTS_WITH	["21536589_fullText_3","21536589_fullText_8","21536589_fullText_9","39320846_fullText_85"]	SOD2 gene	C1420307
ATXN3 gene	C1538301	INTERACTS_WITH	["29802126_fullText_6","32357546_fullText_207","39320846_fullText_78","38497605_fullText_144"]	HDAC3 gene	C1366355
ATXN3 gene	C1538301	STIMULATES	["38497605_fullText_144"]	HDAC3 gene	C1366355
ATXN3 gene	C1538301	STIMULATES	["39320846_fullText_118"]	PNKP gene	C1418707
ATXN3 gene	C1538301	STIMULATES	["39320846_fullText_15"]	ALYREF gene	C1425988
ATXN3 gene	C1538301	STIMULATES	["21116127_fullText_4"]	PARK2 gene	C1418270
ATXN3 gene	C1538301	PRODUCES	["39125643_fullText_8"]	SCN5A gene	C1419864
ATXN3 gene	C1538301	compared_with	["38497605_fullText_90"]	JOSD1 gene	C1825638
ATXN3 gene	C1538301	compared_with	["34473252_fullText_4","33477953_fullText_4","15152500_fullText_3","33477953_fullText_11","33477953_fullText_20","33477953_fullText_92","33477953_fullText_94","33477953_fullText_177","38900099_fullText_12"]	ATXN3 gene	C1538301
ATXN3 gene	C1538301	higher_than	["15152500_fullText_3","33477953_fullText_20"]	ATXN3 gene	C1538301
CEL gene	C1413336	COEXISTS_WITH	["21795378_fullText_122"]	MBNL1 gene	C1417055
CEL gene	C1413336	COEXISTS_WITH	["22956764_fullText_128"]	PMM2 gene	C1418674
CEL gene	C1413336	COEXISTS_WITH	["36142837_fullText_4"]	SLC6A4 gene	C1420214
CEL gene	C1413336	INHIBITS	["38612794_fullText_96"]	HMGCR gene	C1415615
CEL gene	C1413336	STIMULATES	["10871277_fullText_12"]	PEX3 gene	C1418477
CEL gene	C1413336	STIMULATES	["21889481_fullText_2"]	CELF1 gene	C1413824
NEFL gene	C1417668	COEXISTS_WITH	["37023261_fullText_7"]	SV2A gene	C1427005
NEFL gene	C1417668	COEXISTS_WITH	["39125644_fullText_40"]	LAMC2 wt Allele	C3889436
NEFL gene	C1417668	compared_with	["33636389_fullText_6"]	NEFL gene	C1417668
NEFL gene	C1417668	higher_than	["33636389_fullText_6"]	NEFL gene	C1417668
BCL2 gene	C0376515	INHIBITS	["34766230_fullText_7"]	BAX gene	C0812198
BAX gene	C0812198	STIMULATES	["35872650_fullText_62"]	TP53 gene	C0079419
BAX gene	C0812198	STIMULATES	["34390539_fullText_10"]	BCL2 gene	C0376515
Wild Type	C1883559	COEXISTS_WITH	["38177503_fullText_115"]	NDUFS4 gene	C1417647
Wild Type	C1883559	COEXISTS_WITH	["28330959_fullText_82"]	SCN4A gene	C1419862
Wild Type	C1883559	COEXISTS_WITH	["25807530_fullText_104"]	NARS2 gene	C1826350
Wild Type	C1883559	COEXISTS_WITH	["30036587_fullText_6"]	ATXN3 gene	C1538301
Wild Type	C1883559	INHIBITS	["26501102_fullText_73"]	GCLC wt Allele	C1704697
Wild Type	C1883559	INHIBITS	["23856421_fullText_7"]	DPM3 gene	C1414139
Wild Type	C1883559	STIMULATES	["23209425_fullText_14"]	CELF1 gene	C1413824
Wild Type	C1883559	compared_with	["26501102_fullText_73"]	MBNL1 gene	C1417055
Wild Type	C1883559	compared_with	["32080367_fullText_30"]	OGT gene	C1417945
Wild Type	C1883559	compared_with	["9294109_fullText_2"]	DMPK gene	C1414085
Wild Type	C1883559	compared_with	["21669930_fullText_43","33677757_fullText_6"]	Wild Type	C1883559
Wild Type	C1883559	higher_than	["21669930_fullText_43"]	Wild Type	C1883559
C7orf49 gene	C1824234	COEXISTS_WITH	["30570710_fullText_10"]	GCDH gene	C1415009
Retinoic Acid Response Element	C1514917	COEXISTS_WITH	["35148383_fullText_52"]	DNAJC30 gene	C2681419
Retinoic Acid Response Element	C1514917	COEXISTS_WITH	["36042640_fullText_92"]	ANXA2 gene	C1412420
Retinoic Acid Response Element	C1514917	COEXISTS_WITH	["30419932_fullText_143"]	IARS2 gene	C1825559
Retinoic Acid Response Element	C1514917	COEXISTS_WITH	["10495886_fullText_2"]	Genome, Human	C0017429
Retinoic Acid Response Element	C1514917	COEXISTS_WITH	["36931687_fullText_4"]	PHEX gene	C1418526
Retinoic Acid Response Element	C1514917	COEXISTS_WITH	["12410200_fullText_2","35308014_fullText_135"]	PMM2 gene	C1418674
Retinoic Acid Response Element	C1514917	COEXISTS_WITH	["31565539_fullText_1"]	ATXN3 gene	C1538301
Retinoic Acid Response Element	C1514917	COEXISTS_WITH	["26099313_fullText_7"]	ECHS1 gene	C1414247
SAR1A gene	C1419815	COEXISTS_WITH	["38091940_fullText_8","37115382_fullText_4"]	ATXN3 gene	C1538301
SAR1A gene	C1419815	COEXISTS_WITH	["18685131_fullText_2"]	LY6E gene	C1334353
SAR1A gene	C1419815	compared_with	["37115382_fullText_7"]	SAR1A gene	C1419815
GTF2H1 gene	C1333723	COEXISTS_WITH	["27827795_fullText_72"]	TSPO gene	C1823521
GTF2H1 gene	C1333723	INHIBITS	["34536742_fullText_8"]	CNR1 gene	C1413554
GTF2H1 gene	C1333723	PRODUCES	["27827795_fullText_3"]	PEX13 gene	C1418474
IMPACT gene	C1825598	COEXISTS_WITH	["38743592_fullText_6"]	PGM1 gene	C1418516
IMPACT gene	C1825598	COEXISTS_WITH	["35068072_fullText_38"]	COG6 gene	C1425653
IMPACT gene	C1825598	COEXISTS_WITH	["32969598_fullText_13"]	NDUFC2 gene	C1417643
IMPACT gene	C1825598	COEXISTS_WITH	["37770252_fullText_71","37770252_fullText_79","38680020_fullText_8"]	NDUFS4 gene	C1417647
IMPACT gene	C1825598	COEXISTS_WITH	["31996899_fullText_2"]	DMPK gene	C1414085
IMPACT gene	C1825598	COEXISTS_WITH	["35822518_fullText_2"]	Wild Type	C1883559
IMPACT gene	C1825598	COEXISTS_WITH	["28699106_fullText_5"]	Alleles	C0002085
IMPACT gene	C1825598	INHIBITS	["34849584_fullText_58"]	NDUFS4 gene	C1417647
IMPACT gene	C1825598	INHIBITS	["33988725_fullText_2"]	B3GAT1 gene	C1412716
IMPACT gene	C1825598	INHIBITS	["37894952_fullText_5"]	HRH4 gene	C1424950
IMPACT gene	C1825598	INHIBITS	["25112410_fullText_5"]	GTF2H1 gene	C1333723
IMPACT gene	C1825598	INHIBITS	["28575497_fullText_3"]	LRPPRC gene	C1423677
IMPACT gene	C1825598	STIMULATES	["20855289_fullText_147"]	MYOD1 gene	C1417574
IMPACT gene	C1825598	STIMULATES	["36854793_fullText_3"]	DRD4 gene	C1333254
IMPACT gene	C1825598	PRODUCES	["24092878_fullText_64"]	MBNL2 gene	C1424516
IMPACT gene	C1825598	PRODUCES	["32145091_fullText_179"]	VMA21 gene	C2681112
IMPACT gene	C1825598	PRODUCES	["32145091_fullText_179"]	EIF2AK3 gene	C1414326
IMPACT gene	C1825598	PRODUCES	["32992790_fullText_10"]	GCDH gene	C1415009
ATXN1 gene	C1538298	COEXISTS_WITH	["39375222_fullText_117","39375222_fullText_124","39125643_fullText_79"]	ATXN2 gene	C1538299
ATXN1 gene	C1538298	COEXISTS_WITH	["39516744_fullText_28"]	ATXN3 gene	C1538301
RAB3D gene	C1419208	STIMULATES	["35816257_fullText_4"]	HTR1F gene	C1415808
ATXN2 gene	C1538299	COEXISTS_WITH	["38030858_fullText_54"]	ATXN1 gene	C1538298
ATXN2 gene	C1538299	COEXISTS_WITH	["39088078_fullText_10"]	APOE*2 Allele	C4698016
G3BP1 gene	C1825325	INHIBITS	["36511898_fullText_7"]	LY6E gene	C1334353
RBMS3 gene	C1421986	INTERACTS_WITH	["9371827_fullText_4","26708183_fullText_5"]	DMPK gene	C1414085
LY6E gene	C1334353	COEXISTS_WITH	["9225982_fullText_10"]	CASP3 wt Allele	C1707072
LY6E gene	C1334353	COEXISTS_WITH	["26362908_fullText_1","9629399_fullText_1"]	Open Reading Frames	C0079941
LY6E gene	C1334353	compared_with	["9106530_fullText_3"]	ATN1 gene	C1540211
SLC14A2 gene	C1420099	COEXISTS_WITH	["25883322_fullText_25"]	CELF1 gene	C1413824
SLC14A2 gene	C1420099	STIMULATES	["25883322_fullText_6"]	CELF1 gene	C1413824
Alleles	C0002085	COEXISTS_WITH	["39088078_fullText_163"]	PARK2 gene	C1418270
Alleles	C0002085	COEXISTS_WITH	["10472529_fullText_4","1971144_fullText_4"]	PAH gene	C1418251
Alleles	C0002085	COEXISTS_WITH	["27266866_fullText_32"]	CNBP gene	C1824763
Alleles	C0002085	COEXISTS_WITH	["23586035_fullText_69"]	CEL gene	C1413336
Alleles	C0002085	COEXISTS_WITH	["20959636_fullText_13"]	PEX13 gene	C1418474
Alleles	C0002085	COEXISTS_WITH	["10562279_fullText_13"]	PEX7 gene	C1418479
Alleles	C0002085	COEXISTS_WITH	["20959636_fullText_126"]	Transgenes	C0282641
Alleles	C0002085	COEXISTS_WITH	["30530630_fullText_49"]	PMM1 gene	C1418673
Alleles	C0002085	COEXISTS_WITH	["30530630_fullText_49"]	PMM2 gene	C1418674
Alleles	C0002085	COEXISTS_WITH	["32013919_fullText_40"]	ECHS1 gene	C1414247
Alleles	C0002085	COEXISTS_WITH	["7951325_fullText_6"]	AR wt Allele	C1705240
Alleles	C0002085	COEXISTS_WITH	["8252043_fullText_3"]	HTT gene	C1415504
Alleles	C0002085	COEXISTS_WITH	["9350827_fullText_1"]	Kinase Family Gene	C1334324
Alleles	C0002085	COEXISTS_WITH	["9436442_fullText_4"]	CALD1 gene	C1413086
Alleles	C0002085	COEXISTS_WITH	["36214454_fullText_9"]	PGM1 gene	C1418516
Alleles	C0002085	COEXISTS_WITH	["16340213_fullText_1"]	MJD gene	C1417173
Alleles	C0002085	COEXISTS_WITH	["19713033_fullText_5","7762560_fullText_1","20171614_fullText_1","19713033_fullText_5"]	DMPK gene	C1414085
Alleles	C0002085	COEXISTS_WITH	["30007589_fullText_4","9132496_fullText_4","8528200_fullText_5"]	ATXN3 gene	C1538301
Alleles	C0002085	COEXISTS_WITH	["9046258_fullText_1","9046258_fullText_7"]	CASP3 wt Allele	C1707072
Alleles	C0002085	INHIBITS	["18270582_fullText_61"]	PNO1 gene	C1826636
Alleles	C0002085	INHIBITS	["18270582_fullText_61"]	DLX4 gene	C1414078
Alleles	C0002085	INHIBITS	["34313207_fullText_7"]	SRI gene	C1420401
Alleles	C0002085	STIMULATES	["39375222_fullText_126"]	ATXN3 gene	C1538301
Alleles	C0002085	STIMULATES	["18270582_fullText_38"]	LGALS4 gene	C1416832
Alleles	C0002085	STIMULATES	["23468640_fullText_50"]	MSH3 gene	C0879392
Alleles	C0002085	PRODUCES	["10562279_fullText_98"]	PEX2 gene	C1419149
Alleles	C0002085	PRODUCES	["1840564_fullText_4"]	RRAS gene	C1419756
Alleles	C0002085	compared_with	["21669930_fullText_43","22112818_fullText_7"]	Wild Type	C1883559
Alleles	C0002085	compared_with	["28848061_fullText_3"]	AKT1S1 gene	C1428707
Alleles	C0002085	compared_with	["8552651_fullText_3"]	Human gene	C0314604
Alleles	C0002085	compared_with	["9132496_fullText_5","37860904_fullText_5","15210527_fullText_5","10400997_fullText_6","30530630_fullText_80","19436705_fullText_57","39375222_fullText_178"]	Alleles	C0002085
Alleles	C0002085	higher_than	["21669930_fullText_43"]	Wild Type	C1883559
Alleles	C0002085	higher_than	["8552651_fullText_3"]	Human gene	C0314604
Alleles	C0002085	higher_than	["15210527_fullText_5","39375222_fullText_178"]	Alleles	C0002085
Alleles	C0002085	CONVERTS_TO	["24367268_fullText_52"]	TMPO wt Allele	C3541334
Alleles	C0002085	CONVERTS_TO	["24792155_fullText_74"]	CEL gene	C1413336
Alleles	C0002085	CONVERTS_TO	["29361989_fullText_39"]	PMM2 gene	C1418674
Alleles	C0002085	CONVERTS_TO	["8688590_fullText_5"]	Myotonic dystrophy gene	C1508293
Alleles	C0002085	same_as	["30530630_fullText_80","19436705_fullText_57"]	Alleles	C0002085
STMN1 gene	C1416797	COEXISTS_WITH	["25135935_fullText_88"]	MAGT1 gene	C2239666
WASF1 gene	C1421479	PRODUCES	["33845076_fullText_6"]	SBDS gene	C1426244
TP53 gene	C0079419	COEXISTS_WITH	["28912527_fullText_4"]	CEL gene	C1413336
TP53 gene	C0079419	INHIBITS	["39320846_fullText_70"]	ATXN3 gene	C1538301
TP53 gene	C0079419	compared_with	["39320846_fullText_119"]	ATXN3 gene	C1538301
TP53 gene	C0079419	compared_with	["35872650_fullText_63"]	TP53 gene	C0079419
SOD1 gene	C1420306	INHIBITS	["35660419_fullText_5"]	TLR4 gene	C1336636
SOD2 gene	C1420307	COEXISTS_WITH	["21536589_fullText_7"]	LCS1 gene	C1423693
LRP2 wt Allele	C3811119	COEXISTS_WITH	["31996269_abstract_8"]	GLA gene	C1439334
LRP2 wt Allele	C3811119	compared_with	["31311714_fullText_3","32245393_fullText_4"]	LRP2 wt Allele	C3811119
KPNB1 gene	C1416705	STIMULATES	["35794401_fullText_9"]	CLPP gene	C1413504
KPNB1 gene	C1416705	INHIBITS	["35794401_fullText_6"]	ATXN3 gene	C1538301
PARK2 gene	C1418270	COEXISTS_WITH	["39088078_fullText_89"]	Open Reading Frames	C0079941
PARK2 gene	C1418270	COEXISTS_WITH	["39320846_fullText_141","38497605_fullText_109"]	ATXN3 gene	C1538301
PARK2 gene	C1418270	INTERACTS_WITH	["20940148_fullText_3","39088078_fullText_122"]	ATXN3 gene	C1538301
ATN1 gene	C1540211	COEXISTS_WITH	["39088078_fullText_10"]	APOE*2 Allele	C4698016
ATN1 gene	C1540211	COEXISTS_WITH	["9482263_fullText_3"]	AR wt Allele	C1705240
AKR1A1 wt Allele	C3715044	STIMULATES	["28662078_fullText_55"]	DPM1 gene	C1414137
AKR1A1 wt Allele	C3715044	compared_with	["35987510_fullText_10"]	CALD1 wt Allele	C3813548
AKR1A1 wt Allele	C3715044	compared_with	["34911641_fullText_7"]	KIDINS220 gene	C2681631
CA8 gene	C1413051	PRODUCES	["23184527_fullText_3"]	ATXN3 gene	C1538301
SLC2A3 gene	C1420173	INHIBITS	["35488942_fullText_8"]	CA8 gene	C1413051
SLC2A3 gene	C1420173	COEXISTS_WITH	["35488942_fullText_6"]	ATXN3 gene	C1538301
PFKM wt Allele	C3539630	INHIBITS	["35488942_fullText_8"]	CA8 gene	C1413051
PFKM wt Allele	C3539630	COEXISTS_WITH	["35488942_fullText_6"]	ATXN3 gene	C1538301
UCHL1 gene	C1421309	STIMULATES	["37517328_fullText_10"]	NPC1 gene	C1417776
HTT gene	C1415504	COEXISTS_WITH	["39088078_fullText_10"]	APOE*2 Allele	C4698016
HTT gene	C1415504	compared_with	["39375222_fullText_122"]	ATXN3 gene	C1538301
Genome	C0017428	COEXISTS_WITH	["16875683_fullText_4"]	PAH gene	C1418251
Genome	C0017428	COEXISTS_WITH	["23468640_fullText_12"]	Transgenes	C0282641
Genome	C0017428	COEXISTS_WITH	["31357652_fullText_6"]	DMPK gene	C1414085
Genome	C0017428	STIMULATES	["23754696_fullText_3"]	IGF1 wt Allele	C1708414
Genome	C0017428	PRODUCES	["23209425_fullText_43"]	DMPK gene	C1414085
Genome	C0017428	compared_with	["17696782_fullText_3"]	Homologous Gene	C1334043
Genome	C0017428	higher_than	["17696782_fullText_3"]	Homologous Gene	C1334043
CAPN2 gene	C1413112	COEXISTS_WITH	["35606145_fullText_6","35606145_fullText_11"]	MBNL2 gene	C1424516
MAL gene	C1416989	COEXISTS_WITH	["28367954_fullText_4"]	SURF1 gene	C1420527
GCLC wt Allele	C1704697	COEXISTS_WITH	["37593836_fullText_1"]	GALC gene	C1414946
AAVS1 gene	C1412056	compared_with	["27063795_fullText_57"]	AAVS1 gene	C1412056
VCP gene	C1421437	STIMULATES	["35406718_fullText_293"]	BMP4 gene	C1412805
VCP gene	C1421437	INTERACTS_WITH	["34563642_fullText_5","19843543_fullText_2","15152500_fullText_5","39320846_fullText_2"]	ATXN3 gene	C1538301
VCP gene	C1421437	COEXISTS_WITH	["15152500_fullText_6"]	UBE4B gene	C1421297
IVNS1ABP gene	C1424660	compared_with	["34783886_fullText_6"]	IVNS1ABP gene	C1424660
GALC gene	C1414946	COEXISTS_WITH	["38003227_abstract_11"]	ARSA gene	C1412553
SERPINA1 wt Allele	C3537219	CONVERTS_TO	["35137040_fullText_2"]	MOGS gene	C1832467
Homologous Gene	C1334043	COEXISTS_WITH	["27390132_fullText_4"]	OPA1 gene	C1417953
Homologous Gene	C1334043	COEXISTS_WITH	["10622737_fullText_4"]	Operon	C0029073
Homologous Gene	C1334043	INHIBITS	["29735526_fullText_50"]	POU2F3 gene	C1426490
Homologous Gene	C1334043	INHIBITS	["29735526_fullText_9"]	NGLY1 gene	C1425023
Homologous Gene	C1334043	INHIBITS	["24399447_fullText_4"]	LRPPRC gene	C1423677
Homologous Gene	C1334043	STIMULATES	["32145091_fullText_153"]	EIF2AK3 gene	C1414326
OGT gene	C1417945	COEXISTS_WITH	["38759397_fullText_3"]	MGEA5 gene	C1417143
OGT gene	C1417945	STIMULATES	["32080367_fullText_40"]	HCFC1 gene	C1415493
OGT gene	C1417945	INHIBITS	["32080367_fullText_36"]	MGEA5 gene	C1417143
YY1 wt Allele	C3540585	STIMULATES	["21060795_fullText_66"]	HEYL gene	C1415526
YY1 wt Allele	C3540585	STIMULATES	["21060795_fullText_66"]	HES5 gene	C1426393
YY1 wt Allele	C3540585	STIMULATES	["21060795_fullText_66"]	ERBB4 gene	C0812267
SIRT1 gene	C1423062	INHIBITS	["27165717_fullText_57"]	GTF2H1 gene	C1333723
SIRT1 gene	C1423062	INHIBITS	["27165717_fullText_67"]	ATXN3 gene	C1538301
SIRT1 gene	C1423062	INHIBITS	["27165717_fullText_96"]	CFB gene	C1824728
SIRT1 gene	C1423062	STIMULATES	["27165717_fullText_66","27165717_fullText_67"]	ATXN3 gene	C1538301
PJA1 gene	C1424463	STIMULATES	["39320846_fullText_16"]	ATXN3 gene	C1538301
KLF4 gene	C1416660	STIMULATES	["38497605_fullText_142"]	ATXN3 gene	C1538301
SLC6A4 gene	C1420214	COEXISTS_WITH	["33836218_fullText_8"]	CFP gene	C1418482
Orthologous Gene	C1335144	COEXISTS_WITH	["32629928_fullText_76"]	PMM2 gene	C1418674
Orthologous Gene	C1335144	COEXISTS_WITH	["29844506_fullText_14","29844506_fullText_135"]	Genome	C0017428
Orthologous Gene	C1335144	COEXISTS_WITH	["29601977_fullText_183"]	SURF1 gene	C1420527
Orthologous Gene	C1335144	PRODUCES	["21826223_fullText_18"]	PEX16 gene	C1418476
ELF4 gene	C1414377	COEXISTS_WITH	["27827795_fullText_9"]	PEX13 gene	C1418474
ELF4 gene	C1414377	INHIBITS	["30135079_fullText_7","33315951_fullText_80"]	NGLY1 gene	C1425023
ELF4 gene	C1414377	INHIBITS	["30135079_fullText_39"]	NFE2L1 gene	C1417700
ELF4 gene	C1414377	INTERACTS_WITH	["35406718_fullText_285","33315951_fullText_93"]	NGLY1 gene	C1425023
ELF4 gene	C1414377	STIMULATES	["35406718_fullText_243","33315951_fullText_69","33315951_fullText_70"]	NFE2L1 gene	C1417700
ELF4 gene	C1414377	STIMULATES	["35406718_fullText_203"]	TMEM173 gene	C1823437
ELF4 gene	C1414377	STIMULATES	["33315951_fullText_60"]	NGLY1 gene	C1425023
ELF4 gene	C1414377	PRODUCES	["27053713_fullText_29"]	PMM2 gene	C1418674
ELF4 gene	C1414377	PRODUCES	["34849584_fullText_156"]	NDUFS4 gene	C1417647
ELF4 gene	C1414377	compared_with	["35406718_fullText_322","30135079_fullText_21"]	NGLY1 gene	C1425023
ELF4 gene	C1414377	compared_with	["35406718_fullText_320","33315011_fullText_34"]	ELF4 gene	C1414377
ELF4 gene	C1414377	higher_than	["33315011_fullText_34"]	ELF4 gene	C1414377
ELF4 gene	C1414377	CONVERTS_TO	["34849584_fullText_168"]	NDUFS4 gene	C1417647
ELF4 gene	C1414377	same_as	["35406718_fullText_322"]	NGLY1 gene	C1425023
Open Reading Frames	C0079941	COEXISTS_WITH	["35023679_fullText_8"]	PAH gene	C1418251
Open Reading Frames	C0079941	COEXISTS_WITH	["34625039_fullText_50"]	COG1 gene	C1416821
Open Reading Frames	C0079941	COEXISTS_WITH	["20819849_fullText_149"]	NDUFS8 gene	C1417651
Open Reading Frames	C0079941	COEXISTS_WITH	["17895983_fullText_14"]	MT-TA gene	C1537998
Open Reading Frames	C0079941	COEXISTS_WITH	["20819849_fullText_149"]	NDUFS2 gene	C1417645
Open Reading Frames	C0079941	COEXISTS_WITH	["32165824_fullText_132"]	GUCY2D gene	C1415364
Open Reading Frames	C0079941	COEXISTS_WITH	["33542212_fullText_1"]	MAL gene	C1416989
Open Reading Frames	C0079941	COEXISTS_WITH	["19617458_fullText_1"]	Genes, Mitochondrial	C1563761
Open Reading Frames	C0079941	COEXISTS_WITH	["21196529_fullText_1"]	Oxidoreductase Gene	C1335186
Open Reading Frames	C0079941	ISA	["35673953_fullText_4"]	Genome	C0017428
Open Reading Frames	C0079941	INHIBITS	["22956764_fullText_145"]	PMM2 gene	C1418674
Open Reading Frames	C0079941	STIMULATES	["20855289_fullText_144"]	MYOD1 gene	C1417574
Genetic Loci	C0678933	COEXISTS_WITH	["37667390_fullText_50"]	SURF1 gene	C1420527
Genetic Loci	C0678933	COEXISTS_WITH	["26565911_fullText_8"]	LRPPRC gene	C1423677
Genetic Loci	C0678933	PRODUCES	["9579395_fullText_1"]	DMPK gene	C1414085
LINC01194 gene	C1710492	STIMULATES	["10562279_fullText_48"]	ATP6AP1 gene	C1412687
LINC01194 gene	C1710492	PRODUCES	["37848450_fullText_84"]	DDOST gene	C1413949
Genes, Mitochondrial	C1563761	COEXISTS_WITH	["32371897_fullText_83"]	Open Reading Frames	C0079941
Genes, Mitochondrial	C1563761	COEXISTS_WITH	["23953430_fullText_9"]	MT-ND2 gene	C1537990
Genes, Mitochondrial	C1563761	COEXISTS_WITH	["22947169_fullText_7"]	MT-ND5 gene	C1537994
Genome, Human	C0017429	COEXISTS_WITH	["39320846_fullText_51"]	Genetic Materials	C0440471
USP7 gene	C1421408	INHIBITS	["33170804_fullText_4"]	CEL gene	C1413336
FOXG1 gene	C0812297	COEXISTS_WITH	["33290777_fullText_8"]	ATXN3 gene	C1538301
Transgenes	C0282641	COEXISTS_WITH	["20959636_fullText_13"]	PEX13 gene	C1418474
Transgenes	C0282641	COEXISTS_WITH	["34120625_fullText_70"]	NGLY1 gene	C1425023
Transgenes	C0282641	COEXISTS_WITH	["20945165_fullText_58"]	Genome	C0017428
Transgenes	C0282641	COEXISTS_WITH	["9241283_fullText_5"]	DMPK gene	C1414085
Transgenes	C0282641	ISA	["33315951_fullText_25"]	Genome	C0017428
Transgenes	C0282641	INHIBITS	["20959636_fullText_13"]	PEX13 gene	C1418474
Transgenes	C0282641	INHIBITS	["30059502_fullText_55"]	TFAM gene	C1420696
Transgenes	C0282641	PRODUCES	["26908607_fullText_99"]	DMPK gene	C1414085
Transgenes	C0282641	PRODUCES	["26908607_fullText_13"]	CEL gene	C1413336
Transgenes	C0282641	PRODUCES	["28623239_fullText_36"]	MBNL1 gene	C1417055
Transgenes	C0282641	PRODUCES	["32703453_fullText_3","20945165_fullText_6"]	ATXN3 gene	C1538301
Transgenes	C0282641	PRODUCES	["20051426_fullText_7"]	CELF1 gene	C1413824
Transgenes	C0282641	compared_with	["26908607_fullText_110"]	DMPK gene	C1414085
Transgenes	C0282641	compared_with	["31968060_fullText_75"]	Transgenes	C0282641
TSPO gene	C1823521	STIMULATES	["33803741_fullText_8"]	DPPA3 gene	C1426084
AR wt Allele	C1705240	COEXISTS_WITH	["33172304_fullText_2"]	HTT gene	C1415504
AR wt Allele	C1705240	COEXISTS_WITH	["8926495_fullText_7"]	ATN1 gene	C1540211
AOC2 gene	C1412430	COEXISTS_WITH	["32978817_fullText_4"]	ATXN3 gene	C1538301
CST12P gene	C3539520	compared_with	["24376746_fullText_44"]	CNBP wt Allele	C3273677
CST12P gene	C3539520	PRODUCES	["24376746_fullText_40"]	CELF1 gene	C1413824
mutant gene	C0678941	COEXISTS_WITH	["34716721_fullText_79"]	SURF1 gene	C1420527
mutant gene	C0678941	STIMULATES	["23468640_fullText_70"]	MSH3 gene	C0879392
Gene Feature	C1517495	COEXISTS_WITH	["27590285_fullText_1"]	SLC18A3 gene	C1420116
Gene Feature	C1517495	COEXISTS_WITH	["33397003_fullText_3"]	mutant gene	C0678941
Gene Feature	C1517495	compared_with	["22036843_fullText_2"]	NDUFS2 gene	C1417645
CACNA1A gene	C1456413	COEXISTS_WITH	["37428409_fullText_64"]	SAR1A gene	C1419815
CACNA1A gene	C1456413	COEXISTS_WITH	["37428409_fullText_75"]	ATXN3 gene	C1538301
CACNA1A gene	C1456413	COEXISTS_WITH	["34831340_fullText_180"]	PMM2 gene	C1418674
CACNA1A gene	C1456413	compared_with	["11723274_fullText_4"]	Wild Type	C1883559
MT-TA gene	C1537998	COEXISTS_WITH	["25807530_fullText_116"]	SRRT gene	C2680450
MT-TA gene	C1537998	COEXISTS_WITH	["17503499_fullText_2"]	Genes, Mitochondrial	C1563761
TRIM29 gene	C1424865	COEXISTS_WITH	["39088078_fullText_10"]	IMPACT gene	C1825598
TRIM29 gene	C1424865	COEXISTS_WITH	["39088078_fullText_10"]	ATXN3 gene	C1538301
PNKP gene	C1418707	COEXISTS_WITH	["25633985_fullText_4","25633985_fullText_9"]	ATXN3 gene	C1538301
Genome, Mitochondrial	C1819716	COEXISTS_WITH	["30743023_fullText_3"]	MT-CO1 gene	C1537985
Genome, Mitochondrial	C1819716	COEXISTS_WITH	["16023078_fullText_6"]	MT-ND3 gene	C1537991
Candidate Disease Gene	C1332838	COEXISTS_WITH	["27682710_fullText_4"]	BCKDHB gene	C1412760
Candidate Disease Gene	C1332838	COEXISTS_WITH	["27682710_fullText_4"]	PAH gene	C1418251
Candidate Disease Gene	C1332838	COEXISTS_WITH	["31996241_fullText_162"]	Genes, Mitochondrial	C1563761
Candidate Disease Gene	C1332838	COEXISTS_WITH	["10665666_fullText_9"]	CNBP wt Allele	C3273677
ENPP2 gene	C1414408	compared_with	["33477953_fullText_48"]	ATXN3 gene	C1538301
MAP1LC3C gene	C1825942	COEXISTS_WITH	["31625269_fullText_27"]	ATXN3 gene	C1538301
MAP1LC3C gene	C1825942	INTERACTS_WITH	["31625269_fullText_8","31625269_fullText_34"]	ATXN3 gene	C1538301
GABARAP gene	C1414901	INTERACTS_WITH	["31625269_fullText_8","31625269_fullText_34"]	ATXN3 gene	C1538301
FAN1 gene	C3147283	COEXISTS_WITH	["39088078_fullText_10"]	IMPACT gene	C1825598
FAN1 gene	C3147283	COEXISTS_WITH	["39088078_fullText_10"]	ATXN3 gene	C1538301
MSI1 gene	C1417335	COEXISTS_WITH	["38332227_fullText_251"]	TSPO gene	C1823521
MSI1 gene	C1417335	CONVERTS_TO	["38332227_fullText_129"]	CEL gene	C1413336
DNMT3A gene	C1414123	COEXISTS_WITH	["30554804_fullText_4"]	DNMT3L gene	C1414124
GABRQ gene	C1422662	COEXISTS_WITH	["28762469_fullText_5"]	GCDH gene	C1415009
EAF2 gene	C1427926	COEXISTS_WITH	["24803843_fullText_45"]	CNBP wt Allele	C3273677
EAF2 gene	C1427926	COEXISTS_WITH	["24348268_fullText_121"]	MOGS gene	C1832467
LCS1 gene	C1423693	INHIBITS	["30147021_fullText_2"]	ATXN3 gene	C1538301
LCS1 gene	C1423693	STIMULATES	["21536589_fullText_6"]	SOD2 gene	C1420307
MT-ND1 gene	C1537989	COEXISTS_WITH	["38478578_fullText_3","38478578_fullText_19"]	MT-ND4 gene	C1537992
MT-ND1 gene	C1537989	COEXISTS_WITH	["34928236_fullText_84"]	MT-TK gene	C1538006
MT-ND1 gene	C1537989	COEXISTS_WITH	["34928236_fullText_68"]	LHON gene	C1416849
MT-ND1 gene	C1537989	COEXISTS_WITH	["31996177_fullText_83"]	MT-ND3 gene	C1537991
MT-ND1 gene	C1537989	ISA	["35217561_fullText_1"]	Genes, Mitochondrial	C1563761
MT-ND4 gene	C1537992	ISA	["27761019_fullText_1","35217561_fullText_1","30135079_fullText_131"]	Genes, Mitochondrial	C1563761
RYR1 gene	C1419778	COEXISTS_WITH	["24293317_fullText_15"]	MBNL1 gene	C1417055
RYR1 gene	C1419778	INHIBITS	["21283659_fullText_59"]	VCL gene	C1336929
Cyclic AMP Response Element	C1511573	STIMULATES	["35872650_fullText_82","35770802_fullText_4"]	NDUFS4 gene	C1417647
CLASRP gene	C1425051	COEXISTS_WITH	["34849584_fullText_261"]	NDUFS4 gene	C1417647
FATE1 gene	C1539479	COEXISTS_WITH	["33771987_fullText_26"]	SURF1 gene	C1420527
FATE1 gene	C1539479	COEXISTS_WITH	["35792828_fullText_48"]	GATA3 gene	C1414994
FATE1 gene	C1539479	STIMULATES	["35792828_fullText_109"]	S100B wt Allele	C3273837
IL6 gene	C1334122	PRODUCES	["27246313_fullText_6"]	Alleles	C0002085
PGD gene	C1418504	COEXISTS_WITH	["17336976_fullText_3"]	PEX26 gene	C1427818
PGD gene	C1418504	COEXISTS_WITH	["23586035_fullText_72"]	Alleles	C0002085
TMPO wt Allele	C3541334	COEXISTS_WITH	["39125643_fullText_53"]	Alleles	C0002085
TMPO wt Allele	C3541334	COEXISTS_WITH	["20171614_fullText_1"]	PGD gene	C1418504
MT-ND3 gene	C1537991	COEXISTS_WITH	["34627336_fullText_50"]	MT-ND1 gene	C1537989
MT-ND3 gene	C1537991	COEXISTS_WITH	["36093993_fullText_6"]	SLC25A19 gene	C1422628
MT-ND3 gene	C1537991	COEXISTS_WITH	["36093993_fullText_6"]	ETHE1 gene	C1428025
MT-ND3 gene	C1537991	COEXISTS_WITH	["23953430_fullText_9"]	MT-ND5 gene	C1537994
MT-ND3 gene	C1537991	ISA	["28916229_fullText_4","22947169_fullText_7","22898272_fullText_1","17152068_fullText_8","14764913_fullText_9","35217561_fullText_1","34638685_fullText_145"]	Genes, Mitochondrial	C1563761
MT-ND3 gene	C1537991	COEXISTS_WITH__SPEC__	["22947169_fullText_7"]	MT-ND5 gene	C1537994
AES gene	C1412268	compared_with	["37602534_fullText_8"]	LAMA1 gene	C1416775
P2RY13 gene	C1538559	higher_than	["33801677_fullText_5"]	P2RY13 gene	C1538559
P2RY13 gene	C1538559	compared_with	["33801677_fullText_5","33801677_fullText_6"]	P2RY13 gene	C1538559
MBNL1 gene	C1417055	COEXISTS_WITH	["26501102_fullText_114"]	CLCN1 gene	C1413450
MBNL1 gene	C1417055	COEXISTS_WITH	["24376746_fullText_93"]	CELF1 gene	C1413824
MBNL1 gene	C1417055	COEXISTS_WITH	["20360842_fullText_48"]	SIX5 gene	C1420076
MBNL1 gene	C1417055	COEXISTS_WITH	["28535287_fullText_16"]	Genome	C0017428
MBNL1 gene	C1417055	COEXISTS_WITH	["26501102_fullText_139"]	MBNL3 gene	C1427004
MBNL1 gene	C1417055	COEXISTS_WITH	["25239918_fullText_31"]	LGALS4 gene	C1416832
MBNL1 gene	C1417055	COEXISTS_WITH	["25630614_fullText_202"]	ALYREF gene	C1425988
MBNL1 gene	C1417055	COEXISTS_WITH	["24293317_fullText_39"]	MBNL2 gene	C1424516
MBNL1 gene	C1417055	COEXISTS_WITH	["27484195_fullText_37"]	DLX4 gene	C1414078
MBNL1 gene	C1417055	COEXISTS_WITH	["29309648_fullText_141"]	ELF4 gene	C1414377
MBNL1 gene	C1417055	COEXISTS_WITH	["29309648_fullText_183"]	CEL gene	C1413336
MBNL1 gene	C1417055	COEXISTS_WITH	["29789616_fullText_158"]	RBFOX3 gene	C3146324
MBNL1 gene	C1417055	COEXISTS_WITH	["26473464_fullText_2","22427994_fullText_1","20360842_fullText_48","27854224_fullText_223"]	DMPK gene	C1414085
MBNL1 gene	C1417055	COEXISTS_WITH	["34101465_fullText_4","14722159_fullText_8"]	CNBP gene	C1824763
MBNL1 gene	C1417055	COEXISTS_WITH	["22332923_fullText_3","28535287_fullText_2"]	SLC14A2 gene	C1420099
MBNL1 gene	C1417055	COEXISTS_WITH	["27222292_fullText_2","26501102_fullText_110"]	Open Reading Frames	C0079941
MBNL1 gene	C1417055	INHIBITS	["26501102_fullText_73"]	GCLC wt Allele	C1704697
MBNL1 gene	C1417055	INHIBITS	["25403273_fullText_5","15546872_fullText_8"]	CELF1 gene	C1413824
MBNL1 gene	C1417055	INHIBITS	["15546872_fullText_8"]	MBNL2 gene	C1424516
MBNL1 gene	C1417055	INHIBITS	["17158949_fullText_5"]	CLCN1 gene	C1413450
MBNL1 gene	C1417055	INHIBITS	["21889481_fullText_1"]	CNBP gene	C1824763
MBNL1 gene	C1417055	INTERACTS_WITH	["27063795_fullText_39","27063795_fullText_43"]	SCN5A gene	C1419864
MBNL1 gene	C1417055	INTERACTS_WITH	["22156369_fullText_77","22156369_fullText_90"]	DDX5 gene	C1413963
MBNL1 gene	C1417055	INTERACTS_WITH	["26501102_fullText_120","26501102_fullText_165"]	MBNL3 gene	C1427004
MBNL1 gene	C1417055	INTERACTS_WITH	["24293317_fullText_7","24293317_fullText_35"]	MBNL2 gene	C1424516
MBNL1 gene	C1417055	INTERACTS_WITH	["26501102_fullText_3","26501102_fullText_120","26501102_fullText_132"]	EEF1A1 gene	C1414270
MBNL1 gene	C1417055	INTERACTS_WITH	["30118588_fullText_2","23536431_fullText_3","15961406_fullText_3"]	DHX16 gene	C1333208
MBNL1 gene	C1417055	INTERACTS_WITH	["26501102_fullText_1","26501102_fullText_111","24039817_fullText_50"]	CLCN1 gene	C1413450
MBNL1 gene	C1417055	INTERACTS_WITH	["21794030_fullText_7","19907076_fullText_5","25239918_fullText_4","22431750_fullText_72","27063795_fullText_2","27063795_fullText_46","26515653_fullText_2"]	CELF1 gene	C1413824
MBNL1 gene	C1417055	STIMULATES	["24803843_fullText_60","19433512_fullText_1"]	CELF1 gene	C1413824
MBNL1 gene	C1417055	STIMULATES	["22492623_fullText_126"]	CAPZB gene	C1413124
MBNL1 gene	C1417055	STIMULATES	["21303839_fullText_43"]	TP53 gene	C0079419
MBNL1 gene	C1417055	STIMULATES	["27484195_fullText_1"]	DLX4 gene	C1414078
MBNL1 gene	C1417055	STIMULATES	["24376746_fullText_49"]	ATP2A1 gene	C1412637
MBNL1 gene	C1417055	STIMULATES	["28698297_fullText_7"]	CALD1 gene	C1413086
MBNL1 gene	C1417055	STIMULATES	["22427994_fullText_9"]	DHX16 gene	C1333208
MBNL1 gene	C1417055	STIMULATES	["36617982_fullText_2","36617982_fullText_6","36617982_fullText_8","24293317_fullText_11","24293317_fullText_43","31968060_fullText_116"]	MBNL2 gene	C1424516
MBNL1 gene	C1417055	STIMULATES	["36922901_fullText_10"]	DYNLL2 gene	C1825015
MBNL1 gene	C1417055	PRODUCES	["22431750_fullText_4"]	CELF1 gene	C1413824
MBNL1 gene	C1417055	PRODUCES	["31968060_fullText_116"]	MBNL2 gene	C1424516
MBNL1 gene	C1417055	PRODUCES	["24293317_fullText_77"]	DHX16 gene	C1333208
MBNL1 gene	C1417055	PRODUCES	["32332745_fullText_6"]	CNBP gene	C1824763
MBNL1 gene	C1417055	PRODUCES	["18611984_fullText_1"]	DMPK gene	C1414085
MBNL1 gene	C1417055	compared_with	["23209425_fullText_5","28698297_fullText_75"]	MBNL2 gene	C1424516
MBNL1 gene	C1417055	compared_with	["24039817_fullText_49"]	CELF1 gene	C1413824
MBNL1 gene	C1417055	compared_with	["29789616_fullText_91"]	RBFOX1 gene	C1854634
MBNL1 gene	C1417055	compared_with	["26501102_fullText_102","21303839_fullText_19","27484195_fullText_71"]	MBNL3 gene	C1427004
MBNL1 gene	C1417055	compared_with	["28535287_fullText_41"]	Gene Family	C1517488
MBNL1 gene	C1417055	compared_with	["29789616_fullText_33"]	BIN1 gene	C1332412
MBNL1 gene	C1417055	compared_with	["34125183_fullText_6","29309648_fullText_4","24293317_fullText_11","29309648_fullText_6","29309648_fullText_81","29309648_fullText_88","29309648_fullText_101","29309648_fullText_109","29309648_fullText_110","29309648_fullText_121","29309648_fullText_122","29309648_fullText_125","29309648_fullText_140","29309648_fullText_145","29309648_fullText_174"]	MBNL1 gene	C1417055
MBNL1 gene	C1417055	higher_than	["27484195_fullText_71"]	MBNL3 gene	C1427004
MBNL1 gene	C1417055	higher_than	["34125183_fullText_6","29309648_fullText_88"]	MBNL1 gene	C1417055
MBNL1 gene	C1417055	CONVERTS_TO	["24792155_fullText_74"]	Alleles	C0002085
MBNL1 gene	C1417055	lower_than	["24293317_fullText_11"]	MBNL1 gene	C1417055
ATXN8OS gene	C1825850	COEXISTS_WITH	["21283659_fullText_3"]	Open Reading Frames	C0079941
ATXN8OS gene	C1825850	PRODUCES	["22581592_fullText_2"]	Alleles	C0002085
TOMM20 gene	C1427202	COEXISTS_WITH	["27827795_fullText_72"]	ELF4 gene	C1414377
NGF gene	C1417719	STIMULATES	["21567201_fullText_2"]	MAP6 gene	C1417022
NGF gene	C1417719	STIMULATES	["21567201_fullText_2"]	MAP2 gene	C1417006
NGF gene	C1417719	STIMULATES	["21567201_fullText_2"]	MAP1A gene	C1417003
NGF gene	C1417719	compared_with	["36724742_fullText_6"]	NGF gene	C1417719
RPA3 gene	C1419620	COEXISTS_WITH	["25026993_fullText_6"]	Alleles	C0002085
PPARGC1A gene	C1418779	COEXISTS_WITH	["34517131_fullText_7"]	PEX13 gene	C1418474
PPARGC1A gene	C1418779	COEXISTS_WITH	["33771987_fullText_165","33771987_fullText_166","33771987_fullText_174"]	MUT gene	C1417504
PPARGC1A gene	C1418779	STIMULATES	["34126232_fullText_1"]	FNDC5 gene	C1426803
PPARGC1A gene	C1418779	PRODUCES	["28367954_fullText_58"]	SURF1 gene	C1420527
SLC6A3 wt Allele	C3813713	ISA	["23137414_fullText_2"]	SLC6A3 gene	C1420213
SLC6A3 wt Allele	C3813713	compared_with	["34515205_fullText_5"]	Wild Type	C1883559
FXYD1 gene	C1414874	INTERACTS_WITH	["10811636_fullText_2","10811636_fullText_4"]	DMPK gene	C1414085
DRG1 gene	C1414151	compared_with	["17318633_fullText_3"]	Wild Type	C1883559
DRG1 gene	C1414151	STIMULATES	["34166321_fullText_2"]	TRPM8 gene	C1425206
SPAST gene	C1539809	COEXISTS_WITH	["34884833_fullText_111"]	PEX3 gene	C1418477
SPAST gene	C1539809	COEXISTS_WITH	["34884833_fullText_111"]	PEX19 gene	C1419147
ASL gene	C1412582	COEXISTS_WITH	["37847851_fullText_19"]	Open Reading Frames	C0079941
Genes, Essential	C0600449	COEXISTS_WITH	["27343064_fullText_170"]	DOLK gene	C1428074
PINK1 gene	C1422771	STIMULATES	["39088078_fullText_137"]	DNM1L gene	C1414119
PINK1 gene	C1422771	STIMULATES	["28456629_fullText_18"]	TFAM gene	C1420696
SNCA gene	C1420276	compared_with	["31246996_fullText_90"]	LGALS4 gene	C1416832
ENO2 gene	C1414404	compared_with	["21743141_fullText_2"]	S100B gene	C1419790
ENO2 gene	C1414404	higher_than	["15563883_fullText_3"]	ENO2 gene	C1414404
ENO2 gene	C1414404	compared_with	["15563883_fullText_3"]	ENO2 gene	C1414404
S100B gene	C1419790	COEXISTS_WITH	["29235064_fullText_8"]	GCDH gene	C1415009
HSPB1 gene	C1333928	STIMULATES	["9490724_fullText_110"]	HSPB2 gene	C1415768
HSPB1 gene	C1333928	INTERACTS_WITH	["9490724_fullText_61","9490724_fullText_84"]	HSPB2 gene	C1415768
HSPB1 gene	C1333928	INTERACTS_WITH	["20188867_fullText_11","9490724_fullText_61","9490724_fullText_124"]	DMPK gene	C1414085
DMPK gene	C1414085	COEXISTS_WITH	["26756355_fullText_66"]	RSPH6A gene	C1422503
DMPK gene	C1414085	COEXISTS_WITH	["28102759_fullText_143","28102759_fullText_169"]	CEL gene	C1413336
DMPK gene	C1414085	COEXISTS_WITH	["24792155_fullText_76"]	TSPO gene	C1823521
DMPK gene	C1414085	COEXISTS_WITH	["22619053_fullText_7"]	Oncogenes	C0029016
DMPK gene	C1414085	COEXISTS_WITH	["36142405_fullText_2","30341596_fullText_2","31735798_fullText_4","22131273_fullText_2"]	CNBP gene	C1824763
DMPK gene	C1414085	COEXISTS_WITH	["9359635_fullText_2"]	CALD1 gene	C1413086
DMPK gene	C1414085	COEXISTS_WITH	["22190319_fullText_2"]	IMPACT gene	C1825598
DMPK gene	C1414085	COEXISTS_WITH	["14526185_fullText_4","28129118_fullText_39"]	Genome	C0017428
DMPK gene	C1414085	COEXISTS_WITH	["19846120_fullText_3"]	CMT1A gene	C1413535
DMPK gene	C1414085	COEXISTS_WITH	["22459146_fullText_5","20939737_fullText_2","14722159_fullText_1"]	ZNF9 gene	C1421847
DMPK gene	C1414085	INHIBITS	["7590731_fullText_8"]	Alleles	C0002085
DMPK gene	C1414085	INHIBITS	["10811636_fullText_7"]	FXYD1 gene	C1414874
DMPK gene	C1414085	INHIBITS	["22332923_fullText_3","20360842_fullText_15"]	MBNL1 gene	C1417055
DMPK gene	C1414085	INHIBITS	["11592825_fullText_6","28257691_fullText_183"]	SIX5 gene	C1420076
DMPK gene	C1414085	INTERACTS_WITH	["27030674_fullText_63","26756355_fullText_80"]	MYOD1 gene	C1417574
DMPK gene	C1414085	INTERACTS_WITH	["9371827_fullText_8","9371827_fullText_10"]	CELF1 gene	C1413824
DMPK gene	C1414085	INTERACTS_WITH	["10811636_fullText_2","10811636_fullText_3","10811636_fullText_5","10811636_fullText_8"]	FXYD1 gene	C1414874
DMPK gene	C1414085	STIMULATES	["19433512_fullText_1","28535287_fullText_3"]	CELF1 gene	C1413824
DMPK gene	C1414085	STIMULATES	["26756355_fullText_132"]	RSPH6A gene	C1422503
DMPK gene	C1414085	STIMULATES	["30700578_fullText_4"]	SLC14A2 gene	C1420099
DMPK gene	C1414085	PRODUCES	["26908607_fullText_64"]	Transgenes	C0282641
DMPK gene	C1414085	PRODUCES	["9490724_fullText_62"]	CEL gene	C1413336
DMPK gene	C1414085	PRODUCES	["26908607_fullText_118"]	ACTA1 gene	C1412136
DMPK gene	C1414085	PRODUCES	["26756355_fullText_117"]	RSPH6A gene	C1422503
DMPK gene	C1414085	PRODUCES	["11592825_fullText_7","28129118_fullText_186"]	Alleles	C0002085
DMPK gene	C1414085	PRODUCES	["26190529_fullText_1","28257691_fullText_183"]	SIX5 gene	C1420076
DMPK gene	C1414085	compared_with	["26908607_fullText_76"]	GAPDH gene	C1414968
DMPK gene	C1414085	compared_with	["23209425_fullText_128"]	Transgenes	C0282641
DMPK gene	C1414085	compared_with	["28588248_fullText_3"]	Alleles	C0002085
DMPK gene	C1414085	compared_with	["23209425_fullText_0"]	DMPK gene	C1414085
DMPK gene	C1414085	lower_than	["26908607_fullText_76"]	GAPDH gene	C1414968
ATL1 gene	C1420348	COEXISTS_WITH	["34884833_fullText_111"]	PEX3 gene	C1418477
ATL1 gene	C1420348	COEXISTS_WITH	["34884833_fullText_111"]	PEX19 gene	C1419147
SCN8A gene	C1419866	COEXISTS_WITH	["30870728_fullText_3"]	SCN2A gene	C1419858
NEUROD1 gene	C1417683	CONVERTS_TO	["38332227_fullText_129"]	CEL gene	C1413336
GTPBP1 gene	C1415351	COEXISTS_WITH	["29702557_fullText_106"]	MTSS1 gene	C1426941
PROS1 wt Allele	C3813209	COEXISTS_WITH	["30048337_fullText_3"]	BPI gene	C1443145
EIF4E wt Allele	C3539643	higher_than	["16456924_fullText_4"]	HTT gene	C1415504
EIF4E wt Allele	C3539643	compared_with	["16456924_fullText_4"]	HTT gene	C1415504
SPEN gene	C1539835	STIMULATES	["26940433_fullText_17"]	PMM2 gene	C1418674
MTSS1 gene	C1426941	COEXISTS_WITH	["36293220_fullText_117"]	PEX1 gene	C1418469
MTSS1 gene	C1426941	COEXISTS_WITH	["29702557_fullText_129"]	SLC35C1 gene	C1426768
MTSS1 gene	C1426941	COEXISTS_WITH	["29702557_fullText_118"]	PIGO gene	C1427994
MTSS1 gene	C1426941	COEXISTS_WITH	["35718084_fullText_1"]	FUK gene	C1428864
UBE4B gene	C1421297	INHIBITS	["15152500_fullText_8"]	ATXN3 gene	C1538301
cDNA Library	C0751608	COEXISTS_WITH	["9382874_fullText_24"]	ZC3HAV1 gene	C1428222
MMP2 gene	C1334522	compared_with	["39320846_fullText_120"]	ALYREF gene	C1425988
HCRT gene	C1415500	INHIBITS	["37212716_fullText_6"]	HCRTR2 gene	C1415502
CST7 gene	C1413776	COEXISTS_WITH	["36522822_fullText_3"]	CHAT wt Allele	C3541871
IL12A wt Allele	C1704794	STIMULATES	["35666299_fullText_5"]	AIF1 gene	C1412299
IL12A wt Allele	C1704794	STIMULATES	["35666299_fullText_5"]	NLRP1 wt Allele	C3538756
SPTBN2 wt Allele	C3811242	COEXISTS_WITH	["9613852_fullText_2"]	MAL gene	C1416989
TECR gene	C1415273	COEXISTS_WITH	["2571562_fullText_6"]	Genome, Human	C0017429
PAH gene	C1418251	COEXISTS_WITH	["1968617_fullText_5"]	NAA50 gene	C1826357
PAH gene	C1418251	COEXISTS_WITH	["25418970_fullText_7"]	PTS gene	C1419129
PAH gene	C1418251	COEXISTS_WITH	["8981952_fullText_1"]	Alleles	C0002085
NDUFS4 gene	C1417647	COEXISTS_WITH	["39231983_fullText_21","39231983_fullText_206"]	GAD2 gene	C1414926
NDUFS4 gene	C1417647	COEXISTS_WITH	["38177503_fullText_79"]	Wild Type	C1883559
NDUFS4 gene	C1417647	COEXISTS_WITH	["34849584_fullText_175"]	ELF4 gene	C1414377
NDUFS4 gene	C1417647	COEXISTS_WITH	["37770252_fullText_87"]	LPO gene	C1416903
NDUFS4 gene	C1417647	COEXISTS_WITH	["37770252_fullText_92"]	GTF2H4 gene	C1415346
NDUFS4 gene	C1417647	COEXISTS_WITH	["34849584_fullText_63"]	CEL gene	C1413336
NDUFS4 gene	C1417647	INHIBITS	["35872650_fullText_30"]	SIRT1 gene	C1423062
NDUFS4 gene	C1417647	INTERACTS_WITH	["39231983_fullText_78","39231983_fullText_89"]	CBR1 gene	C1413154
NDUFS4 gene	C1417647	STIMULATES	["34849584_fullText_117"]	NDUFA2 gene	C1417622
NDUFS4 gene	C1417647	STIMULATES	["32335026_fullText_9"]	NDUFAF2 gene	C1826392
NDUFS4 gene	C1417647	STIMULATES	["32335026_fullText_9"]	NDUFA12 gene	C1826391
NDUFS4 gene	C1417647	compared_with	["38177503_fullText_103"]	Wild Type	C1883559
NDUFS4 gene	C1417647	compared_with	["30391276_fullText_4"]	LATS1 wt Allele	C1705714
NDUFS4 gene	C1417647	compared_with	["37770252_fullText_94","34849584_fullText_107","34849584_fullText_179","30520688_fullText_77","28753212_fullText_20"]	NDUFS4 gene	C1417647
NDUFS4 gene	C1417647	CONVERTS_TO	["34849584_fullText_119"]	NDUFAF2 gene	C1826392
NDUFS4 gene	C1417647	lower_than	["38177503_fullText_103"]	Wild Type	C1883559
NDUFS4 gene	C1417647	lower_than	["34849584_fullText_179"]	NDUFS4 gene	C1417647
GUCY2D gene	C1415364	COEXISTS_WITH	["32165824_fullText_41"]	NMNAT1 gene	C1425150
NMNAT1 gene	C1425150	COEXISTS_WITH	["32165824_fullText_133"]	CEP290 gene	C1824725
MT-ATP6 gene	C1537983	COEXISTS_WITH	["31967322_fullText_48"]	NDUFAF6 gene	C1824247
MT-ATP6 gene	C1537983	COEXISTS_WITH	["26804654_fullText_109","31967322_fullText_48"]	SURF1 gene	C1420527
MT-ATP6 gene	C1537983	COEXISTS_WITH	["28429146_fullText_42"]	MT-ND6 gene	C1537995
MT-ATP6 gene	C1537983	COEXISTS_WITH	["32000367_fullText_24"]	MT-ND3 gene	C1537991
MT-ATP6 gene	C1537983	COEXISTS_WITH	["23631824_fullText_3"]	NDUFV1 gene	C1417652
MT-ATP6 gene	C1537983	INHIBITS	["35792828_fullText_67"]	POU3F2 gene	C1418762
MT-ATP6 gene	C1537983	INHIBITS	["35792828_fullText_62"]	PDP1 gene	C1418818
MT-ATP6 gene	C1537983	compared_with	["36335839_fullText_5"]	MT-ND3 gene	C1537991
MT-ATP6 gene	C1537983	higher_than	["36335839_fullText_5"]	MT-ND3 gene	C1537991
MT-ND5 gene	C1537994	COEXISTS_WITH	["30425197_fullText_83"]	MT-ND4 gene	C1537992
MT-ND6 gene	C1537995	COEXISTS_WITH	["23953430_fullText_9"]	PTGS2 wt Allele	C1705323
MT-ND6 gene	C1537995	ISA	["23813926_fullText_1","21196529_fullText_4","35217561_fullText_1"]	Genes, Mitochondrial	C1563761
NDUFS1 gene	C1417644	INHIBITS	["38177503_fullText_114"]	NDUFS4 gene	C1417647
NDUFS1 gene	C1417644	COEXISTS_WITH	["20819849_fullText_154"]	NDUFA9 gene	C1417630
NDUFS1 gene	C1417644	COEXISTS_WITH	["34849584_fullText_122"]	NDUFAF2 gene	C1826392
NDUFS1 gene	C1417644	COEXISTS_WITH	["20819849_fullText_154"]	NDUFS3 gene	C1417646
NDUFS1 gene	C1417644	COEXISTS_WITH	["32335026_fullText_9"]	NDUFS4 gene	C1417647
NDUFV1 gene	C1417652	COEXISTS_WITH	["32335026_fullText_9"]	NDUFS4 gene	C1417647
NDUFV1 gene	C1417652	COEXISTS_WITH	["34849584_fullText_122"]	NDUFAF2 gene	C1826392
SURF1 gene	C1420527	COEXISTS_WITH	["33096015_fullText_3"]	USMG5 gene	C1429011
SURF1 gene	C1420527	COEXISTS_WITH	["28429146_fullText_68"]	NDUFAF6 gene	C1824247
SURF1 gene	C1420527	COEXISTS_WITH	["18807927_fullText_2"]	SCO2 gene	C1419873
SURF1 gene	C1420527	COEXISTS_WITH	["34852375_fullText_5"]	SF3B1 wt Allele	C3273937
SURF1 gene	C1420527	ISA	["29601977_fullText_23"]	Genome	C0017428
SURF1 gene	C1420527	STIMULATES	["29601977_fullText_97"]	Genome	C0017428
SURF1 gene	C1420527	compared_with	["23829769_fullText_61"]	LRPPRC gene	C1423677
SURF1 gene	C1420527	compared_with	["29601977_fullText_6","26804654_fullText_14","26804654_fullText_61"]	SURF1 gene	C1420527
ECHS1 gene	C1414247	COEXISTS_WITH	["28429146_fullText_42"]	SLC19A3 gene	C1424138
NARS2 gene	C1826350	PRODUCES	["25807530_fullText_102"]	Alleles	C0002085
NARS2 gene	C1826350	INHIBITS	["25807530_fullText_86"]	Alleles	C0002085
NARS2 gene	C1826350	COEXISTS_WITH	["36661119_fullText_5"]	TRIO gene	C1336674
ASAH1 wt Allele	C3539770	INHIBITS	["37406364_fullText_7"]	SLC6A3 wt Allele	C3813713
NDUFA12 gene	C1826391	compared_with	["38177503_fullText_123"]	NDUFAF2 gene	C1826392
NDUFA12 gene	C1826391	COEXISTS_WITH	["38177503_fullText_89"]	Wild Type	C1883559
NDUFA12 gene	C1826391	COEXISTS_WITH	["38177503_fullText_127"]	NDUFAF2 gene	C1826392
NDUFA12 gene	C1826391	COEXISTS_WITH	["32335026_fullText_6"]	NDUFS4 gene	C1417647
NDUFAF2 gene	C1826392	COEXISTS_WITH	["38177503_fullText_127"]	NDUFS6 gene	C1417649
NDUFAF2 gene	C1826392	INHIBITS	["38949024_fullText_12"]	MKS1 gene	C1417186
NDUFAF2 gene	C1826392	COEXISTS_WITH	["38177503_fullText_89"]	NDUFA12 gene	C1826391
NDUFAF2 gene	C1826392	INTERACTS_WITH	["38949024_fullText_5","38949024_fullText_9"]	ARMC9 gene	C1824218
NDUFAF2 gene	C1826392	COEXISTS_WITH	["32335026_fullText_6"]	NDUFS4 gene	C1417647
NDUFAF2 gene	C1826392	COEXISTS_WITH	["27344355_fullText_10"]	POLG gene	C1418731
NDUFS7 gene	C1417650	COEXISTS_WITH	["38478578_fullText_59"]	NDUFS8 gene	C1417651
NDUFS7 gene	C1417650	COEXISTS_WITH	["38478578_fullText_80"]	MT-ND4 gene	C1537992
NDUFS7 gene	C1417650	COEXISTS_WITH	["32335026_fullText_9"]	NDUFS4 gene	C1417647
NDUFS7 gene	C1417650	COEXISTS_WITH	["34849584_fullText_122"]	NDUFAF2 gene	C1826392
LRPPRC gene	C1423677	INTERACTS_WITH	["17050673_fullText_4","33085679_fullText_3"]	Genes, Mitochondrial	C1563761
LRPPRC gene	C1423677	STIMULATES	["17050673_fullText_6"]	Genes, Mitochondrial	C1563761
YAP1 gene	C1424135	INHIBITS	["32203162_fullText_4"]	GTF2H1 gene	C1333723
HDAC6 gene	C1333895	INHIBITS	["38497605_fullText_150"]	CDH1 gene	C0694872
HDAC6 gene	C1333895	INHIBITS	["28535287_fullText_50"]	HDAC1 gene	C1333891
HDAC6 gene	C1333895	INHIBITS	["28535287_fullText_50"]	HDAC9 gene	C1422386
MELAS gene	C1417109	COEXISTS_WITH	["17895983_fullText_76"]	Open Reading Frames	C0079941
MELAS gene	C1417109	COEXISTS_WITH	["10672326_fullText_2"]	MRRF gene	C1417252
MELAS gene	C1417109	compared_with	["8237691_fullText_2"]	MELAS gene	C1417109
DNAJC30 gene	C2681419	COEXISTS_WITH	["38478578_fullText_88"]	NDUFS8 gene	C1417651
DNAJC30 gene	C2681419	COEXISTS_WITH	["38478578_fullText_88"]	NDUFS7 gene	C1417650
DNAJC30 gene	C2681419	COEXISTS_WITH	["35148383_fullText_52","38478578_fullText_88"]	NDUFS2 gene	C1417645
DNAJC30 gene	C2681419	COEXISTS_WITH	["35148383_fullText_1"]	LHON gene	C1416849
LHON gene	C1416849	COEXISTS_WITH	["35148383_fullText_27","35148383_fullText_55"]	DNAJC30 gene	C2681419
LHON gene	C1416849	COEXISTS_WITH	["35148383_fullText_55"]	NDUFS2 gene	C1417645
LHON gene	C1416849	COEXISTS_WITH	["35148383_fullText_55"]	MCAT gene	C1825950
LHON gene	C1416849	COEXISTS_WITH	["17276742_fullText_1","35148383_fullText_28"]	Genome, Mitochondrial	C1819716
Exome	C3178814	COEXISTS_WITH	["38459834_fullText_44"]	NDUFS6 gene	C1417649
Exome	C3178814	COEXISTS_WITH	["29390429_fullText_6"]	CHRND gene	C1413411
Exome	C3178814	COEXISTS_WITH	["28645153_fullText_2"]	PNPT1 gene	C1427960
Exome	C3178814	COEXISTS_WITH	["35339718_fullText_5"]	SRD5A3 gene	C2240046
TACO1 gene	C1824568	COEXISTS_WITH	["32130224_fullText_10"]	MT-CO1 gene	C1537985
DLD gene	C1414063	COEXISTS_WITH	["33661577_fullText_90"]	PDHA1 gene	C1418437
DLD gene	C1414063	PRODUCES	["35792828_fullText_47"]	EOMES gene	C1414420
DLD gene	C1414063	INHIBITS	["35792828_fullText_67"]	POU3F2 gene	C1418762
DLD gene	C1414063	INHIBITS	["35792828_fullText_64"]	FATE1 gene	C1539479
GDF15 gene	C1335222	STIMULATES	["38870029_fullText_27"]	DDIT3 gene	C1413947
GDF15 gene	C1335222	STIMULATES	["38870029_fullText_27"]	ATF4 gene	C1412617
NDUFAF5 gene	C1423817	COEXISTS_WITH	["19542079_fullText_99"]	CRLS1 gene	C1824795
NDUFAF5 gene	C1423817	INTERACTS_WITH	["19542079_fullText_9","19542079_fullText_86"]	NDUFB3 gene	C1417635
PYROXD2 gene	C1428119	COEXISTS_WITH	["35055180_fullText_126"]	CEL gene	C1413336
IMMT gene	C1416423	COEXISTS_WITH	["30001213_fullText_6"]	PTS gene	C1419129
JAG1 wt Allele	C2697827	compared_with	["17484755_fullText_4"]	JAG1 wt Allele	C2697827
MCAT gene	C1825950	STIMULATES	["30059502_fullText_21"]	C21orf2 gene	C1412946
SLC39A8 gene	C1427169	STIMULATES	["26637979_fullText_6"]	C8orf17 gene	C1425057
MT-CYB gene	C1537988	COEXISTS_WITH	["34928236_fullText_0"]	MT-ATP6 gene	C1537983
MT-CYB gene	C1537988	COEXISTS_WITH	["34928236_fullText_0"]	MT-ATP8 gene	C1537984
SLCO2A1 gene	C1420129	COEXISTS_WITH	["32630370_fullText_92"]	SCN5A gene	C1419864
ATF4 gene	C1412617	COEXISTS_WITH	["35211808_fullText_97"]	PMM2 gene	C1418674
ATF4 gene	C1412617	STIMULATES	["32145091_fullText_153"]	EIF2AK3 gene	C1414326
HIBCH gene	C1415543	COEXISTS_WITH	["24299452_fullText_58"]	Open Reading Frames	C0079941
ETFA gene	C1414471	INTERACTS_WITH	["24498361_fullText_68","24498361_fullText_104","24498361_fullText_123"]	GCDH gene	C1415009
NDUFS6 gene	C1417649	compared_with	["38177503_fullText_88"]	NDUFAF2 gene	C1826392
NDUFS6 gene	C1417649	COEXISTS_WITH	["33629572_fullText_6"]	IVD gene	C1416523
PEX13 gene	C1418474	COEXISTS_WITH	["10871277_fullText_57"]	PEX2 gene	C1419149
PEX13 gene	C1418474	COEXISTS_WITH	["10871277_fullText_56"]	PHEX gene	C1418526
PEX13 gene	C1418474	INTERACTS_WITH	["35854306_fullText_168","27827795_fullText_27"]	PEX14 gene	C1418475
PEX13 gene	C1418474	INTERACTS_WITH	["35854306_fullText_168","27827795_fullText_27"]	PEX5 gene	C1419151
PEX13 gene	C1418474	STIMULATES	["27827795_fullText_9"]	TOMM20 gene	C1427202
LAMB2 gene	C1416781	STIMULATES	["21876163_fullText_7"]	LAMB1 gene	C1416780
DOLK gene	C1428074	COEXISTS_WITH	["25270028_fullText_123"]	MPDU1 gene	C1417235
GCDH gene	C1415009	COEXISTS_WITH	["34344405_fullText_25"]	Genome	C0017428
GCDH gene	C1415009	COEXISTS_WITH	["34344405_fullText_25"]	Genome, Human	C0017429
GCDH gene	C1415009	COEXISTS_WITH	["24498361_fullText_70"]	ETFB gene	C1414472
GCDH gene	C1415009	COEXISTS_WITH	["24594605_fullText_50"]	GRIA2 gene	C1415288
GCDH gene	C1415009	COEXISTS_WITH	["28389991_fullText_4"]	SLC14A2 gene	C1420099
GCDH gene	C1415009	INHIBITS	["25333616_fullText_10"]	Candidate Disease Gene	C1332838
GCDH gene	C1415009	INHIBITS	["35157847_fullText_179"]	TEAD2 gene	C1420680
GCDH gene	C1415009	INTERACTS_WITH	["24498361_fullText_51","24498361_fullText_52","24498361_fullText_69","24498361_fullText_83"]	DLST gene	C1414073
GCDH gene	C1415009	INTERACTS_WITH	["24498361_fullText_52","24498361_fullText_68","24498361_fullText_83","24498361_fullText_86","24498361_fullText_87"]	ETFB gene	C1414472
GCDH gene	C1415009	PRODUCES	["23658800_fullText_70"]	GAPDH gene	C1414968
GCDH gene	C1415009	PRODUCES	["35157847_fullText_13"]	SIRT5 gene	C1423065
GCDH gene	C1415009	compared_with	["24594605_fullText_58"]	SLC1A2 gene	C1420120
GCDH gene	C1415009	CONVERTS_TO	["32992790_fullText_109"]	CEL gene	C1413336
NPTX2 gene	C1417813	COEXISTS_WITH	["30379275_fullText_58"]	MT-ATP6 gene	C1537983
NPTX2 gene	C1417813	COEXISTS_WITH	["9221962_fullText_1"]	Genome, Mitochondrial	C1819716
NPTX2 gene	C1417813	compared_with	["17855363_fullText_7"]	Wild Type	C1883559
SF3B1 wt Allele	C3273937	COEXISTS_WITH	["32130224_fullText_1"]	Genes, Mitochondrial	C1563761
SF3B1 wt Allele	C3273937	COEXISTS_WITH	["29441734_fullText_8"]	DMPK gene	C1414085
NLRP1 wt Allele	C3538756	COEXISTS_WITH	["34626116_fullText_5"]	CFP gene	C1418482
NLRP1 wt Allele	C3538756	INHIBITS	["35943523_fullText_6"]	CPB2 gene	C1413666
NLRP1 wt Allele	C3538756	STIMULATES	["37221325_fullText_5"]	DRD2 gene	C1333253
NLRP1 wt Allele	C3538756	PRODUCES	["37221325_fullText_3"]	DRD2 gene	C1333253
PRRT2 wt Allele	C3539645	INHIBITS	["34148230_fullText_8"]	TAC1 wt Allele	C1705924
PRRT2 wt Allele	C3539645	STIMULATES	["24376746_fullText_39"]	CELF1 gene	C1413824
PRRT2 wt Allele	C3539645	PRODUCES	["31968060_fullText_148"]	KCNA4 gene	C1416547
NDUFC2 gene	C1417643	lower_than	["32969598_fullText_72"]	NDUFC2 gene	C1417643
NDUFC2 gene	C1417643	compared_with	["32969598_fullText_59","32969598_fullText_72"]	NDUFC2 gene	C1417643
MT-ND2 gene	C1537990	ISA	["35217561_fullText_1"]	Genes, Mitochondrial	C1563761
KIAA1279 gene	C1428077	COEXISTS_WITH	["28129118_fullText_210"]	DMPK gene	C1414085
GAD2 gene	C1414926	STIMULATES	["39231983_fullText_84"]	CNR1 gene	C1413554
GAD2 gene	C1414926	INHIBITS	["39231983_fullText_52"]	TMEM119 gene	C1823380
CCL21 gene	C1332684	compared_with	["26940433_fullText_46"]	LGALS4 gene	C1416832
LSS gene	C1416926	COEXISTS_WITH	["38478578_fullText_62","38478578_fullText_80"]	NDUFS8 gene	C1417651
LSS gene	C1416926	COEXISTS_WITH	["38478578_fullText_62","38478578_fullText_80"]	NDUFS2 gene	C1417645
LSS gene	C1416926	COEXISTS_WITH	["38478578_fullText_81"]	Genes, vif	C0079429
LSS gene	C1416926	COEXISTS_WITH	["38478578_fullText_6"]	MT-ND1 gene	C1537989
LSS gene	C1416926	COEXISTS_WITH	["38478578_fullText_62","38478578_fullText_80"]	NDUFA9 gene	C1417630
LSS gene	C1416926	INHIBITS	["38478578_fullText_3"]	MT-ND4 gene	C1537992
LSS gene	C1416926	COEXISTS_WITH	["38478578_fullText_5"]	DNAJC30 gene	C2681419
LSS gene	C1416926	COEXISTS_WITH	["35216885_fullText_3","38478578_fullText_2"]	Genes, Mitochondrial	C1563761
MRPL39 gene	C1422361	PRODUCES	["37133451_fullText_4"]	CFC1 gene	C1332788
NDUFS2 gene	C1417645	COEXISTS_WITH	["38478578_fullText_80"]	MT-ND4 gene	C1537992
NDUFS2 gene	C1417645	COEXISTS_WITH	["15576045_fullText_6"]	Alleles	C0002085
NDUFS2 gene	C1417645	COEXISTS_WITH	["20819849_fullText_141"]	AKR1A1 wt Allele	C3715044
NDUFS2 gene	C1417645	INHIBITS	["35872650_fullText_39"]	NDUFS4 gene	C1417647
NDUFS8 gene	C1417651	COEXISTS_WITH	["38478578_fullText_80"]	MT-ND4 gene	C1537992
NDUFS8 gene	C1417651	COEXISTS_WITH	["36557887_fullText_81"]	ACACA wt Allele	C3541413
NDUFS8 gene	C1417651	ASSOCIATED_WITH	["36557887_fullText_71"]	PPP1R14B gene	C1418632
NDUFA10 gene	C1417621	COEXISTS_WITH	["38177503_fullText_74"]	MT-ND6 gene	C1537995
COX10 gene	C1413629	COEXISTS_WITH	["39152498_fullText_16"]	Wild Type	C1883559
SCN5A gene	C1419864	COEXISTS_WITH	["27063795_fullText_59"]	AAVS1 gene	C1412056
SCN5A gene	C1419864	COEXISTS_WITH	["32630370_fullText_95"]	SLCO2A1 gene	C1420129
SCN5A gene	C1419864	INHIBITS	["27063795_fullText_43"]	MBNL1 gene	C1417055
SCN5A gene	C1419864	INHIBITS	["27063795_fullText_56"]	SCN1B gene	C1419857
SCN5A gene	C1419864	PRODUCES	["27063795_fullText_50"]	MIXL1 gene	C1421951
SGCA gene	C1420005	COEXISTS_WITH	["33619652_fullText_6","33619652_fullText_98","33619652_fullText_100"]	PMM2 gene	C1418674
SSBP1 gene	C1420424	COEXISTS_WITH	["31479473_fullText_8"]	POLG gene	C1418731
SSBP1 gene	C1420424	lower_than	["31479473_fullText_116"]	SSBP1 gene	C1420424
SSBP1 gene	C1420424	compared_with	["31479473_fullText_116","31479473_fullText_167"]	SSBP1 gene	C1420424
UROD wt Allele	C2987231	higher_than	["35205402_fullText_44"]	UROD wt Allele	C2987231
UROD wt Allele	C2987231	compared_with	["35205402_fullText_44"]	UROD wt Allele	C2987231
AGL gene	C1412279	COEXISTS_WITH	["36579437_fullText_5"]	PGM1 gene	C1418516
AGL gene	C1412279	COEXISTS_WITH	["31454184_fullText_3","31454184_fullText_62"]	SURF1 gene	C1420527
SLC17A6 gene	C1424492	COEXISTS_WITH	["34849584_fullText_195","34849584_fullText_199"]	NDUFS4 gene	C1417647
SLC17A6 gene	C1424492	COEXISTS_WITH	["34849584_fullText_199"]	GYPE gene	C1415376
SLC17A6 gene	C1424492	COEXISTS_WITH	["35999323_fullText_8"]	SYT1 gene	C1420556
SLC17A6 gene	C1424492	COEXISTS_WITH	["35999323_fullText_8"]	SYT2 gene	C1420557
Protein coding gene	C3839127	COEXISTS_WITH	["34928236_fullText_41"]	MT-TA gene	C1537998
Protein coding gene	C3839127	COEXISTS_WITH	["34928236_fullText_0"]	Genome, Mitochondrial	C1819716
COX4I1 gene	C1413634	COEXISTS_WITH	["14607829_fullText_10"]	MT-CO1 gene	C1537985
NDUFB8 gene	C1417640	higher_than	["20819849_fullText_143"]	NDUFS2 gene	C1417645
NDUFB8 gene	C1417640	compared_with	["20819849_fullText_143"]	NDUFS2 gene	C1417645
MTFMT gene	C1826321	INHIBITS	["24461907_fullText_5"]	MT-TA gene	C1537998
C21orf2 gene	C1412946	COEXISTS_WITH	["38459834_fullText_8"]	AKR1A1 wt Allele	C3715044
NDUFA2 gene	C1417622	COEXISTS_WITH	["19542079_fullText_5"]	MT-ND6 gene	C1537995
NDUFA2 gene	C1417622	COEXISTS_WITH	["19542079_fullText_5"]	MT-ND5 gene	C1537994
NDUFA2 gene	C1417622	COEXISTS_WITH	["19542079_fullText_5"]	MT-ND2 gene	C1537990
NDUFA2 gene	C1417622	COEXISTS_WITH	["19542079_fullText_5"]	MT-ND3 gene	C1537991
NDUFA2 gene	C1417622	COEXISTS_WITH	["19542079_fullText_5"]	IVNS1ABP gene	C1424660
NDUFA2 gene	C1417622	COEXISTS_WITH	["19542079_fullText_5"]	NDUFV1 gene	C1417652
SLC22A5 gene	C1420140	COEXISTS_WITH	["37890575_fullText_8","33050909_abstract_6"]	SLC25A13 gene	C1420154
AGFG1 gene	C1415715	COEXISTS_WITH	["32629928_fullText_140"]	PMM2 gene	C1418674
Neomycin resistance gene	C1366752	COEXISTS_WITH	["28109742_fullText_7"]	LRP2 wt Allele	C3811119
MFN2 gene	C1424611	COEXISTS_WITH	["39088078_fullText_139"]	ATXN3 gene	C1538301
ACADVL gene	C1412110	COEXISTS_WITH	["19639238_fullText_6"]	ACAD10 gene	C1427635
MRRF gene	C1417252	COEXISTS_WITH	["10672326_fullText_3"]	C10orf2 gene	C1418458
ZNF521 wt Allele	C3273676	COEXISTS_WITH	["24341803_fullText_4"]	LIPT1 gene	C1428876
TYMP wt Allele	C1705440	ISA	["37448106_fullText_1"]	TYMP gene	C1333327
TYMP wt Allele	C1705440	COEXISTS_WITH	["37448106_fullText_1"]	TYMP gene	C1333327
TYMP wt Allele	C1705440	COEXISTS_WITH	["22422207_fullText_4"]	POLG gene	C1418731
RASA1 wt Allele	C2984552	ISA	["23361976_fullText_2"]	RASA1 gene	C1419277
COX5A gene	C1413636	COEXISTS_WITH	["14607829_fullText_10"]	MT-CO1 gene	C1537985
NFE2L1 gene	C1417700	COEXISTS_WITH	["33315951_fullText_70"]	ELF4 gene	C1414377
NFE2L1 gene	C1417700	COEXISTS_WITH	["30135079_fullText_42","30135079_fullText_85","30740912_fullText_49"]	NGLY1 gene	C1425023
NFE2L1 gene	C1417700	INTERACTS_WITH	["35406718_fullText_163","30135079_fullText_43","32259258_fullText_49","32259258_fullText_80","31615832_fullText_2"]	NGLY1 gene	C1425023
NFE2L1 gene	C1417700	STIMULATES	["34697631_fullText_6","32283553_fullText_56","36102038_fullText_13"]	NGLY1 gene	C1425023
NFE2L1 gene	C1417700	STIMULATES	["30135079_fullText_3"]	TREX1 gene	C1336670
NFE2L1 gene	C1417700	PRODUCES	["35406718_fullText_213"]	NGLY1 gene	C1425023
NDUFA9 gene	C1417630	COEXISTS_WITH	["38177503_fullText_112"]	NDUFS4 gene	C1417647
Enzyme Gene	C1333402	INHIBITS	["26169831_fullText_5"]	CELF1 gene	C1413824
PGC gene	C1418503	INHIBITS	["28456629_fullText_49"]	GLB1 wt Allele	C3811114
Structural gene	C0017366	COEXISTS_WITH	["19542079_fullText_5"]	NDUFV1 gene	C1417652
Structural gene	C0017366	COEXISTS_WITH	["19542079_fullText_5"]	IVNS1ABP gene	C1424660
Structural gene	C0017366	COEXISTS_WITH	["19542079_fullText_5"]	MT-ND5 gene	C1537994
Structural gene	C0017366	COEXISTS_WITH	["19542079_fullText_5"]	MT-ND6 gene	C1537995
Structural gene	C0017366	COEXISTS_WITH	["19542079_fullText_5"]	MT-ND2 gene	C1537990
Structural gene	C0017366	COEXISTS_WITH	["19542079_fullText_5"]	MT-ND3 gene	C1537991
chromosome 17q	C1327938	COEXISTS_WITH	["19503089_fullText_5"]	TACO1 gene	C1824568
PDP1 gene	C1418818	INHIBITS	["35792828_fullText_48"]	FATE1 gene	C1539479
TFAM gene	C1420696	INHIBITS	["30059502_fullText_203"]	LGALS4 gene	C1416832
TFAM gene	C1420696	compared_with	["19036942_fullText_4"]	UCP2 gene	C1421314
TFAM gene	C1420696	compared_with	["30059502_fullText_58","30059502_fullText_83","30059502_fullText_296","30059502_fullText_298","30059502_fullText_300","30059502_fullText_302","30059502_fullText_304","30059502_fullText_306"]	TFAM gene	C1420696
Ribosomal RNA Genes	C0035899	COEXISTS_WITH	["17503499_fullText_2"]	Genes, Mitochondrial	C1563761
NDUFA8 gene	C1417629	COEXISTS_WITH	["15576045_fullText_6"]	Alleles	C0002085
ABR gene	C1412101	COEXISTS_WITH	["27879482_fullText_2"]	CCT3 gene	C1413195
Pseudogenes	C0033799	COEXISTS_WITH	["9425221_fullText_6"]	PMM2 gene	C1418674
CCDC115 gene	C1824644	COEXISTS_WITH	["33413482_fullText_9"]	ATP7B gene	C1412689
CCDC115 gene	C1824644	compared_with	["32145091_fullText_71"]	TMEM199 gene	C1425293
CCDC115 gene	C1824644	COEXISTS_WITH	["32629928_fullText_86"]	TMEM199 gene	C1425293
SLC35A3 gene	C1420189	COEXISTS_WITH	["26739145_fullText_87"]	GFPT1 gene	C1415046
SLC35A3 gene	C1420189	COEXISTS_WITH	["26739145_fullText_87"]	PGM3 gene	C1418518
SLC35A3 gene	C1420189	COEXISTS_WITH	["26739145_fullText_87"]	GNE gene	C1428183
SLC1A2 gene	C1420120	COEXISTS_WITH	["24594605_fullText_58"]	GCDH gene	C1415009
SLC1A2 gene	C1420120	compared_with	["24594605_fullText_57"]	SLC1A3 gene	C1420121
CFP gene	C1418482	COEXISTS_WITH	["33819533_fullText_3"]	NLRP1 wt Allele	C3538756
CFP gene	C1418482	INHIBITS	["10817622_fullText_2"]	NLRP1 wt Allele	C3538756
CFP gene	C1418482	STIMULATES	["34571049_fullText_11"]	GRM5 gene	C1333712
CD200R1 gene	C1540290	INHIBITS	["36736068_fullText_5","37536620_fullText_4"]	HCRTR1 gene	C1415501
CD200R1 gene	C1540290	COEXISTS_WITH	["36736068_fullText_11"]	NLRP1 wt Allele	C3538756
NR5A2 gene	C1417839	INHIBITS	["34058248_fullText_12"]	FAAH gene	C1414512
GAD1 gene	C1414925	STIMULATES	["33798645_fullText_6"]	NPTX2 gene	C1417813
CYP2D6 gene	C1332830	compared_with	["34751931_fullText_8","36001461_fullText_4"]	CYP2D6 gene	C1332830
CYP2D6 gene	C1332830	higher_than	["34751931_fullText_8"]	CYP2D6 gene	C1332830
OPN1SW gene	C1412770	compared_with	["33739732_fullText_5"]	SRI gene	C1420401
OPN1SW gene	C1412770	same_as	["33739732_fullText_5"]	SRI gene	C1420401
SRI gene	C1420401	compared_with	["34486740_fullText_6"]	SRI gene	C1420401
LAMA1 gene	C1416775	STIMULATES	["33926177_fullText_1"]	NEUROD1 gene	C1417683
LAMA1 gene	C1416775	compared_with	["36127353_fullText_1"]	LAMA1 gene	C1416775
HDAC1 gene	C1333891	COEXISTS_WITH	["34245815_fullText_6"]	ACAN gene	C1412277
CNR1 gene	C1413554	STIMULATES	["33800024_fullText_5","36154844_fullText_4","33998869_fullText_5"]	CNR2 gene	C1413555
CNR1 gene	C1413554	STIMULATES	["33769699_fullText_8"]	ANLN gene	C1422396
ROCK1 gene	C1335631	INHIBITS	["36720358_fullText_5"]	RHOA gene	C0812234
KEAP1 gene	C1427969	COEXISTS_WITH	["30135079_fullText_54"]	NGLY1 gene	C1425023
NPDC1 gene	C1417778	compared_with	["36355257_fullText_9"]	LEP wt Allele	C2986870
SNAI1 gene	C1420267	COEXISTS_WITH	["34245815_fullText_6"]	ACAN gene	C1412277
CNR2 gene	C1413555	PRODUCES	["39231983_fullText_82"]	GPR55 gene	C1415245
SPNS1 gene	C2240043	COEXISTS_WITH	["35792828_fullText_35"]	DLD gene	C1414063
GRIN2B gene	C1415300	COEXISTS_WITH	["33760644_fullText_3","33760644_fullText_12"]	ACACA wt Allele	C3541413
GRIN2B gene	C1415300	COEXISTS_WITH	["35102781_fullText_1"]	CFP gene	C1418482
CBR1 gene	C1413154	COEXISTS_WITH	["39231983_fullText_81"]	GPR55 gene	C1415245
GRIN1 gene	C1415298	COEXISTS_WITH	["35102781_fullText_1"]	CFP gene	C1418482
GRIN1 gene	C1415298	compared_with	["33773999_fullText_7"]	Wild Type	C1883559
GRIN2A gene	C1415299	INHIBITS	["33892271_fullText_5"]	GRIN1 gene	C1415298
GRIN2A gene	C1415299	COEXISTS_WITH	["35102781_fullText_1"]	CFP gene	C1418482
GRIA1 gene	C1415287	PRODUCES	["34924558_fullText_11"]	CFP gene	C1418482
DRD2 gene	C1333253	INHIBITS	["36834637_fullText_8"]	HNRNPD wt Allele	C3540626
DRD2 gene	C1333253	INHIBITS	["35487304_fullText_4"]	SLC6A3 wt Allele	C3813713
DRD2 gene	C1333253	STIMULATES	["34118099_fullText_4"]	CEL gene	C1413336
DRD2 gene	C1333253	PRODUCES	["34387814_fullText_6"]	MSN gene	C1417371
STX2 gene	C1823140	STIMULATES	["35458662_fullText_5"]	SH2D1A gene	C1420017
IGSF6 gene	C1416375	compared_with	["35234838_fullText_3"]	IGSF6 gene	C1416375
FOXM1 wt Allele	C3538717	INHIBITS	["33998879_fullText_9"]	CNR1 gene	C1413554
FOXM1 wt Allele	C3538717	COEXISTS_WITH	["34356115_fullText_3"]	CFP gene	C1418482
FOXM1 wt Allele	C3538717	STIMULATES	["37572634_fullText_2"]	CNR1 gene	C1413554
UCP1 gene	C1421313	COEXISTS_WITH	["34517131_fullText_7"]	PEX13 gene	C1418474
ANLN gene	C1422396	INTERACTS_WITH	["34012003_fullText_6","37834323_fullText_7"]	CNR1 gene	C1413554
ANLN gene	C1422396	STIMULATES	["36154844_fullText_4"]	CNR2 gene	C1413555
ANLN gene	C1422396	STIMULATES	["33769699_fullText_4","33769699_fullText_7","33908179_fullText_1"]	CNR1 gene	C1413554
ANLN gene	C1422396	compared_with	["33807614_fullText_3"]	CLINT1 gene	C1824745
ANLN gene	C1422396	compared_with	["34781870_fullText_3","35075053_fullText_3"]	ANLN gene	C1422396
ANLN gene	C1422396	higher_than	["33807614_fullText_3"]	CLINT1 gene	C1824745
MGAT1 gene	C1417133	STIMULATES	["34597607_fullText_5"]	OPRK1 gene	C1417963
KRT14 wt Allele	C3810568	COEXISTS_WITH	["34863129_fullText_6"]	MKI67 gene	C1334508
CPB2 gene	C1413666	COEXISTS_WITH	["34588513_fullText_3"]	NLRP1 wt Allele	C3538756
P2RX3 gene	C1418212	INHIBITS	["33986030_fullText_8"]	AES gene	C1412268
KRT3 gene	C1416740	COEXISTS_WITH	["34863129_fullText_6"]	MKI67 gene	C1334508
STAT3 gene	C1367307	INHIBITS	["33811838_fullText_7"]	PTGES gene	C1419067
ADORA2B gene	C1412247	INTERACTS_WITH	["36786018_fullText_7","36786018_fullText_10","36786018_fullText_13"]	SLC22A3 wt Allele	C3812262
THEMIS gene	C1427618	COEXISTS_WITH	["24376746_fullText_42"]	CST12P gene	C3539520
LY86 gene	C1424584	COEXISTS_WITH	["25958258_fullText_1","20220451_fullText_4"]	DMPK gene	C1414085
LY86 gene	C1424584	compared_with	["25546341_fullText_2","25440959_fullText_2"]	LY86 gene	C1424584
TJP1 gene	C1420744	COEXISTS_WITH	["24468193_fullText_112"]	GCDH gene	C1415009
REG3A wt Allele	C3538851	COEXISTS_WITH	["30520688_fullText_60"]	NDUFS4 gene	C1417647
GRIA2 gene	C1415288	COEXISTS_WITH	["24594605_fullText_3"]	GCDH gene	C1415009
GRIA2 gene	C1415288	PRODUCES	["34924558_fullText_11"]	CFP gene	C1418482
P2RX7 gene	C1418215	INHIBITS	["36464207_fullText_7"]	P2RX3 gene	C1418212
DNAJC12 gene	C1539297	INHIBITS	["37156708_fullText_9"]	QDPR gene	C1419182
SLC12A2 gene	C1420091	INTERACTS_WITH	["33315011_fullText_22","33315011_fullText_23","33315011_fullText_45"]	NGLY1 gene	C1425023
SLC12A2 gene	C1420091	INHIBITS	["35653343_fullText_25"]	NGLY1 gene	C1425023
SLC12A2 gene	C1420091	COEXISTS_WITH	["33315011_fullText_22"]	NGLY1 gene	C1425023
SLC12A2 gene	C1420091	compared_with	["33315011_fullText_22"]	SLC12A2 gene	C1420091
TGFB1 gene	C1366557	STIMULATES	["35743206_fullText_4"]	S100A4 wt Allele	C3539541
PAX6 gene	C1418276	COEXISTS_WITH	["35792828_fullText_53"]	PDP1 gene	C1418818
HRH4 gene	C1424950	PRODUCES	["35163302_fullText_2","35163302_fullText_6"]	RHOJ gene	C1412532
ADRA2C gene	C1412261	STIMULATES	["36362437_fullText_6"]	SLC6A2 gene	C1420212
SULT1E1 gene	C1420459	compared_with	["34553515_fullText_8"]	PPID gene	C1418797
SPR gene	C1420371	COEXISTS_WITH	["17188538_fullText_25"]	Wild Type	C1883559
GSK3B gene	C1415321	COEXISTS_WITH	["36151370_fullText_9"]	WNK1 wt Allele	C3538798
GSK3B gene	C1415321	COEXISTS_WITH	["23160194_fullText_2"]	SLC14A2 gene	C1420099
NPC1 gene	C1417776	PRODUCES	["38256016_fullText_8","38256016_abstract_8"]	NLRP1 wt Allele	C3538756
NPC1 gene	C1417776	COEXISTS_WITH	["32368833_fullText_62"]	RAB3IP gene	C1424340
MIR150 wt Allele	C3811719	INHIBITS	["34403363_fullText_7"]	SPRR1A gene	C1420372
CDKN2A gene	C0525037	COEXISTS_WITH	["28330959_fullText_61"]	CLCN1 gene	C1413450
MSN gene	C1417371	PRODUCES	["34493594_fullText_5"]	ERBB2 gene	C0242957
MSN gene	C1417371	COEXISTS_WITH	["34493594_fullText_11"]	ERBB2 gene	C0242957
BST1 gene	C1412830	PRODUCES	["34376746_fullText_1"]	COMT gene	C1135159
KCNQ1 gene	C1416612	compared_with	["21459285_fullText_3"]	Wild Type	C1883559
KCNQ1 gene	C1416612	compared_with	["21459285_fullText_2"]	KCNQ1 gene	C1416612
GLUD1 gene	C1415113	INHIBITS	["34173171_fullText_3"]	NLRP1 wt Allele	C3538756
SCARNA5 gene	C1822629	INHIBITS	["37848450_fullText_19"]	DDOST gene	C1413949
TRPM8 gene	C1425206	COEXISTS_WITH	["34166321_fullText_10"]	DRG1 gene	C1414151
CALD1 wt Allele	C3813548	INHIBITS	["36807142_fullText_6"]	STAT3 gene	C1367307
WDR20 gene	C1426317	COEXISTS_WITH	["26756355_fullText_70"]	DMPK gene	C1414085
WDR20 gene	C1426317	COEXISTS_WITH	["26756355_fullText_72"]	DMWD gene	C1414088
WDR20 gene	C1426317	COEXISTS_WITH	["33844468_fullText_7"]	USP12P1 gene	C1421389
NPPA gene	C1417807	COEXISTS_WITH	["23586035_fullText_64"]	PGD gene	C1418504
KCNN3 gene	C1416610	STIMULATES	["34146957_fullText_4"]	P2RY1 gene	C1418217
SLC2A1 gene	C1335837	COEXISTS_WITH	["27725718_fullText_67"]	PMM2 gene	C1418674
SLC2A1 gene	C1335837	STIMULATES	["34982973_fullText_6"]	PHLPP1 gene	C1538638
MSLN gene	C1334533	STIMULATES	["33901873_fullText_5"]	DRD2 gene	C1333253
ATP6AP1 gene	C1412687	STIMULATES	["10562279_fullText_34"]	LGALS4 gene	C1416832
ETV3 gene	C0812270	higher_than	["30944903_fullText_15","30944903_fullText_16"]	ETV3 gene	C0812270
ETV3 gene	C0812270	compared_with	["30944903_fullText_15","30944903_fullText_16"]	ETV3 gene	C0812270
KRT5 wt Allele	C3810570	higher_than	["35751619_fullText_6"]	KRT5 wt Allele	C3810570
KRT5 wt Allele	C3810570	compared_with	["35751619_fullText_6"]	KRT5 wt Allele	C3810570
INDUCIBLE cAMP EARLY REPRESSOR	C1852403	compared_with	["35993729_fullText_4"]	INDUCIBLE cAMP EARLY REPRESSOR	C1852403
FBXL20 gene	C1539487	INHIBITS	["35186114_fullText_3"]	SLC33A1 gene	C1412113
CACNA1S gene	C1413064	COEXISTS_WITH	["24293317_fullText_15"]	MBNL1 gene	C1417055
CACNA1S gene	C1413064	PRODUCES	["24293317_fullText_24"]	MBNL1 gene	C1417055
SLC6A4 wt Allele	C3814032	ISA	["37792512_fullText_2"]	SLC6A4 gene	C1420214
EIF2AK3 gene	C1414326	COEXISTS_WITH	["21737679_fullText_136"]	ELF4 gene	C1414377
P2RX4 gene	C1418213	INHIBITS	["35165166_fullText_7"]	P2RX7 gene	C1418215
P2RX4 gene	C1418213	INHIBITS	["35165166_fullText_7"]	P2RY11 gene	C1418218
CFTR gene	C1413365	PRODUCES	["9720270_fullText_2"]	Alleles	C0002085
AMH wt Allele	C3538735	STIMULATES	["36104681_fullText_9"]	SLC2A4 gene	C1420175
AMH wt Allele	C3538735	STIMULATES	["36104681_fullText_9"]	BAX gene	C0812198
AMH wt Allele	C3538735	STIMULATES	["36104681_fullText_9"]	BCL2 gene	C0376515
VIPR1 gene	C1336936	COEXISTS_WITH	["33849096_fullText_6"]	FUT3 gene	C1414864
NR1H4 gene	C1417825	STIMULATES	["27469511_fullText_6","27469511_fullText_79"]	FGF19 gene	C1414603
GPX4 gene	C1415278	STIMULATES	["36853491_fullText_10"]	NPDC1 gene	C1417778
GYPE gene	C1415376	compared_with	["34849584_fullText_199"]	NDUFS4 gene	C1417647
GYPE gene	C1415376	compared_with	["33730374_fullText_5"]	GYPE gene	C1415376
PEX1 gene	C1418469	COEXISTS_WITH	["29773809_fullText_85"]	PEX13 gene	C1418474
PEX1 gene	C1418469	COEXISTS_WITH	["9922452_fullText_13"]	PEX12 gene	C1418473
PEX1 gene	C1418469	COEXISTS_WITH	["32214787_fullText_68"]	PEX6 gene	C1418478
PEX1 gene	C1418469	COEXISTS_WITH	["16088892_fullText_11","21669930_fullText_61"]	PHEX gene	C1418526
PEX1 gene	C1418469	INHIBITS	["32368833_fullText_26"]	CEL gene	C1413336
PEX1 gene	C1418469	INHIBITS	["32368833_fullText_35"]	PHEX gene	C1418526
PEX1 gene	C1418469	PRODUCES	["32368833_fullText_26"]	ABCD3 gene	C1412090
PEX1 gene	C1418469	compared_with	["32368833_fullText_29"]	PEX14 gene	C1418475
PEX1 gene	C1418469	compared_with	["35741019_fullText_14"]	Alleles	C0002085
PENK gene	C1418457	STIMULATES	["36362437_fullText_5"]	OPRD1 gene	C1417962
PENK gene	C1418457	STIMULATES	["36362437_fullText_5"]	CFP gene	C1418482
CACNA1B gene	C1413056	PRODUCES	["35944919_fullText_4"]	Wild Type	C1883559
ITCH gene	C1422257	COEXISTS_WITH	["39320846_fullText_107"]	ALYREF gene	C1425988
SLC5A7 gene	C1422359	compared_with	["36810148_fullText_6"]	GTS gene	C1415353
SH2D1A gene	C1420017	INHIBITS	["36076020_fullText_7"]	SLC6A4 gene	C1420214
SH2D1A gene	C1420017	INTERACTS_WITH	["36076020_fullText_4","36076020_fullText_10"]	SLC6A4 gene	C1420214
ZNF77 gene	C1421834	STIMULATES	["33315951_fullText_62"]	NGLY1 gene	C1425023
GRIK2 gene	C1415294	COEXISTS_WITH	["24594605_fullText_3"]	GCDH gene	C1415009
CHRNA4 gene	C1413404	PRODUCES	["37366076_fullText_6"]	CHRNA6 gene	C1423867
BIN1 gene	C1332412	COEXISTS_WITH	["31449669_fullText_3"]	DPAGT1 gene	C1414133
BIN1 gene	C1332412	COEXISTS_WITH	["31449669_fullText_3"]	GFPT1 gene	C1415046
BIN1 gene	C1332412	COEXISTS_WITH	["31449669_fullText_3"]	PDCD6 gene	C1418406
BIN1 gene	C1332412	COEXISTS_WITH	["31449669_fullText_3"]	ALG14 gene	C1823173
BIN1 gene	C1332412	COEXISTS_WITH	["31449669_fullText_3"]	COL13A1 gene	C1413573
BIN1 gene	C1332412	COEXISTS_WITH	["31449669_fullText_3"]	DOK7 gene	C1824957
WAS wt Allele	C1705616	STIMULATES	["37644761_fullText_4"]	CNR1 gene	C1413554
PSAT1 wt Allele	C3810537	compared_with	["35993729_fullText_4"]	INDUCIBLE cAMP EARLY REPRESSOR	C1852403
HRH1 gene	C1439351	COEXISTS_WITH	["36165929_fullText_7"]	SLC7A11 gene	C1420222
F10 gene	C1414497	PRODUCES	["20959636_fullText_123"]	PEX13 gene	C1418474
SLC7A11 gene	C1420222	COEXISTS_WITH	["39231983_fullText_166"]	SLC3A2 gene	C1420192
WNK1 gene	C1538110	STIMULATES	["36151370_fullText_1"]	OSR1 gene	C1418191
WNK1 gene	C1538110	STIMULATES	["36151370_fullText_1"]	STK39 gene	C1425045
WNK1 wt Allele	C3538798	INTERACTS_WITH	["36151370_fullText_8","36151370_fullText_9"]	GSK3B gene	C1415321
LHX8 gene	C1825812	STIMULATES	["36151370_fullText_5"]	OSR1 gene	C1418191
MRAS gene	C1367476	INHIBITS	["36928271_fullText_3"]	SMR3B gene	C1539794
MRAS gene	C1367476	INHIBITS	["35672114_fullText_5"]	MSLN gene	C1334533
AIFM1 gene	C1826618	STIMULATES	["28456629_fullText_18"]	TFAM gene	C1420696
TMEM173 gene	C1823437	COEXISTS_WITH	["35406718_fullText_204","35406718_fullText_205"]	NGLY1 gene	C1425023
IDO1 gene	C1416433	STIMULATES	["36089660_fullText_11"]	TPH1 gene	C1420870
IL9 wt Allele	C1708439	STIMULATES	["34647283_fullText_7"]	HRH1 gene	C1439351
OPN4 gene	C1422657	compared_with	["34838844_fullText_7"]	OPN4 gene	C1422657
LGMN gene	C1456349	INHIBITS	["34838642_fullText_5","34838642_fullText_8"]	TLR4 gene	C1336636
ALYREF gene	C1425988	INHIBITS	["39320846_fullText_78"]	MMP2 gene	C1334522
DNASE1L3 gene	C1414110	COEXISTS_WITH	["38071490_fullText_1"]	GBA gene	C1414998
MAP3K7 gene	C1334477	INHIBITS	["35409346_fullText_6"]	JUN gene	C0162508
SULT gene	C1328027	STIMULATES	["35405201_fullText_6"]	SULT1A1 gene	C1420514
SLC35A2 gene	C1420188	COEXISTS_WITH	["34161696_fullText_4","30746764_fullText_1"]	Genes, X-Linked	C0678928
SLC35A2 gene	C1420188	STIMULATES	["35405201_fullText_6"]	SULT1A1 gene	C1420514
DHDDS gene	C1427027	COEXISTS_WITH	["27343064_fullText_7"]	Candidate Disease Gene	C1332838
CHRNA1 gene	C1413401	COEXISTS_WITH	["18252226_fullText_4"]	RAPSN gene	C1419271
CHRNA1 gene	C1413401	COEXISTS_WITH	["20157724_fullText_4"]	CHRNE gene	C1413412
MIR137 gene	C1537790	INHIBITS	["37783412_fullText_9"]	MGLL gene	C1442515
MIR137 gene	C1537790	COEXISTS_WITH	["35393444_fullText_15"]	SHH gene	C1335824
RAP1A gene	C1335590	PRODUCES	["35370486_fullText_7"]	RAP1B gene	C1419266
RAP1A gene	C1335590	compared_with	["35370486_fullText_5"]	RAP1B gene	C1419266
RAP1A gene	C1335590	COEXISTS_WITH	["35370486_fullText_11"]	RAP1B gene	C1419266
MAP2 gene	C1417006	COEXISTS_WITH	["32259258_fullText_44"]	NGLY1 gene	C1425023
DR1 gene	C1333247	INHIBITS	["36437472_fullText_14"]	MSN gene	C1417371
ATG5 wt Allele	C3541260	COEXISTS_WITH	["21846392_fullText_18"]	PEX1 gene	C1418469
MAP6 gene	C1417022	INHIBITS	["21567201_fullText_2"]	MAP2 gene	C1417006
HHAT gene	C1539668	STIMULATES	["31615832_fullText_151"]	NGLY1 gene	C1425023
ITGA2B wt Allele	C2697657	COEXISTS_WITH	["11243094_fullText_4"]	PAH gene	C1418251
CHRNE gene	C1413412	COEXISTS_WITH	["20562457_fullText_2"]	CHRNA1 gene	C1413401
CHRNE gene	C1413412	COEXISTS_WITH	["20562457_fullText_2"]	CHRNB1 gene	C1413407
CHRNE gene	C1413412	COEXISTS_WITH	["20562457_fullText_2"]	DOK7 gene	C1824957
CHRNE gene	C1413412	COEXISTS_WITH	["20562457_fullText_2"]	COLQ gene	C1413603
COLQ gene	C1413603	COEXISTS_WITH	["26327126_fullText_2"]	FAM64A gene	C1825121
COLQ gene	C1413603	COEXISTS_WITH	["25557462_fullText_4"]	DMD gene	C1414083
GMPPB gene	C1539586	COEXISTS_WITH	["31449669_fullText_3"]	GFPT1 gene	C1415046
GMPPB gene	C1539586	COEXISTS_WITH	["31449669_fullText_3"]	PDCD6 gene	C1418406
GMPPB gene	C1539586	COEXISTS_WITH	["31449669_fullText_3"]	ALG14 gene	C1823173
GMPPB gene	C1539586	COEXISTS_WITH	["31449669_fullText_3"]	DOK7 gene	C1824957
GMPPB gene	C1539586	COEXISTS_WITH	["31449669_fullText_3"]	DPAGT1 gene	C1414133
GMPPB gene	C1539586	COEXISTS_WITH	["31449669_fullText_3"]	COL13A1 gene	C1413573
GMPPB gene	C1539586	COEXISTS_WITH	["35211808_fullText_5"]	ALG3 gene	C1427879
DOK7 gene	C1824957	COEXISTS_WITH	["37646703_fullText_4"]	CHRNE gene	C1413412
DOK7 gene	C1824957	COEXISTS_WITH	["26501342_fullText_6"]	MT-ND5 gene	C1537994
SLC25A1 gene	C1420150	COEXISTS_WITH	["33397003_fullText_3"]	mutant gene	C0678941
SLC22A3 wt Allele	C3812262	COEXISTS_WITH	["25630614_fullText_199"]	RBFOX2 gene	C1419304
SLC22A3 wt Allele	C3812262	INHIBITS	["35743206_fullText_6"]	CDH1 gene	C0694872
ENGASE gene	C2681929	COEXISTS_WITH	["34120625_fullText_35"]	NGLY1 gene	C1425023
RCAN2 gene	C1414161	COEXISTS_WITH	["31927669_abstract_2"]	PTGIS gene	C1419071
RCAN2 gene	C1414161	INHIBITS	["31927669_abstract_2"]	CNN1 gene	C1413550
KCNQ2 gene	C1416614	COEXISTS_WITH	["34878647_fullText_8","34878647_fullText_9"]	NLRP1 wt Allele	C3538756
ALDH1L1 gene	C1538259	COEXISTS_WITH	["35792828_fullText_72"]	S100B gene	C1419790
ADCYAP1R1 gene	C1412229	COEXISTS_WITH	["33849096_fullText_6"]	FUT3 gene	C1414864
SGCE gene	C1420008	COEXISTS_WITH	["33832800_fullText_5"]	GCH1 gene	C1415012
GCH1 gene	C1415012	COEXISTS_WITH	["33832800_fullText_5"]	SGCE gene	C1420008
ANTXR1 wt Allele	C3540546	COEXISTS_WITH	["37604084_fullText_19"]	PTS gene	C1419129
ANTXR1 wt Allele	C3540546	INTERACTS_WITH	["34210973_fullText_1","34210973_fullText_6"]	DDR1 gene	C1333206
STS gene	C1420490	INHIBITS	["34737148_fullText_7"]	HHEX gene	C1415537
DIO2 gene	C1414052	compared_with	["33974399_fullText_4"]	DIO2 gene	C1414052
DBH gene	C1413916	STIMULATES	["36362437_fullText_6"]	SLC6A2 gene	C1420212
PTGIS gene	C1419071	PRODUCES	["34288015_fullText_13"]	PTGDS gene	C1419060
CHL1 gene	C1413393	STIMULATES	["33930757_fullText_3"]	ITGB3 gene	C1416498
RAD51 gene	C1419240	STIMULATES	["39320846_fullText_59"]	ALYREF gene	C1425988
ATF3 gene	C1412616	STIMULATES	["33932119_fullText_13"]	AKR1A1 wt Allele	C3715044
MIR155 gene	C1537811	INHIBITS	["33877664_fullText_4"]	MALAT1 gene	C1537647
DDX6 gene	C0812257	COEXISTS_WITH	["24792155_fullText_5","24792155_fullText_118","24792155_fullText_128"]	DMPK gene	C1414085
DDX6 gene	C0812257	COEXISTS_WITH	["24792155_fullText_85"]	Wild Type	C1883559
DDX6 gene	C0812257	STIMULATES	["24792155_fullText_126"]	STAU1 gene	C1823131
DDX6 gene	C0812257	STIMULATES	["24792155_fullText_5"]	DMPK gene	C1414085
RAC1 gene	C1419227	COEXISTS_WITH	["34117630_fullText_3"]	REG3A wt Allele	C3538851
RAC1 gene	C1419227	COEXISTS_WITH	["34117630_fullText_3"]	OLFM1 gene	C1424808
RAC1 gene	C1419227	COEXISTS_WITH	["34117630_fullText_3","34117630_fullText_6"]	CFP gene	C1418482
DNER gene	C1824952	compared_with	["35598425_fullText_2","35598425_fullText_3"]	CTRL gene	C1413809
DNER gene	C1824952	INHIBITS	["34117630_fullText_4"]	ADRB1 gene	C1439273
DRD2 wt Allele	C1707622	STIMULATES	["36446928_fullText_4"]	LRP2 wt Allele	C3811119
AMPH gene	C1332086	COEXISTS_WITH	["34515205_fullText_5"]	Wild Type	C1883559
AMPH gene	C1332086	INHIBITS	["34515205_fullText_3"]	SLC6A3 wt Allele	C3813713
AMPH gene	C1332086	COEXISTS_WITH	["34515205_fullText_5"]	SLC6A3 wt Allele	C3813713
AMPH gene	C1332086	STIMULATES	["34906999_fullText_8"]	SLC6A3 wt Allele	C3813713
MT1G wt Allele	C3540571	COEXISTS_WITH	["34849584_fullText_297"]	NDUFS4 gene	C1417647
PTS gene	C1419129	COEXISTS_WITH	["30001213_fullText_6"]	QDPR gene	C1419182
PTS gene	C1419129	compared_with	["34000119_fullText_3"]	UGT8 wt Allele	C3814377
ACLY gene	C1412125	STIMULATES	["37245336_fullText_7"]	DCX gene	C1413938
TYRO3 wt Allele	C1705701	COEXISTS_WITH	["35889329_fullText_10"]	HMOX1 gene	C1415619
ACTA1 gene	C1412136	compared_with	["26908607_fullText_58"]	DMPK gene	C1414085
ACTA1 gene	C1412136	compared_with	["26908607_fullText_31"]	ACTA1 gene	C1412136
ACTA1 gene	C1412136	higher_than	["26908607_fullText_58"]	DMPK gene	C1414085
KLKB1 gene	C1416681	compared_with	["32147747_fullText_55"]	KRT10 gene	C1416714
SMPD1 wt Allele	C3539725	COEXISTS_WITH	["31941852_abstract_3"]	SMPD1 gene	C1420259
CLIP1 gene	C1824746	compared_with	["36610312_fullText_4"]	CLIP1 gene	C1824746
CHRND gene	C1413411	COEXISTS_WITH	["18252226_fullText_4"]	RAPSN gene	C1419271
SMN1 gene	C1420257	COEXISTS_WITH	["35948834_fullText_11"]	AGRN gene	C1412285
PPCS gene	C1826654	COEXISTS_WITH	["32033912_abstract_4"]	NPC1 gene	C1417776
LOR gene	C1416897	compared_with	["36128717_fullText_42"]	LOR gene	C1416897
LOR gene	C1416897	PRODUCES	["36128717_fullText_25"]	AASS gene	C1424938
ARHGAP35 gene	C1415304	STIMULATES	["37887276_fullText_4"]	RHOA gene	C0812234
EN2 gene	C1414396	CONVERTS_TO	["38332227_fullText_129"]	CEL gene	C1413336
VIM gene	C1421451	COEXISTS_WITH	["35792828_fullText_72"]	S100B gene	C1419790
VIM gene	C1421451	COEXISTS_WITH	["35743206_fullText_9"]	TBX1 wt Allele	C2699751
ARHGAP9 gene	C1422424	INHIBITS	["36768608_fullText_5"]	CEL gene	C1413336
SNORD50A gene	C1822955	COEXISTS_WITH	["35908667_fullText_8"]	MBNL1 gene	C1417055
PPP4C gene	C1418850	STIMULATES	["37633178_fullText_1"]	PTPRD gene	C1419114
SMR3B gene	C1539794	compared_with	["26940433_fullText_68"]	LGALS4 gene	C1416832
GPR37 gene	C1415231	PRODUCES	["38256016_fullText_8","38256016_abstract_8"]	NLRP1 wt Allele	C3538756
HTR2A wt Allele	C1708300	ISA	["37419849_fullText_4"]	HTR2A gene	C1415809
RBM5 gene	C1419301	higher_than	["37386933_fullText_9"]	ZBTB12 gene	C1538148
RBM5 gene	C1419301	COEXISTS_WITH	["37386933_fullText_9"]	ZBTB12 gene	C1538148
RBM5 gene	C1419301	compared_with	["37386933_fullText_9"]	ZBTB12 gene	C1538148
RBM5 gene	C1419301	INHIBITS	["34800583_fullText_5"]	GPER1 gene	C1415223
STT3A gene	C1823138	INHIBITS	["25135935_fullText_18"]	MAGT1 gene	C2239666
STT3A gene	C1823138	compared_with	["37848450_fullText_19"]	STT3B gene	C1823139
STT3A gene	C1823138	COEXISTS_WITH	["23842455_fullText_3"]	STT3B gene	C1823139
MEF2C gene	C1417102	INHIBITS	["24412363_fullText_6"]	MYEF2 gene	C1425192
GNE gene	C1428183	COEXISTS_WITH	["29497882_fullText_54"]	VPS13B gene	C1540183
SIRT2 gene	C1420071	INHIBITS	["37012886_fullText_9"]	S1PR1 gene	C1414253
DAD1 gene	C1413900	COEXISTS_WITH	["37848450_fullText_43"]	SCARNA5 gene	C1822629
MIXL1 gene	C1421951	PRODUCES	["26908607_fullText_58"]	DMPK gene	C1414085
MIXL1 gene	C1421951	PRODUCES	["26908607_fullText_58"]	ACTA1 gene	C1412136
GAPDH gene	C1414968	COEXISTS_WITH	["24792155_fullText_100"]	DDX6 gene	C0812257
GAPDH gene	C1414968	ISA	["30135079_fullText_131"]	Genome	C0017428
GAPDH gene	C1414968	PRODUCES	["31968060_fullText_78"]	MBNL1 gene	C1417055
GAPDH gene	C1414968	compared_with	["24792155_fullText_100"]	DMPK gene	C1414085
GAPDH gene	C1414968	same_as	["24792155_fullText_100"]	DMPK gene	C1414085
ADCY5 gene	C1412224	COEXISTS_WITH	["37733758_fullText_7"]	PRKAA2 gene	C1418898
LMO1 gene	C1416881	COEXISTS_WITH	["37183823_fullText_5"]	NUMBL gene	C1417891
QDPR gene	C1419182	COEXISTS_WITH	["37818795_fullText_5"]	PTS gene	C1419129
SAMD4A gene	C1826968	INHIBITS	["23637619_fullText_10","23637619_fullText_42","23637619_fullText_44","23637619_fullText_46","23637619_fullText_126"]	EIF2S1 wt Allele	C3539639
SAMD4A gene	C1826968	INTERACTS_WITH	["23637619_fullText_37","23637619_fullText_39"]	EIF2S1 wt Allele	C3539639
SAMD4A gene	C1826968	COEXISTS_WITH	["23637619_fullText_92"]	LGALS4 gene	C1416832
SAMD4A gene	C1826968	INHIBITS	["23637619_fullText_55"]	CELF1 gene	C1413824
SAMD4A gene	C1826968	INTERACTS_WITH	["23637619_fullText_9","23637619_fullText_43","23637619_fullText_118"]	CELF1 gene	C1413824
SAMD4A gene	C1826968	compared_with	["23637619_fullText_29"]	CELF1 gene	C1413824
CIDEA gene	C1413421	STIMULATES	["36260113_fullText_4"]	UCP1 gene	C1421313
MYOD1 gene	C1417574	STIMULATES	["27030674_fullText_65","26908607_fullText_129"]	DMPK gene	C1414085
MYOD1 gene	C1417574	PRODUCES	["12427866_fullText_21"]	MYF5 gene	C1417532
ATG5 gene	C1825497	STIMULATES	["28456629_fullText_16"]	TFEB gene	C1420699
ATG5 gene	C1825497	INHIBITS	["27165717_fullText_64"]	SIRT1 gene	C1423062
PRRT2 gene	C1826724	INTERACTS_WITH	["34997978_fullText_4","34997978_fullText_8"]	GRIA1 gene	C1415287
PRRT2 gene	C1826724	INHIBITS	["34997978_fullText_5"]	GRIA1 gene	C1415287
SYNGAP1 gene	C1420546	COEXISTS_WITH	["36614142_fullText_8"]	CFP gene	C1418482
AKT1S1 gene	C1428707	STIMULATES	["28588248_fullText_16"]	AKT2 gene	C0812230
AKT1S1 gene	C1428707	higher_than	["34943782_fullText_159"]	AKT1S1 gene	C1428707
AKT1S1 gene	C1428707	COEXISTS_WITH	["32629928_fullText_159"]	COG8 gene	C1425655
AKT1S1 gene	C1428707	COEXISTS_WITH	["32629928_fullText_159"]	COG4 gene	C1425652
AKT1S1 gene	C1428707	COEXISTS_WITH	["32629928_fullText_159"]	COG1 gene	C1416821
AKT1S1 gene	C1428707	compared_with	["34943782_fullText_159"]	AKT1S1 gene	C1428707
GPC4 gene	C1415196	INHIBITS	["34748756_fullText_4"]	NTN1 gene	C1334908
FKBP5 gene	C1414627	PRODUCES	["38227368_fullText_37"]	ATXN3 gene	C1538301
SNCB gene	C1420278	STIMULATES	["36362437_fullText_6"]	SLC6A2 gene	C1420212
DOC2A gene	C1414126	COEXISTS_WITH	["36142117_fullText_14"]	LINC01155 gene	C3812627
DOC2A gene	C1414126	compared_with	["36142117_fullText_11"]	DOC2A gene	C1414126
UNC13B gene	C1421356	PRODUCES	["36142117_fullText_11"]	DOC2A gene	C1414126
AIFM3 gene	C1826620	compared_with	["36130594_fullText_4"]	CACNA1H gene	C1413062
DEGS1 gene	C1539265	COEXISTS_WITH	["37480112_fullText_1"]	ARSA gene	C1412553
MGEA5 gene	C1417143	INHIBITS	["32080367_fullText_79"]	OGT gene	C1417945
PVR gene	C1419141	INHIBITS	["1612584_fullText_2"]	ERCC1 gene	C1333355
PSMD6 gene	C1419037	compared_with	["30059502_fullText_298"]	TFAM gene	C1420696
KCNIP2 gene	C1423552	INTERACTS_WITH	["35508186_fullText_6","35508186_fullText_7"]	KCND2 gene	C1416561
PTBP1 gene	C1419054	COEXISTS_WITH	["25630614_fullText_202"]	ALYREF gene	C1425988
NTM gene	C1842796	COEXISTS_WITH	["39388898_fullText_4"]	Wild Type	C1883559
RHOJ gene	C1412532	STIMULATES	["35163302_fullText_2"]	HRH4 gene	C1424950
ALG14 gene	C1823173	COEXISTS_WITH	["35327592_fullText_234"]	ALG13 gene	C1823172
DPAGT1 gene	C1414133	COEXISTS_WITH	["30388443_fullText_13"]	CEL gene	C1413336
DPAGT1 gene	C1414133	compared_with	["30388443_fullText_19"]	DPAGT1 gene	C1414133
LRP4 gene	C1416916	COEXISTS_WITH	["29355968_fullText_4"]	PREPL gene	C1538715
PLEC gene	C1418643	COEXISTS_WITH	["31449669_fullText_3"]	DPAGT1 gene	C1414133
PLEC gene	C1418643	COEXISTS_WITH	["31449669_fullText_3"]	COL13A1 gene	C1413573
PLEC gene	C1418643	COEXISTS_WITH	["31449669_fullText_3"]	ALG14 gene	C1823173
PLEC gene	C1418643	COEXISTS_WITH	["31449669_fullText_3"]	GFPT1 gene	C1415046
PLEC gene	C1418643	COEXISTS_WITH	["31449669_fullText_3"]	DOK7 gene	C1824957
PLEC gene	C1418643	COEXISTS_WITH	["31449669_fullText_3"]	PDCD6 gene	C1418406
RAPSN gene	C1419271	COEXISTS_WITH	["11791205_fullText_7"]	TTC1 gene	C1421212
RAPSN gene	C1419271	COEXISTS_WITH	["26910802_fullText_3"]	CHRNA1 gene	C1413401
SCN4A gene	C1419862	COEXISTS_WITH	["12766226_fullText_3"]	Alleles	C0002085
HNRNPD wt Allele	C3540626	COEXISTS_WITH	["37770252_fullText_85"]	NDUFS4 gene	C1417647
HNRNPD wt Allele	C3540626	PRODUCES	["36834637_fullText_7"]	SLC6A3 wt Allele	C3813713
NOTCH3 wt Allele	C3813553	COEXISTS_WITH	["30521610_fullText_72"]	NOTCH3 gene	C1417768
PRDX3 gene	C1418881	COEXISTS_WITH	["24498361_fullText_78"]	DLST gene	C1414073
ALDH7A1 gene	C1412691	INHIBITS	["36128717_fullText_10"]	AASS gene	C1424938
ALDH7A1 gene	C1412691	compared_with	["29053735_fullText_14"]	Wild Type	C1883559
CA Repeat	C1707076	COEXISTS_WITH	["9621518_fullText_9"]	GAD2 gene	C1414926
AASS gene	C1424938	INTERACTS_WITH	["36128717_fullText_11","36128717_fullText_13"]	GCDH gene	C1415009
BCKDHA gene	C1412759	INTERACTS_WITH	["36880392_fullText_8","36880392_abstract_8"]	EEF1A1 gene	C1414270
SLC7A2 gene	C1442752	COEXISTS_WITH	["32872442_fullText_40"]	Alleles	C0002085
SLC7A2 gene	C1442752	INHIBITS	["37198486_fullText_3"]	ECHS1 gene	C1414247
IFIH1 gene	C1537399	PRODUCES	["30135079_fullText_12"]	NGLY1 gene	C1425023
SIRT5 gene	C1423065	COEXISTS_WITH	["35157847_fullText_41"]	GCDH gene	C1415009
SIRT5 gene	C1423065	INTERACTS_WITH	["35157847_fullText_38","35157847_fullText_44","35157847_fullText_50","35157847_fullText_57"]	GCDH gene	C1415009
SIRT5 gene	C1423065	compared_with	["35157847_fullText_41"]	GCDH gene	C1415009
ACADM gene	C1412107	INHIBITS	["26831755_fullText_1"]	SERPINA1 gene	C1418544
METTL20 gene	C2681279	COEXISTS_WITH	["25416781_fullText_5","25416781_fullText_6"]	ETFB gene	C1414472
ETFB gene	C1414472	STIMULATES	["24498361_fullText_67"]	GCDH gene	C1415009
ETFB gene	C1414472	STIMULATES	["24498361_fullText_67"]	DLST gene	C1414073
TEAD2 gene	C1420680	compared_with	["35157847_fullText_46"]	GCDH gene	C1415009
TEAD2 gene	C1420680	COEXISTS_WITH	["24498361_fullText_70"]	ETFB gene	C1414472
ACADS gene	C1412108	COEXISTS_WITH	["19639238_fullText_2"]	Genome, Human	C0017429
ACADS gene	C1412108	COEXISTS_WITH	["19639238_fullText_2"]	Homologous Gene	C1334043
DHX16 gene	C1333208	COEXISTS_WITH	["39375222_fullText_100"]	Alleles	C0002085
DHX16 gene	C1333208	compared_with	["30059502_fullText_83"]	TFAM gene	C1420696
CHAC1 gene	C1824730	compared_with	["35211808_fullText_95"]	ATF4 gene	C1412617
MUT gene	C1417504	STIMULATES	["33771987_fullText_402"]	SURF1 gene	C1420527
MUT gene	C1417504	PRODUCES	["33771987_fullText_163"]	PPARGC1A gene	C1418779
DLST gene	C1414073	STIMULATES	["24498361_fullText_67"]	GCDH gene	C1415009
FLAD1 gene	C1825303	COEXISTS_WITH	["31730230_fullText_3"]	AGRN gene	C1412285
NGLY1 gene	C1425023	COEXISTS_WITH	["32283553_fullText_129"]	SQSTM1 gene	C1420393
NGLY1 gene	C1425023	COEXISTS_WITH	["35565658_fullText_86"]	NR1H2 gene	C1417823
NGLY1 gene	C1425023	COEXISTS_WITH	["35406718_fullText_316","33315951_fullText_230","33315011_fullText_34"]	ELF4 gene	C1414377
NGLY1 gene	C1425023	COEXISTS_WITH	["32283553_fullText_71"]	TF gene	C1442762
NGLY1 gene	C1425023	COEXISTS_WITH	["35406718_fullText_25"]	PMM2 gene	C1418674
NGLY1 gene	C1425023	INHIBITS	["29735526_fullText_6"]	ENGASE gene	C2681929
NGLY1 gene	C1425023	INHIBITS	["30135079_fullText_24","33315951_fullText_58"]	ELF4 gene	C1414377
NGLY1 gene	C1425023	INHIBITS	["36102038_fullText_134"]	HAPLN1 gene	C1413721
NGLY1 gene	C1425023	INHIBITS	["35406718_fullText_178"]	FBXO6 gene	C1422080
NGLY1 gene	C1425023	INHIBITS	["31615832_fullText_4"]	NRF1 gene	C1417846
NGLY1 gene	C1425023	INTERACTS_WITH	["34878535_fullText_5","35653343_fullText_18","35653343_fullText_135"]	NFE2L1 gene	C1417700
NGLY1 gene	C1425023	STIMULATES	["35406718_fullText_287"]	BMP4 gene	C1412805
NGLY1 gene	C1425023	STIMULATES	["35406718_fullText_320"]	ELF4 gene	C1414377
NGLY1 gene	C1425023	STIMULATES	["30135079_fullText_72"]	TMEM173 gene	C1823437
NGLY1 gene	C1425023	PRODUCES	["35045343_fullText_154"]	MAN2C1 gene	C1416998
NGLY1 gene	C1425023	compared_with	["34878535_fullText_4","30135079_fullText_36","35565658_fullText_231","34120625_fullText_37","34120625_fullText_53","34120625_fullText_157","32259258_fullText_20","32259258_fullText_23"]	NGLY1 gene	C1425023
NGLY1 gene	C1425023	IS_TREATED	["31311714_fullText_6"]	LRP2 wt Allele	C3811119
MPI gene	C1417244	COEXISTS_WITH	["29112118_fullText_121"]	PMM2 gene	C1418674
MPI gene	C1417244	COEXISTS_WITH	["35279850_fullText_63"]	ALG3 gene	C1427879
MPI gene	C1417244	COEXISTS_WITH	["29112118_fullText_121"]	SLC16A1 gene	C1420102
MPI gene	C1417244	INHIBITS	["22956764_fullText_76"]	PMM2 gene	C1418674
MPI gene	C1417244	STIMULATES	["30530630_fullText_39"]	PMM2 gene	C1418674
MPI gene	C1417244	PRODUCES	["22899857_fullText_98","22956764_fullText_152"]	PMM2 gene	C1418674
MPI gene	C1417244	compared_with	["22956764_fullText_75"]	MPI gene	C1417244
MPI gene	C1417244	higher_than	["22956764_fullText_75"]	MPI gene	C1417244
PMM2 gene	C1418674	COEXISTS_WITH	["33632285_fullText_9"]	MPI gene	C1417244
PMM2 gene	C1418674	COEXISTS_WITH	["30530630_fullText_79"]	PMM1 gene	C1418673
PMM2 gene	C1418674	COEXISTS_WITH	["34467644_fullText_1"]	ALG12 gene	C1426190
PMM2 gene	C1418674	COEXISTS_WITH	["31636082_fullText_126","30061496_fullText_25"]	CEL gene	C1413336
PMM2 gene	C1418674	COEXISTS_WITH	["27053713_fullText_28"]	ELF4 gene	C1414377
PMM2 gene	C1418674	COEXISTS_WITH	["33340551_fullText_7"]	ALG1 gene	C1425428
PMM2 gene	C1418674	COEXISTS_WITH	["33340551_fullText_7"]	SRD5A3 gene	C2240046
PMM2 gene	C1418674	COEXISTS_WITH	["33340551_fullText_7"]	COG4 gene	C1425652
PMM2 gene	C1418674	COEXISTS_WITH	["32599014_fullText_3"]	TMEM165 gene	C1823430
PMM2 gene	C1418674	COEXISTS_WITH	["33340551_fullText_7"]	PGM1 gene	C1418516
PMM2 gene	C1418674	COEXISTS_WITH	["33340551_fullText_7"]	COG1 gene	C1416821
PMM2 gene	C1418674	COEXISTS_WITH	["33340551_fullText_7"]	ATP6V0A2 gene	C1425544
PMM2 gene	C1418674	COEXISTS_WITH	["33340551_fullText_7"]	ATP6AP2 gene	C1425435
PMM2 gene	C1418674	COEXISTS_WITH	["33340551_fullText_7"]	CCDC115 gene	C1824644
PMM2 gene	C1418674	COEXISTS_WITH	["35211808_fullText_5","35279850_fullText_63","38597022_fullText_6"]	ALG3 gene	C1427879
PMM2 gene	C1418674	COEXISTS_WITH	["33340551_fullText_7","36166480_fullText_1"]	DPAGT1 gene	C1414133
PMM2 gene	C1418674	COEXISTS_WITH	["33340551_fullText_7"]	RFT1 gene	C1538829
PMM2 gene	C1418674	COEXISTS_WITH	["33340551_fullText_7"]	ATP6AP1 gene	C1412687
PMM2 gene	C1418674	COEXISTS_WITH	["33340551_fullText_7"]	SLC35A2 gene	C1420188
PMM2 gene	C1418674	COEXISTS_WITH	["33340551_fullText_7"]	MAN1B1 gene	C1416994
PMM2 gene	C1418674	INHIBITS	["26940433_fullText_72"]	DDOST gene	C1413949
PMM2 gene	C1418674	INHIBITS	["35308014_fullText_10"]	SERPINA7 wt Allele	C3814864
PMM2 gene	C1418674	INHIBITS	["26940433_fullText_65"]	LGALS4 gene	C1416832
PMM2 gene	C1418674	INHIBITS	["26887550_fullText_13"]	C7orf49 gene	C1824234
PMM2 gene	C1418674	INHIBITS	["21539312_fullText_2","22956764_fullText_89"]	MPI gene	C1417244
PMM2 gene	C1418674	INHIBITS	["36166480_fullText_4"]	DPM1 gene	C1414137
PMM2 gene	C1418674	STIMULATES	["35717947_fullText_11"]	PROC gene	C1418943
PMM2 gene	C1418674	compared_with	["26785728_fullText_175"]	PMM1 gene	C1418673
PMM2 gene	C1418674	compared_with	["31981409_fullText_8"]	Alleles	C0002085
PMM2 gene	C1418674	compared_with	["22838182_fullText_32","27053713_fullText_14"]	PMM2 gene	C1418674
PMM2 gene	C1418674	higher_than	["26785728_fullText_175"]	PMM1 gene	C1418673
PMM2 gene	C1418674	higher_than	["31981409_fullText_8"]	Alleles	C0002085
PMM2 gene	C1418674	lower_than	["22838182_fullText_32"]	PMM2 gene	C1418674
MAN1B1 gene	C1416994	compared_with	["24348268_fullText_123"]	TMEM165 gene	C1823430
MAN1B1 gene	C1416994	higher_than	["24348268_fullText_123"]	TMEM165 gene	C1823430
ALG12 gene	C1426190	COEXISTS_WITH	["20398363_fullText_53"]	IGHD5-12 gene	C1415963
ALG12 gene	C1426190	COEXISTS_WITH	["20398363_fullText_53"]	COG7 gene	C1425654
TMEM199 gene	C1425293	COEXISTS_WITH	["32629928_fullText_86"]	CCDC115 gene	C1824644
ALG3 gene	C1427879	COEXISTS_WITH	["35211808_fullText_104"]	GMPPB gene	C1539586
ALG3 gene	C1427879	COEXISTS_WITH	["35211808_fullText_104"]	ALG8 gene	C1427957
ALG3 gene	C1427879	compared_with	["33187827_fullText_9"]	COG5 gene	C1423002
TF gene	C1442762	STIMULATES	["25135935_fullText_110"]	STT3B gene	C1823139
ALG6 gene	C1427953	lower_than	["30061496_fullText_74"]	Wild Type	C1883559
ALG6 gene	C1427953	compared_with	["30061496_fullText_74"]	Wild Type	C1883559
ALG6 gene	C1427953	COEXISTS_WITH	["35279850_fullText_109"]	SSR4 gene	C1420431
PGM3 gene	C1418518	INHIBITS	["35603178_fullText_3"]	PMM2 gene	C1418674
HNF1B gene	C1420636	PRODUCES	["24204001_fullText_8"]	PCBD1 gene	C1418296
ALG8 gene	C1427957	COEXISTS_WITH	["22838182_fullText_99"]	RFT1 gene	C1538829
ALG8 gene	C1427957	COEXISTS_WITH	["35279850_fullText_109"]	SSR4 gene	C1420431
ALG1 gene	C1425428	COEXISTS_WITH	["29497882_fullText_39","35279850_fullText_12"]	PMM2 gene	C1418674
ALG1 gene	C1425428	COEXISTS_WITH	["35279850_fullText_12"]	MPI gene	C1417244
SRD5A3 gene	C2240046	COEXISTS_WITH	["25270028_fullText_123"]	MPDU1 gene	C1417235
SRD5A3 gene	C2240046	ISA	["22304929_fullText_2","25270028_fullText_89"]	Oxidoreductase Gene	C1335186
DPM1 gene	C1414137	COEXISTS_WITH	["21384228_fullText_142"]	SRD5A3 gene	C2240046
DPM1 gene	C1414137	compared_with	["21384228_fullText_142"]	DPM3 gene	C1414139
DPM1 gene	C1414137	COEXISTS_WITH	["35279850_fullText_63"]	ALG3 gene	C1427879
DPM1 gene	C1414137	COEXISTS_WITH	["21384228_fullText_142"]	MPDU1 gene	C1417235
DPM3 gene	C1414139	COEXISTS_WITH	["25270028_fullText_58"]	DPM1 gene	C1414137
DPM3 gene	C1414139	COEXISTS_WITH	["21384228_fullText_142"]	MPDU1 gene	C1417235
DPM3 gene	C1414139	COEXISTS_WITH	["21384228_fullText_142"]	SRD5A3 gene	C2240046
DPM3 gene	C1414139	PRODUCES	["16641202_fullText_9"]	DPM2 gene	C1414138
MPDU1 gene	C1417235	COEXISTS_WITH	["30061496_fullText_60"]	ALG12 gene	C1426190
MPDU1 gene	C1417235	COEXISTS_WITH	["35279850_fullText_63"]	DPM3 gene	C1414139
ALG13 gene	C1823172	COEXISTS_WITH	["35279850_fullText_109"]	SSR4 gene	C1420431
ALG13 gene	C1823172	COEXISTS_WITH	["22492991_fullText_8"]	DPAGT1 gene	C1414133
NPCDR1 gene	C1538483	compared_with	["34828263_fullText_79"]	Alleles	C0002085
SLC35C1 gene	C1426768	COEXISTS_WITH	["26739145_fullText_87"]	PGM3 gene	C1418518
SLC35C1 gene	C1426768	COEXISTS_WITH	["26739145_fullText_87"]	GFPT1 gene	C1415046
SLC35C1 gene	C1426768	COEXISTS_WITH	["26739145_fullText_87"]	GNE gene	C1428183
PGM1 gene	C1418516	COEXISTS_WITH	["33342467_fullText_3","33342467_fullText_5"]	LRP2 wt Allele	C3811119
PGM1 gene	C1418516	COEXISTS_WITH	["33407696_fullText_63"]	PMM2 gene	C1418674
NUS1 gene	C1826501	INTERACTS_WITH	["25270028_fullText_82","25270028_fullText_142"]	NPC2 gene	C1422736
NUS1 gene	C1826501	COEXISTS_WITH	["25270028_fullText_31"]	CHPT1 wt Allele	C3539603
DPM2 gene	C1414138	COEXISTS_WITH	["25270028_fullText_58"]	DPM1 gene	C1414137
PMM1 gene	C1418673	INTERACTS_WITH	["29261720_fullText_13","29261720_fullText_26","37644541_fullText_40"]	PMM2 gene	C1418674
PMM1 gene	C1418673	INHIBITS	["30061496_fullText_4","26785728_fullText_173"]	PMM2 gene	C1418674
PMM1 gene	C1418673	compared_with	["29261720_fullText_114","29261720_fullText_120"]	PMM2 gene	C1418674
PMM1 gene	C1418673	lower_than	["29261720_fullText_120"]	PMM2 gene	C1418674
DDOST gene	C1413949	COEXISTS_WITH	["25135935_fullText_2","25135935_fullText_83"]	MAGT1 gene	C2239666
DDOST gene	C1413949	INHIBITS	["36214423_fullText_8"]	ICAM1 gene	C1334074
DDOST gene	C1413949	INHIBITS	["36214423_fullText_8"]	LAMP2 gene	C1416790
SERPINA7 gene	C1420598	INHIBITS	["8530628_fullText_5"]	SERPINA7 wt Allele	C3814864
NANS gene	C1426104	COEXISTS_WITH	["29497882_fullText_54"]	VPS13B gene	C1540183
CSGALNACT1 gene	C2239313	COEXISTS_WITH	["31705726_fullText_56"]	WT-1	C2362085
COG8 gene	C1425655	INHIBITS	["32629928_fullText_166"]	COG1 gene	C1416821
COG8 gene	C1425655	INTERACTS_WITH	["23228021_fullText_9","32629928_fullText_188"]	COG1 gene	C1416821
COG2 gene	C1416822	INHIBITS	["31391289_fullText_1"]	PCSK9 gene	C1426592
STT3B gene	C1823139	STIMULATES	["25135935_fullText_87"]	STT3A gene	C1823138
STT3B gene	C1823139	STIMULATES	["25135935_fullText_27"]	MAGT1 gene	C2239666
VMA21 gene	C2681112	compared_with	["32145091_fullText_73"]	VMA21 gene	C2681112
MAGT1 gene	C2239666	PRODUCES	["25135935_fullText_19"]	STT3A gene	C1823138
MAGT1 gene	C2239666	PRODUCES	["25135935_fullText_19"]	STT3B gene	C1823139
MAGT1 gene	C2239666	STIMULATES	["25135935_fullText_105"]	HPX gene	C1415712
MAGT1 gene	C2239666	STIMULATES	["25135935_fullText_87"]	STT3A gene	C1823138
MAGT1 gene	C2239666	STIMULATES	["25135935_fullText_19"]	STT3B gene	C1823139
MAGT1 gene	C2239666	COEXISTS_WITH	["25135935_fullText_90"]	CEL gene	C1413336
MAGT1 gene	C2239666	INHIBITS	["35603178_fullText_3"]	PMM2 gene	C1418674
ATP2A1 gene	C1412637	COEXISTS_WITH	["24293317_fullText_15"]	MBNL1 gene	C1417055
MAVS gene	C1864770	PRODUCES	["30135079_fullText_12"]	NGLY1 gene	C1425023
FEZF2 gene	C1825291	COEXISTS_WITH	["33036649_fullText_45"]	PMM2 gene	C1418674
PIGA gene	C1418558	COEXISTS_WITH	["19168132_fullText_5"]	Genes, X-Linked	C0678928
KLRK1 gene	C1425775	COEXISTS_WITH	["27415628_fullText_25"]	NCR1 gene	C1416941
KLRK1 gene	C1425775	STIMULATES	["27415628_fullText_98"]	NCR1 gene	C1416941
KLRK1 gene	C1425775	COEXISTS_WITH	["27415628_fullText_25"]	CD244 gene	C1425360
KLRK1 gene	C1425775	COEXISTS_WITH	["27415628_fullText_10"]	PMM2 gene	C1418674
SLC26A3 gene	C1335836	compared_with	["22159084_fullText_7"]	Wild Type	C1883559
ERN1 gene	C1414444	COEXISTS_WITH	["21737679_fullText_98"]	ELF4 gene	C1414377
ERN1 gene	C1414444	INHIBITS	["21737679_fullText_176"]	EIF2AK3 gene	C1414326
PHEX gene	C1418526	COEXISTS_WITH	["31767637_fullText_25"]	Alleles	C0002085
PHEX gene	C1418526	COEXISTS_WITH	["19142205_fullText_7"]	PEX6 gene	C1418478
PHEX gene	C1418526	COEXISTS_WITH	["19105186_fullText_5"]	Metastasis Gene	C1708995
PHEX gene	C1418526	COEXISTS_WITH	["28784167_fullText_2","28784167_fullText_7"]	PEX2 gene	C1419149
PHEX gene	C1418526	compared_with	["31767637_fullText_19"]	Genes, Recessive	C0017361
PEX10 gene	C1418470	COEXISTS_WITH	["17041890_fullText_6","10562279_fullText_123","10562279_fullText_142"]	PEX12 gene	C1418473
PEX10 gene	C1418470	COEXISTS_WITH	["10562279_fullText_7"]	PEX5 gene	C1419151
PEX10 gene	C1418470	INHIBITS	["10562279_fullText_5","10562279_fullText_135"]	PEX12 gene	C1418473
PEX10 gene	C1418470	INHIBITS	["10562279_fullText_135"]	PEX5 gene	C1419151
PEX10 gene	C1418470	PRODUCES	["10562279_fullText_144"]	Alleles	C0002085
PEX10 gene	C1418470	compared_with	["26319495_fullText_98"]	PEX12 gene	C1418473
TPPP3 gene	C2240116	COEXISTS_WITH	["9490724_fullText_73"]	HSPB2 gene	C1415768
PEX14 gene	C1418475	INHIBITS	["32368833_fullText_35"]	PHEX gene	C1418526
PEX14 gene	C1418475	PRODUCES	["32368833_fullText_26"]	ABCD3 gene	C1412090
SMO gene	C1364142	COEXISTS_WITH	["32368833_fullText_66"]	RAB3IP gene	C1424340
PEX2 gene	C1419149	COEXISTS_WITH	["21826223_fullText_67"]	PEX10 gene	C1418470
PEX2 gene	C1419149	COEXISTS_WITH	["26627464_fullText_1","21387236_fullText_1","10590918_fullText_3"]	PHEX gene	C1418526
PEX2 gene	C1419149	COEXISTS_WITH	["8820111_fullText_9"]	ABCD1 gene	C1412084
PEX2 gene	C1419149	COEXISTS_WITH	["10562279_fullText_2","21826223_fullText_67"]	PEX12 gene	C1418473
PEX2 gene	C1419149	COEXISTS_WITH	["18285423_fullText_8"]	PEX14 gene	C1418475
PEX2 gene	C1419149	COEXISTS_WITH	["17041890_fullText_6"]	PEX6 gene	C1418478
PEX2 gene	C1419149	INHIBITS	["12024045_fullText_3"]	PEX5 gene	C1419151
RAB3IP gene	C1424340	COEXISTS_WITH	["32368833_fullText_77"]	PEX1 gene	C1418469
RAB3IP gene	C1424340	COEXISTS_WITH	["32368833_fullText_77"]	PEX14 gene	C1418475
RAB10 gene	C1419188	COEXISTS_WITH	["32368833_fullText_77"]	PEX14 gene	C1418475
RAB10 gene	C1419188	STIMULATES	["32368833_fullText_75"]	KIFC3 gene	C1416641
RAB10 gene	C1419188	COEXISTS_WITH	["32368833_fullText_77"]	PEX1 gene	C1418469
KIFC3 gene	C1416641	COEXISTS_WITH	["32368833_fullText_77"]	PEX14 gene	C1418475
KIFC3 gene	C1416641	COEXISTS_WITH	["32368833_fullText_77"]	PEX1 gene	C1418469
PEX6 gene	C1418478	COEXISTS_WITH	["29220678_fullText_2"]	SLC14A2 gene	C1420099
NBR1 gene	C1538046	PRODUCES	["27827795_fullText_3"]	PEX13 gene	C1418474
PEX3 gene	C1418477	COEXISTS_WITH	["21826223_fullText_9"]	PEX16 gene	C1418476
PEX3 gene	C1418477	COEXISTS_WITH	["34414648_fullText_14"]	ATAD1 gene	C1428532
PEX3 gene	C1418477	INHIBITS	["27827795_fullText_28"]	TOMM20 gene	C1427202
PEX3 gene	C1418477	STIMULATES	["27827795_fullText_28"]	PEX14 gene	C1418475
SEC61A1 gene	C1425414	STIMULATES	["34884833_fullText_105"]	STX6 gene	C1420503
SEC61A1 gene	C1425414	STIMULATES	["34884833_fullText_105"]	TOR1AIP1 gene	C1823464
SEC61A1 gene	C1425414	STIMULATES	["34884833_fullText_105"]	ERMP1 gene	C1428205
ABCD1 gene	C1412084	COEXISTS_WITH	["32368833_fullText_62"]	RAB3IP gene	C1424340
ABCD1 gene	C1412084	STIMULATES	["30031877_fullText_4"]	GNPAT gene	C1415166
PEX5 gene	C1419151	COEXISTS_WITH	["9922452_fullText_13"]	PEX6 gene	C1418478
PEX5 gene	C1419151	COEXISTS_WITH	["10562279_fullText_123","10562279_fullText_142"]	PEX12 gene	C1418473
PEX5 gene	C1419151	INHIBITS	["10562279_fullText_5"]	PEX12 gene	C1418473
PEX5 gene	C1419151	INTERACTS_WITH	["10562279_fullText_104","10562279_fullText_109","10562279_fullText_190"]	PEX12 gene	C1418473
PEX5 gene	C1419151	STIMULATES	["21826223_fullText_67"]	PEX10 gene	C1418470
PEX5 gene	C1419151	compared_with	["20959636_fullText_101"]	PEX13 gene	C1418474
ABCD3 gene	C1412090	compared_with	["21826223_fullText_15"]	Wild Type	C1883559
PEX12 gene	C1418473	COEXISTS_WITH	["10562279_fullText_7"]	PEX5 gene	C1419151
PEX12 gene	C1418473	INHIBITS	["10562279_fullText_178"]	PEX5 gene	C1419151
PEX12 gene	C1418473	INTERACTS_WITH	["10562279_fullText_4","10562279_fullText_15","10562279_fullText_116","10562279_fullText_146","10562279_fullText_182"]	PEX10 gene	C1418470
PEX12 gene	C1418473	INTERACTS_WITH	["10562279_fullText_4","10562279_fullText_15","10562279_fullText_116","10562279_fullText_146","10562279_fullText_189"]	PEX5 gene	C1419151
PEX12 gene	C1418473	STIMULATES	["10562279_fullText_175","10562279_fullText_189"]	PEX5 gene	C1419151
PEX12 gene	C1418473	compared_with	["10562279_fullText_137"]	PEX10 gene	C1418470
PEX12 gene	C1418473	higher_than	["10562279_fullText_137"]	PEX10 gene	C1418470
ACOX1 gene	C1412128	STIMULATES	["23933200_fullText_5"]	UGT8 gene	C1421347
ACOX1 gene	C1412128	STIMULATES	["30031877_fullText_4"]	GNPAT gene	C1415166
GNPAT gene	C1415166	STIMULATES	["23933200_fullText_5"]	UGT8 gene	C1421347
SRSF1 gene	C1419989	COEXISTS_WITH	["25630614_fullText_202"]	ALYREF gene	C1425988
SRSF1 gene	C1419989	PRODUCES	["24293317_fullText_36"]	RBFOX2 gene	C1419304
SRSF1 gene	C1419989	INHIBITS	["23660517_fullText_1"]	MBNL1 gene	C1417055
MARCKS gene	C1416956	COEXISTS_WITH	["21431621_fullText_143"]	RIN2 gene	C1425756
CCT3 gene	C1413195	COEXISTS_WITH	["17942744_fullText_1"]	Genome	C0017428
CCT3 gene	C1413195	COEXISTS_WITH	["20406734_fullText_2"]	DMPK gene	C1414085
CCT3 gene	C1413195	COEXISTS_WITH	["20406734_fullText_2"]	ZNF9 gene	C1421847
CCT3 gene	C1413195	COEXISTS_WITH	["23796888_fullText_2"]	Open Reading Frames	C0079941
CCT3 gene	C1413195	COEXISTS_WITH	["34517941_fullText_1","21303839_fullText_2","30944903_fullText_7","27199540_fullText_1"]	CNBP gene	C1824763
CNBP gene	C1824763	COEXISTS_WITH	["21303839_fullText_4"]	SLC14A2 gene	C1420099
CNBP gene	C1824763	COEXISTS_WITH	["33172304_fullText_2"]	FMR1 gene	C1414649
CNBP gene	C1824763	INHIBITS	["29331264_fullText_3"]	SRSF1 gene	C1419989
CNBP gene	C1824763	compared_with	["29789616_fullText_6"]	DMPK gene	C1414085
Myotonic dystrophy gene	C1508293	STIMULATES	["8352782_fullText_1"]	DMAP1 gene	C1425426
Myotonic dystrophy gene	C1508293	PRODUCES	["9059523_fullText_9"]	DMPK gene	C1414085
CALD1 gene	C1413086	COEXISTS_WITH	["31766224_fullText_1","27854230_fullText_1","20179953_fullText_1"]	DMPK gene	C1414085
CTCF gene	C1422163	COEXISTS_WITH	["26756355_fullText_61"]	DMPK gene	C1414085
CLCN1 gene	C1413450	COEXISTS_WITH	["26501102_fullText_86"]	MBNL1 gene	C1417055
CLCN1 gene	C1413450	COEXISTS_WITH	["24376746_fullText_74"]	CNBP wt Allele	C3273677
CLCN1 gene	C1413450	COEXISTS_WITH	["35644941_fullText_5"]	SCN4A gene	C1419862
CLCN1 gene	C1413450	INHIBITS	["26501102_fullText_8","26501102_fullText_101"]	MBNL1 gene	C1417055
CLCN1 gene	C1413450	STIMULATES	["25883322_fullText_31","24376746_fullText_57"]	CELF1 gene	C1413824
CLCN1 gene	C1413450	PRODUCES	["26501102_fullText_63"]	MBNL1 gene	C1417055
CLCN1 gene	C1413450	PRODUCES	["21303839_fullText_112"]	Wild Type	C1883559
CLCN1 gene	C1413450	PRODUCES	["18611984_fullText_1"]	DMPK gene	C1414085
CLCN1 gene	C1413450	compared_with	["26501102_fullText_96"]	Wild Type	C1883559
CLCN1 gene	C1413450	compared_with	["21795378_fullText_88"]	ATP2A1 gene	C1412637
CLCN1 gene	C1413450	compared_with	["24803843_fullText_31"]	CLCN1 gene	C1413450
CLCN1 gene	C1413450	higher_than	["24803843_fullText_31"]	CLCN1 gene	C1413450
MBNL2 gene	C1424516	COEXISTS_WITH	["24293317_fullText_21"]	MBNL1 gene	C1417055
MBNL2 gene	C1424516	COEXISTS_WITH	["29789616_fullText_158"]	RBFOX3 gene	C3146324
MBNL2 gene	C1424516	COEXISTS_WITH	["27484195_fullText_37"]	DLX4 gene	C1414078
MBNL2 gene	C1424516	COEXISTS_WITH	["35606145_fullText_7"]	CAPN2 gene	C1413112
MBNL2 gene	C1424516	ISA	["29309648_fullText_168"]	MBNL3 gene	C1427004
MBNL2 gene	C1424516	INHIBITS	["35606145_fullText_14"]	CAPN2 gene	C1413112
MBNL2 gene	C1424516	INTERACTS_WITH	["29789616_fullText_2","27063795_fullText_2"]	CELF1 gene	C1413824
MBNL2 gene	C1424516	INTERACTS_WITH	["24293317_fullText_10","24092878_fullText_58","29789616_fullText_3"]	MBNL1 gene	C1417055
MBNL2 gene	C1424516	STIMULATES	["24293317_fullText_5","28535287_fullText_6","27805016_fullText_10"]	MBNL1 gene	C1417055
MBNL2 gene	C1424516	PRODUCES	["28535287_fullText_78"]	MBNL1 gene	C1417055
MBNL2 gene	C1424516	compared_with	["24293317_fullText_20"]	MBNL1 gene	C1417055
MBNL2 gene	C1424516	compared_with	["29789616_fullText_91"]	RBFOX2 gene	C1419304
MBNL3 gene	C1427004	INHIBITS	["28698297_fullText_66"]	Wild Type	C1883559
MBNL3 gene	C1427004	INTERACTS_WITH	["26501102_fullText_3","26501102_fullText_132"]	EEF1A1 gene	C1414270
MBNL3 gene	C1427004	INTERACTS_WITH	["29789616_fullText_2","27063795_fullText_2"]	CELF1 gene	C1413824
MBNL3 gene	C1427004	STIMULATES	["21303839_fullText_43"]	TP53 gene	C0079419
MBNL3 gene	C1427004	STIMULATES	["22768114_fullText_58"]	MBNL2 gene	C1424516
MBNL3 gene	C1427004	compared_with	["26501102_fullText_117","26501102_fullText_123"]	MBNL1 gene	C1417055
DMWD gene	C1414088	STIMULATES	["26756355_fullText_105"]	DMPK gene	C1414085
DMWD gene	C1414088	COEXISTS_WITH	["33844468_fullText_7"]	USP12P1 gene	C1421389
DMWD gene	C1414088	COEXISTS_WITH	["14526185_fullText_4"]	Genome	C0017428
DMWD gene	C1414088	PRODUCES	["33844468_fullText_4"]	USP12P1 gene	C1421389
CTNNB1 gene	C1332803	STIMULATES	["33682722_fullText_8"]	GSK3B gene	C1415321
APOC2 gene	C1412477	COEXISTS_WITH	["3047535_fullText_2"]	Myotonic dystrophy gene	C1508293
APOC2 gene	C1412477	STIMULATES	["11260612_fullText_6"]	Alleles	C0002085
CA3 gene	C1413044	compared_with	["3084971_fullText_1"]	ENO3 gene	C1414405
MYOG gene	C1417575	COEXISTS_WITH	["27763639_fullText_99"]	MYF5 gene	C1417532
DYNLL2 gene	C1825015	STIMULATES	["36922901_fullText_9"]	RPLP1 gene	C1419692
CELF1 gene	C1413824	COEXISTS_WITH	["24376746_fullText_42","24376746_fullText_43","24376746_fullText_80"]	CST12P gene	C3539520
CELF1 gene	C1413824	COEXISTS_WITH	["25883322_fullText_42"]	IMPACT gene	C1825598
CELF1 gene	C1413824	INHIBITS	["23637619_fullText_34"]	EIF2S1 wt Allele	C3539639
CELF1 gene	C1413824	INHIBITS	["25883322_fullText_4"]	CEBPD gene	C1413324
CELF1 gene	C1413824	INHIBITS	["33269537_fullText_8"]	GSK3B gene	C1415321
CELF1 gene	C1413824	INHIBITS	["31383751_fullText_4"]	DMPK gene	C1414085
CELF1 gene	C1413824	INTERACTS_WITH	["35567413_fullText_2","22431750_fullText_72","27063795_fullText_33"]	MBNL1 gene	C1417055
CELF1 gene	C1413824	INTERACTS_WITH	["11686919_fullText_6","26708183_fullText_5"]	DMPK gene	C1414085
CELF1 gene	C1413824	STIMULATES	["25883322_fullText_43"]	CEBPD gene	C1413324
CELF1 gene	C1413824	STIMULATES	["24376746_fullText_40"]	RPS28 gene	C1419731
CELF1 gene	C1413824	STIMULATES	["24179176_fullText_5"]	MBNL1 gene	C1417055
CELF1 gene	C1413824	STIMULATES	["28623239_fullText_2"]	PRKR gene	C1335264
CELF1 gene	C1413824	STIMULATES	["14722059_fullText_6"]	MEF2A gene	C1417099
CELF1 gene	C1413824	STIMULATES	["17936705_fullText_6","24179176_fullText_136"]	PRRT2 wt Allele	C3539645
CELF1 gene	C1413824	PRODUCES	["24376746_fullText_84"]	CALD1 gene	C1413086
CELF1 gene	C1413824	PRODUCES	["22431750_fullText_71"]	MBNL1 gene	C1417055
CELF1 gene	C1413824	compared_with	["24376746_fullText_37"]	CNBP wt Allele	C3273677
CELF1 gene	C1413824	compared_with	["23637619_fullText_26"]	SAMD4A gene	C1826968
CELF1 gene	C1413824	compared_with	["21889481_fullText_5"]	CNBP gene	C1824763
CELF1 gene	C1413824	compared_with	["32412585_fullText_11"]	CELF1 gene	C1413824
SIX5 gene	C1420076	COEXISTS_WITH	["28102759_fullText_103"]	DMPK gene	C1414085
SIX5 gene	C1420076	COEXISTS_WITH	["14526185_fullText_4"]	Genome	C0017428
SIX5 gene	C1420076	COEXISTS_WITH	["26190529_fullText_4"]	WDR20 gene	C1426317
SIX5 gene	C1420076	ISA	["9241282_fullText_3","11978764_fullText_3"]	Genes, Homeobox	C0017347
SIX5 gene	C1420076	INHIBITS	["20360842_fullText_15"]	MBNL1 gene	C1417055
SIX5 gene	C1420076	INHIBITS	["9241282_fullText_5"]	Alleles	C0002085
SIX5 gene	C1420076	PRODUCES	["27854224_fullText_216"]	DMPK gene	C1414085
SIX5 gene	C1420076	compared_with	["10951446_fullText_5"]	DMPK gene	C1414085
SIX5 gene	C1420076	higher_than	["10951446_fullText_5"]	DMPK gene	C1414085
CNBP wt Allele	C3273677	COEXISTS_WITH	["10665666_fullText_1"]	DMPK gene	C1414085
CNBP wt Allele	C3273677	COEXISTS_WITH	["7826272_fullText_1"]	Locus	C1708726
CNBP wt Allele	C3273677	STIMULATES	["24376746_fullText_90"]	CELF1 gene	C1413824
CNBP wt Allele	C3273677	compared_with	["10496264_fullText_1"]	CTGF gene	C1413791
HSPB2 gene	C1415768	STIMULATES	["9490724_fullText_93","9490724_fullText_128"]	DMPK gene	C1414085
HSPB2 gene	C1415768	INHIBITS	["9490724_fullText_130"]	DMPK gene	C1414085
HSPB2 gene	C1415768	INTERACTS_WITH	["9490724_fullText_61","9490724_fullText_84","9490724_fullText_89","9490724_fullText_125"]	DMPK gene	C1414085
DLX4 gene	C1414078	STIMULATES	["21283659_fullText_9"]	CELF1 gene	C1413824
CKM gene	C1413435	higher_than	["2300239_fullText_5"]	APOC2 gene	C1412477
CKM gene	C1413435	compared_with	["2300239_fullText_5"]	APOC2 gene	C1412477
CYP2A6 wt Allele	C1706116	COEXISTS_WITH	["1975560_fullText_2"]	CKM gene	C1413435
CYP2A6 wt Allele	C1706116	COEXISTS_WITH	["1975560_fullText_2"]	APOC2 gene	C1412477
ERCC1 gene	C1333355	ISA	["1639379_fullText_1","1840564_fullText_2"]	DNA Repair Gene	C1333237
CAPN3 gene	C1413113	COEXISTS_WITH	["32146000_fullText_5"]	FKRP gene	C1425226
CAPN3 gene	C1413113	COEXISTS_WITH	["32146000_fullText_5"]	ANO5 gene	C1428652
DNA Library	C0872147	COEXISTS_WITH	["27063795_fullText_90"]	CEL gene	C1413336
MSH2 gene	C0879290	COEXISTS_WITH	["16552576_fullText_9"]	MSH6 gene	C0879393
MSH2 gene	C0879290	COEXISTS_WITH	["23468640_fullText_42"]	MRC1 wt Allele	C3538741
MSH2 gene	C0879290	COEXISTS_WITH	["23468640_fullText_42"]	MSH3 gene	C0879392
MSH2 gene	C0879290	STIMULATES	["26047474_fullText_5"]	MSH3 gene	C0879392
MSH2 gene	C0879290	STIMULATES	["23468640_fullText_8"]	NEIL1 gene	C1425521
MSH2 gene	C0879290	STIMULATES	["23468640_fullText_8"]	OGG1 gene	C1335081
MSH6 gene	C0879393	COEXISTS_WITH	["23468640_fullText_42"]	MSH3 gene	C0879392
MSH6 gene	C0879393	COEXISTS_WITH	["23468640_fullText_42"]	MRC1 wt Allele	C3538741
MSH6 gene	C0879393	COEXISTS_WITH	["19436705_fullText_7"]	MSH2 gene	C0879290
MSH6 gene	C0879393	INTERACTS_WITH	["11809728_fullText_11","23468640_fullText_4"]	MSH2 gene	C0879290
RBFOX2 gene	C1419304	INHIBITS	["28512194_fullText_65"]	CELF2 gene	C1413825
RBFOX2 gene	C1419304	INTERACTS_WITH	["28512194_fullText_25","28512194_fullText_65"]	CELF2 gene	C1413825
RBFOX2 gene	C1419304	PRODUCES	["25630614_fullText_200"]	SLC22A3 wt Allele	C3812262
RBFOX2 gene	C1419304	compared_with	["28512194_fullText_24"]	CELF2 gene	C1413825
RBFOX2 gene	C1419304	compared_with	["28512194_fullText_19"]	RENBP gene	C1419339
CELF2 gene	C1413825	INTERACTS_WITH	["28512194_fullText_26","28512194_fullText_65"]	RBFOX2 gene	C1419304
MYH7 gene	C1417542	COEXISTS_WITH	["27063795_fullText_58"]	AAVS1 gene	C1412056
RBFOX1 gene	C1854634	INTERACTS_WITH	["29789616_fullText_99","29789616_fullText_101"]	CLCN1 gene	C1413450
RBFOX1 gene	C1854634	STIMULATES	["24293317_fullText_36"]	MBNL2 gene	C1424516
RBFOX1 gene	C1854634	PRODUCES	["29789616_fullText_5"]	MBNL1 gene	C1417055
RBFOX1 gene	C1854634	compared_with	["29789616_fullText_34"]	BIN1 gene	C1332412
THRB wt Allele	C1710295	ISA	["30672388_fullText_2"]	THRB gene	C0242988
Genetic Materials	C0440471	INHIBITS	["23658800_fullText_5"]	Candidate Disease Gene	C1332838
MYEF2 gene	C1425192	COEXISTS_WITH	["27763639_fullText_99"]	MYF5 gene	C1417532
LGALS4 gene	C1416832	COEXISTS_WITH	["21826223_fullText_76"]	PEX16 gene	C1418476
LGALS4 gene	C1416832	STIMULATES	["21826223_fullText_50"]	PEX16 gene	C1418476
LGALS4 gene	C1416832	PRODUCES	["26940433_fullText_65"]	MMP1 gene	C1417199
LGALS4 gene	C1416832	PRODUCES	["31246996_fullText_88"]	ATXN3 gene	C1538301
LGALS4 gene	C1416832	PRODUCES	["33315951_fullText_123"]	S100A4 gene	C1419786
LGALS4 gene	C1416832	PRODUCES	["33315951_fullText_123","35653343_fullText_82","18270582_fullText_52"]	Transgenes	C0282641
LGALS4 gene	C1416832	compared_with	["26940433_fullText_30","26940433_fullText_48"]	LGALS4 gene	C1416832
PSMD1 gene	C1419027	COEXISTS_WITH	["37848450_fullText_43"]	SCARNA5 gene	C1822629
DDX3X gene	C1413962	compared_with	["27030674_fullText_51"]	DDX3X gene	C1413962
DDX3X gene	C1413962	COEXISTS_WITH	["27030674_fullText_23"]	PABPC1P1 gene	C1418231
MSH3 gene	C0879392	COEXISTS_WITH	["16552576_fullText_9"]	MSH6 gene	C0879393
MSH3 gene	C0879392	COEXISTS_WITH	["23468640_fullText_9"]	Open Reading Frames	C0079941
MSH3 gene	C0879392	COEXISTS_WITH	["23468640_fullText_49","23468640_fullText_57"]	CBY1 gene	C1538626
MSH3 gene	C0879392	INTERACTS_WITH	["11809728_fullText_11","23468640_fullText_4"]	MSH2 gene	C0879290
MSH3 gene	C0879392	INTERACTS_WITH	["23468640_fullText_42","23468640_fullText_65"]	MRC1 wt Allele	C3538741
MSH3 gene	C0879392	STIMULATES	["23468640_fullText_8"]	NEIL1 gene	C1425521
MSH3 gene	C0879392	STIMULATES	["23468640_fullText_8"]	OGG1 gene	C1335081
MSH3 gene	C0879392	STIMULATES	["23468640_fullText_4"]	MSH2 gene	C0879290
MSH3 gene	C0879392	compared_with	["23468640_fullText_44"]	DHFR gene	C1333216
MSH3 gene	C0879392	compared_with	["23468640_fullText_4"]	MSH6 gene	C0879393
MSH3 gene	C0879392	compared_with	["23468640_fullText_40"]	MSH3 gene	C0879392
MSH3 gene	C0879392	higher_than	["23468640_fullText_4"]	MSH6 gene	C0879393
STAU1 gene	C1823131	INHIBITS	["26824521_fullText_101"]	CELF1 gene	C1413824
STAU1 gene	C1823131	compared_with	["26824521_fullText_18","26824521_fullText_43"]	CTRL gene	C1413809
STAU1 gene	C1823131	compared_with	["26824521_fullText_60","26824521_fullText_195"]	MBNL1 gene	C1417055
EMD gene	C1414386	compared_with	["38177503_fullText_74"]	EMD gene	C1414386
EMD gene	C1414386	COEXISTS_WITH	["38177503_fullText_74"]	NDUFS2 gene	C1417645
SYNM gene	C1428377	COEXISTS_WITH	["39014518_fullText_93"]	ATXN3 gene	C1538301
DDX5 gene	C1413963	lower_than	["22156369_fullText_79"]	DDX5 gene	C1413963
DDX5 gene	C1413963	compared_with	["22156369_fullText_79"]	DDX5 gene	C1413963
DDX5 gene	C1413963	INTERACTS_WITH	["22156369_fullText_6","24792155_fullText_123","22156369_fullText_77","22156369_fullText_78","22156369_fullText_103","22156369_fullText_116"]	MBNL1 gene	C1417055
CBY1 gene	C1538626	COEXISTS_WITH	["23468640_fullText_12"]	Transgenes	C0282641
CBY1 gene	C1538626	COEXISTS_WITH	["23468640_fullText_9"]	MSH3 gene	C0879392
MAP1A gene	C1417003	INHIBITS	["21567201_fullText_2"]	MAP2 gene	C1417006
MSR1 gene	C1417374	COEXISTS_WITH	["20855289_fullText_89"]	MMP3 gene	C1366358
MSR1 gene	C1417374	STIMULATES	["20855289_fullText_64","20855289_fullText_76"]	MYOD1 gene	C1417574
MSR1 gene	C1417374	INTERACTS_WITH	["20855289_fullText_106","20855289_fullText_119"]	MYOD1 gene	C1417574
DDX17 gene	C1413957	PRODUCES	["22156369_fullText_128"]	MBNL1 gene	C1417055
SYNC gene	C1539905	STIMULATES	["20199207_fullText_5"]	DTNBP1 gene	C1424906
MTM1 gene	C1417434	COEXISTS_WITH	["31449669_fullText_3"]	COL13A1 gene	C1413573
MTM1 gene	C1417434	COEXISTS_WITH	["31449669_fullText_3"]	PDCD6 gene	C1418406
MTM1 gene	C1417434	COEXISTS_WITH	["31449669_fullText_3"]	ALG14 gene	C1823173
MTM1 gene	C1417434	COEXISTS_WITH	["31449669_fullText_3"]	DPAGT1 gene	C1414133
MTM1 gene	C1417434	COEXISTS_WITH	["31449669_fullText_3"]	GFPT1 gene	C1415046
MTM1 gene	C1417434	COEXISTS_WITH	["31449669_fullText_3"]	DOK7 gene	C1824957
EIF2S1 wt Allele	C3539639	ISA	["28623239_fullText_51"]	EIF2S1 gene	C1414334
EIF2S1 wt Allele	C3539639	INHIBITS	["34354042_fullText_103"]	NGLY1 gene	C1425023
FEN1 gene	C1414583	COEXISTS_WITH	["23468640_fullText_83"]	OGG1 gene	C1335081
TPR gene	C1420877	COEXISTS_WITH	["32080367_fullText_67"]	OGT gene	C1417945
LAMB1 gene	C1416780	STIMULATES	["21876163_fullText_5"]	LAMA5 gene	C1416779
LAMB1 gene	C1416780	PRODUCES	["21876163_fullText_3"]	LAMB2 gene	C1416781
DNM2 gene	C1414120	COEXISTS_WITH	["31449669_fullText_3"]	COL13A1 gene	C1413573
DNM2 gene	C1414120	COEXISTS_WITH	["31449669_fullText_3"]	PDCD6 gene	C1418406
DNM2 gene	C1414120	COEXISTS_WITH	["31449669_fullText_3"]	DPAGT1 gene	C1414133
DNM2 gene	C1414120	COEXISTS_WITH	["31449669_fullText_3"]	GFPT1 gene	C1415046
DNM2 gene	C1414120	COEXISTS_WITH	["31449669_fullText_3"]	DOK7 gene	C1824957
DNM2 gene	C1414120	COEXISTS_WITH	["31449669_fullText_3"]	ALG14 gene	C1823173
COL4A4 gene	C1413585	COEXISTS_WITH	["32839582_fullText_6"]	LAMB2 gene	C1416781
COL4A5 gene	C1413586	COEXISTS_WITH	["32839582_fullText_6"]	LAMB2 gene	C1416781
TEK gene	C1336602	COEXISTS_WITH	["27827795_fullText_72"]	DSG1 gene	C1414168
USP14 gene	C1421391	INHIBITS	["32357546_fullText_135"]	ATXN3 gene	C1538301
WIPI2 gene	C1823860	COEXISTS_WITH	["27827795_fullText_23"]	PEX13 gene	C1418474
TUBB3 gene	C1540126	STIMULATES	["35792828_fullText_53"]	EOMES gene	C1414420
COX18 gene	C1824782	COEXISTS_WITH	["26804654_fullText_8"]	SURF1 gene	C1420527
COX18 gene	C1824782	COEXISTS_WITH	["26804654_fullText_8"]	PET100 gene	C3541664
COX18 gene	C1824782	COEXISTS_WITH	["26804654_fullText_8"]	COA5 gene	C2240258
GBX2 gene	C1415007	CONVERTS_TO	["38332227_fullText_129"]	CEL gene	C1413336
BCL11B gene	C1421887	STIMULATES	["35792828_fullText_53"]	EOMES gene	C1414420
HOPX gene	C1846535	INHIBITS	["35792828_fullText_62"]	PDP1 gene	C1418818
DSG1 gene	C1414168	COEXISTS_WITH	["27827795_fullText_72","24092878_fullText_128","24092878_fullText_129","26092529_fullText_130"]	TSPO gene	C1823521
NDUFA5 gene	C1417625	COEXISTS_WITH	["38177503_fullText_74"]	MT-ND6 gene	C1537995
RICTOR gene	C1836945	INHIBITS	["34849584_fullText_259"]	PARP1 gene	C1538577
BMP4 gene	C1412805	COEXISTS_WITH	["35406718_fullText_275","35406718_fullText_288"]	ELF4 gene	C1414377
BMP4 gene	C1412805	COEXISTS_WITH	["35406718_fullText_279","35406718_fullText_287"]	NGLY1 gene	C1425023
BMP4 gene	C1412805	STIMULATES	["35406718_fullText_294"]	NFE2L1 gene	C1417700
BMP4 gene	C1412805	compared_with	["35406718_fullText_292"]	NFE2L1 gene	C1417700
HIST1H3C gene	C1415431	COEXISTS_WITH	["32162843_fullText_73"]	CEL gene	C1413336
PSMD10 wt Allele	C1709437	compared_with	["38087834_fullText_6"]	NPC1 gene	C1417776
S11 gene	C1419791	compared_with	["30059502_fullText_300"]	TFAM gene	C1420696
S12 gene	C1419792	compared_with	["30059502_fullText_302"]	TFAM gene	C1420696
RPS13 gene	C1419702	compared_with	["30059502_fullText_304"]	TFAM gene	C1420696
IARS gene	C1415832	compared_with	["37488580_fullText_5"]	PTPRN2 gene	C1419120
ENAH gene	C1425409	COEXISTS_WITH	["25630614_fullText_199"]	RBFOX2 gene	C1419304
PRS gene	C1418963	compared_with	["23509070_fullText_47"]	NDUFS3 gene	C1417646
ARG1 gene	C1412515	COEXISTS_WITH	["37847851_fullText_38"]	NAGS gene	C1540311
CLYBL gene	C1425467	COEXISTS_WITH	["38332227_fullText_74"]	GFAP gene	C1415042
CLYBL gene	C1425467	COEXISTS_WITH	["38332227_fullText_74"]	MAP2 gene	C1417006
PIGM gene	C1425829	STIMULATES	["22838182_fullText_122"]	GTPBP1 gene	C1415351
MIB1 gene	C1537692	INHIBITS	["21060795_fullText_53"]	ERBB4 gene	C0812267
MIB1 gene	C1537692	INHIBITS	["21060795_fullText_53"]	HEYL gene	C1415526
MIB1 gene	C1537692	INHIBITS	["21060795_fullText_53"]	HES5 gene	C1426393
MIB1 gene	C1537692	compared_with	["21060795_fullText_125"]	Wild Type	C1883559
MIB1 gene	C1537692	INHIBITS	["21060795_fullText_53"]	YY1 wt Allele	C3540585
IFNL1 gene	C1425473	INHIBITS	["35406718_fullText_207"]	NGLY1 gene	C1425023
OS9 gene	C1864769	STIMULATES	["35406718_fullText_281"]	ELF4 gene	C1414377
AQP1 gene	C1412491	COEXISTS_WITH	["32283553_fullText_122"]	NGLY1 gene	C1425023
SREBF1 gene	C1420398	STIMULATES	["38612794_fullText_99"]	ATXN3 gene	C1538301
REV1 gene	C1826797	compared_with	["30530630_fullText_53"]	PMM1 gene	C1418673
TRAJ15 gene	C1420896	COEXISTS_WITH	["29261720_fullText_101"]	TRAJ1 gene	C1420890
OST4 gene	C2829972	COEXISTS_WITH	["37848450_fullText_43"]	SCARNA5 gene	C1822629
GOSR2 gene	C1415180	COEXISTS_WITH	["34943782_fullText_204"]	STX5 gene	C1823143
HMBS gene	C1415597	COEXISTS_WITH	["39320846_fullText_104"]	ATXN3 gene	C1538301
HMBS gene	C1415597	COEXISTS_WITH	["39320846_fullText_26"]	ALYREF gene	C1425988
IGFBP1 gene	C1334092	COEXISTS_WITH	["27053713_fullText_28"]	PMM2 gene	C1418674
TMEM258 gene	C3540116	COEXISTS_WITH	["37848450_fullText_43"]	SCARNA5 gene	C1822629
EHD1 gene	C1414318	compared_with	["32368833_fullText_50"]	EHD3 gene	C1414320
EHD3 gene	C1414320	PRODUCES	["32368833_fullText_50"]	EHD1 gene	C1414318
KIF13B gene	C1422625	STIMULATES	["32368833_fullText_123"]	SHH gene	C1335824
DHRSX gene	C1425497	STIMULATES	["38821050_fullText_5"]	BLVRB gene	C1412802
OPTN gene	C1424774	PRODUCES	["27827795_fullText_3"]	PEX13 gene	C1418474
NOD2 gene	C1826449	COEXISTS_WITH	["17188538_fullText_7"]	Oxidoreductase Gene	C1335186
CNIH4 gene	C1824764	STIMULATES	["25883322_fullText_13"]	CELF1 gene	C1413824
KHDRBS1 gene	C1425322	COEXISTS_WITH	["25630614_fullText_202"]	ALYREF gene	C1425988
HNRNPA2B1 wt Allele	C3273447	COEXISTS_WITH	["25630614_fullText_202"]	ALYREF gene	C1425988
XRN1 gene	C1538124	COEXISTS_WITH	["24792155_fullText_128"]	TSPO gene	C1823521
MYF5 gene	C1417532	INHIBITS	["12427866_fullText_21"]	MYOD1 gene	C1417574
MYRF gene	C1412879	PRODUCES	["12427866_fullText_26"]	MYOG gene	C1417575
SRSF9 gene	C1420000	INHIBITS	["31721251_fullText_50"]	TARDBP gene	C1420588
STAT5A gene	C1335875	COEXISTS_WITH	["26756355_fullText_70"]	WDR20 gene	C1426317
TFAP4 gene	C1420697	COEXISTS_WITH	["26756355_fullText_70"]	WDR20 gene	C1426317
IREB2 gene	C1442498	PRODUCES	["38256016_fullText_8","38256016_abstract_8"]	NLRP1 wt Allele	C3538756
SLC25A13 gene	C1420154	COEXISTS_WITH	["37890575_fullText_6"]	PTS gene	C1419129
PCBD1 gene	C1418296	COEXISTS_WITH	["37818795_fullText_5"]	TNFSF14 wt Allele	C4521367
PCBD1 gene	C1418296	INTERACTS_WITH	["24204001_fullText_3","24204001_fullText_6"]	HNF1B gene	C1420636
NAGS gene	C1540311	PRODUCES	["37847851_fullText_5"]	NBAS wt Allele	C1709111
HEPACAM gene	C1968841	COEXISTS_WITH	["31960914_abstract_9"]	CEL gene	C1413336
POLR3A gene	C1538695	compared_with	["31933160_abstract_8"]	PDGFB wt Allele	C1705597
SMARCB1 gene	C0812273	COEXISTS_WITH	["29628378_fullText_4"]	AES gene	C1412268
NNAT gene	C1417747	compared_with	["15863237_fullText_7"]	Wild Type	C1883559
MLYCD gene	C1417196	COEXISTS_WITH	["12733906_fullText_4"]	Wild Type	C1883559
ROS1 wt Allele	C1709820	COEXISTS_WITH	["38177503_fullText_115"]	NDUFS4 gene	C1417647
ROS1 wt Allele	C1709820	COEXISTS_WITH	["39472629_fullText_11"]	GOT1 gene	C1415181
CYCS wt Allele	C4321251	compared_with	["39014518_fullText_69"]	ATXN3 gene	C1538301
NBN gene	C1334862	COEXISTS_WITH	["38731816_fullText_1"]	PAH gene	C1418251
VCP wt Allele	C4085181	STIMULATES	["39320846_fullText_35"]	ALYREF gene	C1425988
VCP wt Allele	C4085181	STIMULATES	["39320846_fullText_35"]	ATXN3 gene	C1538301
VCP wt Allele	C4085181	STIMULATES	["38497605_fullText_74"]	Wild Type	C1883559
VCP wt Allele	C4085181	COEXISTS_WITH	["38612794_fullText_116"]	HMGCR gene	C1415615
RNF4 gene	C1419425	STIMULATES	["39320846_fullText_59"]	MDC1 gene	C1427378
RNF4 gene	C1419425	STIMULATES	["39320846_fullText_59"]	RAD51 gene	C1419240
MDC1 gene	C1427378	STIMULATES	["39320846_fullText_59"]	ALYREF gene	C1425988
SCAP gene	C1822619	COEXISTS_WITH	["38612794_fullText_104"]	CEL gene	C1413336
UBE2G1 gene	C1421280	COEXISTS_WITH	["38612794_fullText_116"]	HMGCR gene	C1415615
NPHP1 gene	C1417782	STIMULATES	["38949024_fullText_15"]	NDUFAF2 gene	C1826392
